Host regression tests	Set up job	﻿2026-09-24T12:14:12.6051761Z Current runner version: '2.337.0'
Host regression tests	Set up job	2026-09-24T12:14:12.6072497Z ##[group]Runner Image Provisioner
Host regression tests	Set up job	2026-09-24T12:14:12.6073242Z Hosted Compute Agent
Host regression tests	Set up job	2026-09-24T12:14:12.6073953Z Version: 20260828.587
Host regression tests	Set up job	2026-09-24T12:14:12.6074549Z Commit: abac92662cab4cc7352de4f9f9d2e2419aad9c29
Host regression tests	Set up job	2026-09-24T12:14:12.6075196Z Build Date: 2026-08-28T16:44:25Z
Host regression tests	Set up job	2026-09-24T12:14:12.6075767Z Worker ID: {c9ae2592-90a6-4a4d-9528-2c23455295ce}
Host regression tests	Set up job	2026-09-24T12:14:12.6076349Z Azure Region: westus3
Host regression tests	Set up job	2026-09-24T12:14:12.6076838Z ##[endgroup]
Host regression tests	Set up job	2026-09-24T12:14:12.6078077Z ##[group]Operating System
Host regression tests	Set up job	2026-09-24T12:14:12.6078639Z Ubuntu
Host regression tests	Set up job	2026-09-24T12:14:12.6079114Z 24.04.5
Host regression tests	Set up job	2026-09-24T12:14:12.6079558Z LTS
Host regression tests	Set up job	2026-09-24T12:14:12.6080012Z ##[endgroup]
Host regression tests	Set up job	2026-09-24T12:14:12.6080491Z ##[group]Runner Image
Host regression tests	Set up job	2026-09-24T12:14:12.6081002Z Image: ubuntu-24.04
Host regression tests	Set up job	2026-09-24T12:14:12.6081446Z Version: 20260920.314.1
Host regression tests	Set up job	2026-09-24T12:14:12.6082347Z Included Software: https://github.com/actions/runner-images/blob/ubuntu24/20260920.314/images/ubuntu/Ubuntu2404-Readme.md
Host regression tests	Set up job	2026-09-24T12:14:12.6083998Z Image Release: https://github.com/actions/runner-images/releases/tag/ubuntu24%2F20260920.314
Host regression tests	Set up job	2026-09-24T12:14:12.6084816Z ##[endgroup]
Host regression tests	Set up job	2026-09-24T12:14:12.6085847Z ##[group]GITHUB_TOKEN Permissions
Host regression tests	Set up job	2026-09-24T12:14:12.6087341Z Contents: read
Host regression tests	Set up job	2026-09-24T12:14:12.6088232Z Metadata: read
Host regression tests	Set up job	2026-09-24T12:14:12.6088738Z Packages: read
Host regression tests	Set up job	2026-09-24T12:14:12.6089201Z ##[endgroup]
Host regression tests	Set up job	2026-09-24T12:14:12.6090889Z Secret source: Actions
Host regression tests	Set up job	2026-09-24T12:14:12.6091643Z Cache mode: write
Host regression tests	Set up job	2026-09-24T12:14:12.6092309Z Prepare workflow directory
Host regression tests	Set up job	2026-09-24T12:14:12.6365877Z Prepare all required actions
Host regression tests	Set up job	2026-09-24T12:14:12.6419588Z Getting action download info
Host regression tests	Set up job	2026-09-24T12:14:12.9635044Z Download action repository 'actions/checkout@v4' (SHA:11d5960a326750d5838078e36cf38b85af677262)
Host regression tests	Set up job	2026-09-24T12:14:13.0389300Z Download action repository 'actions/upload-artifact@v4' (SHA:ea165f8d65b6e75b540449e92b4886f43607fa02)
Host regression tests	Set up job	2026-09-24T12:14:13.2660288Z Complete job name: Host regression tests
Host regression tests	Checkout	﻿2026-09-24T12:14:13.3247642Z ##[group]Run actions/checkout@v4
Host regression tests	Checkout	2026-09-24T12:14:13.3248337Z with:
Host regression tests	Checkout	2026-09-24T12:14:13.3248711Z   repository: yuanwil1y/esp32c6-Pwnagotchi
Host regression tests	Checkout	2026-09-24T12:14:13.3252037Z   token: ***
Host regression tests	Checkout	2026-09-24T12:14:13.3252393Z   ssh-strict: true
Host regression tests	Checkout	2026-09-24T12:14:13.3252743Z   ssh-user: git
Host regression tests	Checkout	2026-09-24T12:14:13.3253099Z   persist-credentials: true
Host regression tests	Checkout	2026-09-24T12:14:13.3253628Z   clean: true
Host regression tests	Checkout	2026-09-24T12:14:13.3253981Z   sparse-checkout-cone-mode: true
Host regression tests	Checkout	2026-09-24T12:14:13.3254395Z   fetch-depth: 1
Host regression tests	Checkout	2026-09-24T12:14:13.3254730Z   fetch-tags: false
Host regression tests	Checkout	2026-09-24T12:14:13.3255076Z   show-progress: true
Host regression tests	Checkout	2026-09-24T12:14:13.3255427Z   lfs: false
Host regression tests	Checkout	2026-09-24T12:14:13.3255749Z   submodules: false
Host regression tests	Checkout	2026-09-24T12:14:13.3256099Z   set-safe-directory: true
Host regression tests	Checkout	2026-09-24T12:14:13.3256493Z   allow-unsafe-pr-checkout: false
Host regression tests	Checkout	2026-09-24T12:14:13.3257363Z ##[endgroup]
Host regression tests	Checkout	2026-09-24T12:14:13.4062462Z Syncing repository: yuanwil1y/esp32c6-Pwnagotchi
Host regression tests	Checkout	2026-09-24T12:14:13.4064419Z ##[group]Getting Git version info
Host regression tests	Checkout	2026-09-24T12:14:13.4065209Z Working directory is '/home/runner/work/esp32c6-Pwnagotchi/esp32c6-Pwnagotchi'
Host regression tests	Checkout	2026-09-24T12:14:13.4066291Z [command]/usr/bin/git version
Host regression tests	Checkout	2026-09-24T12:14:13.4101667Z git version 2.55.0
Host regression tests	Checkout	2026-09-24T12:14:13.4117935Z ##[endgroup]
Host regression tests	Checkout	2026-09-24T12:14:13.4129592Z Temporarily overriding HOME='/home/runner/work/_temp/710cff0e-3bc3-4d1c-bdc3-9b0eeb9e9c51' before making global git config changes
Host regression tests	Checkout	2026-09-24T12:14:13.4131133Z Adding repository directory to the temporary git global config as a safe directory
Host regression tests	Checkout	2026-09-24T12:14:13.4133230Z [command]/usr/bin/git config --global --add safe.directory /home/runner/work/esp32c6-Pwnagotchi/esp32c6-Pwnagotchi
Host regression tests	Checkout	2026-09-24T12:14:13.4175348Z Deleting the contents of '/home/runner/work/esp32c6-Pwnagotchi/esp32c6-Pwnagotchi'
Host regression tests	Checkout	2026-09-24T12:14:13.4179005Z ##[group]Initializing the repository
Host regression tests	Checkout	2026-09-24T12:14:13.4183632Z [command]/usr/bin/git init /home/runner/work/esp32c6-Pwnagotchi/esp32c6-Pwnagotchi
Host regression tests	Checkout	2026-09-24T12:14:13.4256155Z hint: Using 'master' as the name for the initial branch. This default branch name
Host regression tests	Checkout	2026-09-24T12:14:13.4257537Z hint: will change to "main" in Git 3.0. To configure the initial branch name
Host regression tests	Checkout	2026-09-24T12:14:13.4258709Z hint: to use in all of your new repositories, which will suppress this warning,
Host regression tests	Checkout	2026-09-24T12:14:13.4259604Z hint: call:
Host regression tests	Checkout	2026-09-24T12:14:13.4259965Z hint:
Host regression tests	Checkout	2026-09-24T12:14:13.4260563Z hint: 	git config --global init.defaultBranch <name>
Host regression tests	Checkout	2026-09-24T12:14:13.4261196Z hint:
Host regression tests	Checkout	2026-09-24T12:14:13.4261878Z hint: Names commonly chosen instead of 'master' are 'main', 'trunk' and
Host regression tests	Checkout	2026-09-24T12:14:13.4262870Z hint: 'development'. The just-created branch can be renamed via this command:
Host regression tests	Checkout	2026-09-24T12:14:13.4263949Z hint:
Host regression tests	Checkout	2026-09-24T12:14:13.4264450Z hint: 	git branch -m <name>
Host regression tests	Checkout	2026-09-24T12:14:13.4264841Z hint:
Host regression tests	Checkout	2026-09-24T12:14:13.4265327Z hint: Disable this message with "git config set advice.defaultBranchName false"
Host regression tests	Checkout	2026-09-24T12:14:13.4266293Z Initialized empty Git repository in /home/runner/work/esp32c6-Pwnagotchi/esp32c6-Pwnagotchi/.git/
Host regression tests	Checkout	2026-09-24T12:14:13.4268236Z [command]/usr/bin/git remote add origin https://github.com/yuanwil1y/esp32c6-Pwnagotchi
Host regression tests	Checkout	2026-09-24T12:14:13.4305262Z ##[endgroup]
Host regression tests	Checkout	2026-09-24T12:14:13.4305916Z ##[group]Disabling automatic garbage collection
Host regression tests	Checkout	2026-09-24T12:14:13.4308611Z [command]/usr/bin/git config --local gc.auto 0
Host regression tests	Checkout	2026-09-24T12:14:13.4335649Z ##[endgroup]
Host regression tests	Checkout	2026-09-24T12:14:13.4336382Z ##[group]Setting up auth
Host regression tests	Checkout	2026-09-24T12:14:13.4341302Z [command]/usr/bin/git config --local --name-only --get-regexp core\.sshCommand
Host regression tests	Checkout	2026-09-24T12:14:13.4370304Z [command]/usr/bin/git submodule foreach --recursive sh -c "git config --local --name-only --get-regexp 'core\.sshCommand' && git config --local --unset-all 'core.sshCommand' || :"
Host regression tests	Checkout	2026-09-24T12:14:13.4656379Z [command]/usr/bin/git config --local --name-only --get-regexp http\.https\:\/\/github\.com\/\.extraheader
Host regression tests	Checkout	2026-09-24T12:14:13.4690987Z [command]/usr/bin/git submodule foreach --recursive sh -c "git config --local --name-only --get-regexp 'http\.https\:\/\/github\.com\/\.extraheader' && git config --local --unset-all 'http.https://github.com/.extraheader' || :"
Host regression tests	Checkout	2026-09-24T12:14:13.4891915Z [command]/usr/bin/git config --local --name-only --get-regexp ^includeIf\.gitdir:
Host regression tests	Checkout	2026-09-24T12:14:13.4923063Z [command]/usr/bin/git submodule foreach --recursive git config --local --show-origin --name-only --get-regexp remote.origin.url
Host regression tests	Checkout	2026-09-24T12:14:13.5111704Z [command]/usr/bin/git config --local http.https://github.com/.extraheader AUTHORIZATION: basic ***
Host regression tests	Checkout	2026-09-24T12:14:13.5291784Z ##[endgroup]
Host regression tests	Checkout	2026-09-24T12:14:13.5292746Z ##[group]Fetching the repository
Host regression tests	Checkout	2026-09-24T12:14:13.5300627Z [command]/usr/bin/git -c protocol.version=2 fetch --no-tags --prune --no-recurse-submodules --depth=1 origin +8835e59c7887b87f68eb694841548626e68d2671:refs/remotes/origin/phase3c-sd-logger
Host regression tests	Checkout	2026-09-24T12:14:14.3674731Z From https://github.com/yuanwil1y/esp32c6-Pwnagotchi
Host regression tests	Checkout	2026-09-24T12:14:14.3677043Z  * [new ref]         8835e59c7887b87f68eb694841548626e68d2671 -> origin/phase3c-sd-logger
Host regression tests	Checkout	2026-09-24T12:14:14.3680700Z ##[endgroup]
Host regression tests	Checkout	2026-09-24T12:14:14.3682144Z ##[group]Determining the checkout info
Host regression tests	Checkout	2026-09-24T12:14:14.3683769Z ##[endgroup]
Host regression tests	Checkout	2026-09-24T12:14:14.3685848Z [command]/usr/bin/git sparse-checkout disable
Host regression tests	Checkout	2026-09-24T12:14:14.3729455Z [command]/usr/bin/git config --local --unset-all extensions.worktreeConfig
Host regression tests	Checkout	2026-09-24T12:14:14.3759666Z ##[group]Checking out the ref
Host regression tests	Checkout	2026-09-24T12:14:14.3761151Z [command]/usr/bin/git checkout --progress --force -B phase3c-sd-logger refs/remotes/origin/phase3c-sd-logger
Host regression tests	Checkout	2026-09-24T12:14:14.3967118Z Switched to a new branch 'phase3c-sd-logger'
Host regression tests	Checkout	2026-09-24T12:14:14.3971278Z branch 'phase3c-sd-logger' set up to track 'origin/phase3c-sd-logger'.
Host regression tests	Checkout	2026-09-24T12:14:14.3977928Z ##[endgroup]
Host regression tests	Checkout	2026-09-24T12:14:14.4012174Z [command]/usr/bin/git log -1 --format=%H
Host regression tests	Checkout	2026-09-24T12:14:14.4034956Z 8835e59c7887b87f68eb694841548626e68d2671
Host regression tests	Run host tests (plain + ASan/UBSan)	﻿2026-09-24T12:14:14.4251182Z ##[group]Run bash tests/host/run.sh
Host regression tests	Run host tests (plain + ASan/UBSan)	2026-09-24T12:14:14.4252294Z ^[[36;1mbash tests/host/run.sh^[[0m
Host regression tests	Run host tests (plain + ASan/UBSan)	2026-09-24T12:14:14.5984055Z shell: /usr/bin/bash -e {0}
Host regression tests	Run host tests (plain + ASan/UBSan)	2026-09-24T12:14:14.5985306Z ##[endgroup]
Host regression tests	Run host tests (plain + ASan/UBSan)	2026-09-24T12:14:14.6123470Z == host tests (plain) ==
Host regression tests	Run host tests (plain + ASan/UBSan)	2026-09-24T12:14:16.0092258Z RUN  parse_fc_basic
Host regression tests	Run host tests (plain + ASan/UBSan)	2026-09-24T12:14:16.0104235Z PASS parse_fc_basic
Host regression tests	Run host tests (plain + ASan/UBSan)	2026-09-24T12:14:16.0104646Z RUN  parse_short_rejected
Host regression tests	Run host tests (plain + ASan/UBSan)	2026-09-24T12:14:16.0105029Z PASS parse_short_rejected
Host regression tests	Run host tests (plain + ASan/UBSan)	2026-09-24T12:14:16.0105386Z RUN  beacon_minimal_complete
Host regression tests	Run host tests (plain + ASan/UBSan)	2026-09-24T12:14:16.0105753Z PASS beacon_minimal_complete
Host regression tests	Run host tests (plain + ASan/UBSan)	2026-09-24T12:14:16.0105997Z RUN  beacon_typical_fields
Host regression tests	Run host tests (plain + ASan/UBSan)	2026-09-24T12:14:16.0106269Z PASS beacon_typical_fields
Host regression tests	Run host tests (plain + ASan/UBSan)	2026-09-24T12:14:16.0106497Z RUN  ssid_lengths
Host regression tests	Run host tests (plain + ASan/UBSan)	2026-09-24T12:14:16.0106763Z PASS ssid_lengths
Host regression tests	Run host tests (plain + ASan/UBSan)	2026-09-24T12:14:16.0107087Z RUN  ssid_all_zero_is_hidden
Host regression tests	Run host tests (plain + ASan/UBSan)	2026-09-24T12:14:16.0107418Z PASS ssid_all_zero_is_hidden
Host regression tests	Run host tests (plain + ASan/UBSan)	2026-09-24T12:14:16.0107682Z RUN  duplicate_ssid_first_wins
Host regression tests	Run host tests (plain + ASan/UBSan)	2026-09-24T12:14:16.0108208Z PASS duplicate_ssid_first_wins
Host regression tests	Run host tests (plain + ASan/UBSan)	2026-09-24T12:14:16.0108857Z RUN  ds_param_validation
Host regression tests	Run host tests (plain + ASan/UBSan)	2026-09-24T12:14:16.0109326Z PASS ds_param_validation
Host regression tests	Run host tests (plain + ASan/UBSan)	2026-09-24T12:14:16.0109756Z RUN  trailing_byte_in_complete_body
Host regression tests	Run host tests (plain + ASan/UBSan)	2026-09-24T12:14:16.0110238Z PASS trailing_byte_in_complete_body
Host regression tests	Run host tests (plain + ASan/UBSan)	2026-09-24T12:14:16.0110688Z RUN  ie_body_overrun_complete_frame
Host regression tests	Run host tests (plain + ASan/UBSan)	2026-09-24T12:14:16.0111158Z PASS ie_body_overrun_complete_frame
Host regression tests	Run host tests (plain + ASan/UBSan)	2026-09-24T12:14:16.0111615Z RUN  capture_cut_inside_ie_body
Host regression tests	Run host tests (plain + ASan/UBSan)	2026-09-24T12:14:16.0112073Z PASS capture_cut_inside_ie_body
Host regression tests	Run host tests (plain + ASan/UBSan)	2026-09-24T12:14:16.0112506Z RUN  capture_cut_at_ie_boundary
Host regression tests	Run host tests (plain + ASan/UBSan)	2026-09-24T12:14:16.0112948Z PASS capture_cut_at_ie_boundary
Host regression tests	Run host tests (plain + ASan/UBSan)	2026-09-24T12:14:16.0113487Z RUN  fcs_never_walked_as_ie_513
Host regression tests	Run host tests (plain + ASan/UBSan)	2026-09-24T12:14:16.0113916Z PASS fcs_never_walked_as_ie_513
Host regression tests	Run host tests (plain + ASan/UBSan)	2026-09-24T12:14:16.0114371Z RUN  fcs_never_walked_as_ie_514
Host regression tests	Run host tests (plain + ASan/UBSan)	2026-09-24T12:14:16.0114804Z PASS fcs_never_walked_as_ie_514
Host regression tests	Run host tests (plain + ASan/UBSan)	2026-09-24T12:14:16.0115230Z RUN  capture_cut_inside_mac_body
Host regression tests	Run host tests (plain + ASan/UBSan)	2026-09-24T12:14:16.0115726Z PASS capture_cut_inside_mac_body
Host regression tests	Run host tests (plain + ASan/UBSan)	2026-09-24T12:14:16.0116204Z RUN  deep_parse_rejects_protocol_version_1
Host regression tests	Run host tests (plain + ASan/UBSan)	2026-09-24T12:14:16.0116661Z PASS deep_parse_rejects_protocol_version_1
Host regression tests	Run host tests (plain + ASan/UBSan)	2026-09-24T12:14:16.0117073Z RUN  deep_parse_rejects_order_bit
Host regression tests	Run host tests (plain + ASan/UBSan)	2026-09-24T12:14:16.0117386Z PASS deep_parse_rejects_order_bit
Host regression tests	Run host tests (plain + ASan/UBSan)	2026-09-24T12:14:16.0117652Z RUN  deep_parse_rejects_more_fragments
Host regression tests	Run host tests (plain + ASan/UBSan)	2026-09-24T12:14:16.0117917Z PASS deep_parse_rejects_more_fragments
Host regression tests	Run host tests (plain + ASan/UBSan)	2026-09-24T12:14:16.0118183Z RUN  deep_parse_rejects_short_fixed_body
Host regression tests	Run host tests (plain + ASan/UBSan)	2026-09-24T12:14:16.0118456Z PASS deep_parse_rejects_short_fixed_body
Host regression tests	Run host tests (plain + ASan/UBSan)	2026-09-24T12:14:16.0118728Z RUN  probe_req_parse_and_truncation
Host regression tests	Run host tests (plain + ASan/UBSan)	2026-09-24T12:14:16.0119002Z PASS probe_req_parse_and_truncation
Host regression tests	Run host tests (plain + ASan/UBSan)	2026-09-24T12:14:16.0119250Z 20/20 passed
Host regression tests	Run host tests (plain + ASan/UBSan)	2026-09-24T12:14:16.7268296Z RUN  rx_good_frame_flow
Host regression tests	Run host tests (plain + ASan/UBSan)	2026-09-24T12:14:16.7268816Z PASS rx_good_frame_flow
Host regression tests	Run host tests (plain + ASan/UBSan)	2026-09-24T12:14:16.7269188Z RUN  rx_timestamp_copy_delay_and_slot_reuse
Host regression tests	Run host tests (plain + ASan/UBSan)	2026-09-24T12:14:16.7269583Z PASS rx_timestamp_copy_delay_and_slot_reuse
Host regression tests	Run host tests (plain + ASan/UBSan)	2026-09-24T12:14:16.7269953Z RUN  rx_packet_pool_memory_budget
Host regression tests	Run host tests (plain + ASan/UBSan)	2026-09-24T12:14:16.7270287Z PASS rx_packet_pool_memory_budget
Host regression tests	Run host tests (plain + ASan/UBSan)	2026-09-24T12:14:16.7270568Z RUN  rx_drop_accounting
Host regression tests	Run host tests (plain + ASan/UBSan)	2026-09-24T12:14:16.7270768Z PASS rx_drop_accounting
Host regression tests	Run host tests (plain + ASan/UBSan)	2026-09-24T12:14:16.7270960Z RUN  rx_state_errors_never_leak_slots
Host regression tests	Run host tests (plain + ASan/UBSan)	2026-09-24T12:14:16.7271196Z PASS rx_state_errors_never_leak_slots
Host regression tests	Run host tests (plain + ASan/UBSan)	2026-09-24T12:14:16.7271443Z RUN  rx_misc_whitelist_no_payload_access
Host regression tests	Run host tests (plain + ASan/UBSan)	2026-09-24T12:14:16.7271690Z PASS rx_misc_whitelist_no_payload_access
Host regression tests	Run host tests (plain + ASan/UBSan)	2026-09-24T12:14:16.7271934Z RUN  rx_misc_defensive_even_with_bogus_payload_len
Host regression tests	Run host tests (plain + ASan/UBSan)	2026-09-24T12:14:16.7272203Z PASS rx_misc_defensive_even_with_bogus_payload_len
Host regression tests	Run host tests (plain + ASan/UBSan)	2026-09-24T12:14:16.7272457Z RUN  rx_zero_payload_mgmt_queued_and_counted
Host regression tests	Run host tests (plain + ASan/UBSan)	2026-09-24T12:14:16.7272700Z PASS rx_zero_payload_mgmt_queued_and_counted
Host regression tests	Run host tests (plain + ASan/UBSan)	2026-09-24T12:14:16.7272930Z RUN  rx_oversized_truncated_at_bound
Host regression tests	Run host tests (plain + ASan/UBSan)	2026-09-24T12:14:16.7273144Z PASS rx_oversized_truncated_at_bound
Host regression tests	Run host tests (plain + ASan/UBSan)	2026-09-24T12:14:16.7273536Z RUN  rx_parse_length_contract
Host regression tests	Run host tests (plain + ASan/UBSan)	2026-09-24T12:14:16.7273743Z PASS rx_parse_length_contract
Host regression tests	Run host tests (plain + ASan/UBSan)	2026-09-24T12:14:16.7273955Z RUN  rx_capture_view_fcs_and_body_truncation
Host regression tests	Run host tests (plain + ASan/UBSan)	2026-09-24T12:14:16.7274484Z PASS rx_capture_view_fcs_and_body_truncation
Host regression tests	Run host tests (plain + ASan/UBSan)	2026-09-24T12:14:16.7274710Z 11/11 passed
Host regression tests	Run host tests (plain + ASan/UBSan)	2026-09-24T12:14:17.2842164Z RUN  hostile_misc_null_payload_never_read
Host regression tests	Run host tests (plain + ASan/UBSan)	2026-09-24T12:14:17.2842843Z PASS hostile_misc_null_payload_never_read
Host regression tests	Run host tests (plain + ASan/UBSan)	2026-09-24T12:14:17.2843094Z RUN  hostile_unknown_type_never_read
Host regression tests	Run host tests (plain + ASan/UBSan)	2026-09-24T12:14:17.2843430Z PASS hostile_unknown_type_never_read
Host regression tests	Run host tests (plain + ASan/UBSan)	2026-09-24T12:14:17.2843638Z 2/2 passed
Host regression tests	Run host tests (plain + ASan/UBSan)	2026-09-24T12:14:17.9004424Z RUN  ap_insert_change_unchanged
Host regression tests	Run host tests (plain + ASan/UBSan)	2026-09-24T12:14:17.9004829Z PASS ap_insert_change_unchanged
Host regression tests	Run host tests (plain + ASan/UBSan)	2026-09-24T12:14:17.9005127Z RUN  ap_eviction_and_reappear
Host regression tests	Run host tests (plain + ASan/UBSan)	2026-09-24T12:14:17.9005347Z PASS ap_eviction_and_reappear
Host regression tests	Run host tests (plain + ASan/UBSan)	2026-09-24T12:14:17.9005644Z RUN  ap_incomplete_observation_skipped
Host regression tests	Run host tests (plain + ASan/UBSan)	2026-09-24T12:14:17.9006026Z PASS ap_incomplete_observation_skipped
Host regression tests	Run host tests (plain + ASan/UBSan)	2026-09-24T12:14:17.9006382Z RUN  ap_hidden_ssid_keeps_known_name
Host regression tests	Run host tests (plain + ASan/UBSan)	2026-09-24T12:14:18.4906927Z PASS ap_hidden_ssid_keeps_known_name
Host regression tests	Run host tests (plain + ASan/UBSan)	2026-09-24T12:14:18.4907296Z RUN  ap_absent_ds_keeps_cached_channel
Host regression tests	Run host tests (plain + ASan/UBSan)	2026-09-24T12:14:18.4907584Z PASS ap_absent_ds_keeps_cached_channel
Host regression tests	Run host tests (plain + ASan/UBSan)	2026-09-24T12:14:18.4907832Z RUN  ap_complete_observation_negative_evidence
Host regression tests	Run host tests (plain + ASan/UBSan)	2026-09-24T12:14:18.4908094Z PASS ap_complete_observation_negative_evidence
Host regression tests	Run host tests (plain + ASan/UBSan)	2026-09-24T12:14:18.4908379Z 6/6 passed
Host regression tests	Run host tests (plain + ASan/UBSan)	2026-09-24T12:14:18.4908586Z RUN  hopper_build_from_country
Host regression tests	Run host tests (plain + ASan/UBSan)	2026-09-24T12:14:18.4908854Z PASS hopper_build_from_country
Host regression tests	Run host tests (plain + ASan/UBSan)	2026-09-24T12:14:18.4909106Z RUN  hopper_err_classify
Host regression tests	Run host tests (plain + ASan/UBSan)	2026-09-24T12:14:18.4909337Z PASS hopper_err_classify
Host regression tests	Run host tests (plain + ASan/UBSan)	2026-09-24T12:14:18.4909536Z RUN  hopper_bounded_failure_policy
Host regression tests	Run host tests (plain + ASan/UBSan)	2026-09-24T12:14:18.4909759Z PASS hopper_bounded_failure_policy
Host regression tests	Run host tests (plain + ASan/UBSan)	2026-09-24T12:14:18.4909966Z RUN  hopper_log_throttle
Host regression tests	Run host tests (plain + ASan/UBSan)	2026-09-24T12:14:18.4910148Z PASS hopper_log_throttle
Host regression tests	Run host tests (plain + ASan/UBSan)	2026-09-24T12:14:18.4910320Z 4/4 passed
Host regression tests	Run host tests (plain + ASan/UBSan)	2026-09-24T12:14:19.4069358Z RUN  world_create_and_merge
Host regression tests	Run host tests (plain + ASan/UBSan)	2026-09-24T12:14:19.4069787Z PASS world_create_and_merge
Host regression tests	Run host tests (plain + ASan/UBSan)	2026-09-24T12:14:19.4070116Z RUN  world_hidden_never_clears_name
Host regression tests	Run host tests (plain + ASan/UBSan)	2026-09-24T12:14:19.4070505Z PASS world_hidden_never_clears_name
Host regression tests	Run host tests (plain + ASan/UBSan)	2026-09-24T12:14:19.4070877Z RUN  world_embedded_nul_and_raw_bytes
Host regression tests	Run host tests (plain + ASan/UBSan)	2026-09-24T12:14:19.4071230Z PASS world_embedded_nul_and_raw_bytes
Host regression tests	Run host tests (plain + ASan/UBSan)	2026-09-24T12:14:19.4071608Z RUN  world_truncated_observation_partial_update
Host regression tests	Run host tests (plain + ASan/UBSan)	2026-09-24T12:14:19.4072050Z PASS world_truncated_observation_partial_update
Host regression tests	Run host tests (plain + ASan/UBSan)	2026-09-24T12:14:19.4072445Z RUN  world_truncated_ds_ie_still_applies
Host regression tests	Run host tests (plain + ASan/UBSan)	2026-09-24T12:14:19.4132622Z PASS world_truncated_ds_ie_still_applies
Host regression tests	Run host tests (plain + ASan/UBSan)	2026-09-24T12:14:19.4133026Z RUN  world_complete_observation_is_authoritative
Host regression tests	Run host tests (plain + ASan/UBSan)	2026-09-24T12:14:19.4133446Z PASS world_complete_observation_is_authoritative
Host regression tests	Run host tests (plain + ASan/UBSan)	2026-09-24T12:14:19.4133723Z RUN  world_invalid_bssid_rejected
Host regression tests	Run host tests (plain + ASan/UBSan)	2026-09-24T12:14:19.4133940Z PASS world_invalid_bssid_rejected
Host regression tests	Run host tests (plain + ASan/UBSan)	2026-09-24T12:14:19.4134155Z RUN  world_stale_timestamp_ignored
Host regression tests	Run host tests (plain + ASan/UBSan)	2026-09-24T12:14:19.4134361Z PASS world_stale_timestamp_ignored
Host regression tests	Run host tests (plain + ASan/UBSan)	2026-09-24T12:14:19.4134566Z RUN  world_ttl_expiry_edges
Host regression tests	Run host tests (plain + ASan/UBSan)	2026-09-24T12:14:19.4134761Z PASS world_ttl_expiry_edges
Host regression tests	Run host tests (plain + ASan/UBSan)	2026-09-24T12:14:19.4134968Z RUN  world_maintenance_without_traffic
Host regression tests	Run host tests (plain + ASan/UBSan)	2026-09-24T12:14:19.4135209Z PASS world_maintenance_without_traffic
Host regression tests	Run host tests (plain + ASan/UBSan)	2026-09-24T12:14:19.4135430Z RUN  world_capacity_evicts_oldest
Host regression tests	Run host tests (plain + ASan/UBSan)	2026-09-24T12:14:19.4135639Z PASS world_capacity_evicts_oldest
Host regression tests	Run host tests (plain + ASan/UBSan)	2026-09-24T12:14:19.4135869Z RUN  world_eviction_tie_breaks_to_lowest_slot
Host regression tests	Run host tests (plain + ASan/UBSan)	2026-09-24T12:14:19.4136118Z PASS world_eviction_tie_breaks_to_lowest_slot
Host regression tests	Run host tests (plain + ASan/UBSan)	2026-09-24T12:14:19.4136375Z RUN  world_full_table_sweeps_expired_before_evicting
Host regression tests	Run host tests (plain + ASan/UBSan)	2026-09-24T12:14:19.4136652Z PASS world_full_table_sweeps_expired_before_evicting
Host regression tests	Run host tests (plain + ASan/UBSan)	2026-09-24T12:14:19.4136891Z RUN  world_loop_churn_bounded
Host regression tests	Run host tests (plain + ASan/UBSan)	2026-09-24T12:14:19.4138270Z PASS world_loop_churn_bounded
Host regression tests	Run host tests (plain + ASan/UBSan)	2026-09-24T12:14:19.4138478Z RUN  world_page_export_bounds
Host regression tests	Run host tests (plain + ASan/UBSan)	2026-09-24T12:14:19.4138666Z PASS world_page_export_bounds
Host regression tests	Run host tests (plain + ASan/UBSan)	2026-09-24T12:14:19.4138862Z RUN  world_parser_to_world_end_to_end
Host regression tests	Run host tests (plain + ASan/UBSan)	2026-09-24T12:14:19.4139077Z PASS world_parser_to_world_end_to_end
Host regression tests	Run host tests (plain + ASan/UBSan)	2026-09-24T12:14:19.4139280Z 16/16 passed
Host regression tests	Run host tests (plain + ASan/UBSan)	2026-09-24T12:14:20.1842325Z RUN  data_addrs_four_ds_combinations
Host regression tests	Run host tests (plain + ASan/UBSan)	2026-09-24T12:14:20.1842834Z PASS data_addrs_four_ds_combinations
Host regression tests	Run host tests (plain + ASan/UBSan)	2026-09-24T12:14:20.1843657Z RUN  data_addrs_header_length_math
Host regression tests	Run host tests (plain + ASan/UBSan)	2026-09-24T12:14:20.1844000Z PASS data_addrs_header_length_math
Host regression tests	Run host tests (plain + ASan/UBSan)	2026-09-24T12:14:20.1844348Z RUN  data_addrs_short_headers_rejected
Host regression tests	Run host tests (plain + ASan/UBSan)	2026-09-24T12:14:20.1844762Z PASS data_addrs_short_headers_rejected
Host regression tests	Run host tests (plain + ASan/UBSan)	2026-09-24T12:14:20.1844985Z RUN  data_addrs_protocol_guards
Host regression tests	Run host tests (plain + ASan/UBSan)	2026-09-24T12:14:20.1845194Z PASS data_addrs_protocol_guards
Host regression tests	Run host tests (plain + ASan/UBSan)	2026-09-24T12:14:20.1845431Z RUN  data_addrs_protected_frame_header_visible
Host regression tests	Run host tests (plain + ASan/UBSan)	2026-09-24T12:14:20.1845691Z PASS data_addrs_protected_frame_header_visible
Host regression tests	Run host tests (plain + ASan/UBSan)	2026-09-24T12:14:20.1845966Z RUN  data_addrs_broadcast_multicast_parsed_but_unfiltered
Host regression tests	Run host tests (plain + ASan/UBSan)	2026-09-24T12:14:20.1846258Z PASS data_addrs_broadcast_multicast_parsed_but_unfiltered
Host regression tests	Run host tests (plain + ASan/UBSan)	2026-09-24T12:14:20.1846500Z 6/6 passed
Host regression tests	Run host tests (plain + ASan/UBSan)	2026-09-24T12:14:20.8418218Z RUN  sta_uplink_discovers_sta_and_provisional_ap
Host regression tests	Run host tests (plain + ASan/UBSan)	2026-09-24T12:14:20.8418742Z PASS sta_uplink_discovers_sta_and_provisional_ap
Host regression tests	Run host tests (plain + ASan/UBSan)	2026-09-24T12:14:20.8419085Z RUN  sta_downlink_rssi_belongs_to_ap
Host regression tests	Run host tests (plain + ASan/UBSan)	2026-09-24T12:14:20.8419424Z PASS sta_downlink_rssi_belongs_to_ap
Host regression tests	Run host tests (plain + ASan/UBSan)	2026-09-24T12:14:20.8419736Z RUN  sta_up_and_down_same_sta_single_record
Host regression tests	Run host tests (plain + ASan/UBSan)	2026-09-24T12:14:20.8420069Z PASS sta_up_and_down_same_sta_single_record
Host regression tests	Run host tests (plain + ASan/UBSan)	2026-09-24T12:14:20.8420324Z RUN  sta_beacon_confirms_provisional_ap
Host regression tests	Run host tests (plain + ASan/UBSan)	2026-09-24T12:14:20.8420590Z PASS sta_beacon_confirms_provisional_ap
Host regression tests	Run host tests (plain + ASan/UBSan)	2026-09-24T12:14:20.8420937Z RUN  sta_broadcast_and_invalid_destinations
Host regression tests	Run host tests (plain + ASan/UBSan)	2026-09-24T12:14:20.8421300Z PASS sta_broadcast_and_invalid_destinations
Host regression tests	Run host tests (plain + ASan/UBSan)	2026-09-24T12:14:20.8421657Z RUN  sta_probe_discovers_sta_only
Host regression tests	Run host tests (plain + ASan/UBSan)	2026-09-24T12:14:20.8421986Z PASS sta_probe_discovers_sta_only
Host regression tests	Run host tests (plain + ASan/UBSan)	2026-09-24T12:14:20.8422312Z RUN  sta_mgmt_tx_records_sta
Host regression tests	Run host tests (plain + ASan/UBSan)	2026-09-24T12:14:20.8422627Z PASS sta_mgmt_tx_records_sta
Host regression tests	Run host tests (plain + ASan/UBSan)	2026-09-24T12:14:20.8422940Z RUN  sta_uplink_switches_to_newer_ap
Host regression tests	Run host tests (plain + ASan/UBSan)	2026-09-24T12:14:20.8423234Z PASS sta_uplink_switches_to_newer_ap
Host regression tests	Run host tests (plain + ASan/UBSan)	2026-09-24T12:14:20.8423636Z RUN  sta_weaker_downlink_never_steals_binding
Host regression tests	Run host tests (plain + ASan/UBSan)	2026-09-24T12:14:20.8423885Z PASS sta_weaker_downlink_never_steals_binding
Host regression tests	Run host tests (plain + ASan/UBSan)	2026-09-24T12:14:20.8424119Z RUN  sta_equal_strength_freshness_wins
Host regression tests	Run host tests (plain + ASan/UBSan)	2026-09-24T12:14:20.8424353Z PASS sta_equal_strength_freshness_wins
Host regression tests	Run host tests (plain + ASan/UBSan)	2026-09-24T12:14:20.8424589Z RUN  sta_uplink_upgrades_downlink_evidence
Host regression tests	Run host tests (plain + ASan/UBSan)	2026-09-24T12:14:20.8424827Z PASS sta_uplink_upgrades_downlink_evidence
Host regression tests	Run host tests (plain + ASan/UBSan)	2026-09-24T12:14:20.8425057Z RUN  sta_relation_ttl_before_sta_ttl
Host regression tests	Run host tests (plain + ASan/UBSan)	2026-09-24T12:14:20.8425270Z PASS sta_relation_ttl_before_sta_ttl
Host regression tests	Run host tests (plain + ASan/UBSan)	2026-09-24T12:14:20.8425479Z RUN  sta_sta_ttl_removes_record
Host regression tests	Run host tests (plain + ASan/UBSan)	2026-09-24T12:14:20.8425685Z PASS sta_sta_ttl_removes_record
Host regression tests	Run host tests (plain + ASan/UBSan)	2026-09-24T12:14:20.8425895Z RUN  sta_ap_expiry_unbinds_but_keeps_sta
Host regression tests	Run host tests (plain + ASan/UBSan)	2026-09-24T12:14:20.8426127Z PASS sta_ap_expiry_unbinds_but_keeps_sta
Host regression tests	Run host tests (plain + ASan/UBSan)	2026-09-24T12:14:20.8426344Z RUN  sta_stale_data_ignored
Host regression tests	Run host tests (plain + ASan/UBSan)	2026-09-24T12:14:20.8426534Z PASS sta_stale_data_ignored
Host regression tests	Run host tests (plain + ASan/UBSan)	2026-09-24T12:14:20.8426733Z RUN  sta_ap_slot_reuse_never_dangles
Host regression tests	Run host tests (plain + ASan/UBSan)	2026-09-24T12:14:20.8426941Z PASS sta_ap_slot_reuse_never_dangles
Host regression tests	Run host tests (plain + ASan/UBSan)	2026-09-24T12:14:20.8427149Z RUN  sta_weak_creators_never_evict
Host regression tests	Run host tests (plain + ASan/UBSan)	2026-09-24T12:14:20.8427394Z PASS sta_weak_creators_never_evict
Host regression tests	Run host tests (plain + ASan/UBSan)	2026-09-24T12:14:20.8427603Z RUN  sta_data_ambiguous_and_wds_counted
Host regression tests	Run host tests (plain + ASan/UBSan)	2026-09-24T12:14:20.8427823Z PASS sta_data_ambiguous_and_wds_counted
Host regression tests	Run host tests (plain + ASan/UBSan)	2026-09-24T12:14:20.8428040Z RUN  sta_parser_to_world_data_end_to_end
Host regression tests	Run host tests (plain + ASan/UBSan)	2026-09-24T12:14:20.8428263Z PASS sta_parser_to_world_data_end_to_end
Host regression tests	Run host tests (plain + ASan/UBSan)	2026-09-24T12:14:20.8428484Z RUN  sta_relation_churn_invariants
Host regression tests	Run host tests (plain + ASan/UBSan)	2026-09-24T12:14:20.8428695Z PASS sta_relation_churn_invariants
Host regression tests	Run host tests (plain + ASan/UBSan)	2026-09-24T12:14:20.8428894Z 20/20 passed
Host regression tests	Run host tests (plain + ASan/UBSan)	2026-09-24T12:14:21.6977022Z RUN  sec_rsn_psk
Host regression tests	Run host tests (plain + ASan/UBSan)	2026-09-24T12:14:21.6977408Z PASS sec_rsn_psk
Host regression tests	Run host tests (plain + ASan/UBSan)	2026-09-24T12:14:21.6977710Z RUN  sec_rsn_enterprise_sae_owe_transition
Host regression tests	Run host tests (plain + ASan/UBSan)	2026-09-24T12:14:21.6978107Z PASS sec_rsn_enterprise_sae_owe_transition
Host regression tests	Run host tests (plain + ASan/UBSan)	2026-09-24T12:14:21.6978471Z RUN  sec_wpa_vendor_psk
Host regression tests	Run host tests (plain + ASan/UBSan)	2026-09-24T12:14:21.6978769Z PASS sec_wpa_vendor_psk
Host regression tests	Run host tests (plain + ASan/UBSan)	2026-09-24T12:14:21.6979066Z RUN  sec_wpa_and_rsn_distinction
Host regression tests	Run host tests (plain + ASan/UBSan)	2026-09-24T12:14:21.6979394Z PASS sec_wpa_and_rsn_distinction
Host regression tests	Run host tests (plain + ASan/UBSan)	2026-09-24T12:14:21.6979706Z RUN  sec_unknown_suites_kept_unknown
Host regression tests	Run host tests (plain + ASan/UBSan)	2026-09-24T12:14:21.6980036Z PASS sec_unknown_suites_kept_unknown
Host regression tests	Run host tests (plain + ASan/UBSan)	2026-09-24T12:14:21.6980519Z RUN  sec_count_overflow_malformed
Host regression tests	Run host tests (plain + ASan/UBSan)	2026-09-24T12:14:21.6980750Z PASS sec_count_overflow_malformed
Host regression tests	Run host tests (plain + ASan/UBSan)	2026-09-24T12:14:21.6980962Z RUN  sec_bad_version_and_short_bodies
Host regression tests	Run host tests (plain + ASan/UBSan)	2026-09-24T12:14:21.6981306Z PASS sec_bad_version_and_short_bodies
Host regression tests	Run host tests (plain + ASan/UBSan)	2026-09-24T12:14:21.6981517Z RUN  sec_optional_tails
Host regression tests	Run host tests (plain + ASan/UBSan)	2026-09-24T12:14:21.6981708Z PASS sec_optional_tails
Host regression tests	Run host tests (plain + ASan/UBSan)	2026-09-24T12:14:21.6981899Z RUN  sec_long_beacon_cut_positions
Host regression tests	Run host tests (plain + ASan/UBSan)	2026-09-24T12:14:21.6982106Z PASS sec_long_beacon_cut_positions
Host regression tests	Run host tests (plain + ASan/UBSan)	2026-09-24T12:14:21.6982311Z RUN  sec_world_open_and_privacy
Host regression tests	Run host tests (plain + ASan/UBSan)	2026-09-24T12:14:21.6982532Z PASS sec_world_open_and_privacy
Host regression tests	Run host tests (plain + ASan/UBSan)	2026-09-24T12:14:21.6982758Z RUN  sec_world_valid_then_malformed_no_downgrade
Host regression tests	Run host tests (plain + ASan/UBSan)	2026-09-24T12:14:21.6983024Z PASS sec_world_valid_then_malformed_no_downgrade
Host regression tests	Run host tests (plain + ASan/UBSan)	2026-09-24T12:14:21.6983461Z RUN  sec_world_truncated_rsn_positive_evidence
Host regression tests	Run host tests (plain + ASan/UBSan)	2026-09-24T12:14:21.6983745Z PASS sec_world_truncated_rsn_positive_evidence
Host regression tests	Run host tests (plain + ASan/UBSan)	2026-09-24T12:14:21.6983975Z RUN  sec_world_security_names
Host regression tests	Run host tests (plain + ASan/UBSan)	2026-09-24T12:14:21.6984180Z PASS sec_world_security_names
Host regression tests	Run host tests (plain + ASan/UBSan)	2026-09-24T12:14:21.6984414Z RUN  sec_ie_commit_is_atomic_and_order_independent
Host regression tests	Run host tests (plain + ASan/UBSan)	2026-09-24T12:14:21.6984679Z PASS sec_ie_commit_is_atomic_and_order_independent
Host regression tests	Run host tests (plain + ASan/UBSan)	2026-09-24T12:14:21.6984978Z RUN  sec_world_partial_protocol_merge_preserves_other_protocol
Host regression tests	Run host tests (plain + ASan/UBSan)	2026-09-24T12:14:21.6985296Z PASS sec_world_partial_protocol_merge_preserves_other_protocol
Host regression tests	Run host tests (plain + ASan/UBSan)	2026-09-24T12:14:21.6985553Z 15/15 passed
Host regression tests	Run host tests (plain + ASan/UBSan)	2026-09-24T12:14:22.2690162Z RUN  mgmt_auth_request_vs_ap_response
Host regression tests	Run host tests (plain + ASan/UBSan)	2026-09-24T12:14:22.2690632Z PASS mgmt_auth_request_vs_ap_response
Host regression tests	Run host tests (plain + ASan/UBSan)	2026-09-24T12:14:22.2690985Z RUN  mgmt_auth_fixed_body_and_status
Host regression tests	Run host tests (plain + ASan/UBSan)	2026-09-24T12:14:22.2691330Z PASS mgmt_auth_fixed_body_and_status
Host regression tests	Run host tests (plain + ASan/UBSan)	2026-09-24T12:14:22.2691678Z RUN  mgmt_assoc_request_and_response
Host regression tests	Run host tests (plain + ASan/UBSan)	2026-09-24T12:14:22.2692011Z PASS mgmt_assoc_request_and_response
Host regression tests	Run host tests (plain + ASan/UBSan)	2026-09-24T12:14:22.2692353Z RUN  mgmt_invalid_or_ambiguous_rejected
Host regression tests	Run host tests (plain + ASan/UBSan)	2026-09-24T12:14:22.2692841Z PASS mgmt_invalid_or_ambiguous_rejected
Host regression tests	Run host tests (plain + ASan/UBSan)	2026-09-24T12:14:22.2693165Z 4/4 passed
Host regression tests	Run host tests (plain + ASan/UBSan)	2026-09-24T12:14:22.8964026Z RUN  eapol_plain_qos_order_direction
Host regression tests	Run host tests (plain + ASan/UBSan)	2026-09-24T12:14:22.8964821Z PASS eapol_plain_qos_order_direction
Host regression tests	Run host tests (plain + ASan/UBSan)	2026-09-24T12:14:22.8967103Z RUN  eapol_strict_llc_snap
Host regression tests	Run host tests (plain + ASan/UBSan)	2026-09-24T12:14:22.8967367Z PASS eapol_strict_llc_snap
Host regression tests	Run host tests (plain + ASan/UBSan)	2026-09-24T12:14:22.8967585Z RUN  eapol_null_protected
Host regression tests	Run host tests (plain + ASan/UBSan)	2026-09-24T12:14:22.8967799Z PASS eapol_null_protected
Host regression tests	Run host tests (plain + ASan/UBSan)	2026-09-24T12:14:22.8968016Z RUN  eapol_unsupported_layouts_fragments
Host regression tests	Run host tests (plain + ASan/UBSan)	2026-09-24T12:14:22.8968270Z PASS eapol_unsupported_layouts_fragments
Host regression tests	Run host tests (plain + ASan/UBSan)	2026-09-24T12:14:22.8968508Z RUN  eapol_versions_lengths_padding_short
Host regression tests	Run host tests (plain + ASan/UBSan)	2026-09-24T12:14:22.8968739Z PASS eapol_versions_lengths_padding_short
Host regression tests	Run host tests (plain + ASan/UBSan)	2026-09-24T12:14:22.8968958Z RUN  eapol_key_bounds_classification
Host regression tests	Run host tests (plain + ASan/UBSan)	2026-09-24T12:14:22.8969177Z PASS eapol_key_bounds_classification
Host regression tests	Run host tests (plain + ASan/UBSan)	2026-09-24T12:14:22.8969391Z RUN  eapol_capture_truncation
Host regression tests	Run host tests (plain + ASan/UBSan)	2026-09-24T12:14:22.8969589Z PASS eapol_capture_truncation
Host regression tests	Run host tests (plain + ASan/UBSan)	2026-09-24T12:14:22.8969780Z RUN  eapol_stats_semantics
Host regression tests	Run host tests (plain + ASan/UBSan)	2026-09-24T12:14:22.8969965Z PASS eapol_stats_semantics
Host regression tests	Run host tests (plain + ASan/UBSan)	2026-09-24T12:14:22.8970148Z 8/8 passed
Host regression tests	Run host tests (plain + ASan/UBSan)	2026-09-24T12:14:23.5433985Z RUN  pcap_global_header_golden
Host regression tests	Run host tests (plain + ASan/UBSan)	2026-09-24T12:14:23.5434321Z PASS pcap_global_header_golden
Host regression tests	Run host tests (plain + ASan/UBSan)	2026-09-24T12:14:23.5434651Z RUN  pcap_global_header_short_atomic
Host regression tests	Run host tests (plain + ASan/UBSan)	2026-09-24T12:14:23.5434990Z PASS pcap_global_header_short_atomic
Host regression tests	Run host tests (plain + ASan/UBSan)	2026-09-24T12:14:23.5435330Z RUN  pcap_channel_radiotap_golden
Host regression tests	Run host tests (plain + ASan/UBSan)	2026-09-24T12:14:23.5435654Z PASS pcap_channel_radiotap_golden
Host regression tests	Run host tests (plain + ASan/UBSan)	2026-09-24T12:14:23.5436006Z RUN  pcap_unknown_channel_omitted
Host regression tests	Run host tests (plain + ASan/UBSan)	2026-09-24T12:14:23.5436448Z PASS pcap_unknown_channel_omitted
Host regression tests	Run host tests (plain + ASan/UBSan)	2026-09-24T12:14:23.5436901Z RUN  pcap_timestamp_boundary_payload
Host regression tests	Run host tests (plain + ASan/UBSan)	2026-09-24T12:14:23.5437331Z PASS pcap_timestamp_boundary_payload
Host regression tests	Run host tests (plain + ASan/UBSan)	2026-09-24T12:14:23.5437556Z RUN  pcap_large_monotonic_and_range
Host regression tests	Run host tests (plain + ASan/UBSan)	2026-09-24T12:14:23.5437768Z PASS pcap_large_monotonic_and_range
Host regression tests	Run host tests (plain + ASan/UBSan)	2026-09-24T12:14:23.5437980Z RUN  pcap_timestamp_before_anchor_atomic
Host regression tests	Run host tests (plain + ASan/UBSan)	2026-09-24T12:14:23.5438203Z PASS pcap_timestamp_before_anchor_atomic
Host regression tests	Run host tests (plain + ASan/UBSan)	2026-09-24T12:14:23.5438420Z RUN  pcap_empty_short_mac
Host regression tests	Run host tests (plain + ASan/UBSan)	2026-09-24T12:14:23.5438612Z PASS pcap_empty_short_mac
Host regression tests	Run host tests (plain + ASan/UBSan)	2026-09-24T12:14:23.5438836Z RUN  pcap_invalid_and_contradictory_lengths
Host regression tests	Run host tests (plain + ASan/UBSan)	2026-09-24T12:14:23.5439299Z PASS pcap_invalid_and_contradictory_lengths
Host regression tests	Run host tests (plain + ASan/UBSan)	2026-09-24T12:14:23.5439534Z RUN  pcap_capacity_failure_atomic
Host regression tests	Run host tests (plain + ASan/UBSan)	2026-09-24T12:14:23.5439863Z PASS pcap_capacity_failure_atomic
Host regression tests	Run host tests (plain + ASan/UBSan)	2026-09-24T12:14:23.5440070Z RUN  pcap_fcs_and_capture_truncation
Host regression tests	Run host tests (plain + ASan/UBSan)	2026-09-24T12:14:23.5440290Z PASS pcap_fcs_and_capture_truncation
Host regression tests	Run host tests (plain + ASan/UBSan)	2026-09-24T12:14:23.5440498Z RUN  pcap_512_bound_max_record
Host regression tests	Run host tests (plain + ASan/UBSan)	2026-09-24T12:14:23.5440706Z PASS pcap_512_bound_max_record
Host regression tests	Run host tests (plain + ASan/UBSan)	2026-09-24T12:14:23.5440908Z RUN  pcap_reference_generate_synthetic
Host regression tests	Run host tests (plain + ASan/UBSan)	2026-09-24T12:14:23.5441129Z PASS pcap_reference_generate_synthetic
Host regression tests	Run host tests (plain + ASan/UBSan)	2026-09-24T12:14:23.5441326Z 13/13 passed
Host regression tests	Run host tests (plain + ASan/UBSan)	2026-09-24T12:14:24.2188160Z RUN  submit_copy_and_stop_sync
Host regression tests	Run host tests (plain + ASan/UBSan)	2026-09-24T12:14:24.2188715Z PASS submit_copy_and_stop_sync
Host regression tests	Run host tests (plain + ASan/UBSan)	2026-09-24T12:14:24.2189089Z RUN  queue_full_fifo_and_drain
Host regression tests	Run host tests (plain + ASan/UBSan)	2026-09-24T12:14:24.2189430Z PASS queue_full_fifo_and_drain
Host regression tests	Run host tests (plain + ASan/UBSan)	2026-09-24T12:14:24.2189739Z RUN  valid_mgmt_control_data
Host regression tests	Run host tests (plain + ASan/UBSan)	2026-09-24T12:14:24.2190049Z PASS valid_mgmt_control_data
Host regression tests	Run host tests (plain + ASan/UBSan)	2026-09-24T12:14:24.2190413Z RUN  slow_writer_not_producer_lock
Host regression tests	Run host tests (plain + ASan/UBSan)	2026-09-24T12:14:24.2190786Z PASS slow_writer_not_producer_lock
Host regression tests	Run host tests (plain + ASan/UBSan)	2026-09-24T12:14:24.2191121Z RUN  partial_write_offset
Host regression tests	Run host tests (plain + ASan/UBSan)	2026-09-24T12:14:24.2191441Z PASS partial_write_offset
Host regression tests	Run host tests (plain + ASan/UBSan)	2026-09-24T12:14:24.2191740Z RUN  partial_write_error_cleanup
Host regression tests	Run host tests (plain + ASan/UBSan)	2026-09-24T12:14:24.2192060Z PASS partial_write_error_cleanup
Host regression tests	Run host tests (plain + ASan/UBSan)	2026-09-24T12:14:24.2192347Z RUN  enospc_and_header_flush
Host regression tests	Run host tests (plain + ASan/UBSan)	2026-09-24T12:14:24.2192555Z PASS enospc_and_header_flush
Host regression tests	Run host tests (plain + ASan/UBSan)	2026-09-24T12:14:24.2192766Z RUN  filename_conflict_restart
Host regression tests	Run host tests (plain + ASan/UBSan)	2026-09-24T12:14:24.2192983Z PASS filename_conflict_restart
Host regression tests	Run host tests (plain + ASan/UBSan)	2026-09-24T12:14:24.2193528Z RUN  rotation_session_limit
Host regression tests	Run host tests (plain + ASan/UBSan)	2026-09-24T12:14:24.2193752Z PASS rotation_session_limit
Host regression tests	Run host tests (plain + ASan/UBSan)	2026-09-24T12:14:24.2193941Z RUN  age_rotation_filtering
Host regression tests	Run host tests (plain + ASan/UBSan)	2026-09-24T12:14:24.2194124Z PASS age_rotation_filtering
Host regression tests	Run host tests (plain + ASan/UBSan)	2026-09-24T12:14:24.2194310Z RUN  pre_session_rx_timestamp
Host regression tests	Run host tests (plain + ASan/UBSan)	2026-09-24T12:14:24.2194508Z PASS pre_session_rx_timestamp
Host regression tests	Run host tests (plain + ASan/UBSan)	2026-09-24T12:14:24.2194702Z RUN  open_close_error_recovery
Host regression tests	Run host tests (plain + ASan/UBSan)	2026-09-24T12:14:24.2194931Z PASS open_close_error_recovery
Host regression tests	Run host tests (plain + ASan/UBSan)	2026-09-24T12:14:24.2195319Z 12/12 passed
Host regression tests	Run host tests (plain + ASan/UBSan)	2026-09-24T12:14:24.2195655Z == host tests (ASan+UBSan) ==
Host regression tests	Run host tests (plain + ASan/UBSan)	2026-09-24T12:14:25.8842074Z RUN  parse_fc_basic
Host regression tests	Run host tests (plain + ASan/UBSan)	2026-09-24T12:14:25.8842637Z PASS parse_fc_basic
Host regression tests	Run host tests (plain + ASan/UBSan)	2026-09-24T12:14:25.8842995Z RUN  parse_short_rejected
Host regression tests	Run host tests (plain + ASan/UBSan)	2026-09-24T12:14:25.8843570Z PASS parse_short_rejected
Host regression tests	Run host tests (plain + ASan/UBSan)	2026-09-24T12:14:25.8843791Z RUN  beacon_minimal_complete
Host regression tests	Run host tests (plain + ASan/UBSan)	2026-09-24T12:14:25.8844002Z PASS beacon_minimal_complete
Host regression tests	Run host tests (plain + ASan/UBSan)	2026-09-24T12:14:25.8844198Z RUN  beacon_typical_fields
Host regression tests	Run host tests (plain + ASan/UBSan)	2026-09-24T12:14:25.9177287Z PASS beacon_typical_fields
Host regression tests	Run host tests (plain + ASan/UBSan)	2026-09-24T12:14:25.9177733Z RUN  ssid_lengths
Host regression tests	Run host tests (plain + ASan/UBSan)	2026-09-24T12:14:25.9178074Z PASS ssid_lengths
Host regression tests	Run host tests (plain + ASan/UBSan)	2026-09-24T12:14:25.9178412Z RUN  ssid_all_zero_is_hidden
Host regression tests	Run host tests (plain + ASan/UBSan)	2026-09-24T12:14:25.9178780Z PASS ssid_all_zero_is_hidden
Host regression tests	Run host tests (plain + ASan/UBSan)	2026-09-24T12:14:25.9179150Z RUN  duplicate_ssid_first_wins
Host regression tests	Run host tests (plain + ASan/UBSan)	2026-09-24T12:14:25.9179522Z PASS duplicate_ssid_first_wins
Host regression tests	Run host tests (plain + ASan/UBSan)	2026-09-24T12:14:25.9179827Z RUN  ds_param_validation
Host regression tests	Run host tests (plain + ASan/UBSan)	2026-09-24T12:14:25.9180165Z PASS ds_param_validation
Host regression tests	Run host tests (plain + ASan/UBSan)	2026-09-24T12:14:25.9180643Z RUN  trailing_byte_in_complete_body
Host regression tests	Run host tests (plain + ASan/UBSan)	2026-09-24T12:14:25.9181356Z PASS trailing_byte_in_complete_body
Host regression tests	Run host tests (plain + ASan/UBSan)	2026-09-24T12:14:25.9182039Z RUN  ie_body_overrun_complete_frame
Host regression tests	Run host tests (plain + ASan/UBSan)	2026-09-24T12:14:25.9182429Z PASS ie_body_overrun_complete_frame
Host regression tests	Run host tests (plain + ASan/UBSan)	2026-09-24T12:14:25.9182757Z RUN  capture_cut_inside_ie_body
Host regression tests	Run host tests (plain + ASan/UBSan)	2026-09-24T12:14:25.9183062Z PASS capture_cut_inside_ie_body
Host regression tests	Run host tests (plain + ASan/UBSan)	2026-09-24T12:14:25.9183502Z RUN  capture_cut_at_ie_boundary
Host regression tests	Run host tests (plain + ASan/UBSan)	2026-09-24T12:14:25.9183799Z PASS capture_cut_at_ie_boundary
Host regression tests	Run host tests (plain + ASan/UBSan)	2026-09-24T12:14:25.9184096Z RUN  fcs_never_walked_as_ie_513
Host regression tests	Run host tests (plain + ASan/UBSan)	2026-09-24T12:14:25.9184399Z PASS fcs_never_walked_as_ie_513
Host regression tests	Run host tests (plain + ASan/UBSan)	2026-09-24T12:14:25.9184692Z RUN  fcs_never_walked_as_ie_514
Host regression tests	Run host tests (plain + ASan/UBSan)	2026-09-24T12:14:25.9184979Z PASS fcs_never_walked_as_ie_514
Host regression tests	Run host tests (plain + ASan/UBSan)	2026-09-24T12:14:25.9185281Z RUN  capture_cut_inside_mac_body
Host regression tests	Run host tests (plain + ASan/UBSan)	2026-09-24T12:14:25.9185595Z PASS capture_cut_inside_mac_body
Host regression tests	Run host tests (plain + ASan/UBSan)	2026-09-24T12:14:25.9185922Z RUN  deep_parse_rejects_protocol_version_1
Host regression tests	Run host tests (plain + ASan/UBSan)	2026-09-24T12:14:25.9186164Z PASS deep_parse_rejects_protocol_version_1
Host regression tests	Run host tests (plain + ASan/UBSan)	2026-09-24T12:14:25.9186394Z RUN  deep_parse_rejects_order_bit
Host regression tests	Run host tests (plain + ASan/UBSan)	2026-09-24T12:14:25.9186910Z PASS deep_parse_rejects_order_bit
Host regression tests	Run host tests (plain + ASan/UBSan)	2026-09-24T12:14:25.9187130Z RUN  deep_parse_rejects_more_fragments
Host regression tests	Run host tests (plain + ASan/UBSan)	2026-09-24T12:14:25.9187539Z PASS deep_parse_rejects_more_fragments
Host regression tests	Run host tests (plain + ASan/UBSan)	2026-09-24T12:14:25.9187898Z RUN  deep_parse_rejects_short_fixed_body
Host regression tests	Run host tests (plain + ASan/UBSan)	2026-09-24T12:14:25.9188257Z PASS deep_parse_rejects_short_fixed_body
Host regression tests	Run host tests (plain + ASan/UBSan)	2026-09-24T12:14:25.9188610Z RUN  probe_req_parse_and_truncation
Host regression tests	Run host tests (plain + ASan/UBSan)	2026-09-24T12:14:25.9188860Z PASS probe_req_parse_and_truncation
Host regression tests	Run host tests (plain + ASan/UBSan)	2026-09-24T12:14:25.9189061Z 20/20 passed
Host regression tests	Run host tests (plain + ASan/UBSan)	2026-09-24T12:14:27.2781506Z RUN  rx_good_frame_flow
Host regression tests	Run host tests (plain + ASan/UBSan)	2026-09-24T12:14:27.2782141Z PASS rx_good_frame_flow
Host regression tests	Run host tests (plain + ASan/UBSan)	2026-09-24T12:14:27.2782498Z RUN  rx_timestamp_copy_delay_and_slot_reuse
Host regression tests	Run host tests (plain + ASan/UBSan)	2026-09-24T12:14:27.2783199Z PASS rx_timestamp_copy_delay_and_slot_reuse
Host regression tests	Run host tests (plain + ASan/UBSan)	2026-09-24T12:14:27.2783862Z RUN  rx_packet_pool_memory_budget
Host regression tests	Run host tests (plain + ASan/UBSan)	2026-09-24T12:14:27.2784216Z PASS rx_packet_pool_memory_budget
Host regression tests	Run host tests (plain + ASan/UBSan)	2026-09-24T12:14:27.2784544Z RUN  rx_drop_accounting
Host regression tests	Run host tests (plain + ASan/UBSan)	2026-09-24T12:14:27.2784811Z PASS rx_drop_accounting
Host regression tests	Run host tests (plain + ASan/UBSan)	2026-09-24T12:14:27.2785124Z RUN  rx_state_errors_never_leak_slots
Host regression tests	Run host tests (plain + ASan/UBSan)	2026-09-24T12:14:27.2785465Z PASS rx_state_errors_never_leak_slots
Host regression tests	Run host tests (plain + ASan/UBSan)	2026-09-24T12:14:27.2785822Z RUN  rx_misc_whitelist_no_payload_access
Host regression tests	Run host tests (plain + ASan/UBSan)	2026-09-24T12:14:27.2786211Z PASS rx_misc_whitelist_no_payload_access
Host regression tests	Run host tests (plain + ASan/UBSan)	2026-09-24T12:14:27.2786592Z RUN  rx_misc_defensive_even_with_bogus_payload_len
Host regression tests	Run host tests (plain + ASan/UBSan)	2026-09-24T12:14:27.2787019Z PASS rx_misc_defensive_even_with_bogus_payload_len
Host regression tests	Run host tests (plain + ASan/UBSan)	2026-09-24T12:14:27.2787423Z RUN  rx_zero_payload_mgmt_queued_and_counted
Host regression tests	Run host tests (plain + ASan/UBSan)	2026-09-24T12:14:27.2787819Z PASS rx_zero_payload_mgmt_queued_and_counted
Host regression tests	Run host tests (plain + ASan/UBSan)	2026-09-24T12:14:27.2788189Z RUN  rx_oversized_truncated_at_bound
Host regression tests	Run host tests (plain + ASan/UBSan)	2026-09-24T12:14:27.2788538Z PASS rx_oversized_truncated_at_bound
Host regression tests	Run host tests (plain + ASan/UBSan)	2026-09-24T12:14:27.2788883Z RUN  rx_parse_length_contract
Host regression tests	Run host tests (plain + ASan/UBSan)	2026-09-24T12:14:27.2789208Z PASS rx_parse_length_contract
Host regression tests	Run host tests (plain + ASan/UBSan)	2026-09-24T12:14:27.2789549Z RUN  rx_capture_view_fcs_and_body_truncation
Host regression tests	Run host tests (plain + ASan/UBSan)	2026-09-24T12:14:27.2789947Z PASS rx_capture_view_fcs_and_body_truncation
Host regression tests	Run host tests (plain + ASan/UBSan)	2026-09-24T12:14:27.2790295Z 11/11 passed
Host regression tests	Run host tests (plain + ASan/UBSan)	2026-09-24T12:14:28.6103997Z RUN  hostile_misc_null_payload_never_read
Host regression tests	Run host tests (plain + ASan/UBSan)	2026-09-24T12:14:28.6104565Z PASS hostile_misc_null_payload_never_read
Host regression tests	Run host tests (plain + ASan/UBSan)	2026-09-24T12:14:28.6104997Z RUN  hostile_unknown_type_never_read
Host regression tests	Run host tests (plain + ASan/UBSan)	2026-09-24T12:14:28.6105331Z PASS hostile_unknown_type_never_read
Host regression tests	Run host tests (plain + ASan/UBSan)	2026-09-24T12:14:28.6105639Z 2/2 passed
Host regression tests	Run host tests (plain + ASan/UBSan)	2026-09-24T12:14:29.8993197Z RUN  ap_insert_change_unchanged
Host regression tests	Run host tests (plain + ASan/UBSan)	2026-09-24T12:14:29.8996856Z PASS ap_insert_change_unchanged
Host regression tests	Run host tests (plain + ASan/UBSan)	2026-09-24T12:14:29.8997195Z RUN  ap_eviction_and_reappear
Host regression tests	Run host tests (plain + ASan/UBSan)	2026-09-24T12:14:29.8997514Z PASS ap_eviction_and_reappear
Host regression tests	Run host tests (plain + ASan/UBSan)	2026-09-24T12:14:29.8997833Z RUN  ap_incomplete_observation_skipped
Host regression tests	Run host tests (plain + ASan/UBSan)	2026-09-24T12:14:29.8998201Z PASS ap_incomplete_observation_skipped
Host regression tests	Run host tests (plain + ASan/UBSan)	2026-09-24T12:14:29.8998551Z RUN  ap_hidden_ssid_keeps_known_name
Host regression tests	Run host tests (plain + ASan/UBSan)	2026-09-24T12:14:29.8998891Z PASS ap_hidden_ssid_keeps_known_name
Host regression tests	Run host tests (plain + ASan/UBSan)	2026-09-24T12:14:29.8999230Z RUN  ap_absent_ds_keeps_cached_channel
Host regression tests	Run host tests (plain + ASan/UBSan)	2026-09-24T12:14:29.8999578Z PASS ap_absent_ds_keeps_cached_channel
Host regression tests	Run host tests (plain + ASan/UBSan)	2026-09-24T12:14:29.8999941Z RUN  ap_complete_observation_negative_evidence
Host regression tests	Run host tests (plain + ASan/UBSan)	2026-09-24T12:14:29.9000376Z PASS ap_complete_observation_negative_evidence
Host regression tests	Run host tests (plain + ASan/UBSan)	2026-09-24T12:14:29.9000728Z 6/6 passed
Host regression tests	Run host tests (plain + ASan/UBSan)	2026-09-24T12:14:31.1560265Z RUN  hopper_build_from_country
Host regression tests	Run host tests (plain + ASan/UBSan)	2026-09-24T12:14:31.1561016Z PASS hopper_build_from_country
Host regression tests	Run host tests (plain + ASan/UBSan)	2026-09-24T12:14:31.1561748Z RUN  hopper_err_classify
Host regression tests	Run host tests (plain + ASan/UBSan)	2026-09-24T12:14:31.1562464Z PASS hopper_err_classify
Host regression tests	Run host tests (plain + ASan/UBSan)	2026-09-24T12:14:31.1563030Z RUN  hopper_bounded_failure_policy
Host regression tests	Run host tests (plain + ASan/UBSan)	2026-09-24T12:14:31.1563619Z PASS hopper_bounded_failure_policy
Host regression tests	Run host tests (plain + ASan/UBSan)	2026-09-24T12:14:31.1563982Z RUN  hopper_log_throttle
Host regression tests	Run host tests (plain + ASan/UBSan)	2026-09-24T12:14:31.1564276Z PASS hopper_log_throttle
Host regression tests	Run host tests (plain + ASan/UBSan)	2026-09-24T12:14:31.1564544Z 4/4 passed
Host regression tests	Run host tests (plain + ASan/UBSan)	2026-09-24T12:14:32.5738476Z RUN  world_create_and_merge
Host regression tests	Run host tests (plain + ASan/UBSan)	2026-09-24T12:14:32.5739157Z PASS world_create_and_merge
Host regression tests	Run host tests (plain + ASan/UBSan)	2026-09-24T12:14:32.5739632Z RUN  world_hidden_never_clears_name
Host regression tests	Run host tests (plain + ASan/UBSan)	2026-09-24T12:14:32.5740045Z PASS world_hidden_never_clears_name
Host regression tests	Run host tests (plain + ASan/UBSan)	2026-09-24T12:14:32.5740459Z RUN  world_embedded_nul_and_raw_bytes
Host regression tests	Run host tests (plain + ASan/UBSan)	2026-09-24T12:14:32.5740858Z PASS world_embedded_nul_and_raw_bytes
Host regression tests	Run host tests (plain + ASan/UBSan)	2026-09-24T12:14:32.5741600Z RUN  world_truncated_observation_partial_update
Host regression tests	Run host tests (plain + ASan/UBSan)	2026-09-24T12:14:32.5742081Z PASS world_truncated_observation_partial_update
Host regression tests	Run host tests (plain + ASan/UBSan)	2026-09-24T12:14:32.5742703Z RUN  world_truncated_ds_ie_still_applies
Host regression tests	Run host tests (plain + ASan/UBSan)	2026-09-24T12:14:32.5743127Z PASS world_truncated_ds_ie_still_applies
Host regression tests	Run host tests (plain + ASan/UBSan)	2026-09-24T12:14:32.5743644Z RUN  world_complete_observation_is_authoritative
Host regression tests	Run host tests (plain + ASan/UBSan)	2026-09-24T12:14:32.5744129Z PASS world_complete_observation_is_authoritative
Host regression tests	Run host tests (plain + ASan/UBSan)	2026-09-24T12:14:32.5744571Z RUN  world_invalid_bssid_rejected
Host regression tests	Run host tests (plain + ASan/UBSan)	2026-09-24T12:14:32.5744950Z PASS world_invalid_bssid_rejected
Host regression tests	Run host tests (plain + ASan/UBSan)	2026-09-24T12:14:32.5745448Z RUN  world_stale_timestamp_ignored
Host regression tests	Run host tests (plain + ASan/UBSan)	2026-09-24T12:14:32.5745834Z PASS world_stale_timestamp_ignored
Host regression tests	Run host tests (plain + ASan/UBSan)	2026-09-24T12:14:32.5746202Z RUN  world_ttl_expiry_edges
Host regression tests	Run host tests (plain + ASan/UBSan)	2026-09-24T12:14:32.5746542Z PASS world_ttl_expiry_edges
Host regression tests	Run host tests (plain + ASan/UBSan)	2026-09-24T12:14:32.5746865Z RUN  world_maintenance_without_traffic
Host regression tests	Run host tests (plain + ASan/UBSan)	2026-09-24T12:14:32.5747285Z PASS world_maintenance_without_traffic
Host regression tests	Run host tests (plain + ASan/UBSan)	2026-09-24T12:14:32.5747645Z RUN  world_capacity_evicts_oldest
Host regression tests	Run host tests (plain + ASan/UBSan)	2026-09-24T12:14:32.5748026Z PASS world_capacity_evicts_oldest
Host regression tests	Run host tests (plain + ASan/UBSan)	2026-09-24T12:14:32.5748384Z RUN  world_eviction_tie_breaks_to_lowest_slot
Host regression tests	Run host tests (plain + ASan/UBSan)	2026-09-24T12:14:32.5748828Z PASS world_eviction_tie_breaks_to_lowest_slot
Host regression tests	Run host tests (plain + ASan/UBSan)	2026-09-24T12:14:32.5749301Z RUN  world_full_table_sweeps_expired_before_evicting
Host regression tests	Run host tests (plain + ASan/UBSan)	2026-09-24T12:14:32.5749795Z PASS world_full_table_sweeps_expired_before_evicting
Host regression tests	Run host tests (plain + ASan/UBSan)	2026-09-24T12:14:32.5750247Z RUN  world_loop_churn_bounded
Host regression tests	Run host tests (plain + ASan/UBSan)	2026-09-24T12:14:32.5822903Z PASS world_loop_churn_bounded
Host regression tests	Run host tests (plain + ASan/UBSan)	2026-09-24T12:14:32.5823869Z RUN  world_page_export_bounds
Host regression tests	Run host tests (plain + ASan/UBSan)	2026-09-24T12:14:32.5824199Z PASS world_page_export_bounds
Host regression tests	Run host tests (plain + ASan/UBSan)	2026-09-24T12:14:32.5824551Z RUN  world_parser_to_world_end_to_end
Host regression tests	Run host tests (plain + ASan/UBSan)	2026-09-24T12:14:32.5824913Z PASS world_parser_to_world_end_to_end
Host regression tests	Run host tests (plain + ASan/UBSan)	2026-09-24T12:14:32.5825240Z 16/16 passed
Host regression tests	Run host tests (plain + ASan/UBSan)	2026-09-24T12:14:33.8762535Z RUN  data_addrs_four_ds_combinations
Host regression tests	Run host tests (plain + ASan/UBSan)	2026-09-24T12:14:33.8763586Z PASS data_addrs_four_ds_combinations
Host regression tests	Run host tests (plain + ASan/UBSan)	2026-09-24T12:14:33.8763981Z RUN  data_addrs_header_length_math
Host regression tests	Run host tests (plain + ASan/UBSan)	2026-09-24T12:14:33.8764308Z PASS data_addrs_header_length_math
Host regression tests	Run host tests (plain + ASan/UBSan)	2026-09-24T12:14:33.8764559Z RUN  data_addrs_short_headers_rejected
Host regression tests	Run host tests (plain + ASan/UBSan)	2026-09-24T12:14:33.8764786Z PASS data_addrs_short_headers_rejected
Host regression tests	Run host tests (plain + ASan/UBSan)	2026-09-24T12:14:33.8765009Z RUN  data_addrs_protocol_guards
Host regression tests	Run host tests (plain + ASan/UBSan)	2026-09-24T12:14:33.8765218Z PASS data_addrs_protocol_guards
Host regression tests	Run host tests (plain + ASan/UBSan)	2026-09-24T12:14:33.8765450Z RUN  data_addrs_protected_frame_header_visible
Host regression tests	Run host tests (plain + ASan/UBSan)	2026-09-24T12:14:33.8765714Z PASS data_addrs_protected_frame_header_visible
Host regression tests	Run host tests (plain + ASan/UBSan)	2026-09-24T12:14:33.8765993Z RUN  data_addrs_broadcast_multicast_parsed_but_unfiltered
Host regression tests	Run host tests (plain + ASan/UBSan)	2026-09-24T12:14:33.8766287Z PASS data_addrs_broadcast_multicast_parsed_but_unfiltered
Host regression tests	Run host tests (plain + ASan/UBSan)	2026-09-24T12:14:33.8766526Z 6/6 passed
Host regression tests	Run host tests (plain + ASan/UBSan)	2026-09-24T12:14:35.3718440Z RUN  sta_uplink_discovers_sta_and_provisional_ap
Host regression tests	Run host tests (plain + ASan/UBSan)	2026-09-24T12:14:35.3719177Z PASS sta_uplink_discovers_sta_and_provisional_ap
Host regression tests	Run host tests (plain + ASan/UBSan)	2026-09-24T12:14:35.3719565Z RUN  sta_downlink_rssi_belongs_to_ap
Host regression tests	Run host tests (plain + ASan/UBSan)	2026-09-24T12:14:35.3719928Z PASS sta_downlink_rssi_belongs_to_ap
Host regression tests	Run host tests (plain + ASan/UBSan)	2026-09-24T12:14:35.3720294Z RUN  sta_up_and_down_same_sta_single_record
Host regression tests	Run host tests (plain + ASan/UBSan)	2026-09-24T12:14:35.3720771Z PASS sta_up_and_down_same_sta_single_record
Host regression tests	Run host tests (plain + ASan/UBSan)	2026-09-24T12:14:35.3721181Z RUN  sta_beacon_confirms_provisional_ap
Host regression tests	Run host tests (plain + ASan/UBSan)	2026-09-24T12:14:35.3721600Z PASS sta_beacon_confirms_provisional_ap
Host regression tests	Run host tests (plain + ASan/UBSan)	2026-09-24T12:14:35.3722047Z RUN  sta_broadcast_and_invalid_destinations
Host regression tests	Run host tests (plain + ASan/UBSan)	2026-09-24T12:14:35.3722609Z PASS sta_broadcast_and_invalid_destinations
Host regression tests	Run host tests (plain + ASan/UBSan)	2026-09-24T12:14:35.3723609Z RUN  sta_probe_discovers_sta_only
Host regression tests	Run host tests (plain + ASan/UBSan)	2026-09-24T12:14:35.3724204Z PASS sta_probe_discovers_sta_only
Host regression tests	Run host tests (plain + ASan/UBSan)	2026-09-24T12:14:35.3724841Z RUN  sta_mgmt_tx_records_sta
Host regression tests	Run host tests (plain + ASan/UBSan)	2026-09-24T12:14:35.3725564Z PASS sta_mgmt_tx_records_sta
Host regression tests	Run host tests (plain + ASan/UBSan)	2026-09-24T12:14:35.3726090Z RUN  sta_uplink_switches_to_newer_ap
Host regression tests	Run host tests (plain + ASan/UBSan)	2026-09-24T12:14:35.3726655Z PASS sta_uplink_switches_to_newer_ap
Host regression tests	Run host tests (plain + ASan/UBSan)	2026-09-24T12:14:35.3727250Z RUN  sta_weaker_downlink_never_steals_binding
Host regression tests	Run host tests (plain + ASan/UBSan)	2026-09-24T12:14:35.3727859Z PASS sta_weaker_downlink_never_steals_binding
Host regression tests	Run host tests (plain + ASan/UBSan)	2026-09-24T12:14:35.3728449Z RUN  sta_equal_strength_freshness_wins
Host regression tests	Run host tests (plain + ASan/UBSan)	2026-09-24T12:14:35.3729015Z PASS sta_equal_strength_freshness_wins
Host regression tests	Run host tests (plain + ASan/UBSan)	2026-09-24T12:14:35.3729597Z RUN  sta_uplink_upgrades_downlink_evidence
Host regression tests	Run host tests (plain + ASan/UBSan)	2026-09-24T12:14:35.3730507Z PASS sta_uplink_upgrades_downlink_evidence
Host regression tests	Run host tests (plain + ASan/UBSan)	2026-09-24T12:14:35.3731245Z RUN  sta_relation_ttl_before_sta_ttl
Host regression tests	Run host tests (plain + ASan/UBSan)	2026-09-24T12:14:35.3732015Z PASS sta_relation_ttl_before_sta_ttl
Host regression tests	Run host tests (plain + ASan/UBSan)	2026-09-24T12:14:35.3732483Z RUN  sta_sta_ttl_removes_record
Host regression tests	Run host tests (plain + ASan/UBSan)	2026-09-24T12:14:35.3732954Z PASS sta_sta_ttl_removes_record
Host regression tests	Run host tests (plain + ASan/UBSan)	2026-09-24T12:14:35.3733623Z RUN  sta_ap_expiry_unbinds_but_keeps_sta
Host regression tests	Run host tests (plain + ASan/UBSan)	2026-09-24T12:14:35.3734152Z PASS sta_ap_expiry_unbinds_but_keeps_sta
Host regression tests	Run host tests (plain + ASan/UBSan)	2026-09-24T12:14:35.3734538Z RUN  sta_stale_data_ignored
Host regression tests	Run host tests (plain + ASan/UBSan)	2026-09-24T12:14:35.3734828Z PASS sta_stale_data_ignored
Host regression tests	Run host tests (plain + ASan/UBSan)	2026-09-24T12:14:35.3735117Z RUN  sta_ap_slot_reuse_never_dangles
Host regression tests	Run host tests (plain + ASan/UBSan)	2026-09-24T12:14:35.3735443Z PASS sta_ap_slot_reuse_never_dangles
Host regression tests	Run host tests (plain + ASan/UBSan)	2026-09-24T12:14:35.3735765Z RUN  sta_weak_creators_never_evict
Host regression tests	Run host tests (plain + ASan/UBSan)	2026-09-24T12:14:35.3736079Z PASS sta_weak_creators_never_evict
Host regression tests	Run host tests (plain + ASan/UBSan)	2026-09-24T12:14:35.3736400Z RUN  sta_data_ambiguous_and_wds_counted
Host regression tests	Run host tests (plain + ASan/UBSan)	2026-09-24T12:14:35.3736738Z PASS sta_data_ambiguous_and_wds_counted
Host regression tests	Run host tests (plain + ASan/UBSan)	2026-09-24T12:14:35.3737099Z RUN  sta_parser_to_world_data_end_to_end
Host regression tests	Run host tests (plain + ASan/UBSan)	2026-09-24T12:14:35.3737446Z PASS sta_parser_to_world_data_end_to_end
Host regression tests	Run host tests (plain + ASan/UBSan)	2026-09-24T12:14:35.3737770Z RUN  sta_relation_churn_invariants
Host regression tests	Run host tests (plain + ASan/UBSan)	2026-09-24T12:14:35.3737981Z PASS sta_relation_churn_invariants
Host regression tests	Run host tests (plain + ASan/UBSan)	2026-09-24T12:14:35.3738170Z 20/20 passed
Host regression tests	Run host tests (plain + ASan/UBSan)	2026-09-24T12:14:36.9463957Z RUN  sec_rsn_psk
Host regression tests	Run host tests (plain + ASan/UBSan)	2026-09-24T12:14:36.9464732Z PASS sec_rsn_psk
Host regression tests	Run host tests (plain + ASan/UBSan)	2026-09-24T12:14:36.9465315Z RUN  sec_rsn_enterprise_sae_owe_transition
Host regression tests	Run host tests (plain + ASan/UBSan)	2026-09-24T12:14:36.9465760Z PASS sec_rsn_enterprise_sae_owe_transition
Host regression tests	Run host tests (plain + ASan/UBSan)	2026-09-24T12:14:36.9466129Z RUN  sec_wpa_vendor_psk
Host regression tests	Run host tests (plain + ASan/UBSan)	2026-09-24T12:14:36.9466416Z PASS sec_wpa_vendor_psk
Host regression tests	Run host tests (plain + ASan/UBSan)	2026-09-24T12:14:36.9466704Z RUN  sec_wpa_and_rsn_distinction
Host regression tests	Run host tests (plain + ASan/UBSan)	2026-09-24T12:14:36.9467023Z PASS sec_wpa_and_rsn_distinction
Host regression tests	Run host tests (plain + ASan/UBSan)	2026-09-24T12:14:36.9467351Z RUN  sec_unknown_suites_kept_unknown
Host regression tests	Run host tests (plain + ASan/UBSan)	2026-09-24T12:14:36.9467701Z PASS sec_unknown_suites_kept_unknown
Host regression tests	Run host tests (plain + ASan/UBSan)	2026-09-24T12:14:36.9468040Z RUN  sec_count_overflow_malformed
Host regression tests	Run host tests (plain + ASan/UBSan)	2026-09-24T12:14:36.9468373Z PASS sec_count_overflow_malformed
Host regression tests	Run host tests (plain + ASan/UBSan)	2026-09-24T12:14:36.9468748Z RUN  sec_bad_version_and_short_bodies
Host regression tests	Run host tests (plain + ASan/UBSan)	2026-09-24T12:14:36.9469110Z PASS sec_bad_version_and_short_bodies
Host regression tests	Run host tests (plain + ASan/UBSan)	2026-09-24T12:14:36.9469458Z RUN  sec_optional_tails
Host regression tests	Run host tests (plain + ASan/UBSan)	2026-09-24T12:14:36.9469795Z PASS sec_optional_tails
Host regression tests	Run host tests (plain + ASan/UBSan)	2026-09-24T12:14:36.9470093Z RUN  sec_long_beacon_cut_positions
Host regression tests	Run host tests (plain + ASan/UBSan)	2026-09-24T12:14:36.9470437Z PASS sec_long_beacon_cut_positions
Host regression tests	Run host tests (plain + ASan/UBSan)	2026-09-24T12:14:36.9470776Z RUN  sec_world_open_and_privacy
Host regression tests	Run host tests (plain + ASan/UBSan)	2026-09-24T12:14:36.9471108Z PASS sec_world_open_and_privacy
Host regression tests	Run host tests (plain + ASan/UBSan)	2026-09-24T12:14:36.9471467Z RUN  sec_world_valid_then_malformed_no_downgrade
Host regression tests	Run host tests (plain + ASan/UBSan)	2026-09-24T12:14:36.9471897Z PASS sec_world_valid_then_malformed_no_downgrade
Host regression tests	Run host tests (plain + ASan/UBSan)	2026-09-24T12:14:36.9472319Z RUN  sec_world_truncated_rsn_positive_evidence
Host regression tests	Run host tests (plain + ASan/UBSan)	2026-09-24T12:14:36.9472732Z PASS sec_world_truncated_rsn_positive_evidence
Host regression tests	Run host tests (plain + ASan/UBSan)	2026-09-24T12:14:36.9473122Z RUN  sec_world_security_names
Host regression tests	Run host tests (plain + ASan/UBSan)	2026-09-24T12:14:36.9473584Z PASS sec_world_security_names
Host regression tests	Run host tests (plain + ASan/UBSan)	2026-09-24T12:14:36.9473934Z RUN  sec_ie_commit_is_atomic_and_order_independent
Host regression tests	Run host tests (plain + ASan/UBSan)	2026-09-24T12:14:36.9474355Z PASS sec_ie_commit_is_atomic_and_order_independent
Host regression tests	Run host tests (plain + ASan/UBSan)	2026-09-24T12:14:36.9474833Z RUN  sec_world_partial_protocol_merge_preserves_other_protocol
Host regression tests	Run host tests (plain + ASan/UBSan)	2026-09-24T12:14:36.9475350Z PASS sec_world_partial_protocol_merge_preserves_other_protocol
Host regression tests	Run host tests (plain + ASan/UBSan)	2026-09-24T12:14:36.9475780Z 15/15 passed
Host regression tests	Run host tests (plain + ASan/UBSan)	2026-09-24T12:14:38.2112535Z RUN  mgmt_auth_request_vs_ap_response
Host regression tests	Run host tests (plain + ASan/UBSan)	2026-09-24T12:14:38.2113122Z PASS mgmt_auth_request_vs_ap_response
Host regression tests	Run host tests (plain + ASan/UBSan)	2026-09-24T12:14:38.2113751Z RUN  mgmt_auth_fixed_body_and_status
Host regression tests	Run host tests (plain + ASan/UBSan)	2026-09-24T12:14:38.2114257Z PASS mgmt_auth_fixed_body_and_status
Host regression tests	Run host tests (plain + ASan/UBSan)	2026-09-24T12:14:38.2114705Z RUN  mgmt_assoc_request_and_response
Host regression tests	Run host tests (plain + ASan/UBSan)	2026-09-24T12:14:38.2115607Z PASS mgmt_assoc_request_and_response
Host regression tests	Run host tests (plain + ASan/UBSan)	2026-09-24T12:14:38.2115968Z RUN  mgmt_invalid_or_ambiguous_rejected
Host regression tests	Run host tests (plain + ASan/UBSan)	2026-09-24T12:14:38.2116316Z PASS mgmt_invalid_or_ambiguous_rejected
Host regression tests	Run host tests (plain + ASan/UBSan)	2026-09-24T12:14:38.2116634Z 4/4 passed
Host regression tests	Run host tests (plain + ASan/UBSan)	2026-09-24T12:14:39.6708844Z RUN  eapol_plain_qos_order_direction
Host regression tests	Run host tests (plain + ASan/UBSan)	2026-09-24T12:14:39.6711208Z PASS eapol_plain_qos_order_direction
Host regression tests	Run host tests (plain + ASan/UBSan)	2026-09-24T12:14:39.6733867Z RUN  eapol_strict_llc_snap
Host regression tests	Run host tests (plain + ASan/UBSan)	2026-09-24T12:14:39.6744806Z PASS eapol_strict_llc_snap
Host regression tests	Run host tests (plain + ASan/UBSan)	2026-09-24T12:14:39.6745191Z RUN  eapol_null_protected
Host regression tests	Run host tests (plain + ASan/UBSan)	2026-09-24T12:14:39.6745474Z PASS eapol_null_protected
Host regression tests	Run host tests (plain + ASan/UBSan)	2026-09-24T12:14:39.6745995Z RUN  eapol_unsupported_layouts_fragments
Host regression tests	Run host tests (plain + ASan/UBSan)	2026-09-24T12:14:39.6746349Z PASS eapol_unsupported_layouts_fragments
Host regression tests	Run host tests (plain + ASan/UBSan)	2026-09-24T12:14:39.6746764Z RUN  eapol_versions_lengths_padding_short
Host regression tests	Run host tests (plain + ASan/UBSan)	2026-09-24T12:14:39.6747288Z PASS eapol_versions_lengths_padding_short
Host regression tests	Run host tests (plain + ASan/UBSan)	2026-09-24T12:14:39.6747764Z RUN  eapol_key_bounds_classification
Host regression tests	Run host tests (plain + ASan/UBSan)	2026-09-24T12:14:39.6748193Z PASS eapol_key_bounds_classification
Host regression tests	Run host tests (plain + ASan/UBSan)	2026-09-24T12:14:39.6748516Z RUN  eapol_capture_truncation
Host regression tests	Run host tests (plain + ASan/UBSan)	2026-09-24T12:14:39.6748713Z PASS eapol_capture_truncation
Host regression tests	Run host tests (plain + ASan/UBSan)	2026-09-24T12:14:39.6748903Z RUN  eapol_stats_semantics
Host regression tests	Run host tests (plain + ASan/UBSan)	2026-09-24T12:14:39.6749158Z PASS eapol_stats_semantics
Host regression tests	Run host tests (plain + ASan/UBSan)	2026-09-24T12:14:39.6749362Z 8/8 passed
Host regression tests	Run host tests (plain + ASan/UBSan)	2026-09-24T12:14:41.1398273Z RUN  pcap_global_header_golden
Host regression tests	Run host tests (plain + ASan/UBSan)	2026-09-24T12:14:41.1398872Z PASS pcap_global_header_golden
Host regression tests	Run host tests (plain + ASan/UBSan)	2026-09-24T12:14:41.1399267Z RUN  pcap_global_header_short_atomic
Host regression tests	Run host tests (plain + ASan/UBSan)	2026-09-24T12:14:41.1399705Z PASS pcap_global_header_short_atomic
Host regression tests	Run host tests (plain + ASan/UBSan)	2026-09-24T12:14:41.1400104Z RUN  pcap_channel_radiotap_golden
Host regression tests	Run host tests (plain + ASan/UBSan)	2026-09-24T12:14:41.1400531Z PASS pcap_channel_radiotap_golden
Host regression tests	Run host tests (plain + ASan/UBSan)	2026-09-24T12:14:41.1400912Z RUN  pcap_unknown_channel_omitted
Host regression tests	Run host tests (plain + ASan/UBSan)	2026-09-24T12:14:41.1401286Z PASS pcap_unknown_channel_omitted
Host regression tests	Run host tests (plain + ASan/UBSan)	2026-09-24T12:14:41.1401659Z RUN  pcap_timestamp_boundary_payload
Host regression tests	Run host tests (plain + ASan/UBSan)	2026-09-24T12:14:41.1402049Z PASS pcap_timestamp_boundary_payload
Host regression tests	Run host tests (plain + ASan/UBSan)	2026-09-24T12:14:41.1402447Z RUN  pcap_large_monotonic_and_range
Host regression tests	Run host tests (plain + ASan/UBSan)	2026-09-24T12:14:41.1402819Z PASS pcap_large_monotonic_and_range
Host regression tests	Run host tests (plain + ASan/UBSan)	2026-09-24T12:14:41.1403201Z RUN  pcap_timestamp_before_anchor_atomic
Host regression tests	Run host tests (plain + ASan/UBSan)	2026-09-24T12:14:41.1403732Z PASS pcap_timestamp_before_anchor_atomic
Host regression tests	Run host tests (plain + ASan/UBSan)	2026-09-24T12:14:41.1404114Z RUN  pcap_empty_short_mac
Host regression tests	Run host tests (plain + ASan/UBSan)	2026-09-24T12:14:41.1404461Z PASS pcap_empty_short_mac
Host regression tests	Run host tests (plain + ASan/UBSan)	2026-09-24T12:14:41.1404832Z RUN  pcap_invalid_and_contradictory_lengths
Host regression tests	Run host tests (plain + ASan/UBSan)	2026-09-24T12:14:41.1405254Z PASS pcap_invalid_and_contradictory_lengths
Host regression tests	Run host tests (plain + ASan/UBSan)	2026-09-24T12:14:41.1405654Z RUN  pcap_capacity_failure_atomic
Host regression tests	Run host tests (plain + ASan/UBSan)	2026-09-24T12:14:41.1406056Z PASS pcap_capacity_failure_atomic
Host regression tests	Run host tests (plain + ASan/UBSan)	2026-09-24T12:14:41.1406732Z RUN  pcap_fcs_and_capture_truncation
Host regression tests	Run host tests (plain + ASan/UBSan)	2026-09-24T12:14:41.1407288Z PASS pcap_fcs_and_capture_truncation
Host regression tests	Run host tests (plain + ASan/UBSan)	2026-09-24T12:14:41.1407782Z RUN  pcap_512_bound_max_record
Host regression tests	Run host tests (plain + ASan/UBSan)	2026-09-24T12:14:41.1408283Z PASS pcap_512_bound_max_record
Host regression tests	Run host tests (plain + ASan/UBSan)	2026-09-24T12:14:41.1408916Z RUN  pcap_reference_generate_synthetic
Host regression tests	Run host tests (plain + ASan/UBSan)	2026-09-24T12:14:41.1409339Z PASS pcap_reference_generate_synthetic
Host regression tests	Run host tests (plain + ASan/UBSan)	2026-09-24T12:14:41.1409677Z 13/13 passed
Host regression tests	Run host tests (plain + ASan/UBSan)	2026-09-24T12:14:42.6937392Z RUN  submit_copy_and_stop_sync
Host regression tests	Run host tests (plain + ASan/UBSan)	2026-09-24T12:14:42.6944379Z PASS submit_copy_and_stop_sync
Host regression tests	Run host tests (plain + ASan/UBSan)	2026-09-24T12:14:42.6944838Z RUN  queue_full_fifo_and_drain
Host regression tests	Run host tests (plain + ASan/UBSan)	2026-09-24T12:14:42.6945173Z PASS queue_full_fifo_and_drain
Host regression tests	Run host tests (plain + ASan/UBSan)	2026-09-24T12:14:42.6945535Z RUN  valid_mgmt_control_data
Host regression tests	Run host tests (plain + ASan/UBSan)	2026-09-24T12:14:42.6945856Z PASS valid_mgmt_control_data
Host regression tests	Run host tests (plain + ASan/UBSan)	2026-09-24T12:14:42.6946187Z RUN  slow_writer_not_producer_lock
Host regression tests	Run host tests (plain + ASan/UBSan)	2026-09-24T12:14:42.6951773Z PASS slow_writer_not_producer_lock
Host regression tests	Run host tests (plain + ASan/UBSan)	2026-09-24T12:14:42.6952217Z RUN  partial_write_offset
Host regression tests	Run host tests (plain + ASan/UBSan)	2026-09-24T12:14:42.6952521Z PASS partial_write_offset
Host regression tests	Run host tests (plain + ASan/UBSan)	2026-09-24T12:14:42.6952819Z RUN  partial_write_error_cleanup
Host regression tests	Run host tests (plain + ASan/UBSan)	2026-09-24T12:14:42.6953155Z PASS partial_write_error_cleanup
Host regression tests	Run host tests (plain + ASan/UBSan)	2026-09-24T12:14:42.6953577Z RUN  enospc_and_header_flush
Host regression tests	Run host tests (plain + ASan/UBSan)	2026-09-24T12:14:42.6953855Z PASS enospc_and_header_flush
Host regression tests	Run host tests (plain + ASan/UBSan)	2026-09-24T12:14:42.6954167Z RUN  filename_conflict_restart
Host regression tests	Run host tests (plain + ASan/UBSan)	2026-09-24T12:14:42.6954476Z PASS filename_conflict_restart
Host regression tests	Run host tests (plain + ASan/UBSan)	2026-09-24T12:14:42.6954780Z RUN  rotation_session_limit
Host regression tests	Run host tests (plain + ASan/UBSan)	2026-09-24T12:14:42.6955081Z PASS rotation_session_limit
Host regression tests	Run host tests (plain + ASan/UBSan)	2026-09-24T12:14:42.6955378Z RUN  age_rotation_filtering
Host regression tests	Run host tests (plain + ASan/UBSan)	2026-09-24T12:14:42.6955682Z PASS age_rotation_filtering
Host regression tests	Run host tests (plain + ASan/UBSan)	2026-09-24T12:14:42.6955984Z RUN  pre_session_rx_timestamp
Host regression tests	Run host tests (plain + ASan/UBSan)	2026-09-24T12:14:42.6956304Z PASS pre_session_rx_timestamp
Host regression tests	Run host tests (plain + ASan/UBSan)	2026-09-24T12:14:42.6963945Z RUN  open_close_error_recovery
Host regression tests	Run host tests (plain + ASan/UBSan)	2026-09-24T12:14:42.6964369Z PASS open_close_error_recovery
Host regression tests	Run host tests (plain + ASan/UBSan)	2026-09-24T12:14:42.6964832Z 12/12 passed
Host regression tests	Run host tests (plain + ASan/UBSan)	2026-09-24T12:14:42.6986007Z ALL HOST TESTS PASSED
Host regression tests	Install independent pcap reader	﻿2026-09-24T12:14:42.7026113Z ##[group]Run sudo apt-get update
Host regression tests	Install independent pcap reader	2026-09-24T12:14:42.7026505Z ^[[36;1msudo apt-get update^[[0m
Host regression tests	Install independent pcap reader	2026-09-24T12:14:42.7026991Z ^[[36;1msudo DEBIAN_FRONTEND=noninteractive apt-get install -y tshark^[[0m
Host regression tests	Install independent pcap reader	2026-09-24T12:14:42.7095724Z shell: /usr/bin/bash -e {0}
Host regression tests	Install independent pcap reader	2026-09-24T12:14:42.7095954Z ##[endgroup]
Host regression tests	Install independent pcap reader	2026-09-24T12:14:42.7755335Z Get:1 file:/etc/apt/apt-mirrors.txt Mirrorlist [144 B]
Host regression tests	Install independent pcap reader	2026-09-24T12:14:42.8002842Z Hit:2 http://azure.archive.ubuntu.com/ubuntu noble InRelease
Host regression tests	Install independent pcap reader	2026-09-24T12:14:42.8006908Z Get:6 https://packages.microsoft.com/ubuntu/24.04/prod noble InRelease [3600 B]
Host regression tests	Install independent pcap reader	2026-09-24T12:14:42.8020650Z Get:3 http://azure.archive.ubuntu.com/ubuntu noble-updates InRelease [126 kB]
Host regression tests	Install independent pcap reader	2026-09-24T12:14:42.8056221Z Get:4 http://azure.archive.ubuntu.com/ubuntu noble-backports InRelease [126 kB]
Host regression tests	Install independent pcap reader	2026-09-24T12:14:42.8064883Z Get:5 http://azure.archive.ubuntu.com/ubuntu noble-security InRelease [126 kB]
Host regression tests	Install independent pcap reader	2026-09-24T12:14:42.9024739Z Get:7 https://packages.microsoft.com/ubuntu/24.04/prod noble/main arm64 Packages [439 kB]
Host regression tests	Install independent pcap reader	2026-09-24T12:14:42.9187175Z Get:8 https://packages.microsoft.com/ubuntu/24.04/prod noble/main amd64 Packages [489 kB]
Host regression tests	Install independent pcap reader	2026-09-24T12:14:42.9422263Z Get:9 http://azure.archive.ubuntu.com/ubuntu noble-updates/main amd64 Packages [1308 kB]
Host regression tests	Install independent pcap reader	2026-09-24T12:14:42.9476159Z Get:10 http://azure.archive.ubuntu.com/ubuntu noble-updates/main Translation-en [298 kB]
Host regression tests	Install independent pcap reader	2026-09-24T12:14:42.9504438Z Get:11 http://azure.archive.ubuntu.com/ubuntu noble-updates/main amd64 Components [181 kB]
Host regression tests	Install independent pcap reader	2026-09-24T12:14:42.9505884Z Get:12 http://azure.archive.ubuntu.com/ubuntu noble-updates/universe amd64 Packages [1698 kB]
Host regression tests	Install independent pcap reader	2026-09-24T12:14:42.9567433Z Get:13 http://azure.archive.ubuntu.com/ubuntu noble-updates/universe Translation-en [340 kB]
Host regression tests	Install independent pcap reader	2026-09-24T12:14:42.9584503Z Get:14 http://azure.archive.ubuntu.com/ubuntu noble-updates/universe amd64 Components [388 kB]
Host regression tests	Install independent pcap reader	2026-09-24T12:14:42.9624611Z Get:15 http://azure.archive.ubuntu.com/ubuntu noble-updates/restricted amd64 Packages [1635 kB]
Host regression tests	Install independent pcap reader	2026-09-24T12:14:42.9667166Z Get:16 http://azure.archive.ubuntu.com/ubuntu noble-updates/restricted Translation-en [372 kB]
Host regression tests	Install independent pcap reader	2026-09-24T12:14:42.9684973Z Get:17 http://azure.archive.ubuntu.com/ubuntu noble-updates/multiverse amd64 Components [940 B]
Host regression tests	Install independent pcap reader	2026-09-24T12:14:42.9898549Z Get:18 http://azure.archive.ubuntu.com/ubuntu noble-backports/main amd64 Packages [40.6 kB]
Host regression tests	Install independent pcap reader	2026-09-24T12:14:43.0366379Z Get:19 http://azure.archive.ubuntu.com/ubuntu noble-backports/main amd64 Components [5740 B]
Host regression tests	Install independent pcap reader	2026-09-24T12:14:43.0370928Z Get:20 http://azure.archive.ubuntu.com/ubuntu noble-backports/universe amd64 Packages [31.0 kB]
Host regression tests	Install independent pcap reader	2026-09-24T12:14:43.0376608Z Get:21 http://azure.archive.ubuntu.com/ubuntu noble-backports/universe Translation-en [18.6 kB]
Host regression tests	Install independent pcap reader	2026-09-24T12:14:43.0381360Z Get:22 http://azure.archive.ubuntu.com/ubuntu noble-backports/universe amd64 Components [12.6 kB]
Host regression tests	Install independent pcap reader	2026-09-24T12:14:43.0386831Z Get:23 http://azure.archive.ubuntu.com/ubuntu noble-security/main amd64 Packages [1053 kB]
Host regression tests	Install independent pcap reader	2026-09-24T12:14:43.0429455Z Get:24 http://azure.archive.ubuntu.com/ubuntu noble-security/main Translation-en [219 kB]
Host regression tests	Install independent pcap reader	2026-09-24T12:14:43.0441502Z Get:25 http://azure.archive.ubuntu.com/ubuntu noble-security/main amd64 Components [46.4 kB]
Host regression tests	Install independent pcap reader	2026-09-24T12:14:43.0448811Z Get:26 http://azure.archive.ubuntu.com/ubuntu noble-security/universe amd64 Packages [1218 kB]
Host regression tests	Install independent pcap reader	2026-09-24T12:14:43.0497815Z Get:27 http://azure.archive.ubuntu.com/ubuntu noble-security/universe Translation-en [244 kB]
Host regression tests	Install independent pcap reader	2026-09-24T12:14:43.0510808Z Get:28 http://azure.archive.ubuntu.com/ubuntu noble-security/universe amd64 Components [76.4 kB]
Host regression tests	Install independent pcap reader	2026-09-24T12:14:43.0518787Z Get:29 http://azure.archive.ubuntu.com/ubuntu noble-security/restricted amd64 Packages [1535 kB]
Host regression tests	Install independent pcap reader	2026-09-24T12:14:43.0576006Z Get:30 http://azure.archive.ubuntu.com/ubuntu noble-security/restricted Translation-en [353 kB]
Host regression tests	Install independent pcap reader	2026-09-24T12:14:50.6747940Z Fetched 12.4 MB in 1s (11.3 MB/s)
Host regression tests	Install independent pcap reader	2026-09-24T12:14:51.2941137Z Reading package lists...
Host regression tests	Install independent pcap reader	2026-09-24T12:14:51.3203722Z Reading package lists...
Host regression tests	Install independent pcap reader	2026-09-24T12:14:51.4738027Z Building dependency tree...
Host regression tests	Install independent pcap reader	2026-09-24T12:14:51.4743977Z Reading state information...
Host regression tests	Install independent pcap reader	2026-09-24T12:14:51.5978943Z The following additional packages will be installed:
Host regression tests	Install independent pcap reader	2026-09-24T12:14:51.5980889Z   libbcg729-0 liblua5.2-0 libnghttp3-3 libopencore-amrnb0 libopus0 libsbc1
Host regression tests	Install independent pcap reader	2026-09-24T12:14:51.5981776Z   libsmi2t64 libspandsp2t64 libspeexdsp1 libssh-gcrypt-4 libwireshark-data
Host regression tests	Install independent pcap reader	2026-09-24T12:14:51.5983895Z   libwireshark17t64 libwiretap14t64 libwsutil15t64 wireshark-common
Host regression tests	Install independent pcap reader	2026-09-24T12:14:51.5988530Z Suggested packages:
Host regression tests	Install independent pcap reader	2026-09-24T12:14:51.5988923Z   opus-tools snmp-mibs-downloader geoipupdate geoip-database
Host regression tests	Install independent pcap reader	2026-09-24T12:14:51.5989552Z   geoip-database-extra libjs-leaflet libjs-leaflet.markercluster wireshark-doc
Host regression tests	Install independent pcap reader	2026-09-24T12:14:51.6254282Z The following NEW packages will be installed:
Host regression tests	Install independent pcap reader	2026-09-24T12:14:51.6255687Z   libbcg729-0 liblua5.2-0 libnghttp3-3 libopencore-amrnb0 libopus0 libsbc1
Host regression tests	Install independent pcap reader	2026-09-24T12:14:51.6256327Z   libsmi2t64 libspandsp2t64 libspeexdsp1 libssh-gcrypt-4 libwireshark-data
Host regression tests	Install independent pcap reader	2026-09-24T12:14:51.6257778Z   libwireshark17t64 libwiretap14t64 libwsutil15t64 tshark wireshark-common
Host regression tests	Install independent pcap reader	2026-09-24T12:14:51.6400168Z 0 upgraded, 16 newly installed, 0 to remove and 28 not upgraded.
Host regression tests	Install independent pcap reader	2026-09-24T12:14:51.6400685Z Need to get 26.5 MB of archives.
Host regression tests	Install independent pcap reader	2026-09-24T12:14:51.6400968Z After this operation, 138 MB of additional disk space will be used.
Host regression tests	Install independent pcap reader	2026-09-24T12:14:51.6401290Z Get:1 file:/etc/apt/apt-mirrors.txt Mirrorlist [144 B]
Host regression tests	Install independent pcap reader	2026-09-24T12:14:51.7013048Z Get:2 http://azure.archive.ubuntu.com/ubuntu noble/universe amd64 libbcg729-0 amd64 1.1.1-2build1 [35.3 kB]
Host regression tests	Install independent pcap reader	2026-09-24T12:14:51.7724518Z Get:3 http://azure.archive.ubuntu.com/ubuntu noble/universe amd64 liblua5.2-0 amd64 5.2.4-3build2 [123 kB]
Host regression tests	Install independent pcap reader	2026-09-24T12:14:51.8191376Z Get:4 http://azure.archive.ubuntu.com/ubuntu noble/universe amd64 libnghttp3-3 amd64 0.8.0-2 [59.0 kB]
Host regression tests	Install independent pcap reader	2026-09-24T12:14:51.8753030Z Get:5 http://azure.archive.ubuntu.com/ubuntu noble/universe amd64 libopencore-amrnb0 amd64 0.1.6-1build1 [98.2 kB]
Host regression tests	Install independent pcap reader	2026-09-24T12:14:51.9246242Z Get:6 http://azure.archive.ubuntu.com/ubuntu noble/main amd64 libopus0 amd64 1.4-1build1 [208 kB]
Host regression tests	Install independent pcap reader	2026-09-24T12:14:51.9719346Z Get:7 http://azure.archive.ubuntu.com/ubuntu noble/universe amd64 libsmi2t64 amd64 0.4.8+dfsg2-16.1build1 [112 kB]
Host regression tests	Install independent pcap reader	2026-09-24T12:14:52.0179754Z Get:8 http://azure.archive.ubuntu.com/ubuntu noble/universe amd64 libspandsp2t64 amd64 0.0.6+dfsg-2.1build1 [311 kB]
Host regression tests	Install independent pcap reader	2026-09-24T12:14:52.0646523Z Get:9 http://azure.archive.ubuntu.com/ubuntu noble/main amd64 libspeexdsp1 amd64 1.2.1-1ubuntu3 [43.1 kB]
Host regression tests	Install independent pcap reader	2026-09-24T12:14:52.1112092Z Get:10 http://azure.archive.ubuntu.com/ubuntu noble-updates/main amd64 libssh-gcrypt-4 amd64 0.10.6-2ubuntu0.5 [226 kB]
Host regression tests	Install independent pcap reader	2026-09-24T12:14:52.1572927Z Get:11 http://azure.archive.ubuntu.com/ubuntu noble/universe amd64 libwireshark-data all 4.2.2-1.1build3 [454 kB]
Host regression tests	Install independent pcap reader	2026-09-24T12:14:52.2054382Z Get:12 http://azure.archive.ubuntu.com/ubuntu noble/main amd64 libsbc1 amd64 2.0-1build1 [33.9 kB]
Host regression tests	Install independent pcap reader	2026-09-24T12:14:52.2507884Z Get:13 http://azure.archive.ubuntu.com/ubuntu noble/universe amd64 libwsutil15t64 amd64 4.2.2-1.1build3 [121 kB]
Host regression tests	Install independent pcap reader	2026-09-24T12:14:52.2965198Z Get:14 http://azure.archive.ubuntu.com/ubuntu noble/universe amd64 libwiretap14t64 amd64 4.2.2-1.1build3 [259 kB]
Host regression tests	Install independent pcap reader	2026-09-24T12:14:52.3441643Z Get:15 http://azure.archive.ubuntu.com/ubuntu noble/universe amd64 libwireshark17t64 amd64 4.2.2-1.1build3 [23.7 MB]
Host regression tests	Install independent pcap reader	2026-09-24T12:14:52.7676448Z Get:16 http://azure.archive.ubuntu.com/ubuntu noble/universe amd64 wireshark-common amd64 4.2.2-1.1build3 [587 kB]
Host regression tests	Install independent pcap reader	2026-09-24T12:14:52.8837053Z Get:17 http://azure.archive.ubuntu.com/ubuntu noble/universe amd64 tshark amd64 4.2.2-1.1build3 [158 kB]
Host regression tests	Install independent pcap reader	2026-09-24T12:14:53.0651509Z Preconfiguring packages ...
Host regression tests	Install independent pcap reader	2026-09-24T12:14:53.1258190Z Fetched 26.5 MB in 1s (21.1 MB/s)
Host regression tests	Install independent pcap reader	2026-09-24T12:14:53.1431548Z Selecting previously unselected package libbcg729-0:amd64.
Host regression tests	Install independent pcap reader	2026-09-24T12:14:53.1615358Z (Reading database ... 
Host regression tests	Install independent pcap reader	2026-09-24T12:14:53.1624430Z (Reading database ... 5%
Host regression tests	Install independent pcap reader	2026-09-24T12:14:53.1624779Z (Reading database ... 10%
Host regression tests	Install independent pcap reader	2026-09-24T12:14:53.1625088Z (Reading database ... 15%
Host regression tests	Install independent pcap reader	2026-09-24T12:14:53.1625383Z (Reading database ... 20%
Host regression tests	Install independent pcap reader	2026-09-24T12:14:53.1625923Z (Reading database ... 25%
Host regression tests	Install independent pcap reader	2026-09-24T12:14:53.1626206Z (Reading database ... 30%
Host regression tests	Install independent pcap reader	2026-09-24T12:14:53.1626694Z (Reading database ... 35%
Host regression tests	Install independent pcap reader	2026-09-24T12:14:53.1627003Z (Reading database ... 40%
Host regression tests	Install independent pcap reader	2026-09-24T12:14:53.1627320Z (Reading database ... 45%
Host regression tests	Install independent pcap reader	2026-09-24T12:14:53.1627612Z (Reading database ... 50%
Host regression tests	Install independent pcap reader	2026-09-24T12:14:53.1664083Z (Reading database ... 55%
Host regression tests	Install independent pcap reader	2026-09-24T12:14:53.2433576Z (Reading database ... 60%
Host regression tests	Install independent pcap reader	2026-09-24T12:14:53.4498169Z (Reading database ... 65%
Host regression tests	Install independent pcap reader	2026-09-24T12:14:53.6561463Z (Reading database ... 70%
Host regression tests	Install independent pcap reader	2026-09-24T12:14:53.8044019Z (Reading database ... 75%
Host regression tests	Install independent pcap reader	2026-09-24T12:14:53.9554656Z (Reading database ... 80%
Host regression tests	Install independent pcap reader	2026-09-24T12:14:54.0593824Z (Reading database ... 85%
Host regression tests	Install independent pcap reader	2026-09-24T12:14:54.1544014Z (Reading database ... 90%
Host regression tests	Install independent pcap reader	2026-09-24T12:14:54.2653470Z (Reading database ... 95%
Host regression tests	Install independent pcap reader	2026-09-24T12:14:54.2653877Z (Reading database ... 100%
Host regression tests	Install independent pcap reader	2026-09-24T12:14:54.2654194Z (Reading database ... 202190 files and directories currently installed.)
Host regression tests	Install independent pcap reader	2026-09-24T12:14:54.2693454Z Preparing to unpack .../00-libbcg729-0_1.1.1-2build1_amd64.deb ...
Host regression tests	Install independent pcap reader	2026-09-24T12:14:54.2806332Z Unpacking libbcg729-0:amd64 (1.1.1-2build1) ...
Host regression tests	Install independent pcap reader	2026-09-24T12:14:54.2991893Z Selecting previously unselected package liblua5.2-0:amd64.
Host regression tests	Install independent pcap reader	2026-09-24T12:14:54.3094695Z Preparing to unpack .../01-liblua5.2-0_5.2.4-3build2_amd64.deb ...
Host regression tests	Install independent pcap reader	2026-09-24T12:14:54.3101870Z Unpacking liblua5.2-0:amd64 (5.2.4-3build2) ...
Host regression tests	Install independent pcap reader	2026-09-24T12:14:54.3282900Z Selecting previously unselected package libnghttp3-3:amd64.
Host regression tests	Install independent pcap reader	2026-09-24T12:14:54.3382434Z Preparing to unpack .../02-libnghttp3-3_0.8.0-2_amd64.deb ...
Host regression tests	Install independent pcap reader	2026-09-24T12:14:54.3389499Z Unpacking libnghttp3-3:amd64 (0.8.0-2) ...
Host regression tests	Install independent pcap reader	2026-09-24T12:14:54.3553437Z Selecting previously unselected package libopencore-amrnb0:amd64.
Host regression tests	Install independent pcap reader	2026-09-24T12:14:54.3654602Z Preparing to unpack .../03-libopencore-amrnb0_0.1.6-1build1_amd64.deb ...
Host regression tests	Install independent pcap reader	2026-09-24T12:14:54.3661059Z Unpacking libopencore-amrnb0:amd64 (0.1.6-1build1) ...
Host regression tests	Install independent pcap reader	2026-09-24T12:14:54.3837930Z Selecting previously unselected package libopus0:amd64.
Host regression tests	Install independent pcap reader	2026-09-24T12:14:54.3939745Z Preparing to unpack .../04-libopus0_1.4-1build1_amd64.deb ...
Host regression tests	Install independent pcap reader	2026-09-24T12:14:54.3946638Z Unpacking libopus0:amd64 (1.4-1build1) ...
Host regression tests	Install independent pcap reader	2026-09-24T12:14:54.4140301Z Selecting previously unselected package libsmi2t64:amd64.
Host regression tests	Install independent pcap reader	2026-09-24T12:14:54.4244386Z Preparing to unpack .../05-libsmi2t64_0.4.8+dfsg2-16.1build1_amd64.deb ...
Host regression tests	Install independent pcap reader	2026-09-24T12:14:54.4251553Z Unpacking libsmi2t64:amd64 (0.4.8+dfsg2-16.1build1) ...
Host regression tests	Install independent pcap reader	2026-09-24T12:14:54.4473219Z Selecting previously unselected package libspandsp2t64:amd64.
Host regression tests	Install independent pcap reader	2026-09-24T12:14:54.4576595Z Preparing to unpack .../06-libspandsp2t64_0.0.6+dfsg-2.1build1_amd64.deb ...
Host regression tests	Install independent pcap reader	2026-09-24T12:14:54.4716188Z Unpacking libspandsp2t64:amd64 (0.0.6+dfsg-2.1build1) ...
Host regression tests	Install independent pcap reader	2026-09-24T12:14:54.4943487Z Selecting previously unselected package libspeexdsp1:amd64.
Host regression tests	Install independent pcap reader	2026-09-24T12:14:54.5049450Z Preparing to unpack .../07-libspeexdsp1_1.2.1-1ubuntu3_amd64.deb ...
Host regression tests	Install independent pcap reader	2026-09-24T12:14:54.5056455Z Unpacking libspeexdsp1:amd64 (1.2.1-1ubuntu3) ...
Host regression tests	Install independent pcap reader	2026-09-24T12:14:54.5222978Z Selecting previously unselected package libssh-gcrypt-4:amd64.
Host regression tests	Install independent pcap reader	2026-09-24T12:14:54.5327791Z Preparing to unpack .../08-libssh-gcrypt-4_0.10.6-2ubuntu0.5_amd64.deb ...
Host regression tests	Install independent pcap reader	2026-09-24T12:14:54.5334418Z Unpacking libssh-gcrypt-4:amd64 (0.10.6-2ubuntu0.5) ...
Host regression tests	Install independent pcap reader	2026-09-24T12:14:54.5545009Z Selecting previously unselected package libwireshark-data.
Host regression tests	Install independent pcap reader	2026-09-24T12:14:54.5647066Z Preparing to unpack .../09-libwireshark-data_4.2.2-1.1build3_all.deb ...
Host regression tests	Install independent pcap reader	2026-09-24T12:14:54.5700743Z Unpacking libwireshark-data (4.2.2-1.1build3) ...
Host regression tests	Install independent pcap reader	2026-09-24T12:14:54.6299315Z Selecting previously unselected package libsbc1:amd64.
Host regression tests	Install independent pcap reader	2026-09-24T12:14:54.6407591Z Preparing to unpack .../10-libsbc1_2.0-1build1_amd64.deb ...
Host regression tests	Install independent pcap reader	2026-09-24T12:14:54.6414846Z Unpacking libsbc1:amd64 (2.0-1build1) ...
Host regression tests	Install independent pcap reader	2026-09-24T12:14:54.6582896Z Selecting previously unselected package libwsutil15t64:amd64.
Host regression tests	Install independent pcap reader	2026-09-24T12:14:54.6693732Z Preparing to unpack .../11-libwsutil15t64_4.2.2-1.1build3_amd64.deb ...
Host regression tests	Install independent pcap reader	2026-09-24T12:14:54.6701449Z Unpacking libwsutil15t64:amd64 (4.2.2-1.1build3) ...
Host regression tests	Install independent pcap reader	2026-09-24T12:14:54.7103211Z Selecting previously unselected package libwiretap14t64:amd64.
Host regression tests	Install independent pcap reader	2026-09-24T12:14:54.7210833Z Preparing to unpack .../12-libwiretap14t64_4.2.2-1.1build3_amd64.deb ...
Host regression tests	Install independent pcap reader	2026-09-24T12:14:54.7217758Z Unpacking libwiretap14t64:amd64 (4.2.2-1.1build3) ...
Host regression tests	Install independent pcap reader	2026-09-24T12:14:54.7439669Z Selecting previously unselected package libwireshark17t64:amd64.
Host regression tests	Install independent pcap reader	2026-09-24T12:14:54.7541236Z Preparing to unpack .../13-libwireshark17t64_4.2.2-1.1build3_amd64.deb ...
Host regression tests	Install independent pcap reader	2026-09-24T12:14:54.7549101Z Unpacking libwireshark17t64:amd64 (4.2.2-1.1build3) ...
Host regression tests	Install independent pcap reader	2026-09-24T12:14:55.7179992Z Selecting previously unselected package wireshark-common.
Host regression tests	Install independent pcap reader	2026-09-24T12:14:55.7288869Z Preparing to unpack .../14-wireshark-common_4.2.2-1.1build3_amd64.deb ...
Host regression tests	Install independent pcap reader	2026-09-24T12:14:55.7295970Z Unpacking wireshark-common (4.2.2-1.1build3) ...
Host regression tests	Install independent pcap reader	2026-09-24T12:14:55.7738441Z Selecting previously unselected package tshark.
Host regression tests	Install independent pcap reader	2026-09-24T12:14:55.7844238Z Preparing to unpack .../15-tshark_4.2.2-1.1build3_amd64.deb ...
Host regression tests	Install independent pcap reader	2026-09-24T12:14:55.7850735Z Unpacking tshark (4.2.2-1.1build3) ...
Host regression tests	Install independent pcap reader	2026-09-24T12:14:55.8282837Z Setting up libssh-gcrypt-4:amd64 (0.10.6-2ubuntu0.5) ...
Host regression tests	Install independent pcap reader	2026-09-24T12:14:55.8303889Z Setting up libnghttp3-3:amd64 (0.8.0-2) ...
Host regression tests	Install independent pcap reader	2026-09-24T12:14:55.8320882Z Setting up libsbc1:amd64 (2.0-1build1) ...
Host regression tests	Install independent pcap reader	2026-09-24T12:14:55.8336699Z Setting up libsmi2t64:amd64 (0.4.8+dfsg2-16.1build1) ...
Host regression tests	Install independent pcap reader	2026-09-24T12:14:55.8360675Z Setting up libbcg729-0:amd64 (1.1.1-2build1) ...
Host regression tests	Install independent pcap reader	2026-09-24T12:14:55.8377033Z Setting up libopus0:amd64 (1.4-1build1) ...
Host regression tests	Install independent pcap reader	2026-09-24T12:14:55.8393106Z Setting up libspandsp2t64:amd64 (0.0.6+dfsg-2.1build1) ...
Host regression tests	Install independent pcap reader	2026-09-24T12:14:55.8413394Z Setting up libwireshark-data (4.2.2-1.1build3) ...
Host regression tests	Install independent pcap reader	2026-09-24T12:14:55.8466057Z Setting up liblua5.2-0:amd64 (5.2.4-3build2) ...
Host regression tests	Install independent pcap reader	2026-09-24T12:14:55.8482051Z Setting up libspeexdsp1:amd64 (1.2.1-1ubuntu3) ...
Host regression tests	Install independent pcap reader	2026-09-24T12:14:55.8714696Z Setting up libopencore-amrnb0:amd64 (0.1.6-1build1) ...
Host regression tests	Install independent pcap reader	2026-09-24T12:14:55.8731923Z Setting up libwsutil15t64:amd64 (4.2.2-1.1build3) ...
Host regression tests	Install independent pcap reader	2026-09-24T12:14:55.8749686Z Setting up libwiretap14t64:amd64 (4.2.2-1.1build3) ...
Host regression tests	Install independent pcap reader	2026-09-24T12:14:55.8766332Z Setting up libwireshark17t64:amd64 (4.2.2-1.1build3) ...
Host regression tests	Install independent pcap reader	2026-09-24T12:14:55.8782045Z Setting up wireshark-common (4.2.2-1.1build3) ...
Host regression tests	Install independent pcap reader	2026-09-24T12:14:55.9761453Z Setting up tshark (4.2.2-1.1build3) ...
Host regression tests	Install independent pcap reader	2026-09-24T12:14:55.9782515Z Processing triggers for hicolor-icon-theme (0.17-2) ...
Host regression tests	Install independent pcap reader	2026-09-24T12:14:56.0263129Z Processing triggers for libc-bin (2.39-0ubuntu8.9) ...
Host regression tests	Install independent pcap reader	2026-09-24T12:14:56.1720925Z Processing triggers for man-db (2.12.0-4build2) ...
Host regression tests	Install independent pcap reader	2026-09-24T12:14:56.1738401Z Not building database; man-db/auto-update is not 'true'.
Host regression tests	Install independent pcap reader	2026-09-24T12:14:56.1746985Z Processing triggers for shared-mime-info (2.4-4) ...
Host regression tests	Install independent pcap reader	2026-09-24T12:14:57.4756291Z 
Host regression tests	Install independent pcap reader	2026-09-24T12:14:57.4756794Z Running kernel seems to be up-to-date.
Host regression tests	Install independent pcap reader	2026-09-24T12:14:57.4757101Z 
Host regression tests	Install independent pcap reader	2026-09-24T12:14:57.4757214Z No services need to be restarted.
Host regression tests	Install independent pcap reader	2026-09-24T12:14:57.4757422Z 
Host regression tests	Install independent pcap reader	2026-09-24T12:14:57.4757543Z No containers need to be restarted.
Host regression tests	Install independent pcap reader	2026-09-24T12:14:57.4757782Z 
Host regression tests	Install independent pcap reader	2026-09-24T12:14:57.4757927Z No user sessions are running outdated binaries.
Host regression tests	Install independent pcap reader	2026-09-24T12:14:57.4758171Z 
Host regression tests	Install independent pcap reader	2026-09-24T12:14:57.4758419Z No VM guests are running outdated hypervisor (qemu) binaries on this host.
Host regression tests	Validate reference capture with TShark	﻿2026-09-24T12:14:58.2411872Z ##[group]Run python3 tests/host/validate_reference_pcap.py tests/host/build/reference.pcap
Host regression tests	Validate reference capture with TShark	2026-09-24T12:14:58.2412431Z ^[[36;1mpython3 tests/host/validate_reference_pcap.py tests/host/build/reference.pcap^[[0m
Host regression tests	Validate reference capture with TShark	2026-09-24T12:14:58.2467900Z shell: /usr/bin/bash -e {0}
Host regression tests	Validate reference capture with TShark	2026-09-24T12:14:58.2468119Z ##[endgroup]
Host regression tests	Validate reference capture with TShark	2026-09-24T12:14:58.5902732Z TShark (Wireshark) 4.2.2 (Git v4.2.2 packaged as 4.2.2-1.1build3).
Host regression tests	Validate reference capture with TShark	2026-09-24T12:14:58.5903087Z == capinfos ==
Host regression tests	Validate reference capture with TShark	2026-09-24T12:14:58.5903473Z File name:           tests/host/build/reference.pcap
Host regression tests	Validate reference capture with TShark	2026-09-24T12:14:58.5903748Z Packet size limit:   file hdr: 527 bytes
Host regression tests	Validate reference capture with TShark	2026-09-24T12:14:58.5903999Z Packet size limit:   inferred: 63 bytes
Host regression tests	Validate reference capture with TShark	2026-09-24T12:14:58.5904226Z Number of packets:   11
Host regression tests	Validate reference capture with TShark	2026-09-24T12:14:58.5904427Z File size:           810 bytes
Host regression tests	Validate reference capture with TShark	2026-09-24T12:14:58.5904644Z == TShark fields (tab-separated) ==
Host regression tests	Validate reference capture with TShark	2026-09-24T12:14:58.5905117Z frame.number	frame.cap_len	frame.len	frame.time_epoch	radiotap.channel.freq	radiotap.dbm_antsignal	wlan.sa	wlan.da	eapol.type
Host regression tests	Validate reference capture with TShark	2026-09-24T12:14:58.5906020Z 1	60	60	1700000000.999900000	2412	-42	02:11:22:33:44:55	ff:ff:ff:ff:ff:ff	
Host regression tests	Validate reference capture with TShark	2026-09-24T12:14:58.5906548Z 2	41	41	1700000000.999950000	2437	-65	02:aa:bb:cc:dd:01	ff:ff:ff:ff:ff:ff	
Host regression tests	Validate reference capture with TShark	2026-09-24T12:14:58.5907011Z 3	47	47	1700000001.000100000	2462	-47	02:aa:bb:cc:dd:01	02:11:22:33:44:55	
Host regression tests	Validate reference capture with TShark	2026-09-24T12:14:58.5907466Z 4	44	44	1700000001.001000000		-55	02:aa:bb:cc:dd:01	02:11:22:33:44:55	
Host regression tests	Validate reference capture with TShark	2026-09-24T12:14:58.5907955Z 5	39	39	1700000001.002000000	2484	-78	02:aa:bb:cc:dd:01	02:11:22:33:44:55	
Host regression tests	Validate reference capture with TShark	2026-09-24T12:14:58.5908435Z 6	41	41	1700000001.003000000	2412	-83	02:aa:bb:cc:dd:01	02:11:22:33:44:55	
Host regression tests	Validate reference capture with TShark	2026-09-24T12:14:58.5908847Z 7	25	25	1700000001.999900000	2437	-90			
Host regression tests	Validate reference capture with TShark	2026-09-24T12:14:58.5909251Z 8	56	56	1700000002.000000000	2437	-42	02:aa:bb:cc:dd:01	02:11:22:33:44:55	0
Host regression tests	Validate reference capture with TShark	2026-09-24T12:14:58.5909771Z 9	146	146	1700000002.099900000	2462	-37	02:11:22:33:44:55	02:aa:bb:cc:dd:01	3
Host regression tests	Validate reference capture with TShark	2026-09-24T12:14:58.5910306Z 10	63	146	1700000002.199900000	2484	-60	02:11:22:33:44:55	02:aa:bb:cc:dd:01	3
Host regression tests	Validate reference capture with TShark	2026-09-24T12:14:58.5910813Z 11	48	48	1700000002.234467000		-80	ff:ff:ff:ff:ff:ff	02:11:22:33:44:55
Host regression tests	Validate reference capture with TShark	2026-09-24T12:14:58.5911396Z PASS: generated PCAP matches committed reference.pcap (810 bytes)
Host regression tests	Validate reference capture with TShark	2026-09-24T12:14:58.5911829Z PASS: 11 frame rows match expected.tsv
Host regression tests	Validate reference capture with TShark	2026-09-24T12:14:58.5912145Z == malformed diagnostic frame numbers ==
Host regression tests	Validate reference capture with TShark	2026-09-24T12:14:58.5912451Z (none)
Host regression tests	Validate reference capture with TShark	2026-09-24T12:14:58.5912797Z PASS: only the intentionally capture-truncated frame may be malformed
Host regression tests	Validate SD logger state-machine capture with TShark	﻿2026-09-24T12:14:58.5981878Z ##[group]Run python3 tests/host/validate_phase3c_capture.py tests/host/build/phase3c_logger_sample.pcap
Host regression tests	Validate SD logger state-machine capture with TShark	2026-09-24T12:14:58.5982467Z ^[[36;1mpython3 tests/host/validate_phase3c_capture.py tests/host/build/phase3c_logger_sample.pcap^[[0m
Host regression tests	Validate SD logger state-machine capture with TShark	2026-09-24T12:14:58.6038699Z shell: /usr/bin/bash -e {0}
Host regression tests	Validate SD logger state-machine capture with TShark	2026-09-24T12:14:58.6038926Z ##[endgroup]
Host regression tests	Validate SD logger state-machine capture with TShark	2026-09-24T12:14:58.9554214Z TShark (Wireshark) 4.2.2 (Git v4.2.2 packaged as 4.2.2-1.1build3).
Host regression tests	Validate SD logger state-machine capture with TShark	2026-09-24T12:14:58.9554759Z == capinfos ==
Host regression tests	Validate SD logger state-machine capture with TShark	2026-09-24T12:14:58.9555098Z File name:           tests/host/build/phase3c_logger_sample.pcap
Host regression tests	Validate SD logger state-machine capture with TShark	2026-09-24T12:14:58.9555528Z Packet size limit:   file hdr: 527 bytes
Host regression tests	Validate SD logger state-machine capture with TShark	2026-09-24T12:14:58.9555872Z Packet size limit:   inferred: 527 bytes
Host regression tests	Validate SD logger state-machine capture with TShark	2026-09-24T12:14:58.9556198Z Number of packets:   1
Host regression tests	Validate SD logger state-machine capture with TShark	2026-09-24T12:14:58.9556476Z File size:           567 bytes
Host regression tests	Validate SD logger state-machine capture with TShark	2026-09-24T12:14:58.9556759Z == TShark fields ==
Host regression tests	Validate SD logger state-machine capture with TShark	2026-09-24T12:14:58.9557251Z frame.number	frame.cap_len	frame.len	frame.time_epoch	radiotap.channel.freq	radiotap.dbm_antsignal	wlan.sa	wlan.da	eapol.type
Host regression tests	Validate SD logger state-machine capture with TShark	2026-09-24T12:14:58.9557829Z 1	527	1035	0.000100000	2437	-47	02:aa:bb:cc:dd:ee	00:11:22:33:44:55	1
Host regression tests	Validate SD logger state-machine capture with TShark	2026-09-24T12:14:58.9558194Z PASS: frame lengths, timestamp, channel, RSSI, addresses and EAPOL type match
Host regression tests	Validate SD logger state-machine capture with TShark	2026-09-24T12:14:58.9558503Z == malformed diagnostics ==
Host regression tests	Validate SD logger state-machine capture with TShark	2026-09-24T12:14:58.9558690Z (none)
Host regression tests	Validate SD logger state-machine capture with TShark	2026-09-24T12:14:58.9558898Z PASS: sidecar reports accepted=serialized=written=flushed=1
Host regression tests	Upload synthetic reference capture	﻿2026-09-24T12:14:58.9668340Z ##[group]Run actions/upload-artifact@v4
Host regression tests	Upload synthetic reference capture	2026-09-24T12:14:58.9668598Z with:
Host regression tests	Upload synthetic reference capture	2026-09-24T12:14:58.9668830Z   name: reference-pcap-8835e59c7887b87f68eb694841548626e68d2671
Host regression tests	Upload synthetic reference capture	2026-09-24T12:14:58.9669380Z   path: tests/host/build/reference.pcap
Host regression tests	Upload synthetic reference capture	tests/host/build/phase3c_logger_sample.pcap
Host regression tests	Upload synthetic reference capture	tests/host/build/phase3c_logger_sample.summary.txt
Host regression tests	Upload synthetic reference capture	
Host regression tests	Upload synthetic reference capture	2026-09-24T12:14:58.9669847Z   if-no-files-found: error
Host regression tests	Upload synthetic reference capture	2026-09-24T12:14:58.9670045Z   compression-level: 6
Host regression tests	Upload synthetic reference capture	2026-09-24T12:14:58.9670226Z   overwrite: false
Host regression tests	Upload synthetic reference capture	2026-09-24T12:14:58.9670408Z   include-hidden-files: false
Host regression tests	Upload synthetic reference capture	2026-09-24T12:14:58.9670606Z ##[endgroup]
Host regression tests	Upload synthetic reference capture	2026-09-24T12:14:59.0990311Z (node:3352) [DEP0040] DeprecationWarning: The `punycode` module is deprecated. Please use a userland alternative instead.
Host regression tests	Upload synthetic reference capture	2026-09-24T12:14:59.0991015Z (Use `node --trace-deprecation ...` to show where the warning was created)
Host regression tests	Upload synthetic reference capture	2026-09-24T12:14:59.1038565Z Multiple search paths detected. Calculating the least common ancestor of all paths
Host regression tests	Upload synthetic reference capture	2026-09-24T12:14:59.1041185Z The least common ancestor is /home/runner/work/esp32c6-Pwnagotchi/esp32c6-Pwnagotchi/tests/host/build. This will be the root directory of the artifact
Host regression tests	Upload synthetic reference capture	2026-09-24T12:14:59.1042648Z With the provided path, there will be 3 files uploaded
Host regression tests	Upload synthetic reference capture	2026-09-24T12:14:59.1045697Z Artifact name is valid!
Host regression tests	Upload synthetic reference capture	2026-09-24T12:14:59.1047755Z Root directory input is valid!
Host regression tests	Upload synthetic reference capture	2026-09-24T12:14:59.4299060Z Beginning upload of artifact content to blob storage
Host regression tests	Upload synthetic reference capture	2026-09-24T12:14:59.4456865Z (node:3352) [DEP0169] DeprecationWarning: `url.parse()` behavior is not standardized and prone to errors that have security implications. Use the WHATWG URL API instead. CVEs are not issued for `url.parse()` vulnerabilities.
Host regression tests	Upload synthetic reference capture	2026-09-24T12:14:59.6651985Z Uploaded bytes 1241
Host regression tests	Upload synthetic reference capture	2026-09-24T12:14:59.7279188Z Finished uploading artifact content to blob storage!
Host regression tests	Upload synthetic reference capture	2026-09-24T12:14:59.7279989Z SHA256 digest of uploaded artifact zip is 32e3591c8940bac2298b3159bbb4d6a070b5e3d6fc9e7440800bd23ef17845b6
Host regression tests	Upload synthetic reference capture	2026-09-24T12:14:59.7280914Z Finalizing artifact upload
Host regression tests	Upload synthetic reference capture	2026-09-24T12:15:00.0018847Z Artifact reference-pcap-8835e59c7887b87f68eb694841548626e68d2671.zip successfully finalized. Artifact ID 10806079198
Host regression tests	Upload synthetic reference capture	2026-09-24T12:15:00.0019734Z Artifact reference-pcap-8835e59c7887b87f68eb694841548626e68d2671 has been successfully uploaded! Final size is 1241 bytes. Artifact ID is 10806079198
Host regression tests	Upload synthetic reference capture	2026-09-24T12:15:00.0025055Z Artifact download URL: https://github.com/yuanwil1y/esp32c6-Pwnagotchi/actions/runs/35997776604/artifacts/10806079198
Host regression tests	Post Checkout	﻿2026-09-24T12:15:00.0197729Z Post job cleanup.
Host regression tests	Post Checkout	2026-09-24T12:15:00.0861139Z [command]/usr/bin/git version
Host regression tests	Post Checkout	2026-09-24T12:15:00.0894714Z git version 2.55.0
Host regression tests	Post Checkout	2026-09-24T12:15:00.0922802Z Temporarily overriding HOME='/home/runner/work/_temp/2f972ac3-270a-424a-82d4-53bf4c90c3e9' before making global git config changes
Host regression tests	Post Checkout	2026-09-24T12:15:00.0923915Z Adding repository directory to the temporary git global config as a safe directory
Host regression tests	Post Checkout	2026-09-24T12:15:00.0926987Z [command]/usr/bin/git config --global --add safe.directory /home/runner/work/esp32c6-Pwnagotchi/esp32c6-Pwnagotchi
Host regression tests	Post Checkout	2026-09-24T12:15:00.0958462Z [command]/usr/bin/git config --local --name-only --get-regexp core\.sshCommand
Host regression tests	Post Checkout	2026-09-24T12:15:00.0987574Z [command]/usr/bin/git submodule foreach --recursive sh -c "git config --local --name-only --get-regexp 'core\.sshCommand' && git config --local --unset-all 'core.sshCommand' || :"
Host regression tests	Post Checkout	2026-09-24T12:15:00.1198225Z [command]/usr/bin/git config --local --name-only --get-regexp http\.https\:\/\/github\.com\/\.extraheader
Host regression tests	Post Checkout	2026-09-24T12:15:00.1220522Z http.https://github.com/.extraheader
Host regression tests	Post Checkout	2026-09-24T12:15:00.1229636Z [command]/usr/bin/git config --local --unset-all http.https://github.com/.extraheader
Host regression tests	Post Checkout	2026-09-24T12:15:00.1259071Z [command]/usr/bin/git submodule foreach --recursive sh -c "git config --local --name-only --get-regexp 'http\.https\:\/\/github\.com\/\.extraheader' && git config --local --unset-all 'http.https://github.com/.extraheader' || :"
Host regression tests	Post Checkout	2026-09-24T12:15:00.1466887Z [command]/usr/bin/git config --local --name-only --get-regexp ^includeIf\.gitdir:
Host regression tests	Post Checkout	2026-09-24T12:15:00.1497819Z [command]/usr/bin/git submodule foreach --recursive git config --local --show-origin --name-only --get-regexp remote.origin.url
Host regression tests	Complete job	﻿2026-09-24T12:15:00.1812393Z Cleaning up orphan processes
Host regression tests	Complete job	2026-09-24T12:15:00.2073113Z ##[warning]Node.js 20 is deprecated. The following actions target Node.js 20 but are being forced to run on Node.js 24: actions/checkout@v4, actions/upload-artifact@v4. For more information see: https://github.blog/changelog/2025-09-19-deprecation-of-node-20-on-github-actions-runners/
