build	Set up job	﻿2026-09-24T12:14:12.0691271Z Current runner version: '2.337.0'
build	Set up job	2026-09-24T12:14:12.0709993Z ##[group]Runner Image Provisioner
build	Set up job	2026-09-24T12:14:12.0710688Z Hosted Compute Agent
build	Set up job	2026-09-24T12:14:12.0711065Z Version: 20260828.587
build	Set up job	2026-09-24T12:14:12.0711479Z Commit: abac92662cab4cc7352de4f9f9d2e2419aad9c29
build	Set up job	2026-09-24T12:14:12.0711961Z Build Date: 2026-08-28T16:44:25Z
build	Set up job	2026-09-24T12:14:12.0712373Z Worker ID: {f90e685d-64f2-4222-8600-8d22612bb763}
build	Set up job	2026-09-24T12:14:12.0712831Z Azure Region: westus3
build	Set up job	2026-09-24T12:14:12.0713452Z ##[endgroup]
build	Set up job	2026-09-24T12:14:12.0714268Z ##[group]Operating System
build	Set up job	2026-09-24T12:14:12.0714693Z Ubuntu
build	Set up job	2026-09-24T12:14:12.0715047Z 24.04.5
build	Set up job	2026-09-24T12:14:12.0715426Z LTS
build	Set up job	2026-09-24T12:14:12.0715746Z ##[endgroup]
build	Set up job	2026-09-24T12:14:12.0716071Z ##[group]Runner Image
build	Set up job	2026-09-24T12:14:12.0716523Z Image: ubuntu-24.04
build	Set up job	2026-09-24T12:14:12.0716883Z Version: 20260920.314.1
build	Set up job	2026-09-24T12:14:12.0717789Z Included Software: https://github.com/actions/runner-images/blob/ubuntu24/20260920.314/images/ubuntu/Ubuntu2404-Readme.md
build	Set up job	2026-09-24T12:14:12.0718822Z Image Release: https://github.com/actions/runner-images/releases/tag/ubuntu24%2F20260920.314
build	Set up job	2026-09-24T12:14:12.0719459Z ##[endgroup]
build	Set up job	2026-09-24T12:14:12.0720168Z ##[group]GITHUB_TOKEN Permissions
build	Set up job	2026-09-24T12:14:12.0721546Z Contents: read
build	Set up job	2026-09-24T12:14:12.0721900Z Metadata: read
build	Set up job	2026-09-24T12:14:12.0722276Z Packages: read
build	Set up job	2026-09-24T12:14:12.0722660Z ##[endgroup]
build	Set up job	2026-09-24T12:14:12.0724164Z Secret source: Actions
build	Set up job	2026-09-24T12:14:12.0724787Z Cache mode: write
build	Set up job	2026-09-24T12:14:12.0725206Z Prepare workflow directory
build	Set up job	2026-09-24T12:14:12.0931053Z Prepare all required actions
build	Set up job	2026-09-24T12:14:12.0962222Z Getting action download info
build	Set up job	2026-09-24T12:14:12.4900379Z Download action repository 'actions/checkout@v4' (SHA:11d5960a326750d5838078e36cf38b85af677262)
build	Set up job	2026-09-24T12:14:12.7367315Z Download action repository 'espressif/esp-idf-ci-action@v1' (SHA:9d38657f3d789ca759b2b37aaf5ceffbc42c4f0d)
build	Set up job	2026-09-24T12:14:12.9900454Z Download action repository 'actions/upload-artifact@v4' (SHA:ea165f8d65b6e75b540449e92b4886f43607fa02)
build	Set up job	2026-09-24T12:14:13.5903957Z Complete job name: build
build	Checkout	﻿2026-09-24T12:14:13.6415042Z ##[group]Run actions/checkout@v4
build	Checkout	2026-09-24T12:14:13.6415559Z with:
build	Checkout	2026-09-24T12:14:13.6415815Z   submodules: recursive
build	Checkout	2026-09-24T12:14:13.6416120Z   repository: yuanwil1y/esp32c6-Pwnagotchi
build	Checkout	2026-09-24T12:14:13.6418434Z   token: ***
build	Checkout	2026-09-24T12:14:13.6418687Z   ssh-strict: true
build	Checkout	2026-09-24T12:14:13.6418942Z   ssh-user: git
build	Checkout	2026-09-24T12:14:13.6419205Z   persist-credentials: true
build	Checkout	2026-09-24T12:14:13.6419496Z   clean: true
build	Checkout	2026-09-24T12:14:13.6419769Z   sparse-checkout-cone-mode: true
build	Checkout	2026-09-24T12:14:13.6420074Z   fetch-depth: 1
build	Checkout	2026-09-24T12:14:13.6420329Z   fetch-tags: false
build	Checkout	2026-09-24T12:14:13.6420596Z   show-progress: true
build	Checkout	2026-09-24T12:14:13.6420861Z   lfs: false
build	Checkout	2026-09-24T12:14:13.6421141Z   set-safe-directory: true
build	Checkout	2026-09-24T12:14:13.6421441Z   allow-unsafe-pr-checkout: false
build	Checkout	2026-09-24T12:14:13.6421861Z ##[endgroup]
build	Checkout	2026-09-24T12:14:13.7116521Z Syncing repository: yuanwil1y/esp32c6-Pwnagotchi
build	Checkout	2026-09-24T12:14:13.7118439Z ##[group]Getting Git version info
build	Checkout	2026-09-24T12:14:13.7119216Z Working directory is '/home/runner/work/esp32c6-Pwnagotchi/esp32c6-Pwnagotchi'
build	Checkout	2026-09-24T12:14:13.7120457Z [command]/usr/bin/git version
build	Checkout	2026-09-24T12:14:13.7278873Z git version 2.55.0
build	Checkout	2026-09-24T12:14:13.7291967Z ##[endgroup]
build	Checkout	2026-09-24T12:14:13.7306907Z Temporarily overriding HOME='/home/runner/work/_temp/c316e839-e061-4728-b218-fb2da2eb76b7' before making global git config changes
build	Checkout	2026-09-24T12:14:13.7308296Z Adding repository directory to the temporary git global config as a safe directory
build	Checkout	2026-09-24T12:14:13.7309518Z [command]/usr/bin/git config --global --add safe.directory /home/runner/work/esp32c6-Pwnagotchi/esp32c6-Pwnagotchi
build	Checkout	2026-09-24T12:14:13.7994015Z Deleting the contents of '/home/runner/work/esp32c6-Pwnagotchi/esp32c6-Pwnagotchi'
build	Checkout	2026-09-24T12:14:13.7998221Z ##[group]Initializing the repository
build	Checkout	2026-09-24T12:14:13.8001988Z [command]/usr/bin/git init /home/runner/work/esp32c6-Pwnagotchi/esp32c6-Pwnagotchi
build	Checkout	2026-09-24T12:14:13.8593630Z hint: Using 'master' as the name for the initial branch. This default branch name
build	Checkout	2026-09-24T12:14:13.8594419Z hint: will change to "main" in Git 3.0. To configure the initial branch name
build	Checkout	2026-09-24T12:14:13.8595141Z hint: to use in all of your new repositories, which will suppress this warning,
build	Checkout	2026-09-24T12:14:13.8595630Z hint: call:
build	Checkout	2026-09-24T12:14:13.8596010Z hint:
build	Checkout	2026-09-24T12:14:13.8596372Z hint: 	git config --global init.defaultBranch <name>
build	Checkout	2026-09-24T12:14:13.8596747Z hint:
build	Checkout	2026-09-24T12:14:13.8597091Z hint: Names commonly chosen instead of 'master' are 'main', 'trunk' and
build	Checkout	2026-09-24T12:14:13.8597636Z hint: 'development'. The just-created branch can be renamed via this command:
build	Checkout	2026-09-24T12:14:13.8598112Z hint:
build	Checkout	2026-09-24T12:14:13.8598359Z hint: 	git branch -m <name>
build	Checkout	2026-09-24T12:14:13.8598637Z hint:
build	Checkout	2026-09-24T12:14:13.8599010Z hint: Disable this message with "git config set advice.defaultBranchName false"
build	Checkout	2026-09-24T12:14:13.8603645Z Initialized empty Git repository in /home/runner/work/esp32c6-Pwnagotchi/esp32c6-Pwnagotchi/.git/
build	Checkout	2026-09-24T12:14:13.8613569Z [command]/usr/bin/git remote add origin https://github.com/yuanwil1y/esp32c6-Pwnagotchi
build	Checkout	2026-09-24T12:14:13.9085794Z ##[endgroup]
build	Checkout	2026-09-24T12:14:13.9086746Z ##[group]Disabling automatic garbage collection
build	Checkout	2026-09-24T12:14:13.9097440Z [command]/usr/bin/git config --local gc.auto 0
build	Checkout	2026-09-24T12:14:13.9204554Z ##[endgroup]
build	Checkout	2026-09-24T12:14:13.9205371Z ##[group]Setting up auth
build	Checkout	2026-09-24T12:14:13.9211559Z [command]/usr/bin/git config --local --name-only --get-regexp core\.sshCommand
build	Checkout	2026-09-24T12:14:13.9247214Z [command]/usr/bin/git submodule foreach --recursive sh -c "git config --local --name-only --get-regexp 'core\.sshCommand' && git config --local --unset-all 'core.sshCommand' || :"
build	Checkout	2026-09-24T12:14:13.9689653Z [command]/usr/bin/git config --local --name-only --get-regexp http\.https\:\/\/github\.com\/\.extraheader
build	Checkout	2026-09-24T12:14:13.9722496Z [command]/usr/bin/git submodule foreach --recursive sh -c "git config --local --name-only --get-regexp 'http\.https\:\/\/github\.com\/\.extraheader' && git config --local --unset-all 'http.https://github.com/.extraheader' || :"
build	Checkout	2026-09-24T12:14:13.9906791Z [command]/usr/bin/git config --local --name-only --get-regexp ^includeIf\.gitdir:
build	Checkout	2026-09-24T12:14:13.9937669Z [command]/usr/bin/git submodule foreach --recursive git config --local --show-origin --name-only --get-regexp remote.origin.url
build	Checkout	2026-09-24T12:14:14.0123107Z [command]/usr/bin/git config --local http.https://github.com/.extraheader AUTHORIZATION: basic ***
build	Checkout	2026-09-24T12:14:14.0279905Z ##[endgroup]
build	Checkout	2026-09-24T12:14:14.0281277Z ##[group]Fetching the repository
build	Checkout	2026-09-24T12:14:14.0290261Z [command]/usr/bin/git -c protocol.version=2 fetch --no-tags --prune --no-recurse-submodules --depth=1 origin +8835e59c7887b87f68eb694841548626e68d2671:refs/remotes/origin/phase3c-sd-logger
build	Checkout	2026-09-24T12:14:15.3026912Z From https://github.com/yuanwil1y/esp32c6-Pwnagotchi
build	Checkout	2026-09-24T12:14:15.3028066Z  * [new ref]         8835e59c7887b87f68eb694841548626e68d2671 -> origin/phase3c-sd-logger
build	Checkout	2026-09-24T12:14:15.3029706Z ##[endgroup]
build	Checkout	2026-09-24T12:14:15.3030131Z ##[group]Determining the checkout info
build	Checkout	2026-09-24T12:14:15.3031706Z ##[endgroup]
build	Checkout	2026-09-24T12:14:15.3036159Z [command]/usr/bin/git sparse-checkout disable
build	Checkout	2026-09-24T12:14:15.3950066Z [command]/usr/bin/git config --local --unset-all extensions.worktreeConfig
build	Checkout	2026-09-24T12:14:15.4150841Z ##[group]Checking out the ref
build	Checkout	2026-09-24T12:14:15.4154698Z [command]/usr/bin/git checkout --progress --force -B phase3c-sd-logger refs/remotes/origin/phase3c-sd-logger
build	Checkout	2026-09-24T12:14:15.5359901Z Switched to a new branch 'phase3c-sd-logger'
build	Checkout	2026-09-24T12:14:15.5373791Z branch 'phase3c-sd-logger' set up to track 'origin/phase3c-sd-logger'.
build	Checkout	2026-09-24T12:14:15.5381623Z ##[endgroup]
build	Checkout	2026-09-24T12:14:15.5382143Z ##[group]Setting up auth for fetching submodules
build	Checkout	2026-09-24T12:14:15.5387754Z [command]/usr/bin/git config --global http.https://github.com/.extraheader AUTHORIZATION: basic ***
build	Checkout	2026-09-24T12:14:15.6749474Z [command]/usr/bin/git config --global --unset-all url.https://github.com/.insteadOf
build	Checkout	2026-09-24T12:14:15.6785481Z [command]/usr/bin/git config --global --add url.https://github.com/.insteadOf git@github.com:
build	Checkout	2026-09-24T12:14:15.7957261Z [command]/usr/bin/git config --global --add url.https://github.com/.insteadOf org-65474623@github.com:
build	Checkout	2026-09-24T12:14:15.8855436Z ##[endgroup]
build	Checkout	2026-09-24T12:14:15.8856838Z ##[group]Fetching submodules
build	Checkout	2026-09-24T12:14:15.8861284Z [command]/usr/bin/git submodule sync --recursive
build	Checkout	2026-09-24T12:14:15.9131301Z [command]/usr/bin/git -c protocol.version=2 submodule update --init --force --depth=1 --recursive
build	Checkout	2026-09-24T12:14:15.9738883Z Submodule 'vendor/waveshare' (https://github.com/waveshareteam/ESP32-C6-LCD-1.9.git) registered for path 'vendor/waveshare'
build	Checkout	2026-09-24T12:14:15.9769070Z Cloning into '/home/runner/work/esp32c6-Pwnagotchi/esp32c6-Pwnagotchi/vendor/waveshare'...
build	Checkout	2026-09-24T12:14:18.8577505Z Submodule path 'vendor/waveshare': checked out '1fed15e32977de11afe1f710a0f5e915bfcc35a5'
build	Checkout	2026-09-24T12:14:18.8610871Z [command]/usr/bin/git submodule foreach --recursive git config --local gc.auto 0
build	Checkout	2026-09-24T12:14:18.8787944Z Entering 'vendor/waveshare'
build	Checkout	2026-09-24T12:14:18.8835929Z ##[endgroup]
build	Checkout	2026-09-24T12:14:18.8836302Z ##[group]Persisting credentials for submodules
build	Checkout	2026-09-24T12:14:18.8843521Z [command]/usr/bin/git submodule foreach --recursive sh -c "git config --local --name-only --get-regexp 'url\.https\:\/\/github\.com\/\.insteadOf' && git config --local --unset-all 'url.https://github.com/.insteadOf' || :"
build	Checkout	2026-09-24T12:14:18.9021451Z Entering 'vendor/waveshare'
build	Checkout	2026-09-24T12:14:18.9085301Z [command]/usr/bin/git submodule foreach --recursive sh -c "git config --local 'http.https://github.com/.extraheader' 'AUTHORIZATION: basic ***' && git config --local --show-origin --name-only --get-regexp remote.origin.url"
build	Checkout	2026-09-24T12:14:18.9247257Z Entering 'vendor/waveshare'
build	Checkout	2026-09-24T12:14:18.9284968Z file:/home/runner/work/esp32c6-Pwnagotchi/esp32c6-Pwnagotchi/.git/modules/vendor/waveshare/config	remote.origin.url
build	Checkout	2026-09-24T12:14:18.9321729Z [command]/usr/bin/git submodule foreach --recursive git config --local --add 'url.https://github.com/.insteadOf' 'git@github.com:'
build	Checkout	2026-09-24T12:14:18.9505841Z Entering 'vendor/waveshare'
build	Checkout	2026-09-24T12:14:18.9551952Z [command]/usr/bin/git submodule foreach --recursive git config --local --add 'url.https://github.com/.insteadOf' 'org-65474623@github.com:'
build	Checkout	2026-09-24T12:14:18.9728443Z Entering 'vendor/waveshare'
build	Checkout	2026-09-24T12:14:18.9804007Z ##[endgroup]
build	Checkout	2026-09-24T12:14:18.9845379Z [command]/usr/bin/git log -1 --format=%H
build	Checkout	2026-09-24T12:14:18.9869837Z 8835e59c7887b87f68eb694841548626e68d2671
build	Stamp git commit into firmware	﻿2026-09-24T12:14:19.0109307Z ##[group]Run printf '#define APP_BUILD_GIT_SHA "%s"\n#define APP_BUILD_GIT_SHORT "%s"\n' \
build	Stamp git commit into firmware	2026-09-24T12:14:19.0109774Z ^[[36;1mprintf '#define APP_BUILD_GIT_SHA "%s"\n#define APP_BUILD_GIT_SHORT "%s"\n' \^[[0m
build	Stamp git commit into firmware	2026-09-24T12:14:19.0110056Z ^[[36;1m  "${GITHUB_SHA}" "${GITHUB_SHA::7}" > main/build_info.h^[[0m
build	Stamp git commit into firmware	2026-09-24T12:14:19.0110273Z ^[[36;1mcat main/build_info.h^[[0m
build	Stamp git commit into firmware	2026-09-24T12:14:19.0441944Z shell: /usr/bin/bash -e {0}
build	Stamp git commit into firmware	2026-09-24T12:14:19.0442189Z ##[endgroup]
build	Stamp git commit into firmware	2026-09-24T12:14:19.0547943Z #define APP_BUILD_GIT_SHA "8835e59c7887b87f68eb694841548626e68d2671"
build	Stamp git commit into firmware	2026-09-24T12:14:19.0548334Z #define APP_BUILD_GIT_SHORT "8835e59"
build	Build ESP32-C6 firmware	﻿2026-09-24T12:14:19.0602350Z ##[group]Run espressif/esp-idf-ci-action@v1
build	Build ESP32-C6 firmware	2026-09-24T12:14:19.0602541Z with:
build	Build ESP32-C6 firmware	2026-09-24T12:14:19.0602662Z   esp_idf_version: v5.4
build	Build ESP32-C6 firmware	2026-09-24T12:14:19.0602788Z   target: esp32c6
build	Build ESP32-C6 firmware	2026-09-24T12:14:19.0602900Z   path: .
build	Build ESP32-C6 firmware	2026-09-24T12:14:19.0603319Z   command: idf.py build &&
build	Build ESP32-C6 firmware	idf.py size size-components size-files | tee build/phase3c-size-report.txt
build	Build ESP32-C6 firmware	
build	Build ESP32-C6 firmware	2026-09-24T12:14:19.0603636Z   esp_idf_docker_image: espressif/idf
build	Build ESP32-C6 firmware	2026-09-24T12:14:19.0603788Z ##[endgroup]
build	Build ESP32-C6 firmware	2026-09-24T12:14:19.0667894Z ##[start-action display=Run export IDF_TARGET=$(echo "esp32c6" | tr '[:upper:%5D' '[:lower:%5D' | tr -d '_-');id=__espressif_esp-idf-ci-action.__run]
build	Build ESP32-C6 firmware	2026-09-24T12:14:19.0691569Z ##[group]Run export IDF_TARGET=$(echo "esp32c6" | tr '[:upper:]' '[:lower:]' | tr -d '_-')
build	Build ESP32-C6 firmware	2026-09-24T12:14:19.0692072Z ^[[36;1mexport IDF_TARGET=$(echo "esp32c6" | tr '[:upper:]' '[:lower:]' | tr -d '_-')^[[0m
build	Build ESP32-C6 firmware	2026-09-24T12:14:19.0692304Z ^[[36;1mdocker run -t \^[[0m
build	Build ESP32-C6 firmware	2026-09-24T12:14:19.0692461Z ^[[36;1m-e IDF_TARGET="${IDF_TARGET}" \^[[0m
build	Build ESP32-C6 firmware	2026-09-24T12:14:19.0692705Z ^[[36;1m-v "${GITHUB_WORKSPACE}:/app/yuanwil1y/esp32c6-Pwnagotchi" \^[[0m
build	Build ESP32-C6 firmware	2026-09-24T12:14:19.0692927Z ^[[36;1m-w "/app/yuanwil1y/esp32c6-Pwnagotchi/." \^[[0m
build	Build ESP32-C6 firmware	2026-09-24T12:14:19.0693088Z ^[[36;1m \^[[0m
build	Build ESP32-C6 firmware	2026-09-24T12:14:19.0693338Z ^[[36;1mespressif/idf:v5.4 \^[[0m
build	Build ESP32-C6 firmware	2026-09-24T12:14:19.0693556Z ^[[36;1m/bin/bash -c 'git config --global --add safe.directory "*" && idf.py build &&^[[0m
build	Build ESP32-C6 firmware	2026-09-24T12:14:19.0693860Z ^[[36;1midf.py size size-components size-files | tee build/phase3c-size-report.txt^[[0m
build	Build ESP32-C6 firmware	2026-09-24T12:14:19.0694085Z ^[[36;1m'^[[0m
build	Build ESP32-C6 firmware	2026-09-24T12:14:19.0751537Z shell: /usr/bin/bash --noprofile --norc -e -o pipefail {0}
build	Build ESP32-C6 firmware	2026-09-24T12:14:19.0751748Z ##[endgroup]
build	Build ESP32-C6 firmware	2026-09-24T12:14:19.1686170Z Unable to find image 'espressif/idf:v5.4' locally
build	Build ESP32-C6 firmware	2026-09-24T12:14:19.9973397Z v5.4: Pulling from espressif/idf
build	Build ESP32-C6 firmware	2026-09-24T12:14:20.3331812Z de44b265507a: Pulling fs layer
build	Build ESP32-C6 firmware	2026-09-24T12:14:20.3332344Z e77999699af9: Pulling fs layer
build	Build ESP32-C6 firmware	2026-09-24T12:14:20.3332705Z 50f1c1b63b65: Pulling fs layer
build	Build ESP32-C6 firmware	2026-09-24T12:14:20.3332936Z 57851bba112a: Pulling fs layer
build	Build ESP32-C6 firmware	2026-09-24T12:14:20.3333604Z a31a0a15b4ae: Pulling fs layer
build	Build ESP32-C6 firmware	2026-09-24T12:14:20.3333978Z 996bede91559: Pulling fs layer
build	Build ESP32-C6 firmware	2026-09-24T12:14:20.3334338Z c275d5c9b1df: Pulling fs layer
build	Build ESP32-C6 firmware	2026-09-24T12:14:20.3334698Z 4f4fb700ef54: Pulling fs layer
build	Build ESP32-C6 firmware	2026-09-24T12:14:20.3335049Z a31a0a15b4ae: Waiting
build	Build ESP32-C6 firmware	2026-09-24T12:14:20.3335235Z 996bede91559: Waiting
build	Build ESP32-C6 firmware	2026-09-24T12:14:20.3335421Z c275d5c9b1df: Waiting
build	Build ESP32-C6 firmware	2026-09-24T12:14:20.3335605Z 4f4fb700ef54: Waiting
build	Build ESP32-C6 firmware	2026-09-24T12:14:20.3335797Z 57851bba112a: Waiting
build	Build ESP32-C6 firmware	2026-09-24T12:14:20.5939647Z de44b265507a: Verifying Checksum
build	Build ESP32-C6 firmware	2026-09-24T12:14:20.5940583Z de44b265507a: Download complete
build	Build ESP32-C6 firmware	2026-09-24T12:14:20.7445070Z 50f1c1b63b65: Verifying Checksum
build	Build ESP32-C6 firmware	2026-09-24T12:14:20.7445649Z 50f1c1b63b65: Download complete
build	Build ESP32-C6 firmware	2026-09-24T12:14:21.1469561Z e77999699af9: Verifying Checksum
build	Build ESP32-C6 firmware	2026-09-24T12:14:21.1470589Z e77999699af9: Download complete
build	Build ESP32-C6 firmware	2026-09-24T12:14:21.3195798Z 996bede91559: Verifying Checksum
build	Build ESP32-C6 firmware	2026-09-24T12:14:21.3197017Z 996bede91559: Download complete
build	Build ESP32-C6 firmware	2026-09-24T12:14:21.5038341Z c275d5c9b1df: Verifying Checksum
build	Build ESP32-C6 firmware	2026-09-24T12:14:21.5039647Z c275d5c9b1df: Download complete
build	Build ESP32-C6 firmware	2026-09-24T12:14:21.6979218Z 4f4fb700ef54: Verifying Checksum
build	Build ESP32-C6 firmware	2026-09-24T12:14:21.6980894Z 4f4fb700ef54: Download complete
build	Build ESP32-C6 firmware	2026-09-24T12:14:22.5811081Z de44b265507a: Pull complete
build	Build ESP32-C6 firmware	2026-09-24T12:14:25.0904239Z a31a0a15b4ae: Verifying Checksum
build	Build ESP32-C6 firmware	2026-09-24T12:14:25.0904582Z a31a0a15b4ae: Download complete
build	Build ESP32-C6 firmware	2026-09-24T12:14:32.3193839Z 57851bba112a: Download complete
build	Build ESP32-C6 firmware	2026-09-24T12:14:51.9278335Z e77999699af9: Pull complete
build	Build ESP32-C6 firmware	2026-09-24T12:14:52.8264589Z 50f1c1b63b65: Pull complete
build	Build ESP32-C6 firmware	2026-09-24T12:15:09.2957246Z 57851bba112a: Pull complete
build	Build ESP32-C6 firmware	2026-09-24T12:15:34.3567239Z a31a0a15b4ae: Pull complete
build	Build ESP32-C6 firmware	2026-09-24T12:15:34.3747528Z 996bede91559: Pull complete
build	Build ESP32-C6 firmware	2026-09-24T12:15:34.3811777Z c275d5c9b1df: Pull complete
build	Build ESP32-C6 firmware	2026-09-24T12:15:34.3872296Z 4f4fb700ef54: Pull complete
build	Build ESP32-C6 firmware	2026-09-24T12:15:34.3910133Z Digest: sha256:f1e9f69dc052b9afc7801ca884e0ef40c17e014bb05ce73d9c09d29290bd17fb
build	Build ESP32-C6 firmware	2026-09-24T12:15:34.3920197Z Status: Downloaded newer image for espressif/idf:v5.4
build	Build ESP32-C6 firmware	2026-09-24T12:15:34.5346046Z Checking "python3" ...
build	Build ESP32-C6 firmware	2026-09-24T12:15:34.5516939Z Python 3.12.3
build	Build ESP32-C6 firmware	2026-09-24T12:15:34.5517251Z "python3" has been detected
build	Build ESP32-C6 firmware	2026-09-24T12:15:34.6692316Z ^[[91mActivating ESP-IDF ^[[0m^[[1;91m5.4^[[0m
build	Build ESP32-C6 firmware	2026-09-24T12:15:34.6854191Z ^[[91m*^[[0m Checking python version ^[[33m...^[[0m ^[[1;32m3.12^[[0m^[[32m.^[[0m^[[1;32m3^[[0m
build	Build ESP32-C6 firmware	2026-09-24T12:15:34.8566134Z ^[[91m*^[[0m Checking python dependencies ^[[33m...^[[0m ^[[32mOK^[[0m
build	Build ESP32-C6 firmware	2026-09-24T12:15:34.9154209Z ^[[91m*^[[0m Deactivating the current ESP-IDF environment ^[[1m(^[[0mif any^[[1m)^[[0m ^[[33m...^[[0m ^[[32mOK^[[0m
build	Build ESP32-C6 firmware	2026-09-24T12:15:35.0240166Z ^[[91m*^[[0m Establishing a new ESP-IDF environment ^[[33m...^[[0m ^[[32mOK^[[0m
build	Build ESP32-C6 firmware	2026-09-24T12:15:35.0313969Z ^[[91m*^[[0m Identifying shell ^[[33m...^[[0m ^[[32mbash^[[0m
build	Build ESP32-C6 firmware	2026-09-24T12:15:35.0914494Z ^[[91m*^[[0m Detecting outdated tools in system ^[[33m...^[[0m ^[[32mOK - no outdated tools found^[[0m
build	Build ESP32-C6 firmware	2026-09-24T12:15:35.0924356Z ^[[91m*^[[0m Shell completion ^[[33m...^[[0m ^[[32mAutocompletion code generated^[[0m
build	Build ESP32-C6 firmware	2026-09-24T12:15:35.5051683Z 
build	Build ESP32-C6 firmware	2026-09-24T12:15:35.5052277Z Done! You can now compile ESP-IDF projects.
build	Build ESP32-C6 firmware	2026-09-24T12:15:35.5052611Z Go to the project directory and run:
build	Build ESP32-C6 firmware	2026-09-24T12:15:35.5052743Z 
build	Build ESP32-C6 firmware	2026-09-24T12:15:35.5052796Z   idf.py build
build	Build ESP32-C6 firmware	2026-09-24T12:15:35.9782330Z Executing action: all (aliases: build)
build	Build ESP32-C6 firmware	2026-09-24T12:15:35.9819583Z Running cmake in directory /app/yuanwil1y/esp32c6-Pwnagotchi/build
build	Build ESP32-C6 firmware	2026-09-24T12:15:35.9820202Z Executing "cmake -G Ninja -DPYTHON_DEPS_CHECKED=1 -DPYTHON=/opt/esp/python_env/idf5.4_py3.12_env/bin/python -DESP_PLATFORM=1 -DCCACHE_ENABLE=1 /app/yuanwil1y/esp32c6-Pwnagotchi"...
build	Build ESP32-C6 firmware	2026-09-24T12:15:36.0150060Z -- Found Git: /usr/bin/git (found version "2.43.0")
build	Build ESP32-C6 firmware	2026-09-24T12:15:37.5479872Z -- ccache will be used for faster recompilation
build	Build ESP32-C6 firmware	2026-09-24T12:15:37.5877311Z -- The C compiler identification is GNU 14.2.0
build	Build ESP32-C6 firmware	2026-09-24T12:15:37.6287097Z -- The CXX compiler identification is GNU 14.2.0
build	Build ESP32-C6 firmware	2026-09-24T12:15:37.6384388Z -- The ASM compiler identification is GNU
build	Build ESP32-C6 firmware	2026-09-24T12:15:37.6392160Z -- Found assembler: /opt/esp/tools/riscv32-esp-elf/esp-14.2.0_20241119/riscv32-esp-elf/bin/riscv32-esp-elf-gcc
build	Build ESP32-C6 firmware	2026-09-24T12:15:37.6446973Z -- Detecting C compiler ABI info
build	Build ESP32-C6 firmware	2026-09-24T12:15:37.6813654Z -- Detecting C compiler ABI info - done
build	Build ESP32-C6 firmware	2026-09-24T12:15:37.6897992Z -- Check for working C compiler: /opt/esp/tools/riscv32-esp-elf/esp-14.2.0_20241119/riscv32-esp-elf/bin/riscv32-esp-elf-gcc - skipped
build	Build ESP32-C6 firmware	2026-09-24T12:15:37.6900128Z -- Detecting C compile features
build	Build ESP32-C6 firmware	2026-09-24T12:15:37.6903412Z -- Detecting C compile features - done
build	Build ESP32-C6 firmware	2026-09-24T12:15:37.6952901Z -- Detecting CXX compiler ABI info
build	Build ESP32-C6 firmware	2026-09-24T12:15:37.7333611Z -- Detecting CXX compiler ABI info - done
build	Build ESP32-C6 firmware	2026-09-24T12:15:37.7426643Z -- Check for working CXX compiler: /opt/esp/tools/riscv32-esp-elf/esp-14.2.0_20241119/riscv32-esp-elf/bin/riscv32-esp-elf-g++ - skipped
build	Build ESP32-C6 firmware	2026-09-24T12:15:37.7428890Z -- Detecting CXX compile features
build	Build ESP32-C6 firmware	2026-09-24T12:15:37.7433979Z -- Detecting CXX compile features - done
build	Build ESP32-C6 firmware	2026-09-24T12:15:38.2677909Z -- Building ESP-IDF components for target esp32c6
build	Build ESP32-C6 firmware	2026-09-24T12:15:38.5327932Z NOTICE: Dependencies lock doesn't exist, solving dependencies.
build	Build ESP32-C6 firmware	2026-09-24T12:15:39.1550819Z ......NOTICE: Updating lock file at /app/yuanwil1y/esp32c6-Pwnagotchi/dependencies.lock
build	Build ESP32-C6 firmware	2026-09-24T12:15:39.1551361Z NOTICE: Processing 4 dependencies:
build	Build ESP32-C6 firmware	2026-09-24T12:15:39.1551617Z NOTICE: [1/4] espressif/cmake_utilities (0.5.3)
build	Build ESP32-C6 firmware	2026-09-24T12:15:39.1687265Z NOTICE: [2/4] espressif/esp_lcd_sh8601 (1.0.0)
build	Build ESP32-C6 firmware	2026-09-24T12:15:39.1781419Z NOTICE: [3/4] lvgl/lvgl (8.3.11)
build	Build ESP32-C6 firmware	2026-09-24T12:15:39.5814486Z NOTICE: [4/4] idf (5.4.0)
build	Build ESP32-C6 firmware	2026-09-24T12:15:40.3442561Z -- Project sdkconfig file /app/yuanwil1y/esp32c6-Pwnagotchi/sdkconfig
build	Build ESP32-C6 firmware	2026-09-24T12:15:40.4655417Z Loading defaults file /app/yuanwil1y/esp32c6-Pwnagotchi/sdkconfig.defaults...
build	Build ESP32-C6 firmware	2026-09-24T12:15:40.5750030Z -- Adding linker script /opt/esp/idf/components/riscv/ld/rom.api.ld
build	Build ESP32-C6 firmware	2026-09-24T12:15:40.6204575Z -- Found Python3: /opt/esp/python_env/idf5.4_py3.12_env/bin/python (found version "3.12.3") found components: Interpreter
build	Build ESP32-C6 firmware	2026-09-24T12:15:40.6479040Z -- Performing Test CMAKE_HAVE_LIBC_PTHREAD
build	Build ESP32-C6 firmware	2026-09-24T12:15:40.6919975Z -- Performing Test CMAKE_HAVE_LIBC_PTHREAD - Success
build	Build ESP32-C6 firmware	2026-09-24T12:15:40.6926215Z -- Found Threads: TRUE
build	Build ESP32-C6 firmware	2026-09-24T12:15:40.6948653Z -- Performing Test C_COMPILER_SUPPORTS_WFORMAT_SIGNEDNESS
build	Build ESP32-C6 firmware	2026-09-24T12:15:40.7327976Z -- Performing Test C_COMPILER_SUPPORTS_WFORMAT_SIGNEDNESS - Success
build	Build ESP32-C6 firmware	2026-09-24T12:15:40.8452176Z -- App "esp32c6_pwnagotchi" version: 8835e59
build	Build ESP32-C6 firmware	2026-09-24T12:15:40.9189655Z -- Adding linker script /app/yuanwil1y/esp32c6-Pwnagotchi/build/esp-idf/esp_system/ld/memory.ld
build	Build ESP32-C6 firmware	2026-09-24T12:15:40.9190363Z -- Adding linker script /app/yuanwil1y/esp32c6-Pwnagotchi/build/esp-idf/esp_system/ld/sections.ld.in
build	Build ESP32-C6 firmware	2026-09-24T12:15:40.9260227Z -- Adding linker script /opt/esp/idf/components/esp_rom/esp32c6/ld/esp32c6.rom.ld
build	Build ESP32-C6 firmware	2026-09-24T12:15:40.9261040Z -- Adding linker script /opt/esp/idf/components/esp_rom/esp32c6/ld/esp32c6.rom.api.ld
build	Build ESP32-C6 firmware	2026-09-24T12:15:40.9261704Z -- Adding linker script /opt/esp/idf/components/esp_rom/esp32c6/ld/esp32c6.rom.rvfp.ld
build	Build ESP32-C6 firmware	2026-09-24T12:15:40.9262542Z -- Adding linker script /opt/esp/idf/components/esp_rom/esp32c6/ld/esp32c6.rom.wdt.ld
build	Build ESP32-C6 firmware	2026-09-24T12:15:40.9263397Z -- Adding linker script /opt/esp/idf/components/esp_rom/esp32c6/ld/esp32c6.rom.systimer.ld
build	Build ESP32-C6 firmware	2026-09-24T12:15:40.9264094Z -- Adding linker script /opt/esp/idf/components/esp_rom/esp32c6/ld/esp32c6.rom.version.ld
build	Build ESP32-C6 firmware	2026-09-24T12:15:40.9264747Z -- Adding linker script /opt/esp/idf/components/esp_rom/esp32c6/ld/esp32c6.rom.phy.ld
build	Build ESP32-C6 firmware	2026-09-24T12:15:40.9265494Z -- Adding linker script /opt/esp/idf/components/esp_rom/esp32c6/ld/esp32c6.rom.coexist.ld
build	Build ESP32-C6 firmware	2026-09-24T12:15:40.9265995Z -- Adding linker script /opt/esp/idf/components/esp_rom/esp32c6/ld/esp32c6.rom.net80211.ld
build	Build ESP32-C6 firmware	2026-09-24T12:15:40.9266465Z -- Adding linker script /opt/esp/idf/components/esp_rom/esp32c6/ld/esp32c6.rom.pp.ld
build	Build ESP32-C6 firmware	2026-09-24T12:15:40.9268280Z -- Adding linker script /opt/esp/idf/components/esp_rom/esp32c6/ld/esp32c6.rom.newlib.ld
build	Build ESP32-C6 firmware	2026-09-24T12:15:40.9268818Z -- Adding linker script /opt/esp/idf/components/esp_rom/esp32c6/ld/esp32c6.rom.newlib-normal.ld
build	Build ESP32-C6 firmware	2026-09-24T12:15:40.9269329Z -- Adding linker script /opt/esp/idf/components/esp_rom/esp32c6/ld/esp32c6.rom.heap.ld
build	Build ESP32-C6 firmware	2026-09-24T12:15:40.9366722Z -- Adding linker script /opt/esp/idf/components/soc/esp32c6/ld/esp32c6.peripherals.ld
build	Build ESP32-C6 firmware	2026-09-24T12:15:41.1189605Z -- ESP_LCD_SH8601: 1.0.0
build	Build ESP32-C6 firmware	2026-09-24T12:15:41.2268472Z -- Components: app_trace app_update board bootloader bootloader_support bt cmock console cxx driver efuse esp-tls esp_adc esp_app_format esp_bootloader_format esp_coex esp_common esp_driver_ana_cmpr esp_driver_cam esp_driver_dac esp_driver_gpio esp_driver_gptimer esp_driver_i2c esp_driver_i2s esp_driver_isp esp_driver_jpeg esp_driver_ledc esp_driver_mcpwm esp_driver_parlio esp_driver_pcnt esp_driver_ppa esp_driver_rmt esp_driver_sdio esp_driver_sdm esp_driver_sdmmc esp_driver_sdspi esp_driver_spi esp_driver_touch_sens esp_driver_tsens esp_driver_uart esp_driver_usb_serial_jtag esp_eth esp_event esp_gdbstub esp_hid esp_http_client esp_http_server esp_https_ota esp_https_server esp_hw_support esp_lcd esp_local_ctrl esp_mm esp_netif esp_netif_stack esp_partition esp_phy esp_pm esp_psram esp_ringbuf esp_rom esp_security esp_system esp_timer esp_vfs_console esp_wifi espcoredump espressif__cmake_utilities espressif__esp_lcd_sh8601 esptool_py fatfs freertos hal heap http_parser idf_test ieee802154 json log lvgl__lvgl lwip main mbedtls mqtt newlib nvs_flash nvs_sec_provider openthread partition_table protobuf-c protocomm pthread radio riscv rt sdmmc soc spi_flash spiffs storage tcp_transport ulp unity usb vfs wear_levelling wifi_provisioning world wpa_supplicant
build	Build ESP32-C6 firmware	2026-09-24T12:15:41.2286548Z -- Component paths: /opt/esp/idf/components/app_trace /opt/esp/idf/components/app_update /app/yuanwil1y/esp32c6-Pwnagotchi/components/board /opt/esp/idf/components/bootloader /opt/esp/idf/components/bootloader_support /opt/esp/idf/components/bt /opt/esp/idf/components/cmock /opt/esp/idf/components/console /opt/esp/idf/components/cxx /opt/esp/idf/components/driver /opt/esp/idf/components/efuse /opt/esp/idf/components/esp-tls /opt/esp/idf/components/esp_adc /opt/esp/idf/components/esp_app_format /opt/esp/idf/components/esp_bootloader_format /opt/esp/idf/components/esp_coex /opt/esp/idf/components/esp_common /opt/esp/idf/components/esp_driver_ana_cmpr /opt/esp/idf/components/esp_driver_cam /opt/esp/idf/components/esp_driver_dac /opt/esp/idf/components/esp_driver_gpio /opt/esp/idf/components/esp_driver_gptimer /opt/esp/idf/components/esp_driver_i2c /opt/esp/idf/components/esp_driver_i2s /opt/esp/idf/components/esp_driver_isp /opt/esp/idf/components/esp_driver_jpeg /opt/esp/idf/components/esp_driver_ledc /opt/esp/idf/components/esp_driver_mcpwm /opt/esp/idf/components/esp_driver_parlio /opt/esp/idf/components/esp_driver_pcnt /opt/esp/idf/components/esp_driver_ppa /opt/esp/idf/components/esp_driver_rmt /opt/esp/idf/components/esp_driver_sdio /opt/esp/idf/components/esp_driver_sdm /opt/esp/idf/components/esp_driver_sdmmc /opt/esp/idf/components/esp_driver_sdspi /opt/esp/idf/components/esp_driver_spi /opt/esp/idf/components/esp_driver_touch_sens /opt/esp/idf/components/esp_driver_tsens /opt/esp/idf/components/esp_driver_uart /opt/esp/idf/components/esp_driver_usb_serial_jtag /opt/esp/idf/components/esp_eth /opt/esp/idf/components/esp_event /opt/esp/idf/components/esp_gdbstub /opt/esp/idf/components/esp_hid /opt/esp/idf/components/esp_http_client /opt/esp/idf/components/esp_http_server /opt/esp/idf/components/esp_https_ota /opt/esp/idf/components/esp_https_server /opt/esp/idf/components/esp_hw_support /opt/esp/idf/components/esp_lcd /opt/esp/idf/components/esp_local_ctrl /opt/esp/idf/components/esp_mm /opt/esp/idf/components/esp_netif /opt/esp/idf/components/esp_netif_stack /opt/esp/idf/components/esp_partition /opt/esp/idf/components/esp_phy /opt/esp/idf/components/esp_pm /opt/esp/idf/components/esp_psram /opt/esp/idf/components/esp_ringbuf /opt/esp/idf/components/esp_rom /opt/esp/idf/components/esp_security /opt/esp/idf/components/esp_system /opt/esp/idf/components/esp_timer /opt/esp/idf/components/esp_vfs_console /opt/esp/idf/components/esp_wifi /opt/esp/idf/components/espcoredump /app/yuanwil1y/esp32c6-Pwnagotchi/managed_components/espressif__cmake_utilities /app/yuanwil1y/esp32c6-Pwnagotchi/managed_components/espressif__esp_lcd_sh8601 /opt/esp/idf/components/esptool_py /opt/esp/idf/components/fatfs /opt/esp/idf/components/freertos /opt/esp/idf/components/hal /opt/esp/idf/components/heap /opt/esp/idf/components/http_parser /opt/esp/idf/components/idf_test /opt/esp/idf/components/ieee802154 /opt/esp/idf/components/json /opt/esp/idf/components/log /app/yuanwil1y/esp32c6-Pwnagotchi/managed_components/lvgl__lvgl /opt/esp/idf/components/lwip /app/yuanwil1y/esp32c6-Pwnagotchi/main /opt/esp/idf/components/mbedtls /opt/esp/idf/components/mqtt /opt/esp/idf/components/newlib /opt/esp/idf/components/nvs_flash /opt/esp/idf/components/nvs_sec_provider /opt/esp/idf/components/openthread /opt/esp/idf/components/partition_table /opt/esp/idf/components/protobuf-c /opt/esp/idf/components/protocomm /opt/esp/idf/components/pthread /app/yuanwil1y/esp32c6-Pwnagotchi/components/radio /opt/esp/idf/components/riscv /opt/esp/idf/components/rt /opt/esp/idf/components/sdmmc /opt/esp/idf/components/soc /opt/esp/idf/components/spi_flash /opt/esp/idf/components/spiffs /app/yuanwil1y/esp32c6-Pwnagotchi/components/storage /opt/esp/idf/components/tcp_transport /opt/esp/idf/components/ulp /opt/esp/idf/components/unity /opt/esp/idf/components/usb /opt/esp/idf/components/vfs /opt/esp/idf/components/wear_levelling /opt/esp/idf/components/wifi_provisioning /app/yuanwil1y/esp32c6-Pwnagotchi/components/world /opt/esp/idf/components/wpa_supplicant
build	Build ESP32-C6 firmware	2026-09-24T12:15:41.2327739Z -- Configuring done (5.2s)
build	Build ESP32-C6 firmware	2026-09-24T12:15:41.6472357Z -- Generating done (0.4s)
build	Build ESP32-C6 firmware	2026-09-24T12:15:41.6474803Z -- Build files have been written to: /app/yuanwil1y/esp32c6-Pwnagotchi/build
build	Build ESP32-C6 firmware	2026-09-24T12:15:41.7078691Z Running ninja in directory /app/yuanwil1y/esp32c6-Pwnagotchi/build
build	Build ESP32-C6 firmware	2026-09-24T12:15:41.7079110Z Executing "ninja all"...
build	Build ESP32-C6 firmware	2026-09-24T12:15:41.7434167Z 
build	Build ESP32-C6 firmware	2026-09-24T12:15:41.7487312Z [1/1416] Generating project_elf_src_esp32c6.c^[[K
build	Build ESP32-C6 firmware	2026-09-24T12:15:41.7487885Z [2/1416] Generating /app/yuanwil1y/esp32c6-Pwnagotchi/build/esp-idf/esp_system/ld/sections.ld.in linker script...^[[K
build	Build ESP32-C6 firmware	2026-09-24T12:15:41.8286276Z [3/1416] Generating /app/yuanwil1y/esp32c6-Pwnagotchi/build/esp-idf/esp_system/ld/memory.ld linker script...^[[K
build	Build ESP32-C6 firmware	2026-09-24T12:15:41.8407384Z [4/1416] Building C object esp-idf/mbedtls/mbedtls/3rdparty/everest/CMakeFiles/everest.dir/library/Hacl_Curve25519_joined.c.obj^[[K
build	Build ESP32-C6 firmware	2026-09-24T12:15:41.8408381Z [5/1416] Generating ../../partition_table/partition-table.bin^[[K
build	Build ESP32-C6 firmware	2026-09-24T12:15:41.8409298Z Partition table binary generated. Contents:
build	Build ESP32-C6 firmware	2026-09-24T12:15:41.8414592Z *******************************************************************************
build	Build ESP32-C6 firmware	2026-09-24T12:15:41.8418410Z # ESP-IDF Partition Table
build	Build ESP32-C6 firmware	2026-09-24T12:15:41.8423914Z # Name, Type, SubType, Offset, Size, Flags
build	Build ESP32-C6 firmware	2026-09-24T12:15:41.8429780Z nvs,data,nvs,0x9000,24K,
build	Build ESP32-C6 firmware	2026-09-24T12:15:41.8430185Z phy_init,data,phy,0xf000,4K,
build	Build ESP32-C6 firmware	2026-09-24T12:15:41.8430593Z factory,app,factory,0x10000,4M,
build	Build ESP32-C6 firmware	2026-09-24T12:15:41.8431106Z *******************************************************************************
build	Build ESP32-C6 firmware	2026-09-24T12:15:41.8460061Z 
build	Build ESP32-C6 firmware	2026-09-24T12:15:41.8785896Z [6/1416] Building C object esp-idf/mbedtls/mbedtls/3rdparty/everest/CMakeFiles/everest.dir/library/x25519.c.obj^[[K
build	Build ESP32-C6 firmware	2026-09-24T12:15:41.9006226Z [7/1416] Building C object esp-idf/mbedtls/mbedtls/3rdparty/everest/CMakeFiles/everest.dir/library/everest.c.obj^[[K
build	Build ESP32-C6 firmware	2026-09-24T12:15:41.9093786Z [8/1416] Building C object esp-idf/mbedtls/mbedtls/3rdparty/p256-m/CMakeFiles/p256m.dir/p256-m/p256-m.c.obj^[[K
build	Build ESP32-C6 firmware	2026-09-24T12:15:41.9341526Z [9/1416] Building C object esp-idf/mbedtls/mbedtls/3rdparty/p256-m/CMakeFiles/p256m.dir/p256-m_driver_entrypoints.c.obj^[[K
build	Build ESP32-C6 firmware	2026-09-24T12:15:41.9422083Z [10/1416] Building C object esp-idf/mbedtls/mbedtls/library/CMakeFiles/mbedcrypto.dir/aesce.c.obj^[[K
build	Build ESP32-C6 firmware	2026-09-24T12:15:41.9975189Z [11/1416] Building C object esp-idf/mbedtls/mbedtls/library/CMakeFiles/mbedcrypto.dir/aesni.c.obj^[[K
build	Build ESP32-C6 firmware	2026-09-24T12:15:42.0823484Z [12/1416] Building C object esp-idf/mbedtls/mbedtls/library/CMakeFiles/mbedcrypto.dir/aes.c.obj^[[K
build	Build ESP32-C6 firmware	2026-09-24T12:15:42.1123053Z [13/1416] Building C object esp-idf/mbedtls/mbedtls/library/CMakeFiles/mbedcrypto.dir/asn1parse.c.obj^[[K
build	Build ESP32-C6 firmware	2026-09-24T12:15:42.1129664Z [14/1416] Building C object esp-idf/mbedtls/mbedtls/library/CMakeFiles/mbedcrypto.dir/base64.c.obj^[[K
build	Build ESP32-C6 firmware	2026-09-24T12:15:42.1565112Z [15/1416] Building C object esp-idf/mbedtls/mbedtls/library/CMakeFiles/mbedcrypto.dir/aria.c.obj^[[K
build	Build ESP32-C6 firmware	2026-09-24T12:15:42.1641541Z [16/1416] Building C object esp-idf/mbedtls/mbedtls/library/CMakeFiles/mbedcrypto.dir/bignum_mod.c.obj^[[K
build	Build ESP32-C6 firmware	2026-09-24T12:15:42.1922300Z [17/1416] Building C object esp-idf/mbedtls/mbedtls/library/CMakeFiles/mbedcrypto.dir/asn1write.c.obj^[[K
build	Build ESP32-C6 firmware	2026-09-24T12:15:42.2266143Z [18/1416] Building C object esp-idf/mbedtls/mbedtls/library/CMakeFiles/mbedcrypto.dir/bignum_mod_raw.c.obj^[[K
build	Build ESP32-C6 firmware	2026-09-24T12:15:42.2341110Z [19/1416] Building C object esp-idf/mbedtls/mbedtls/library/CMakeFiles/mbedcrypto.dir/camellia.c.obj^[[K
build	Build ESP32-C6 firmware	2026-09-24T12:15:42.2797872Z [20/1416] Building C object esp-idf/mbedtls/mbedtls/library/CMakeFiles/mbedcrypto.dir/block_cipher.c.obj^[[K
build	Build ESP32-C6 firmware	2026-09-24T12:15:42.3487061Z [21/1416] Building C object esp-idf/mbedtls/mbedtls/library/CMakeFiles/mbedcrypto.dir/chacha20.c.obj^[[K
build	Build ESP32-C6 firmware	2026-09-24T12:15:42.3733563Z [22/1416] Building C object esp-idf/mbedtls/mbedtls/library/CMakeFiles/mbedcrypto.dir/chachapoly.c.obj^[[K
build	Build ESP32-C6 firmware	2026-09-24T12:15:42.3899856Z [23/1416] Building C object esp-idf/mbedtls/mbedtls/library/CMakeFiles/mbedcrypto.dir/bignum_core.c.obj^[[K
build	Build ESP32-C6 firmware	2026-09-24T12:15:42.4389953Z [24/1416] Building C object esp-idf/mbedtls/mbedtls/library/CMakeFiles/mbedcrypto.dir/ccm.c.obj^[[K
build	Build ESP32-C6 firmware	2026-09-24T12:15:42.4997268Z [25/1416] Building C object esp-idf/mbedtls/mbedtls/library/CMakeFiles/mbedcrypto.dir/bignum.c.obj^[[K
build	Build ESP32-C6 firmware	2026-09-24T12:15:42.5075601Z [26/1416] Building C object esp-idf/mbedtls/mbedtls/library/CMakeFiles/mbedcrypto.dir/cipher_wrap.c.obj^[[K
build	Build ESP32-C6 firmware	2026-09-24T12:15:42.5428944Z [27/1416] Building C object esp-idf/mbedtls/mbedtls/library/CMakeFiles/mbedcrypto.dir/cipher.c.obj^[[K
build	Build ESP32-C6 firmware	2026-09-24T12:15:42.5467797Z [28/1416] Building C object esp-idf/mbedtls/mbedtls/library/CMakeFiles/mbedcrypto.dir/constant_time.c.obj^[[K
build	Build ESP32-C6 firmware	2026-09-24T12:15:42.5676282Z [29/1416] Building C object esp-idf/mbedtls/mbedtls/library/CMakeFiles/mbedcrypto.dir/des.c.obj^[[K
build	Build ESP32-C6 firmware	2026-09-24T12:15:42.5907894Z [30/1416] Building C object esp-idf/mbedtls/mbedtls/library/CMakeFiles/mbedcrypto.dir/dhm.c.obj^[[K
build	Build ESP32-C6 firmware	2026-09-24T12:15:42.6434471Z [31/1416] Building C object esp-idf/mbedtls/mbedtls/library/CMakeFiles/mbedcrypto.dir/cmac.c.obj^[[K
build	Build ESP32-C6 firmware	2026-09-24T12:15:42.6836704Z [32/1416] Building C object esp-idf/mbedtls/mbedtls/library/CMakeFiles/mbedcrypto.dir/ecjpake.c.obj^[[K
build	Build ESP32-C6 firmware	2026-09-24T12:15:42.7092581Z [33/1416] Building C object esp-idf/mbedtls/mbedtls/library/CMakeFiles/mbedcrypto.dir/ctr_drbg.c.obj^[[K
build	Build ESP32-C6 firmware	2026-09-24T12:15:42.7408173Z [34/1416] Building C object esp-idf/mbedtls/mbedtls/library/CMakeFiles/mbedcrypto.dir/ecdh.c.obj^[[K
build	Build ESP32-C6 firmware	2026-09-24T12:15:42.7633836Z [35/1416] Building C object esp-idf/mbedtls/mbedtls/library/CMakeFiles/mbedcrypto.dir/ecp_curves_new.c.obj^[[K
build	Build ESP32-C6 firmware	2026-09-24T12:15:42.8822924Z [36/1416] Building C object esp-idf/mbedtls/mbedtls/library/CMakeFiles/mbedcrypto.dir/ecdsa.c.obj^[[K
build	Build ESP32-C6 firmware	2026-09-24T12:15:42.8845485Z [37/1416] Building C object esp-idf/mbedtls/mbedtls/library/CMakeFiles/mbedcrypto.dir/entropy_poll.c.obj^[[K
build	Build ESP32-C6 firmware	2026-09-24T12:15:42.9013617Z [38/1416] Building C object esp-idf/mbedtls/mbedtls/library/CMakeFiles/mbedcrypto.dir/ecp_curves.c.obj^[[K
build	Build ESP32-C6 firmware	2026-09-24T12:15:42.9719916Z [39/1416] Building C object esp-idf/mbedtls/mbedtls/library/CMakeFiles/mbedcrypto.dir/entropy.c.obj^[[K
build	Build ESP32-C6 firmware	2026-09-24T12:15:42.9786457Z [40/1416] Building C object esp-idf/mbedtls/mbedtls/library/CMakeFiles/mbedcrypto.dir/hkdf.c.obj^[[K
build	Build ESP32-C6 firmware	2026-09-24T12:15:43.0064191Z [41/1416] Building C object esp-idf/mbedtls/mbedtls/library/CMakeFiles/mbedcrypto.dir/ecp.c.obj^[[K
build	Build ESP32-C6 firmware	2026-09-24T12:15:43.0378427Z [42/1416] Building C object esp-idf/mbedtls/mbedtls/library/CMakeFiles/mbedcrypto.dir/error.c.obj^[[K
build	Build ESP32-C6 firmware	2026-09-24T12:15:43.1089051Z [43/1416] Building C object esp-idf/mbedtls/mbedtls/library/CMakeFiles/mbedcrypto.dir/gcm.c.obj^[[K
build	Build ESP32-C6 firmware	2026-09-24T12:15:43.1599069Z [44/1416] Building C object esp-idf/mbedtls/mbedtls/library/CMakeFiles/mbedcrypto.dir/hmac_drbg.c.obj^[[K
build	Build ESP32-C6 firmware	2026-09-24T12:15:43.1702866Z [45/1416] Building C object esp-idf/mbedtls/mbedtls/library/CMakeFiles/mbedcrypto.dir/memory_buffer_alloc.c.obj^[[K
build	Build ESP32-C6 firmware	2026-09-24T12:15:43.1753902Z [46/1416] Building C object esp-idf/mbedtls/mbedtls/library/CMakeFiles/mbedcrypto.dir/md5.c.obj^[[K
build	Build ESP32-C6 firmware	2026-09-24T12:15:43.1841104Z [47/1416] Building C object esp-idf/mbedtls/mbedtls/library/CMakeFiles/mbedcrypto.dir/lmots.c.obj^[[K
build	Build ESP32-C6 firmware	2026-09-24T12:15:43.2165260Z [48/1416] Building C object esp-idf/mbedtls/mbedtls/library/CMakeFiles/mbedcrypto.dir/md.c.obj^[[K
build	Build ESP32-C6 firmware	2026-09-24T12:15:43.2376178Z [49/1416] Building C object esp-idf/mbedtls/mbedtls/library/CMakeFiles/mbedcrypto.dir/lms.c.obj^[[K
build	Build ESP32-C6 firmware	2026-09-24T12:15:43.2547820Z [50/1416] Building C object esp-idf/mbedtls/mbedtls/library/CMakeFiles/mbedcrypto.dir/nist_kw.c.obj^[[K
build	Build ESP32-C6 firmware	2026-09-24T12:15:43.3993357Z [51/1416] Building C object esp-idf/mbedtls/mbedtls/library/CMakeFiles/mbedcrypto.dir/padlock.c.obj^[[K
build	Build ESP32-C6 firmware	2026-09-24T12:15:43.4203719Z [52/1416] Building C object esp-idf/mbedtls/mbedtls/library/CMakeFiles/mbedcrypto.dir/oid.c.obj^[[K
build	Build ESP32-C6 firmware	2026-09-24T12:15:43.4286037Z [53/1416] Building C object esp-idf/mbedtls/mbedtls/library/CMakeFiles/mbedcrypto.dir/pk_ecc.c.obj^[[K
build	Build ESP32-C6 firmware	2026-09-24T12:15:43.4470046Z [54/1416] Building C object esp-idf/mbedtls/mbedtls/library/CMakeFiles/mbedcrypto.dir/pem.c.obj^[[K
build	Build ESP32-C6 firmware	2026-09-24T12:15:43.4491748Z [55/1416] Building C object esp-idf/mbedtls/mbedtls/library/CMakeFiles/mbedcrypto.dir/pk.c.obj^[[K
build	Build ESP32-C6 firmware	2026-09-24T12:15:43.5220933Z [56/1416] Building C object esp-idf/mbedtls/mbedtls/library/CMakeFiles/mbedcrypto.dir/pk_wrap.c.obj^[[K
build	Build ESP32-C6 firmware	2026-09-24T12:15:43.5658621Z [57/1416] Building C object esp-idf/mbedtls/mbedtls/library/CMakeFiles/mbedcrypto.dir/pkcs12.c.obj^[[K
build	Build ESP32-C6 firmware	2026-09-24T12:15:43.5957377Z [58/1416] Building C object esp-idf/mbedtls/mbedtls/library/CMakeFiles/mbedcrypto.dir/platform_util.c.obj^[[K
build	Build ESP32-C6 firmware	2026-09-24T12:15:43.6227071Z [59/1416] Building C object esp-idf/mbedtls/mbedtls/library/CMakeFiles/mbedcrypto.dir/platform.c.obj^[[K
build	Build ESP32-C6 firmware	2026-09-24T12:15:43.6298498Z [60/1416] Building C object esp-idf/mbedtls/mbedtls/library/CMakeFiles/mbedcrypto.dir/poly1305.c.obj^[[K
build	Build ESP32-C6 firmware	2026-09-24T12:15:43.6437219Z [61/1416] Building C object esp-idf/mbedtls/mbedtls/library/CMakeFiles/mbedcrypto.dir/pkwrite.c.obj^[[K
build	Build ESP32-C6 firmware	2026-09-24T12:15:43.7628150Z [62/1416] Building C object esp-idf/mbedtls/mbedtls/library/CMakeFiles/mbedcrypto.dir/pkcs5.c.obj^[[K
build	Build ESP32-C6 firmware	2026-09-24T12:15:43.8097957Z [63/1416] Building C object esp-idf/mbedtls/mbedtls/library/CMakeFiles/mbedcrypto.dir/pkparse.c.obj^[[K
build	Build ESP32-C6 firmware	2026-09-24T12:15:43.8372206Z [64/1416] Building C object esp-idf/mbedtls/mbedtls/library/CMakeFiles/mbedcrypto.dir/psa_crypto_client.c.obj^[[K
build	Build ESP32-C6 firmware	2026-09-24T12:15:43.8844133Z [65/1416] Building C object esp-idf/mbedtls/mbedtls/library/CMakeFiles/mbedcrypto.dir/psa_crypto_aead.c.obj^[[K
build	Build ESP32-C6 firmware	2026-09-24T12:15:43.9028643Z [66/1416] Building C object esp-idf/mbedtls/mbedtls/library/CMakeFiles/mbedcrypto.dir/psa_crypto_driver_wrappers_no_static.c.obj^[[K
build	Build ESP32-C6 firmware	2026-09-24T12:15:43.9830413Z [67/1416] Building C object esp-idf/mbedtls/mbedtls/library/CMakeFiles/mbedcrypto.dir/psa_crypto_cipher.c.obj^[[K
build	Build ESP32-C6 firmware	2026-09-24T12:15:43.9929825Z [68/1416] Building C object esp-idf/mbedtls/mbedtls/library/CMakeFiles/mbedcrypto.dir/psa_crypto_hash.c.obj^[[K
build	Build ESP32-C6 firmware	2026-09-24T12:15:43.9955847Z [69/1416] Building C object esp-idf/mbedtls/mbedtls/library/CMakeFiles/mbedcrypto.dir/psa_crypto_ecp.c.obj^[[K
build	Build ESP32-C6 firmware	2026-09-24T12:15:44.0677845Z [70/1416] Building C object esp-idf/mbedtls/mbedtls/library/CMakeFiles/mbedcrypto.dir/psa_crypto_ffdh.c.obj^[[K
build	Build ESP32-C6 firmware	2026-09-24T12:15:44.0984905Z [71/1416] Building C object esp-idf/mbedtls/mbedtls/library/CMakeFiles/mbedcrypto.dir/psa_crypto_se.c.obj^[[K
build	Build ESP32-C6 firmware	2026-09-24T12:15:44.1107960Z [72/1416] Building C object esp-idf/mbedtls/mbedtls/library/CMakeFiles/mbedcrypto.dir/psa_crypto_mac.c.obj^[[K
build	Build ESP32-C6 firmware	2026-09-24T12:15:44.2256866Z [73/1416] Building C object esp-idf/mbedtls/mbedtls/library/CMakeFiles/mbedcrypto.dir/psa_crypto_pake.c.obj^[[K
build	Build ESP32-C6 firmware	2026-09-24T12:15:44.2914842Z [74/1416] Building C object esp-idf/mbedtls/mbedtls/library/CMakeFiles/mbedcrypto.dir/psa_its_file.c.obj^[[K
build	Build ESP32-C6 firmware	2026-09-24T12:15:44.2966682Z [75/1416] Building C object esp-idf/mbedtls/mbedtls/library/CMakeFiles/mbedcrypto.dir/ripemd160.c.obj^[[K
build	Build ESP32-C6 firmware	2026-09-24T12:15:44.2985470Z [76/1416] Building C object esp-idf/mbedtls/mbedtls/library/CMakeFiles/mbedcrypto.dir/psa_util.c.obj^[[K
build	Build ESP32-C6 firmware	2026-09-24T12:15:44.3395299Z [77/1416] Building C object esp-idf/mbedtls/mbedtls/library/CMakeFiles/mbedcrypto.dir/psa_crypto_rsa.c.obj^[[K
build	Build ESP32-C6 firmware	2026-09-24T12:15:44.3399202Z [78/1416] Building C object esp-idf/mbedtls/mbedtls/library/CMakeFiles/mbedcrypto.dir/psa_crypto_slot_management.c.obj^[[K
build	Build ESP32-C6 firmware	2026-09-24T12:15:44.4630213Z [79/1416] Building C object esp-idf/mbedtls/mbedtls/library/CMakeFiles/mbedcrypto.dir/psa_crypto_storage.c.obj^[[K
build	Build ESP32-C6 firmware	2026-09-24T12:15:44.4642413Z [80/1416] Building C object esp-idf/mbedtls/mbedtls/library/CMakeFiles/mbedcrypto.dir/rsa_alt_helpers.c.obj^[[K
build	Build ESP32-C6 firmware	2026-09-24T12:15:44.5067119Z [81/1416] Building C object esp-idf/mbedtls/mbedtls/library/CMakeFiles/mbedcrypto.dir/sha1.c.obj^[[K
build	Build ESP32-C6 firmware	2026-09-24T12:15:44.5675765Z [82/1416] Building C object esp-idf/mbedtls/mbedtls/library/CMakeFiles/mbedcrypto.dir/sha256.c.obj^[[K
build	Build ESP32-C6 firmware	2026-09-24T12:15:44.5690493Z [83/1416] Building C object esp-idf/mbedtls/mbedtls/library/CMakeFiles/mbedcrypto.dir/sha3.c.obj^[[K
build	Build ESP32-C6 firmware	2026-09-24T12:15:44.5800824Z [84/1416] Building C object esp-idf/mbedtls/mbedtls/library/CMakeFiles/mbedcrypto.dir/threading.c.obj^[[K
build	Build ESP32-C6 firmware	2026-09-24T12:15:44.5819321Z [85/1416] Building C object esp-idf/mbedtls/mbedtls/library/CMakeFiles/mbedcrypto.dir/psa_crypto.c.obj^[[K
build	Build ESP32-C6 firmware	2026-09-24T12:15:44.6025437Z [86/1416] Building C object esp-idf/mbedtls/mbedtls/library/CMakeFiles/mbedcrypto.dir/sha512.c.obj^[[K
build	Build ESP32-C6 firmware	2026-09-24T12:15:44.6859940Z [87/1416] Building C object esp-idf/mbedtls/mbedtls/library/CMakeFiles/mbedcrypto.dir/timing.c.obj^[[K
build	Build ESP32-C6 firmware	2026-09-24T12:15:44.6883690Z [88/1416] Building C object esp-idf/mbedtls/mbedtls/library/CMakeFiles/mbedcrypto.dir/opt/esp/idf/components/mbedtls/port/sha/dma/esp_sha_gdma_impl.c.obj^[[K
build	Build ESP32-C6 firmware	2026-09-24T12:15:44.6924014Z [89/1416] Building C object esp-idf/mbedtls/mbedtls/library/CMakeFiles/mbedcrypto.dir/version_features.c.obj^[[K
build	Build ESP32-C6 firmware	2026-09-24T12:15:44.7213015Z [90/1416] Building C object esp-idf/mbedtls/mbedtls/library/CMakeFiles/mbedcrypto.dir/version.c.obj^[[K
build	Build ESP32-C6 firmware	2026-09-24T12:15:44.7354462Z [91/1416] Building C object esp-idf/mbedtls/mbedtls/library/CMakeFiles/mbedcrypto.dir/rsa.c.obj^[[K
build	Build ESP32-C6 firmware	2026-09-24T12:15:44.7948240Z [92/1416] Building C object esp-idf/mbedtls/mbedtls/library/CMakeFiles/mbedcrypto.dir/opt/esp/idf/components/mbedtls/port/aes/dma/esp_aes_gdma_impl.c.obj^[[K
build	Build ESP32-C6 firmware	2026-09-24T12:15:44.8501636Z [93/1416] Building C object esp-idf/mbedtls/mbedtls/library/CMakeFiles/mbedcrypto.dir/opt/esp/idf/components/mbedtls/port/esp_mem.c.obj^[[K
build	Build ESP32-C6 firmware	2026-09-24T12:15:44.8556240Z [94/1416] Building C object esp-idf/mbedtls/mbedtls/library/CMakeFiles/mbedcrypto.dir/opt/esp/idf/components/mbedtls/port/esp_hardware.c.obj^[[K
build	Build ESP32-C6 firmware	2026-09-24T12:15:44.8624137Z [95/1416] Building C object esp-idf/mbedtls/mbedtls/library/CMakeFiles/mbedcrypto.dir/opt/esp/idf/components/mbedtls/port/aes/dma/esp_aes_dma_core.c.obj^[[K
build	Build ESP32-C6 firmware	2026-09-24T12:15:44.8663490Z [96/1416] Building C object esp-idf/mbedtls/mbedtls/library/CMakeFiles/mbedcrypto.dir/opt/esp/idf/components/mbedtls/port/esp_timing.c.obj^[[K
build	Build ESP32-C6 firmware	2026-09-24T12:15:44.8762059Z [97/1416] Building C object esp-idf/mbedtls/mbedtls/library/CMakeFiles/mbedcrypto.dir/opt/esp/idf/components/mbedtls/port/crypto_shared_gdma/esp_crypto_shared_gdma.c.obj^[[K
build	Build ESP32-C6 firmware	2026-09-24T12:15:44.9686745Z [98/1416] Building C object esp-idf/mbedtls/mbedtls/library/CMakeFiles/mbedcrypto.dir/opt/esp/idf/components/mbedtls/port/aes/esp_aes_xts.c.obj^[[K
build	Build ESP32-C6 firmware	2026-09-24T12:15:45.0289450Z [99/1416] Building C object esp-idf/mbedtls/mbedtls/library/CMakeFiles/mbedcrypto.dir/opt/esp/idf/components/mbedtls/port/aes/esp_aes_common.c.obj^[[K
build	Build ESP32-C6 firmware	2026-09-24T12:15:45.0582086Z [100/1416] Building C object esp-idf/mbedtls/mbedtls/library/CMakeFiles/mbedcrypto.dir/opt/esp/idf/components/mbedtls/port/sha/esp_sha.c.obj^[[K
build	Build ESP32-C6 firmware	2026-09-24T12:15:45.0636015Z [101/1416] Building C object esp-idf/mbedtls/mbedtls/library/CMakeFiles/mbedcrypto.dir/opt/esp/idf/components/mbedtls/port/aes/dma/esp_aes.c.obj^[[K
build	Build ESP32-C6 firmware	2026-09-24T12:15:45.0689245Z [102/1416] Building C object esp-idf/mbedtls/mbedtls/library/CMakeFiles/mbedcrypto.dir/opt/esp/idf/components/mbedtls/port/esp_ds/esp_rsa_sign_alt.c.obj^[[K
build	Build ESP32-C6 firmware	2026-09-24T12:15:45.1226970Z [103/1416] Building C object esp-idf/mbedtls/mbedtls/library/CMakeFiles/mbedcrypto.dir/opt/esp/idf/components/mbedtls/port/sha/dma/sha.c.obj^[[K
build	Build ESP32-C6 firmware	2026-09-24T12:15:45.1285446Z [104/1416] Building C object esp-idf/mbedtls/mbedtls/library/CMakeFiles/mbedcrypto.dir/opt/esp/idf/components/mbedtls/port/bignum/esp_bignum.c.obj^[[K
build	Build ESP32-C6 firmware	2026-09-24T12:15:45.1869969Z [105/1416] Building C object esp-idf/mbedtls/mbedtls/library/CMakeFiles/mbedcrypto.dir/opt/esp/idf/components/mbedtls/port/sha/dma/esp_sha512.c.obj^[[K
build	Build ESP32-C6 firmware	2026-09-24T12:15:45.2214909Z [106/1416] Building C object esp-idf/mbedtls/mbedtls/library/CMakeFiles/mbedcrypto.dir/opt/esp/idf/components/mbedtls/port/bignum/bignum_alt.c.obj^[[K
build	Build ESP32-C6 firmware	2026-09-24T12:15:45.2308331Z [107/1416] Building C object esp-idf/mbedtls/mbedtls/library/CMakeFiles/mbedcrypto.dir/opt/esp/idf/components/mbedtls/port/ecc/esp_ecc.c.obj^[[K
build	Build ESP32-C6 firmware	2026-09-24T12:15:45.2344871Z [108/1416] Building C object esp-idf/mbedtls/mbedtls/library/CMakeFiles/mbedcrypto.dir/opt/esp/idf/components/mbedtls/port/sha/dma/esp_sha1.c.obj^[[K
build	Build ESP32-C6 firmware	2026-09-24T12:15:45.2492322Z [109/1416] Building C object esp-idf/mbedtls/mbedtls/library/CMakeFiles/mbedcrypto.dir/opt/esp/idf/components/mbedtls/port/sha/dma/esp_sha256.c.obj^[[K
build	Build ESP32-C6 firmware	2026-09-24T12:15:45.3354469Z [110/1416] Building C object esp-idf/mbedtls/mbedtls/library/CMakeFiles/mbedcrypto.dir/opt/esp/idf/components/mbedtls/port/ecc/ecc_alt.c.obj^[[K
build	Build ESP32-C6 firmware	2026-09-24T12:15:45.3632397Z [111/1416] Building C object esp-idf/mbedtls/mbedtls/library/CMakeFiles/mbedcrypto.dir/opt/esp/idf/components/mbedtls/port/md/esp_md.c.obj^[[K
build	Build ESP32-C6 firmware	2026-09-24T12:15:45.4376445Z [112/1416] Building C object esp-idf/mbedtls/mbedtls/library/CMakeFiles/mbedcrypto.dir/opt/esp/idf/components/mbedtls/port/aes/esp_aes_gcm.c.obj^[[K
build	Build ESP32-C6 firmware	2026-09-24T12:15:45.5089316Z [113/1416] Building C object esp-idf/mbedtls/mbedtls/library/CMakeFiles/mbedx509.dir/pkcs7.c.obj^[[K
build	Build ESP32-C6 firmware	2026-09-24T12:15:45.5416153Z [114/1416] Building C object esp-idf/mbedtls/mbedtls/library/CMakeFiles/mbedx509.dir/x509_create.c.obj^[[K
build	Build ESP32-C6 firmware	2026-09-24T12:15:45.7116270Z [115/1416] Building C object esp-idf/mbedtls/mbedtls/library/CMakeFiles/mbedx509.dir/x509_crl.c.obj^[[K
build	Build ESP32-C6 firmware	2026-09-24T12:15:45.7315776Z [116/1416] Building C object esp-idf/mbedtls/mbedtls/library/CMakeFiles/mbedx509.dir/x509_csr.c.obj^[[K
build	Build ESP32-C6 firmware	2026-09-24T12:15:45.7317062Z [117/1416] Building C object esp-idf/mbedtls/mbedtls/library/CMakeFiles/mbedx509.dir/x509write.c.obj^[[K
build	Build ESP32-C6 firmware	2026-09-24T12:15:45.7464765Z [118/1416] Building C object esp-idf/mbedtls/mbedtls/library/CMakeFiles/mbedx509.dir/x509write_crt.c.obj^[[K
build	Build ESP32-C6 firmware	2026-09-24T12:15:45.7908423Z [119/1416] Building C object esp-idf/mbedtls/mbedtls/library/CMakeFiles/mbedx509.dir/x509.c.obj^[[K
build	Build ESP32-C6 firmware	2026-09-24T12:15:45.8343648Z [120/1416] Building C object esp-idf/mbedtls/mbedtls/library/CMakeFiles/mbedx509.dir/x509write_csr.c.obj^[[K
build	Build ESP32-C6 firmware	2026-09-24T12:15:45.8690229Z [121/1416] Building C object esp-idf/mbedtls/mbedtls/library/CMakeFiles/mbedx509.dir/x509_crt.c.obj^[[K
build	Build ESP32-C6 firmware	2026-09-24T12:15:45.8711441Z [122/1416] Building C object esp-idf/mbedtls/mbedtls/library/CMakeFiles/mbedtls.dir/debug.c.obj^[[K
build	Build ESP32-C6 firmware	2026-09-24T12:15:45.8712453Z [123/1416] Building C object esp-idf/mbedtls/mbedtls/library/CMakeFiles/mbedtls.dir/mps_reader.c.obj^[[K
build	Build ESP32-C6 firmware	2026-09-24T12:15:46.1451940Z [124/1416] Building C object esp-idf/mbedtls/mbedtls/library/CMakeFiles/mbedtls.dir/mps_trace.c.obj^[[K
build	Build ESP32-C6 firmware	2026-09-24T12:15:46.2347479Z [125/1416] Building C object esp-idf/mbedtls/mbedtls/library/CMakeFiles/mbedtls.dir/ssl_cache.c.obj^[[K
build	Build ESP32-C6 firmware	2026-09-24T12:15:46.2377657Z [126/1416] Building C object esp-idf/mbedtls/mbedtls/library/CMakeFiles/mbedtls.dir/ssl_client.c.obj^[[K
build	Build ESP32-C6 firmware	2026-09-24T12:15:46.2378926Z [127/1416] Building C object esp-idf/mbedtls/mbedtls/library/CMakeFiles/mbedtls.dir/ssl_ciphersuites.c.obj^[[K
build	Build ESP32-C6 firmware	2026-09-24T12:15:46.3154194Z [128/1416] Building C object esp-idf/mbedtls/mbedtls/library/CMakeFiles/mbedtls.dir/ssl_msg.c.obj^[[K
build	Build ESP32-C6 firmware	2026-09-24T12:15:46.3159782Z [129/1416] Building C object esp-idf/mbedtls/mbedtls/library/CMakeFiles/mbedtls.dir/ssl_cookie.c.obj^[[K
build	Build ESP32-C6 firmware	2026-09-24T12:15:46.4128125Z [130/1416] Building C object esp-idf/mbedtls/mbedtls/library/CMakeFiles/mbedtls.dir/ssl_debug_helpers_generated.c.obj^[[K
build	Build ESP32-C6 firmware	2026-09-24T12:15:46.4579529Z [131/1416] Building C object esp-idf/mbedtls/mbedtls/library/CMakeFiles/mbedtls.dir/ssl_ticket.c.obj^[[K
build	Build ESP32-C6 firmware	2026-09-24T12:15:46.4585621Z [132/1416] Building C object esp-idf/mbedtls/mbedtls/library/CMakeFiles/mbedtls.dir/ssl_tls13_server.c.obj^[[K
build	Build ESP32-C6 firmware	2026-09-24T12:15:46.5359857Z [133/1416] Building C object esp-idf/mbedtls/mbedtls/library/CMakeFiles/mbedtls.dir/ssl_tls13_keys.c.obj^[[K
build	Build ESP32-C6 firmware	2026-09-24T12:15:46.5438097Z [134/1416] Building C object esp-idf/mbedtls/mbedtls/library/CMakeFiles/mbedtls.dir/ssl_tls13_client.c.obj^[[K
build	Build ESP32-C6 firmware	2026-09-24T12:15:46.5746815Z [135/1416] Building C object esp-idf/mbedtls/mbedtls/library/CMakeFiles/mbedtls.dir/ssl_tls12_client.c.obj^[[K
build	Build ESP32-C6 firmware	2026-09-24T12:15:46.5864274Z [136/1416] Building C object esp-idf/mbedtls/mbedtls/library/CMakeFiles/mbedtls.dir/ssl_tls13_generic.c.obj^[[K
build	Build ESP32-C6 firmware	2026-09-24T12:15:46.5944935Z [137/1416] Creating directories for 'bootloader'^[[K
build	Build ESP32-C6 firmware	2026-09-24T12:15:46.6095459Z [138/1416] No download step for 'bootloader'^[[K
build	Build ESP32-C6 firmware	2026-09-24T12:15:46.6153255Z [139/1416] No update step for 'bootloader'^[[K
build	Build ESP32-C6 firmware	2026-09-24T12:15:46.6271420Z [140/1416] No patch step for 'bootloader'^[[K
build	Build ESP32-C6 firmware	2026-09-24T12:15:46.6366652Z [141/1416] Building C object esp-idf/mbedtls/mbedtls/library/CMakeFiles/mbedtls.dir/opt/esp/idf/components/mbedtls/port/mbedtls_debug.c.obj^[[K
build	Build ESP32-C6 firmware	2026-09-24T12:15:46.6766734Z [142/1416] Building C object esp-idf/mbedtls/mbedtls/library/CMakeFiles/mbedtls.dir/ssl_tls12_server.c.obj^[[K
build	Build ESP32-C6 firmware	2026-09-24T12:15:46.7533705Z [143/1416] Building C object esp-idf/mbedtls/mbedtls/library/CMakeFiles/mbedtls.dir/opt/esp/idf/components/mbedtls/port/esp_platform_time.c.obj^[[K
build	Build ESP32-C6 firmware	2026-09-24T12:15:46.7613263Z [144/1416] Building C object esp-idf/mbedtls/mbedtls/library/CMakeFiles/mbedtls.dir/ssl_tls.c.obj^[[K
build	Build ESP32-C6 firmware	2026-09-24T12:15:46.8113075Z [145/1416] Building C object esp-idf/esp_bootloader_format/CMakeFiles/__idf_esp_bootloader_format.dir/esp_bootloader_desc.c.obj^[[K
build	Build ESP32-C6 firmware	2026-09-24T12:15:46.8772351Z [146/1416] Building C object esp-idf/esp_app_format/CMakeFiles/__idf_esp_app_format.dir/esp_app_desc.c.obj^[[K
build	Build ESP32-C6 firmware	2026-09-24T12:15:46.9150180Z [147/1416] Building C object esp-idf/mbedtls/mbedtls/library/CMakeFiles/mbedtls.dir/opt/esp/idf/components/mbedtls/port/net_sockets.c.obj^[[K
build	Build ESP32-C6 firmware	2026-09-24T12:15:46.9377492Z [148/1416] Building C object esp-idf/app_update/CMakeFiles/__idf_app_update.dir/esp_ota_app_desc.c.obj^[[K
build	Build ESP32-C6 firmware	2026-09-24T12:15:46.9681719Z [149/1416] Building C object esp-idf/app_update/CMakeFiles/__idf_app_update.dir/esp_ota_ops.c.obj^[[K
build	Build ESP32-C6 firmware	2026-09-24T12:15:46.9984477Z [150/1416] Building C object esp-idf/esp_partition/CMakeFiles/__idf_esp_partition.dir/partition_target.c.obj^[[K
build	Build ESP32-C6 firmware	2026-09-24T12:15:47.0045973Z [151/1416] Building C object esp-idf/efuse/CMakeFiles/__idf_efuse.dir/esp32c6/esp_efuse_table.c.obj^[[K
build	Build ESP32-C6 firmware	2026-09-24T12:15:47.0366659Z [152/1416] Building C object esp-idf/esp_partition/CMakeFiles/__idf_esp_partition.dir/partition.c.obj^[[K
build	Build ESP32-C6 firmware	2026-09-24T12:15:47.0791269Z [153/1416] Building C object esp-idf/efuse/CMakeFiles/__idf_efuse.dir/esp32c6/esp_efuse_fields.c.obj^[[K
build	Build ESP32-C6 firmware	2026-09-24T12:15:47.1267303Z [154/1416] Building C object esp-idf/efuse/CMakeFiles/__idf_efuse.dir/esp32c6/esp_efuse_rtc_calib.c.obj^[[K
build	Build ESP32-C6 firmware	2026-09-24T12:15:47.1672456Z [155/1416] Building C object esp-idf/efuse/CMakeFiles/__idf_efuse.dir/esp32c6/esp_efuse_utility.c.obj^[[K
build	Build ESP32-C6 firmware	2026-09-24T12:15:47.2080709Z [156/1416] Building C object esp-idf/efuse/CMakeFiles/__idf_efuse.dir/src/esp_efuse_fields.c.obj^[[K
build	Build ESP32-C6 firmware	2026-09-24T12:15:47.2386653Z [157/1416] Building C object esp-idf/efuse/CMakeFiles/__idf_efuse.dir/src/esp_efuse_api.c.obj^[[K
build	Build ESP32-C6 firmware	2026-09-24T12:15:47.2765156Z [158/1416] Building C object esp-idf/efuse/CMakeFiles/__idf_efuse.dir/src/esp_efuse_utility.c.obj^[[K
build	Build ESP32-C6 firmware	2026-09-24T12:15:47.2841351Z [159/1416] Building C object esp-idf/efuse/CMakeFiles/__idf_efuse.dir/src/esp_efuse_startup.c.obj^[[K
build	Build ESP32-C6 firmware	2026-09-24T12:15:47.3934697Z [160/1416] Building C object esp-idf/efuse/CMakeFiles/__idf_efuse.dir/src/efuse_controller/keys/with_key_purposes/esp_efuse_api_key.c.obj^[[K
build	Build ESP32-C6 firmware	2026-09-24T12:15:47.4037150Z [161/1416] Building C object esp-idf/bootloader_support/CMakeFiles/__idf_bootloader_support.dir/src/bootloader_common.c.obj^[[K
build	Build ESP32-C6 firmware	2026-09-24T12:15:47.4065199Z [162/1416] Building C object esp-idf/bootloader_support/CMakeFiles/__idf_bootloader_support.dir/src/bootloader_mem.c.obj^[[K
build	Build ESP32-C6 firmware	2026-09-24T12:15:47.4270371Z [163/1416] Building C object esp-idf/bootloader_support/CMakeFiles/__idf_bootloader_support.dir/src/bootloader_random.c.obj^[[K
build	Build ESP32-C6 firmware	2026-09-24T12:15:47.4948770Z [164/1416] Building C object esp-idf/bootloader_support/CMakeFiles/__idf_bootloader_support.dir/src/bootloader_clock_init.c.obj^[[K
build	Build ESP32-C6 firmware	2026-09-24T12:15:47.5153463Z [165/1416] Building C object esp-idf/bootloader_support/CMakeFiles/__idf_bootloader_support.dir/src/bootloader_common_loader.c.obj^[[K
build	Build ESP32-C6 firmware	2026-09-24T12:15:47.5321759Z [166/1416] Building C object esp-idf/bootloader_support/CMakeFiles/__idf_bootloader_support.dir/src/bootloader_efuse.c.obj^[[K
build	Build ESP32-C6 firmware	2026-09-24T12:15:47.5529165Z [167/1416] Building C object esp-idf/bootloader_support/CMakeFiles/__idf_bootloader_support.dir/src/secure_boot.c.obj^[[K
build	Build ESP32-C6 firmware	2026-09-24T12:15:47.5992675Z [168/1416] Building C object esp-idf/bootloader_support/CMakeFiles/__idf_bootloader_support.dir/src/bootloader_random_esp32c6.c.obj^[[K
build	Build ESP32-C6 firmware	2026-09-24T12:15:47.6994454Z [169/1416] Building C object esp-idf/bootloader_support/CMakeFiles/__idf_bootloader_support.dir/src/flash_encrypt.c.obj^[[K
build	Build ESP32-C6 firmware	2026-09-24T12:15:47.7095587Z [170/1416] Building C object esp-idf/bootloader_support/CMakeFiles/__idf_bootloader_support.dir/bootloader_flash/src/bootloader_flash_config_esp32c6.c.obj^[[K
build	Build ESP32-C6 firmware	2026-09-24T12:15:47.7606670Z [171/1416] Building C object esp-idf/bootloader_support/CMakeFiles/__idf_bootloader_support.dir/bootloader_flash/src/flash_qio_mode.c.obj^[[K
build	Build ESP32-C6 firmware	2026-09-24T12:15:47.7643820Z [172/1416] Building C object esp-idf/bootloader_support/CMakeFiles/__idf_bootloader_support.dir/src/flash_partitions.c.obj^[[K
build	Build ESP32-C6 firmware	2026-09-24T12:15:47.9050969Z [173/1416] Building C object esp-idf/bootloader_support/CMakeFiles/__idf_bootloader_support.dir/bootloader_flash/src/bootloader_flash.c.obj^[[K
build	Build ESP32-C6 firmware	2026-09-24T12:15:47.9172218Z [174/1416] Building C object esp-idf/bootloader_support/CMakeFiles/__idf_bootloader_support.dir/src/bootloader_utility.c.obj^[[K
build	Build ESP32-C6 firmware	2026-09-24T12:15:47.9325037Z [175/1416] Building C object esp-idf/bootloader_support/CMakeFiles/__idf_bootloader_support.dir/src/idf/bootloader_sha.c.obj^[[K
build	Build ESP32-C6 firmware	2026-09-24T12:15:47.9828534Z [176/1416] Building C object esp-idf/bootloader_support/CMakeFiles/__idf_bootloader_support.dir/src/esp32c6/secure_boot_secure_features.c.obj^[[K
build	Build ESP32-C6 firmware	2026-09-24T12:15:47.9941267Z [177/1416] Building C object esp-idf/esp_mm/CMakeFiles/__idf_esp_mm.dir/esp_mmu_map.c.obj^[[K
build	Build ESP32-C6 firmware	2026-09-24T12:15:48.0064037Z [178/1416] Building C object esp-idf/bootloader_support/CMakeFiles/__idf_bootloader_support.dir/src/esp_image_format.c.obj^[[K
build	Build ESP32-C6 firmware	2026-09-24T12:15:48.0501860Z [179/1416] Building C object esp-idf/esp_mm/CMakeFiles/__idf_esp_mm.dir/port/esp32c6/ext_mem_layout.c.obj^[[K
build	Build ESP32-C6 firmware	2026-09-24T12:15:48.0556585Z [180/1416] Building C object esp-idf/spi_flash/CMakeFiles/__idf_spi_flash.dir/flash_brownout_hook.c.obj^[[K
build	Build ESP32-C6 firmware	2026-09-24T12:15:48.0855102Z [181/1416] Building C object esp-idf/esp_mm/CMakeFiles/__idf_esp_mm.dir/heap_align_hw.c.obj^[[K
build	Build ESP32-C6 firmware	2026-09-24T12:15:48.0981556Z [182/1416] Building C object esp-idf/esp_mm/CMakeFiles/__idf_esp_mm.dir/esp_cache.c.obj^[[K
build	Build ESP32-C6 firmware	2026-09-24T12:15:48.1795886Z [183/1416] Building C object esp-idf/spi_flash/CMakeFiles/__idf_spi_flash.dir/spi_flash_chip_drivers.c.obj^[[K
build	Build ESP32-C6 firmware	2026-09-24T12:15:48.2410410Z [184/1416] Building C object esp-idf/spi_flash/CMakeFiles/__idf_spi_flash.dir/spi_flash_chip_issi.c.obj^[[K
build	Build ESP32-C6 firmware	2026-09-24T12:15:48.2457627Z [185/1416] Building C object esp-idf/spi_flash/CMakeFiles/__idf_spi_flash.dir/spi_flash_chip_mxic.c.obj^[[K
build	Build ESP32-C6 firmware	2026-09-24T12:15:48.2603080Z [186/1416] Building C object esp-idf/spi_flash/CMakeFiles/__idf_spi_flash.dir/spi_flash_chip_gd.c.obj^[[K
build	Build ESP32-C6 firmware	2026-09-24T12:15:48.2831468Z [187/1416] Building C object esp-idf/spi_flash/CMakeFiles/__idf_spi_flash.dir/spi_flash_chip_winbond.c.obj^[[K
build	Build ESP32-C6 firmware	2026-09-24T12:15:48.2925558Z [188/1416] Building C object esp-idf/spi_flash/CMakeFiles/__idf_spi_flash.dir/spi_flash_chip_generic.c.obj^[[K
build	Build ESP32-C6 firmware	2026-09-24T12:15:48.3522524Z [189/1416] Building C object esp-idf/spi_flash/CMakeFiles/__idf_spi_flash.dir/spi_flash_chip_boya.c.obj^[[K
build	Build ESP32-C6 firmware	2026-09-24T12:15:48.4502928Z [190/1416] Building C object esp-idf/spi_flash/CMakeFiles/__idf_spi_flash.dir/spi_flash_chip_th.c.obj^[[K
build	Build ESP32-C6 firmware	2026-09-24T12:15:48.4879230Z [191/1416] Building C object esp-idf/spi_flash/CMakeFiles/__idf_spi_flash.dir/spi_flash_chip_mxic_opi.c.obj^[[K
build	Build ESP32-C6 firmware	2026-09-24T12:15:48.5059723Z [192/1416] Building C object esp-idf/spi_flash/CMakeFiles/__idf_spi_flash.dir/memspi_host_driver.c.obj^[[K
build	Build ESP32-C6 firmware	2026-09-24T12:15:48.5464727Z [193/1416] Building C object esp-idf/spi_flash/CMakeFiles/__idf_spi_flash.dir/cache_utils.c.obj^[[K
build	Build ESP32-C6 firmware	2026-09-24T12:15:48.5811837Z [194/1416] Building C object esp-idf/spi_flash/CMakeFiles/__idf_spi_flash.dir/flash_ops.c.obj^[[K
build	Build ESP32-C6 firmware	2026-09-24T12:15:48.6008278Z [195/1416] Building C object esp-idf/spi_flash/CMakeFiles/__idf_spi_flash.dir/flash_mmap.c.obj^[[K
build	Build ESP32-C6 firmware	2026-09-24T12:15:48.6692025Z [196/1416] Building C object esp-idf/spi_flash/CMakeFiles/__idf_spi_flash.dir/spi_flash_wrap.c.obj^[[K
build	Build ESP32-C6 firmware	2026-09-24T12:15:48.7132336Z [197/1416] Building C object esp-idf/spi_flash/CMakeFiles/__idf_spi_flash.dir/spi_flash_os_func_noos.c.obj^[[K
build	Build ESP32-C6 firmware	2026-09-24T12:15:48.7963365Z [198/1416] Building C object esp-idf/esp_system/CMakeFiles/__idf_esp_system.dir/esp_err.c.obj^[[K
build	Build ESP32-C6 firmware	2026-09-24T12:15:48.8019254Z [199/1416] Building C object esp-idf/spi_flash/CMakeFiles/__idf_spi_flash.dir/esp_flash_spi_init.c.obj^[[K
build	Build ESP32-C6 firmware	2026-09-24T12:15:48.8059054Z [200/1416] Building C object esp-idf/spi_flash/CMakeFiles/__idf_spi_flash.dir/esp_flash_api.c.obj^[[K
build	Build ESP32-C6 firmware	2026-09-24T12:15:48.8489532Z [201/1416] Building C object esp-idf/spi_flash/CMakeFiles/__idf_spi_flash.dir/spi_flash_os_func_app.c.obj^[[K
build	Build ESP32-C6 firmware	2026-09-24T12:15:48.8624326Z [202/1416] Building C object esp-idf/esp_system/CMakeFiles/__idf_esp_system.dir/crosscore_int.c.obj^[[K
build	Build ESP32-C6 firmware	2026-09-24T12:15:48.9922902Z [203/1416] Building C object esp-idf/esp_system/CMakeFiles/__idf_esp_system.dir/esp_ipc.c.obj^[[K
build	Build ESP32-C6 firmware	2026-09-24T12:15:49.0044838Z [204/1416] Building C object esp-idf/esp_system/CMakeFiles/__idf_esp_system.dir/panic.c.obj^[[K
build	Build ESP32-C6 firmware	2026-09-24T12:15:49.0069945Z [205/1416] Building C object esp-idf/esp_system/CMakeFiles/__idf_esp_system.dir/freertos_hooks.c.obj^[[K
build	Build ESP32-C6 firmware	2026-09-24T12:15:49.0134293Z [206/1416] Building C object esp-idf/esp_system/CMakeFiles/__idf_esp_system.dir/startup.c.obj^[[K
build	Build ESP32-C6 firmware	2026-09-24T12:15:49.0298596Z [207/1416] Building C object esp-idf/esp_system/CMakeFiles/__idf_esp_system.dir/int_wdt.c.obj^[[K
build	Build ESP32-C6 firmware	2026-09-24T12:15:49.1021950Z [208/1416] Building C object esp-idf/esp_system/CMakeFiles/__idf_esp_system.dir/esp_system.c.obj^[[K
build	Build ESP32-C6 firmware	2026-09-24T12:15:49.1556382Z [209/1416] Building C object esp-idf/esp_system/CMakeFiles/__idf_esp_system.dir/stack_check.c.obj^[[K
build	Build ESP32-C6 firmware	2026-09-24T12:15:49.1667849Z [210/1416] Building C object esp-idf/esp_system/CMakeFiles/__idf_esp_system.dir/xt_wdt.c.obj^[[K
build	Build ESP32-C6 firmware	2026-09-24T12:15:49.1967123Z [211/1416] Building C object esp-idf/esp_system/CMakeFiles/__idf_esp_system.dir/system_time.c.obj^[[K
build	Build ESP32-C6 firmware	2026-09-24T12:15:49.2934379Z [212/1416] Building C object esp-idf/esp_system/CMakeFiles/__idf_esp_system.dir/ubsan.c.obj^[[K
build	Build ESP32-C6 firmware	2026-09-24T12:15:49.3113838Z [213/1416] Building C object esp-idf/esp_system/CMakeFiles/__idf_esp_system.dir/startup_funcs.c.obj^[[K
build	Build ESP32-C6 firmware	2026-09-24T12:15:49.3118776Z [214/1416] Building C object esp-idf/esp_system/CMakeFiles/__idf_esp_system.dir/systick_etm.c.obj^[[K
build	Build ESP32-C6 firmware	2026-09-24T12:15:49.3502372Z [215/1416] Building C object esp-idf/esp_system/CMakeFiles/__idf_esp_system.dir/hw_stack_guard.c.obj^[[K
build	Build ESP32-C6 firmware	2026-09-24T12:15:49.3855559Z [216/1416] Building C object esp-idf/esp_system/CMakeFiles/__idf_esp_system.dir/task_wdt/task_wdt.c.obj^[[K
build	Build ESP32-C6 firmware	2026-09-24T12:15:49.5117318Z [217/1416] Building C object esp-idf/esp_system/CMakeFiles/__idf_esp_system.dir/task_wdt/task_wdt_impl_timergroup.c.obj^[[K
build	Build ESP32-C6 firmware	2026-09-24T12:15:49.5500047Z [218/1416] Building C object esp-idf/esp_system/CMakeFiles/__idf_esp_system.dir/port/esp_system_chip.c.obj^[[K
build	Build ESP32-C6 firmware	2026-09-24T12:15:49.5822543Z [219/1416] Building C object esp-idf/esp_system/CMakeFiles/__idf_esp_system.dir/port/image_process.c.obj^[[K
build	Build ESP32-C6 firmware	2026-09-24T12:15:49.5823849Z [220/1416] Building C object esp-idf/esp_system/CMakeFiles/__idf_esp_system.dir/port/panic_handler.c.obj^[[K
build	Build ESP32-C6 firmware	2026-09-24T12:15:49.6139177Z [221/1416] Building C object esp-idf/esp_system/CMakeFiles/__idf_esp_system.dir/port/brownout.c.obj^[[K
build	Build ESP32-C6 firmware	2026-09-24T12:15:49.6819753Z [222/1416] Building C object esp-idf/esp_system/CMakeFiles/__idf_esp_system.dir/port/cpu_start.c.obj^[[K
build	Build ESP32-C6 firmware	2026-09-24T12:15:49.7245573Z [223/1416] Building C object esp-idf/esp_system/CMakeFiles/__idf_esp_system.dir/port/arch/riscv/expression_with_stack.c.obj^[[K
build	Build ESP32-C6 firmware	2026-09-24T12:15:49.7489523Z [224/1416] Building C object esp-idf/esp_system/CMakeFiles/__idf_esp_system.dir/port/arch/riscv/debug_stubs.c.obj^[[K
build	Build ESP32-C6 firmware	2026-09-24T12:15:49.7490711Z [225/1416] Building C object esp-idf/esp_system/CMakeFiles/__idf_esp_system.dir/port/arch/riscv/panic_arch.c.obj^[[K
build	Build ESP32-C6 firmware	2026-09-24T12:15:49.8654718Z [226/1416] Building C object esp-idf/esp_system/CMakeFiles/__idf_esp_system.dir/port/arch/riscv/debug_helpers.c.obj^[[K
build	Build ESP32-C6 firmware	2026-09-24T12:15:49.8972832Z [227/1416] Building C object esp-idf/esp_system/CMakeFiles/__idf_esp_system.dir/port/soc/esp32c6/reset_reason.c.obj^[[K
build	Build ESP32-C6 firmware	2026-09-24T12:15:49.9012580Z [228/1416] Building C object esp-idf/esp_system/CMakeFiles/__idf_esp_system.dir/port/soc/esp32c6/system_internal.c.obj^[[K
build	Build ESP32-C6 firmware	2026-09-24T12:15:49.9415026Z [229/1416] Building C object esp-idf/esp_system/CMakeFiles/__idf_esp_system.dir/port/soc/esp32c6/cache_err_int.c.obj^[[K
build	Build ESP32-C6 firmware	2026-09-24T12:15:49.9959459Z [230/1416] Building C object esp-idf/esp_rom/CMakeFiles/__idf_esp_rom.dir/patches/esp_rom_crc.c.obj^[[K
build	Build ESP32-C6 firmware	2026-09-24T12:15:50.0158040Z [231/1416] Building C object esp-idf/esp_rom/CMakeFiles/__idf_esp_rom.dir/patches/esp_rom_sys.c.obj^[[K
build	Build ESP32-C6 firmware	2026-09-24T12:15:50.0456788Z [232/1416] Building C object esp-idf/esp_system/CMakeFiles/__idf_esp_system.dir/port/soc/esp32c6/clk.c.obj^[[K
build	Build ESP32-C6 firmware	2026-09-24T12:15:50.0804573Z [233/1416] Building C object esp-idf/esp_rom/CMakeFiles/__idf_esp_rom.dir/patches/esp_rom_print.c.obj^[[K
build	Build ESP32-C6 firmware	2026-09-24T12:15:50.1086593Z [234/1416] Building C object esp-idf/esp_rom/CMakeFiles/__idf_esp_rom.dir/patches/esp_rom_uart.c.obj^[[K
build	Build ESP32-C6 firmware	2026-09-24T12:15:50.1121563Z [235/1416] Building C object esp-idf/esp_rom/CMakeFiles/__idf_esp_rom.dir/patches/esp_rom_spiflash.c.obj^[[K
build	Build ESP32-C6 firmware	2026-09-24T12:15:50.1617973Z [236/1416] Building C object esp-idf/esp_rom/CMakeFiles/__idf_esp_rom.dir/patches/esp_rom_efuse.c.obj^[[K
build	Build ESP32-C6 firmware	2026-09-24T12:15:50.2164396Z [237/1416] Building C object esp-idf/esp_rom/CMakeFiles/__idf_esp_rom.dir/patches/esp_rom_gpio.c.obj^[[K
build	Build ESP32-C6 firmware	2026-09-24T12:15:50.2224277Z [238/1416] Building C object esp-idf/esp_rom/CMakeFiles/__idf_esp_rom.dir/patches/esp_rom_multi_heap.c.obj^[[K
build	Build ESP32-C6 firmware	2026-09-24T12:15:50.2303769Z [239/1416] Building C object esp-idf/esp_rom/CMakeFiles/__idf_esp_rom.dir/patches/esp_rom_tlsf.c.obj^[[K
build	Build ESP32-C6 firmware	2026-09-24T12:15:50.2741166Z [240/1416] Building C object esp-idf/esp_rom/CMakeFiles/__idf_esp_rom.dir/patches/esp_rom_hp_regi2c_esp32c6.c.obj^[[K
build	Build ESP32-C6 firmware	2026-09-24T12:15:50.2854985Z [241/1416] Building C object esp-idf/esp_rom/CMakeFiles/__idf_esp_rom.dir/patches/esp_rom_systimer.c.obj^[[K
build	Build ESP32-C6 firmware	2026-09-24T12:15:50.3338424Z [242/1416] Building C object esp-idf/esp_common/CMakeFiles/__idf_esp_common.dir/src/esp_err_to_name.c.obj^[[K
build	Build ESP32-C6 firmware	2026-09-24T12:15:50.3403387Z [243/1416] Building C object esp-idf/hal/CMakeFiles/__idf_hal.dir/efuse_hal.c.obj^[[K
build	Build ESP32-C6 firmware	2026-09-24T12:15:50.3571488Z [244/1416] Building C object esp-idf/hal/CMakeFiles/__idf_hal.dir/hal_utils.c.obj^[[K
build	Build ESP32-C6 firmware	2026-09-24T12:15:50.4338008Z [245/1416] Building C object esp-idf/esp_rom/CMakeFiles/__idf_esp_rom.dir/patches/esp_rom_wdt.c.obj^[[K
build	Build ESP32-C6 firmware	2026-09-24T12:15:50.4432491Z [246/1416] Building C object esp-idf/hal/CMakeFiles/__idf_hal.dir/lp_timer_hal.c.obj^[[K
build	Build ESP32-C6 firmware	2026-09-24T12:15:50.4489781Z [247/1416] Building C object esp-idf/hal/CMakeFiles/__idf_hal.dir/color_hal.c.obj^[[K
build	Build ESP32-C6 firmware	2026-09-24T12:15:50.4955759Z [248/1416] Building C object esp-idf/hal/CMakeFiles/__idf_hal.dir/esp32c6/efuse_hal.c.obj^[[K
build	Build ESP32-C6 firmware	2026-09-24T12:15:50.5279738Z [249/1416] Building C object esp-idf/hal/CMakeFiles/__idf_hal.dir/cache_hal.c.obj^[[K
build	Build ESP32-C6 firmware	2026-09-24T12:15:50.5722259Z [250/1416] Building C object esp-idf/hal/CMakeFiles/__idf_hal.dir/mmu_hal.c.obj^[[K
build	Build ESP32-C6 firmware	2026-09-24T12:15:50.5917672Z [251/1416] Building C object esp-idf/hal/CMakeFiles/__idf_hal.dir/spi_flash_encrypt_hal_iram.c.obj^[[K
build	Build ESP32-C6 firmware	2026-09-24T12:15:50.5938157Z [252/1416] Performing configure step for 'bootloader'^[[K
build	Build ESP32-C6 firmware	2026-09-24T12:15:50.5938776Z -- Found Git: /usr/bin/git (found version "2.43.0")
build	Build ESP32-C6 firmware	2026-09-24T12:15:50.5939117Z -- The C compiler identification is GNU 14.2.0
build	Build ESP32-C6 firmware	2026-09-24T12:15:50.5939385Z -- The CXX compiler identification is GNU 14.2.0
build	Build ESP32-C6 firmware	2026-09-24T12:15:50.5939662Z -- The ASM compiler identification is GNU
build	Build ESP32-C6 firmware	2026-09-24T12:15:50.5940095Z -- Found assembler: /opt/esp/tools/riscv32-esp-elf/esp-14.2.0_20241119/riscv32-esp-elf/bin/riscv32-esp-elf-gcc
build	Build ESP32-C6 firmware	2026-09-24T12:15:50.5940560Z -- Detecting C compiler ABI info
build	Build ESP32-C6 firmware	2026-09-24T12:15:50.5940787Z -- Detecting C compiler ABI info - done
build	Build ESP32-C6 firmware	2026-09-24T12:15:50.5941270Z -- Check for working C compiler: /opt/esp/tools/riscv32-esp-elf/esp-14.2.0_20241119/riscv32-esp-elf/bin/riscv32-esp-elf-gcc - skipped
build	Build ESP32-C6 firmware	2026-09-24T12:15:50.5941749Z -- Detecting C compile features
build	Build ESP32-C6 firmware	2026-09-24T12:15:50.5941992Z -- Detecting C compile features - done
build	Build ESP32-C6 firmware	2026-09-24T12:15:50.5942237Z -- Detecting CXX compiler ABI info
build	Build ESP32-C6 firmware	2026-09-24T12:15:50.5942469Z -- Detecting CXX compiler ABI info - done
build	Build ESP32-C6 firmware	2026-09-24T12:15:50.5942967Z -- Check for working CXX compiler: /opt/esp/tools/riscv32-esp-elf/esp-14.2.0_20241119/riscv32-esp-elf/bin/riscv32-esp-elf-g++ - skipped
build	Build ESP32-C6 firmware	2026-09-24T12:15:50.5946549Z -- Detecting CXX compile features
build	Build ESP32-C6 firmware	2026-09-24T12:15:50.5946830Z -- Detecting CXX compile features - done
build	Build ESP32-C6 firmware	2026-09-24T12:15:50.5947104Z -- Building ESP-IDF components for target esp32c6
build	Build ESP32-C6 firmware	2026-09-24T12:15:50.5947450Z -- Project sdkconfig file /app/yuanwil1y/esp32c6-Pwnagotchi/sdkconfig
build	Build ESP32-C6 firmware	2026-09-24T12:15:50.5948006Z -- Adding linker script /opt/esp/idf/components/riscv/ld/rom.api.ld
build	Build ESP32-C6 firmware	2026-09-24T12:15:50.5948442Z -- Adding linker script /opt/esp/idf/components/soc/esp32c6/ld/esp32c6.peripherals.ld
build	Build ESP32-C6 firmware	2026-09-24T12:15:50.5950123Z -- Bootloader project name: "bootloader" version: 1
build	Build ESP32-C6 firmware	2026-09-24T12:15:50.5951709Z -- Adding linker script /opt/esp/idf/components/esp_rom/esp32c6/ld/esp32c6.rom.ld
build	Build ESP32-C6 firmware	2026-09-24T12:15:50.5953325Z -- Adding linker script /opt/esp/idf/components/esp_rom/esp32c6/ld/esp32c6.rom.api.ld
build	Build ESP32-C6 firmware	2026-09-24T12:15:50.5955041Z -- Adding linker script /opt/esp/idf/components/esp_rom/esp32c6/ld/esp32c6.rom.rvfp.ld
build	Build ESP32-C6 firmware	2026-09-24T12:15:50.5956240Z -- Adding linker script /opt/esp/idf/components/esp_rom/esp32c6/ld/esp32c6.rom.wdt.ld
build	Build ESP32-C6 firmware	2026-09-24T12:15:50.5958393Z -- Adding linker script /opt/esp/idf/components/esp_rom/esp32c6/ld/esp32c6.rom.systimer.ld
build	Build ESP32-C6 firmware	2026-09-24T12:15:50.5960002Z -- Adding linker script /opt/esp/idf/components/esp_rom/esp32c6/ld/esp32c6.rom.version.ld
build	Build ESP32-C6 firmware	2026-09-24T12:15:50.5961682Z -- Adding linker script /opt/esp/idf/components/esp_rom/esp32c6/ld/esp32c6.rom.newlib.ld
build	Build ESP32-C6 firmware	2026-09-24T12:15:50.5963445Z -- Adding linker script /opt/esp/idf/components/bootloader/subproject/main/ld/esp32c6/bootloader.ld
build	Build ESP32-C6 firmware	2026-09-24T12:15:50.5964166Z -- Adding linker script /opt/esp/idf/components/bootloader/subproject/main/ld/esp32c6/bootloader.rom.ld
build	Build ESP32-C6 firmware	2026-09-24T12:15:50.5965198Z -- Components: bootloader bootloader_support efuse esp_app_format esp_bootloader_format esp_common esp_hw_support esp_rom esp_security esp_system esptool_py freertos hal log main micro-ecc newlib partition_table riscv soc spi_flash
build	Build ESP32-C6 firmware	2026-09-24T12:15:50.5968762Z -- Component paths: /opt/esp/idf/components/bootloader /opt/esp/idf/components/bootloader_support /opt/esp/idf/components/efuse /opt/esp/idf/components/esp_app_format /opt/esp/idf/components/esp_bootloader_format /opt/esp/idf/components/esp_common /opt/esp/idf/components/esp_hw_support /opt/esp/idf/components/esp_rom /opt/esp/idf/components/esp_security /opt/esp/idf/components/esp_system /opt/esp/idf/components/esptool_py /opt/esp/idf/components/freertos /opt/esp/idf/components/hal /opt/esp/idf/components/log /opt/esp/idf/components/bootloader/subproject/main /opt/esp/idf/components/bootloader/subproject/components/micro-ecc /opt/esp/idf/components/newlib /opt/esp/idf/components/partition_table /opt/esp/idf/components/riscv /opt/esp/idf/components/soc /opt/esp/idf/components/spi_flash
build	Build ESP32-C6 firmware	2026-09-24T12:15:50.5971202Z -- Configuring done (3.9s)
build	Build ESP32-C6 firmware	2026-09-24T12:15:50.5971410Z -- Generating done (0.1s)
build	Build ESP32-C6 firmware	2026-09-24T12:15:50.5972998Z -- Build files have been written to: /app/yuanwil1y/esp32c6-Pwnagotchi/build/bootloader
build	Build ESP32-C6 firmware	2026-09-24T12:15:50.6529326Z 
build	Build ESP32-C6 firmware	2026-09-24T12:15:50.7367727Z [253/1416] Building C object esp-idf/hal/CMakeFiles/__idf_hal.dir/spi_flash_hal.c.obj^[[K
build	Build ESP32-C6 firmware	2026-09-24T12:15:50.8194620Z [254/1416] Building C object esp-idf/hal/CMakeFiles/__idf_hal.dir/esp32c6/clk_tree_hal.c.obj^[[K
build	Build ESP32-C6 firmware	2026-09-24T12:15:50.8535691Z [255/1416] Building C object esp-idf/hal/CMakeFiles/__idf_hal.dir/uart_hal_iram.c.obj^[[K
build	Build ESP32-C6 firmware	2026-09-24T12:15:50.8642296Z [256/1416] Building C object esp-idf/hal/CMakeFiles/__idf_hal.dir/uart_hal.c.obj^[[K
build	Build ESP32-C6 firmware	2026-09-24T12:15:50.9648751Z [257/1416] Building C object esp-idf/hal/CMakeFiles/__idf_hal.dir/spi_flash_hal_iram.c.obj^[[K
build	Build ESP32-C6 firmware	2026-09-24T12:15:50.9654254Z [258/1416] Building C object esp-idf/hal/CMakeFiles/__idf_hal.dir/rtc_io_hal.c.obj^[[K
build	Build ESP32-C6 firmware	2026-09-24T12:15:51.0648865Z [259/1416] Building C object esp-idf/hal/CMakeFiles/__idf_hal.dir/gpio_hal.c.obj^[[K
build	Build ESP32-C6 firmware	2026-09-24T12:15:51.0697883Z [260/1416] Building C object esp-idf/hal/CMakeFiles/__idf_hal.dir/ledc_hal.c.obj^[[K
build	Build ESP32-C6 firmware	2026-09-24T12:15:51.1358296Z [261/1416] Building C object esp-idf/hal/CMakeFiles/__idf_hal.dir/timer_hal.c.obj^[[K
build	Build ESP32-C6 firmware	2026-09-24T12:15:51.2335052Z [262/1416] Building C object esp-idf/hal/CMakeFiles/__idf_hal.dir/ledc_hal_iram.c.obj^[[K
build	Build ESP32-C6 firmware	2026-09-24T12:15:51.2377117Z [263/1416] Building C object esp-idf/hal/CMakeFiles/__idf_hal.dir/i2c_hal_iram.c.obj^[[K
build	Build ESP32-C6 firmware	2026-09-24T12:15:51.2990311Z [264/1416] Building C object esp-idf/hal/CMakeFiles/__idf_hal.dir/i2c_hal.c.obj^[[K
build	Build ESP32-C6 firmware	2026-09-24T12:15:51.3242855Z [265/1416] Building C object esp-idf/hal/CMakeFiles/__idf_hal.dir/rmt_hal.c.obj^[[K
build	Build ESP32-C6 firmware	2026-09-24T12:15:51.4104383Z [266/1416] Building C object esp-idf/hal/CMakeFiles/__idf_hal.dir/pcnt_hal.c.obj^[[K
build	Build ESP32-C6 firmware	2026-09-24T12:15:51.4207008Z [267/1416] Building C object esp-idf/hal/CMakeFiles/__idf_hal.dir/mcpwm_hal.c.obj^[[K
build	Build ESP32-C6 firmware	2026-09-24T12:15:51.4611650Z [268/1416] Building C object esp-idf/hal/CMakeFiles/__idf_hal.dir/twai_hal_iram.c.obj^[[K
build	Build ESP32-C6 firmware	2026-09-24T12:15:51.5894218Z [269/1416] Building C object esp-idf/hal/CMakeFiles/__idf_hal.dir/gdma_hal_top.c.obj^[[K
build	Build ESP32-C6 firmware	2026-09-24T12:15:51.5972866Z [270/1416] Building C object esp-idf/hal/CMakeFiles/__idf_hal.dir/sdm_hal.c.obj^[[K
build	Build ESP32-C6 firmware	2026-09-24T12:15:51.6085597Z [271/1416] Building C object esp-idf/hal/CMakeFiles/__idf_hal.dir/gdma_hal_ahb_v1.c.obj^[[K
build	Build ESP32-C6 firmware	2026-09-24T12:15:51.7193736Z [272/1416] Building C object esp-idf/hal/CMakeFiles/__idf_hal.dir/twai_hal.c.obj^[[K
build	Build ESP32-C6 firmware	2026-09-24T12:15:51.7402746Z [273/1416] Building C object esp-idf/hal/CMakeFiles/__idf_hal.dir/etm_hal.c.obj^[[K
build	Build ESP32-C6 firmware	2026-09-24T12:15:51.8244877Z [274/1416] Building C object esp-idf/hal/CMakeFiles/__idf_hal.dir/parlio_hal.c.obj^[[K
build	Build ESP32-C6 firmware	2026-09-24T12:15:51.9049304Z [275/1416] Building C object esp-idf/hal/CMakeFiles/__idf_hal.dir/adc_hal_common.c.obj^[[K
build	Build ESP32-C6 firmware	2026-09-24T12:15:51.9953546Z [276/1416] Building C object esp-idf/hal/CMakeFiles/__idf_hal.dir/adc_oneshot_hal.c.obj^[[K
build	Build ESP32-C6 firmware	2026-09-24T12:15:51.9958700Z [277/1416] Building C object esp-idf/hal/CMakeFiles/__idf_hal.dir/i2s_hal.c.obj^[[K
build	Build ESP32-C6 firmware	2026-09-24T12:15:52.0376628Z [278/1416] Building C object esp-idf/hal/CMakeFiles/__idf_hal.dir/ecc_hal.c.obj^[[K
build	Build ESP32-C6 firmware	2026-09-24T12:15:52.1470485Z [279/1416] Building C object esp-idf/hal/CMakeFiles/__idf_hal.dir/mpi_hal.c.obj^[[K
build	Build ESP32-C6 firmware	2026-09-24T12:15:52.2283962Z [280/1416] Building C object esp-idf/hal/CMakeFiles/__idf_hal.dir/adc_hal.c.obj^[[K
build	Build ESP32-C6 firmware	2026-09-24T12:15:52.2984169Z [281/1416] Building C object esp-idf/hal/CMakeFiles/__idf_hal.dir/sha_hal.c.obj^[[K
build	Build ESP32-C6 firmware	2026-09-24T12:15:52.2999991Z [282/1416] Building C object esp-idf/hal/CMakeFiles/__idf_hal.dir/esp32c6/pau_hal.c.obj^[[K
build	Build ESP32-C6 firmware	2026-09-24T12:15:52.3204417Z [283/1416] Building C object esp-idf/hal/CMakeFiles/__idf_hal.dir/aes_hal.c.obj^[[K
build	Build ESP32-C6 firmware	2026-09-24T12:15:52.3855626Z [284/1416] Building C object esp-idf/hal/CMakeFiles/__idf_hal.dir/brownout_hal.c.obj^[[K
build	Build ESP32-C6 firmware	2026-09-24T12:15:52.5480187Z [285/1416] Building C object esp-idf/hal/CMakeFiles/__idf_hal.dir/esp32c6/modem_clock_hal.c.obj^[[K
build	Build ESP32-C6 firmware	2026-09-24T12:15:52.6176902Z [286/1416] Building C object esp-idf/hal/CMakeFiles/__idf_hal.dir/spi_slave_hal_iram.c.obj^[[K
build	Build ESP32-C6 firmware	2026-09-24T12:15:52.7625305Z [287/1416] Building C object esp-idf/hal/CMakeFiles/__idf_hal.dir/spi_slave_hal.c.obj^[[K
build	Build ESP32-C6 firmware	2026-09-24T12:15:52.7844911Z [288/1416] Building C object esp-idf/hal/CMakeFiles/__idf_hal.dir/spi_hal_iram.c.obj^[[K
build	Build ESP32-C6 firmware	2026-09-24T12:15:52.8594176Z [289/1416] Building C object esp-idf/hal/CMakeFiles/__idf_hal.dir/spi_hal.c.obj^[[K
build	Build ESP32-C6 firmware	2026-09-24T12:15:52.9464810Z [290/1416] Building C object esp-idf/hal/CMakeFiles/__idf_hal.dir/spi_flash_hal_gpspi.c.obj^[[K
build	Build ESP32-C6 firmware	2026-09-24T12:15:53.0508590Z [291/1416] Building C object esp-idf/hal/CMakeFiles/__idf_hal.dir/spi_slave_hd_hal.c.obj^[[K
build	Build ESP32-C6 firmware	2026-09-24T12:15:53.0932289Z [292/1416] Building C object esp-idf/hal/CMakeFiles/__idf_hal.dir/esp32c6/pmu_hal.c.obj^[[K
build	Build ESP32-C6 firmware	2026-09-24T12:15:53.1236954Z [293/1416] Building C object esp-idf/hal/CMakeFiles/__idf_hal.dir/apm_hal.c.obj^[[K
build	Build ESP32-C6 firmware	2026-09-24T12:15:53.1630144Z [294/1416] Building C object esp-idf/hal/CMakeFiles/__idf_hal.dir/ds_hal.c.obj^[[K
build	Build ESP32-C6 firmware	2026-09-24T12:15:53.2014014Z [295/1416] Building C object esp-idf/hal/CMakeFiles/__idf_hal.dir/hmac_hal.c.obj^[[K
build	Build ESP32-C6 firmware	2026-09-24T12:15:53.3096723Z [296/1416] Building C object esp-idf/hal/CMakeFiles/__idf_hal.dir/usb_serial_jtag_hal.c.obj^[[K
build	Build ESP32-C6 firmware	2026-09-24T12:15:53.3798172Z [297/1416] Building C object esp-idf/hal/CMakeFiles/__idf_hal.dir/sdio_slave_hal.c.obj^[[K
build	Build ESP32-C6 firmware	2026-09-24T12:15:53.3806707Z [298/1416] Building C object esp-idf/log/CMakeFiles/__idf_log.dir/src/log_timestamp_common.c.obj^[[K
build	Build ESP32-C6 firmware	2026-09-24T12:15:53.4372328Z [299/1416] Building C object esp-idf/log/CMakeFiles/__idf_log.dir/src/os/log_timestamp.c.obj^[[K
build	Build ESP32-C6 firmware	2026-09-24T12:15:53.4674127Z [300/1416] Building C object esp-idf/log/CMakeFiles/__idf_log.dir/src/os/log_write.c.obj^[[K
build	Build ESP32-C6 firmware	2026-09-24T12:15:53.4919945Z [301/1416] Building C object esp-idf/log/CMakeFiles/__idf_log.dir/src/os/log_lock.c.obj^[[K
build	Build ESP32-C6 firmware	2026-09-24T12:15:53.4959526Z [302/1416] Building C object esp-idf/log/CMakeFiles/__idf_log.dir/src/util.c.obj^[[K
build	Build ESP32-C6 firmware	2026-09-24T12:15:53.5728058Z [303/1416] Building C object esp-idf/log/CMakeFiles/__idf_log.dir/src/log_level/log_level.c.obj^[[K
build	Build ESP32-C6 firmware	2026-09-24T12:15:53.5856457Z [304/1416] Building C object esp-idf/log/CMakeFiles/__idf_log.dir/src/log_level/tag_log_level/tag_log_level.c.obj^[[K
build	Build ESP32-C6 firmware	2026-09-24T12:15:53.6326674Z [305/1416] Building C object esp-idf/log/CMakeFiles/__idf_log.dir/src/buffer/log_buffers.c.obj^[[K
build	Build ESP32-C6 firmware	2026-09-24T12:15:53.6780449Z [306/1416] Building C object esp-idf/log/CMakeFiles/__idf_log.dir/src/log_level/tag_log_level/cache/log_binary_heap.c.obj^[[K
build	Build ESP32-C6 firmware	2026-09-24T12:15:53.7063802Z [307/1416] Building C object esp-idf/log/CMakeFiles/__idf_log.dir/src/log_level/tag_log_level/linked_list/log_linked_list.c.obj^[[K
build	Build ESP32-C6 firmware	2026-09-24T12:15:53.7780480Z [308/1416] Building C object esp-idf/heap/CMakeFiles/__idf_heap.dir/heap_caps_base.c.obj^[[K
build	Build ESP32-C6 firmware	2026-09-24T12:15:53.7905876Z [309/1416] Building C object esp-idf/heap/CMakeFiles/__idf_heap.dir/multi_heap.c.obj^[[K
build	Build ESP32-C6 firmware	2026-09-24T12:15:53.8045161Z [310/1416] Building C object esp-idf/heap/CMakeFiles/__idf_heap.dir/heap_caps_init.c.obj^[[K
build	Build ESP32-C6 firmware	2026-09-24T12:15:53.8278288Z [311/1416] Building C object esp-idf/heap/CMakeFiles/__idf_heap.dir/port/esp32c6/memory_layout.c.obj^[[K
build	Build ESP32-C6 firmware	2026-09-24T12:15:53.8308860Z [312/1416] Building C object esp-idf/heap/CMakeFiles/__idf_heap.dir/port/memory_layout_utils.c.obj^[[K
build	Build ESP32-C6 firmware	2026-09-24T12:15:53.8366442Z [313/1416] Building C object esp-idf/heap/CMakeFiles/__idf_heap.dir/heap_caps.c.obj^[[K
build	Build ESP32-C6 firmware	2026-09-24T12:15:53.8657694Z [314/1416] Building C object esp-idf/soc/CMakeFiles/__idf_soc.dir/lldesc.c.obj^[[K
build	Build ESP32-C6 firmware	2026-09-24T12:15:53.8864679Z [315/1416] Building C object esp-idf/soc/CMakeFiles/__idf_soc.dir/dport_access_common.c.obj^[[K
build	Build ESP32-C6 firmware	2026-09-24T12:15:53.9037526Z [316/1416] Building C object esp-idf/soc/CMakeFiles/__idf_soc.dir/esp32c6/adc_periph.c.obj^[[K
build	Build ESP32-C6 firmware	2026-09-24T12:15:53.9092464Z [317/1416] Building C object esp-idf/soc/CMakeFiles/__idf_soc.dir/esp32c6/uart_periph.c.obj^[[K
build	Build ESP32-C6 firmware	2026-09-24T12:15:53.9097189Z [318/1416] Building C object esp-idf/soc/CMakeFiles/__idf_soc.dir/esp32c6/interrupts.c.obj^[[K
build	Build ESP32-C6 firmware	2026-09-24T12:15:53.9308196Z [319/1416] Building C object esp-idf/soc/CMakeFiles/__idf_soc.dir/esp32c6/gpio_periph.c.obj^[[K
build	Build ESP32-C6 firmware	2026-09-24T12:15:53.9569595Z [320/1416] Building C object esp-idf/soc/CMakeFiles/__idf_soc.dir/esp32c6/dedic_gpio_periph.c.obj^[[K
build	Build ESP32-C6 firmware	2026-09-24T12:15:53.9699276Z [321/1416] Building C object esp-idf/soc/CMakeFiles/__idf_soc.dir/esp32c6/etm_periph.c.obj^[[K
build	Build ESP32-C6 firmware	2026-09-24T12:15:53.9862247Z [322/1416] Building C object esp-idf/soc/CMakeFiles/__idf_soc.dir/esp32c6/gdma_periph.c.obj^[[K
build	Build ESP32-C6 firmware	2026-09-24T12:15:54.0110211Z [323/1416] Building C object esp-idf/soc/CMakeFiles/__idf_soc.dir/esp32c6/ledc_periph.c.obj^[[K
build	Build ESP32-C6 firmware	2026-09-24T12:15:54.0200849Z [324/1416] Building C object esp-idf/soc/CMakeFiles/__idf_soc.dir/esp32c6/sdm_periph.c.obj^[[K
build	Build ESP32-C6 firmware	2026-09-24T12:15:54.0256674Z [325/1416] Building C object esp-idf/soc/CMakeFiles/__idf_soc.dir/esp32c6/spi_periph.c.obj^[[K
build	Build ESP32-C6 firmware	2026-09-24T12:15:54.0382408Z [326/1416] Building C object esp-idf/soc/CMakeFiles/__idf_soc.dir/esp32c6/pcnt_periph.c.obj^[[K
build	Build ESP32-C6 firmware	2026-09-24T12:15:54.0701573Z [327/1416] Building C object esp-idf/soc/CMakeFiles/__idf_soc.dir/esp32c6/rmt_periph.c.obj^[[K
build	Build ESP32-C6 firmware	2026-09-24T12:15:54.0702431Z [328/1416] Performing build step for 'bootloader'^[[K
build	Build ESP32-C6 firmware	2026-09-24T12:15:54.0703009Z [1/114] Generating project_elf_src_esp32c6.c^[[K
build	Build ESP32-C6 firmware	2026-09-24T12:15:54.0708685Z [2/114] Building C object esp-idf/soc/CMakeFiles/__idf_soc.dir/esp32c6/uart_periph.c.obj^[[K
build	Build ESP32-C6 firmware	2026-09-24T12:15:54.0714481Z [3/114] Building C object CMakeFiles/bootloader.elf.dir/project_elf_src_esp32c6.c.obj^[[K
build	Build ESP32-C6 firmware	2026-09-24T12:15:54.0719542Z [4/114] Building C object esp-idf/soc/CMakeFiles/__idf_soc.dir/esp32c6/interrupts.c.obj^[[K
build	Build ESP32-C6 firmware	2026-09-24T12:15:54.0720280Z [5/114] Building C object esp-idf/soc/CMakeFiles/__idf_soc.dir/lldesc.c.obj^[[K
build	Build ESP32-C6 firmware	2026-09-24T12:15:54.0721034Z [6/114] Building C object esp-idf/soc/CMakeFiles/__idf_soc.dir/esp32c6/gpio_periph.c.obj^[[K
build	Build ESP32-C6 firmware	2026-09-24T12:15:54.0726129Z [7/114] Building C object esp-idf/soc/CMakeFiles/__idf_soc.dir/esp32c6/etm_periph.c.obj^[[K
build	Build ESP32-C6 firmware	2026-09-24T12:15:54.0726867Z [8/114] Building C object esp-idf/soc/CMakeFiles/__idf_soc.dir/esp32c6/adc_periph.c.obj^[[K
build	Build ESP32-C6 firmware	2026-09-24T12:15:54.0732135Z [9/114] Building C object esp-idf/soc/CMakeFiles/__idf_soc.dir/dport_access_common.c.obj^[[K
build	Build ESP32-C6 firmware	2026-09-24T12:15:54.0736632Z [10/114] Building C object esp-idf/soc/CMakeFiles/__idf_soc.dir/esp32c6/dedic_gpio_periph.c.obj^[[K
build	Build ESP32-C6 firmware	2026-09-24T12:15:54.0741051Z [11/114] Building C object esp-idf/soc/CMakeFiles/__idf_soc.dir/esp32c6/ledc_periph.c.obj^[[K
build	Build ESP32-C6 firmware	2026-09-24T12:15:54.0742670Z [12/114] Building C object esp-idf/soc/CMakeFiles/__idf_soc.dir/esp32c6/spi_periph.c.obj^[[K
build	Build ESP32-C6 firmware	2026-09-24T12:15:54.0748154Z [13/114] Building C object esp-idf/soc/CMakeFiles/__idf_soc.dir/esp32c6/sdm_periph.c.obj^[[K
build	Build ESP32-C6 firmware	2026-09-24T12:15:54.0749347Z [14/114] Building C object esp-idf/soc/CMakeFiles/__idf_soc.dir/esp32c6/gdma_periph.c.obj^[[K
build	Build ESP32-C6 firmware	2026-09-24T12:15:54.0754196Z [15/114] Building C object esp-idf/soc/CMakeFiles/__idf_soc.dir/esp32c6/pcnt_periph.c.obj^[[K
build	Build ESP32-C6 firmware	2026-09-24T12:15:54.0754910Z [16/114] Building C object esp-idf/soc/CMakeFiles/__idf_soc.dir/esp32c6/i2s_periph.c.obj^[[K
build	Build ESP32-C6 firmware	2026-09-24T12:15:54.0759531Z [17/114] Building C object esp-idf/soc/CMakeFiles/__idf_soc.dir/esp32c6/temperature_sensor_periph.c.obj^[[K
build	Build ESP32-C6 firmware	2026-09-24T12:15:54.0760283Z [18/114] Building C object esp-idf/soc/CMakeFiles/__idf_soc.dir/esp32c6/rmt_periph.c.obj^[[K
build	Build ESP32-C6 firmware	2026-09-24T12:15:54.0765039Z [19/114] Building C object esp-idf/soc/CMakeFiles/__idf_soc.dir/esp32c6/i2c_periph.c.obj^[[K
build	Build ESP32-C6 firmware	2026-09-24T12:15:54.0765811Z [20/114] Building C object esp-idf/soc/CMakeFiles/__idf_soc.dir/esp32c6/timer_periph.c.obj^[[K
build	Build ESP32-C6 firmware	2026-09-24T12:15:54.0770491Z [21/114] Building C object esp-idf/soc/CMakeFiles/__idf_soc.dir/esp32c6/mcpwm_periph.c.obj^[[K
build	Build ESP32-C6 firmware	2026-09-24T12:15:54.0771210Z [22/114] Building C object esp-idf/soc/CMakeFiles/__idf_soc.dir/esp32c6/parlio_periph.c.obj^[[K
build	Build ESP32-C6 firmware	2026-09-24T12:15:54.0776006Z [23/114] Building C object esp-idf/soc/CMakeFiles/__idf_soc.dir/esp32c6/wdt_periph.c.obj^[[K
build	Build ESP32-C6 firmware	2026-09-24T12:15:54.0776756Z [24/114] Building C object esp-idf/soc/CMakeFiles/__idf_soc.dir/esp32c6/ieee802154_periph.c.obj^[[K
build	Build ESP32-C6 firmware	2026-09-24T12:15:54.0781587Z [25/114] Building C object esp-idf/soc/CMakeFiles/__idf_soc.dir/esp32c6/mpi_periph.c.obj^[[K
build	Build ESP32-C6 firmware	2026-09-24T12:15:54.0782314Z [26/114] Building C object esp-idf/soc/CMakeFiles/__idf_soc.dir/esp32c6/rtc_io_periph.c.obj^[[K
build	Build ESP32-C6 firmware	2026-09-24T12:15:54.0787086Z [27/114] Building C object esp-idf/soc/CMakeFiles/__idf_soc.dir/esp32c6/twai_periph.c.obj^[[K
build	Build ESP32-C6 firmware	2026-09-24T12:15:54.0791390Z [28/114] Building C object esp-idf/soc/CMakeFiles/__idf_soc.dir/esp32c6/system_retention_periph.c.obj^[[K
build	Build ESP32-C6 firmware	2026-09-24T12:15:54.0792144Z [29/114] Building C object esp-idf/soc/CMakeFiles/__idf_soc.dir/esp32c6/sdio_slave_periph.c.obj^[[K
build	Build ESP32-C6 firmware	2026-09-24T12:15:54.0796767Z [30/114] Building C object esp-idf/hal/CMakeFiles/__idf_hal.dir/esp32c6/efuse_hal.c.obj^[[K
build	Build ESP32-C6 firmware	2026-09-24T12:15:54.0797655Z [31/114] Building C object esp-idf/hal/CMakeFiles/__idf_hal.dir/efuse_hal.c.obj^[[K
build	Build ESP32-C6 firmware	2026-09-24T12:15:54.0802317Z [32/114] Building C object esp-idf/hal/CMakeFiles/__idf_hal.dir/lp_timer_hal.c.obj^[[K
build	Build ESP32-C6 firmware	2026-09-24T12:15:54.0806662Z [33/114] Building C object esp-idf/hal/CMakeFiles/__idf_hal.dir/hal_utils.c.obj^[[K
build	Build ESP32-C6 firmware	2026-09-24T12:15:54.0811100Z [34/114] Building C object esp-idf/esp_bootloader_format/CMakeFiles/__idf_esp_bootloader_format.dir/esp_bootloader_desc.c.obj^[[K
build	Build ESP32-C6 firmware	2026-09-24T12:15:54.0811850Z [35/114] Building C object esp-idf/hal/CMakeFiles/__idf_hal.dir/cache_hal.c.obj^[[K
build	Build ESP32-C6 firmware	2026-09-24T12:15:54.0816415Z [36/114] Building C object esp-idf/spi_flash/CMakeFiles/__idf_spi_flash.dir/spi_flash_wrap.c.obj^[[K
build	Build ESP32-C6 firmware	2026-09-24T12:15:54.0820800Z [37/114] Building C object esp-idf/hal/CMakeFiles/__idf_hal.dir/mmu_hal.c.obj^[[K
build	Build ESP32-C6 firmware	2026-09-24T12:15:54.0824959Z [38/114] Building C object esp-idf/bootloader_support/CMakeFiles/__idf_bootloader_support.dir/src/bootloader_mem.c.obj^[[K
build	Build ESP32-C6 firmware	2026-09-24T12:15:54.0829409Z [39/114] Building C object esp-idf/bootloader_support/CMakeFiles/__idf_bootloader_support.dir/src/bootloader_clock_init.c.obj^[[K
build	Build ESP32-C6 firmware	2026-09-24T12:15:54.0835207Z [40/114] Building C object esp-idf/bootloader_support/CMakeFiles/__idf_bootloader_support.dir/src/bootloader_common.c.obj^[[K
build	Build ESP32-C6 firmware	2026-09-24T12:15:54.0836367Z [41/114] Building C object esp-idf/bootloader_support/CMakeFiles/__idf_bootloader_support.dir/src/bootloader_random.c.obj^[[K
build	Build ESP32-C6 firmware	2026-09-24T12:15:54.0837295Z [42/114] Building C object esp-idf/bootloader_support/CMakeFiles/__idf_bootloader_support.dir/src/bootloader_efuse.c.obj^[[K
build	Build ESP32-C6 firmware	2026-09-24T12:15:54.0838318Z [43/114] Building C object esp-idf/bootloader_support/CMakeFiles/__idf_bootloader_support.dir/src/bootloader_common_loader.c.obj^[[K
build	Build ESP32-C6 firmware	2026-09-24T12:15:54.0843401Z [44/114] Building C object esp-idf/bootloader_support/CMakeFiles/__idf_bootloader_support.dir/src/bootloader_random_esp32c6.c.obj^[[K
build	Build ESP32-C6 firmware	2026-09-24T12:15:54.0844404Z [45/114] Building C object esp-idf/bootloader_support/CMakeFiles/__idf_bootloader_support.dir/src/flash_encrypt.c.obj^[[K
build	Build ESP32-C6 firmware	2026-09-24T12:15:54.0849267Z [46/114] Building C object esp-idf/bootloader_support/CMakeFiles/__idf_bootloader_support.dir/src/secure_boot.c.obj^[[K
build	Build ESP32-C6 firmware	2026-09-24T12:15:54.0850149Z [47/114] Building C object esp-idf/bootloader_support/CMakeFiles/__idf_bootloader_support.dir/src/flash_partitions.c.obj^[[K
build	Build ESP32-C6 firmware	2026-09-24T12:15:54.0855026Z [48/114] Building C object esp-idf/bootloader_support/CMakeFiles/__idf_bootloader_support.dir/bootloader_flash/src/flash_qio_mode.c.obj^[[K
build	Build ESP32-C6 firmware	2026-09-24T12:15:54.0860054Z [49/114] Building C object esp-idf/bootloader_support/CMakeFiles/__idf_bootloader_support.dir/bootloader_flash/src/bootloader_flash_config_esp32c6.c.obj^[[K
build	Build ESP32-C6 firmware	2026-09-24T12:15:54.0861100Z [50/114] Building C object esp-idf/bootloader_support/CMakeFiles/__idf_bootloader_support.dir/src/bootloader_clock_loader.c.obj^[[K
build	Build ESP32-C6 firmware	2026-09-24T12:15:54.0866129Z [51/114] Building C object esp-idf/micro-ecc/CMakeFiles/__idf_micro-ecc.dir/uECC_verify_antifault.c.obj^[[K
build	Build ESP32-C6 firmware	2026-09-24T12:15:54.0867050Z [52/114] Building C object esp-idf/bootloader_support/CMakeFiles/__idf_bootloader_support.dir/src/bootloader_init.c.obj^[[K
build	Build ESP32-C6 firmware	2026-09-24T12:15:54.0872251Z [53/114] Building C object esp-idf/bootloader_support/CMakeFiles/__idf_bootloader_support.dir/bootloader_flash/src/bootloader_flash.c.obj^[[K
build	Build ESP32-C6 firmware	2026-09-24T12:15:54.0873456Z [54/114] Building C object esp-idf/bootloader_support/CMakeFiles/__idf_bootloader_support.dir/src/bootloader_console_loader.c.obj^[[K
build	Build ESP32-C6 firmware	2026-09-24T12:15:54.0879076Z [55/114] Building C object esp-idf/bootloader_support/CMakeFiles/__idf_bootloader_support.dir/src/bootloader_console.c.obj^[[K
build	Build ESP32-C6 firmware	2026-09-24T12:15:54.0880063Z [56/114] Building C object esp-idf/bootloader_support/CMakeFiles/__idf_bootloader_support.dir/src/esp32c6/bootloader_soc.c.obj^[[K
build	Build ESP32-C6 firmware	2026-09-24T12:15:54.0881095Z [57/114] Building C object esp-idf/bootloader_support/CMakeFiles/__idf_bootloader_support.dir/src/esp_image_format.c.obj^[[K
build	Build ESP32-C6 firmware	2026-09-24T12:15:54.0886072Z [58/114] Building C object esp-idf/bootloader_support/CMakeFiles/__idf_bootloader_support.dir/src/bootloader_utility.c.obj^[[K
build	Build ESP32-C6 firmware	2026-09-24T12:15:54.0887066Z [59/114] Building C object esp-idf/bootloader_support/CMakeFiles/__idf_bootloader_support.dir/src/esp32c6/bootloader_ecdsa.c.obj^[[K
build	Build ESP32-C6 firmware	2026-09-24T12:15:54.0892179Z [60/114] Building C object esp-idf/bootloader_support/CMakeFiles/__idf_bootloader_support.dir/src/esp32c6/bootloader_sha.c.obj^[[K
build	Build ESP32-C6 firmware	2026-09-24T12:15:54.0893292Z [61/114] Building C object esp-idf/bootloader_support/CMakeFiles/__idf_bootloader_support.dir/src/esp32c6/bootloader_esp32c6.c.obj^[[K
build	Build ESP32-C6 firmware	2026-09-24T12:15:54.0898944Z [62/114] Building C object esp-idf/efuse/CMakeFiles/__idf_efuse.dir/esp32c6/esp_efuse_table.c.obj^[[K
build	Build ESP32-C6 firmware	2026-09-24T12:15:54.0899857Z [63/114] Building C object esp-idf/efuse/CMakeFiles/__idf_efuse.dir/esp32c6/esp_efuse_fields.c.obj^[[K
build	Build ESP32-C6 firmware	2026-09-24T12:15:54.0900802Z [64/114] Building C object esp-idf/bootloader_support/CMakeFiles/__idf_bootloader_support.dir/src/bootloader_panic.c.obj^[[K
build	Build ESP32-C6 firmware	2026-09-24T12:15:54.0901731Z [65/114] Building C object esp-idf/efuse/CMakeFiles/__idf_efuse.dir/src/esp_efuse_fields.c.obj^[[K
build	Build ESP32-C6 firmware	2026-09-24T12:15:54.0902453Z [66/114] Building C object esp-idf/efuse/CMakeFiles/__idf_efuse.dir/esp32c6/esp_efuse_rtc_calib.c.obj^[[K
build	Build ESP32-C6 firmware	2026-09-24T12:15:54.0903347Z [67/114] Building C object esp-idf/efuse/CMakeFiles/__idf_efuse.dir/esp32c6/esp_efuse_utility.c.obj^[[K
build	Build ESP32-C6 firmware	2026-09-24T12:15:54.0904133Z [68/114] Building C object esp-idf/esp_system/CMakeFiles/__idf_esp_system.dir/esp_err.c.obj^[[K
build	Build ESP32-C6 firmware	2026-09-24T12:15:54.0904765Z [69/114] Building C object esp-idf/esp_hw_support/CMakeFiles/__idf_esp_hw_support.dir/esp_memory_utils.c.obj^[[K
build	Build ESP32-C6 firmware	2026-09-24T12:15:54.0905472Z [70/114] Building C object esp-idf/esp_hw_support/CMakeFiles/__idf_esp_hw_support.dir/port/esp32c6/esp_cpu_intr.c.obj^[[K
build	Build ESP32-C6 firmware	2026-09-24T12:15:54.0906426Z [71/114] Building C object esp-idf/efuse/CMakeFiles/__idf_efuse.dir/src/efuse_controller/keys/with_key_purposes/esp_efuse_api_key.c.obj^[[K
build	Build ESP32-C6 firmware	2026-09-24T12:15:54.0907343Z [72/114] Building C object esp-idf/esp_hw_support/CMakeFiles/__idf_esp_hw_support.dir/cpu.c.obj^[[K
build	Build ESP32-C6 firmware	2026-09-24T12:15:54.0907935Z [73/114] Building C object esp-idf/efuse/CMakeFiles/__idf_efuse.dir/src/esp_efuse_api.c.obj^[[K
build	Build ESP32-C6 firmware	2026-09-24T12:15:54.0908568Z [74/114] Building C object esp-idf/efuse/CMakeFiles/__idf_efuse.dir/src/esp_efuse_utility.c.obj^[[K
build	Build ESP32-C6 firmware	2026-09-24T12:15:54.0909258Z [75/114] Building C object esp-idf/esp_hw_support/CMakeFiles/__idf_esp_hw_support.dir/port/esp32c6/cpu_region_protect.c.obj^[[K
build	Build ESP32-C6 firmware	2026-09-24T12:15:54.0909993Z [76/114] Building C object esp-idf/esp_hw_support/CMakeFiles/__idf_esp_hw_support.dir/port/esp32c6/pmu_param.c.obj^[[K
build	Build ESP32-C6 firmware	2026-09-24T12:15:54.0911696Z [77/114] Building C object esp-idf/esp_hw_support/CMakeFiles/__idf_esp_hw_support.dir/port/esp32c6/rtc_clk_init.c.obj^[[K
build	Build ESP32-C6 firmware	2026-09-24T12:15:54.0912405Z [78/114] Building C object esp-idf/esp_hw_support/CMakeFiles/__idf_esp_hw_support.dir/port/esp32c6/rtc_clk.c.obj^[[K
build	Build ESP32-C6 firmware	2026-09-24T12:15:54.0913453Z [79/114] Building C object esp-idf/esp_hw_support/CMakeFiles/__idf_esp_hw_support.dir/port/esp32c6/chip_info.c.obj^[[K
build	Build ESP32-C6 firmware	2026-09-24T12:15:54.0914150Z [80/114] Building C object esp-idf/esp_hw_support/CMakeFiles/__idf_esp_hw_support.dir/port/esp32c6/pmu_init.c.obj^[[K
build	Build ESP32-C6 firmware	2026-09-24T12:15:54.0914821Z [81/114] Building C object esp-idf/esp_common/CMakeFiles/__idf_esp_common.dir/src/esp_err_to_name.c.obj^[[K
build	Build ESP32-C6 firmware	2026-09-24T12:15:54.0920011Z [82/114] Building C object esp-idf/esp_rom/CMakeFiles/__idf_esp_rom.dir/patches/esp_rom_crc.c.obj^[[K
build	Build ESP32-C6 firmware	2026-09-24T12:15:54.0921345Z [83/114] Building C object esp-idf/esp_hw_support/CMakeFiles/__idf_esp_hw_support.dir/port/esp32c6/ocode_init.c.obj^[[K
build	Build ESP32-C6 firmware	2026-09-24T12:15:54.0922146Z [84/114] Building C object esp-idf/esp_rom/CMakeFiles/__idf_esp_rom.dir/patches/esp_rom_sys.c.obj^[[K
build	Build ESP32-C6 firmware	2026-09-24T12:15:54.0923044Z [85/114] Building C object esp-idf/esp_rom/CMakeFiles/__idf_esp_rom.dir/patches/esp_rom_spiflash.c.obj^[[K
build	Build ESP32-C6 firmware	2026-09-24T12:15:54.0924031Z [86/114] Building C object esp-idf/esp_hw_support/CMakeFiles/__idf_esp_hw_support.dir/port/esp32c6/rtc_time.c.obj^[[K
build	Build ESP32-C6 firmware	2026-09-24T12:15:54.0924914Z [87/114] Building C object esp-idf/esp_rom/CMakeFiles/__idf_esp_rom.dir/patches/esp_rom_gpio.c.obj^[[K
build	Build ESP32-C6 firmware	2026-09-24T12:15:54.0925784Z [88/114] Building C object esp-idf/esp_rom/CMakeFiles/__idf_esp_rom.dir/patches/esp_rom_efuse.c.obj^[[K
build	Build ESP32-C6 firmware	2026-09-24T12:15:54.0926596Z [89/114] Building C object esp-idf/esp_rom/CMakeFiles/__idf_esp_rom.dir/patches/esp_rom_uart.c.obj^[[K
build	Build ESP32-C6 firmware	2026-09-24T12:15:54.0927458Z [90/114] Building C object esp-idf/esp_rom/CMakeFiles/__idf_esp_rom.dir/patches/esp_rom_systimer.c.obj^[[K
build	Build ESP32-C6 firmware	2026-09-24T12:15:54.0928327Z [91/114] Building C object esp-idf/esp_hw_support/CMakeFiles/__idf_esp_hw_support.dir/port/esp32c6/pmu_sleep.c.obj^[[K
build	Build ESP32-C6 firmware	2026-09-24T12:15:54.0929153Z [92/114] Building C object esp-idf/esp_rom/CMakeFiles/__idf_esp_rom.dir/patches/esp_rom_print.c.obj^[[K
build	Build ESP32-C6 firmware	2026-09-24T12:15:54.0930647Z [93/114] Building C object esp-idf/log/CMakeFiles/__idf_log.dir/src/noos/log_timestamp.c.obj^[[K
build	Build ESP32-C6 firmware	2026-09-24T12:15:54.0931421Z [94/114] Building C object esp-idf/log/CMakeFiles/__idf_log.dir/src/log_timestamp_common.c.obj^[[K
build	Build ESP32-C6 firmware	2026-09-24T12:15:54.0932242Z [95/114] Building C object esp-idf/esp_rom/CMakeFiles/__idf_esp_rom.dir/patches/esp_rom_hp_regi2c_esp32c6.c.obj^[[K
build	Build ESP32-C6 firmware	2026-09-24T12:15:54.0933036Z [96/114] Building C object esp-idf/main/CMakeFiles/__idf_main.dir/bootloader_start.c.obj^[[K
build	Build ESP32-C6 firmware	2026-09-24T12:15:54.0933875Z [97/114] Building C object esp-idf/log/CMakeFiles/__idf_log.dir/src/noos/log_lock.c.obj^[[K
build	Build ESP32-C6 firmware	2026-09-24T12:15:54.0934776Z [98/114] Building C object esp-idf/esp_rom/CMakeFiles/__idf_esp_rom.dir/patches/esp_rom_wdt.c.obj^[[K
build	Build ESP32-C6 firmware	2026-09-24T12:15:54.0935444Z [99/114] Linking C static library esp-idf/log/liblog.a^[[K
build	Build ESP32-C6 firmware	2026-09-24T12:15:54.0935999Z [100/114] Linking C static library esp-idf/esp_rom/libesp_rom.a^[[K
build	Build ESP32-C6 firmware	2026-09-24T12:15:54.0936606Z [101/114] Linking C static library esp-idf/esp_common/libesp_common.a^[[K
build	Build ESP32-C6 firmware	2026-09-24T12:15:54.0937248Z [102/114] Linking C static library esp-idf/esp_hw_support/libesp_hw_support.a^[[K
build	Build ESP32-C6 firmware	2026-09-24T12:15:54.0937874Z [103/114] Linking C static library esp-idf/esp_system/libesp_system.a^[[K
build	Build ESP32-C6 firmware	2026-09-24T12:15:54.0938469Z [104/114] Linking C static library esp-idf/efuse/libefuse.a^[[K
build	Build ESP32-C6 firmware	2026-09-24T12:15:54.0939116Z [105/114] Linking C static library esp-idf/bootloader_support/libbootloader_support.a^[[K
build	Build ESP32-C6 firmware	2026-09-24T12:15:54.0939865Z [106/114] Linking C static library esp-idf/esp_bootloader_format/libesp_bootloader_format.a^[[K
build	Build ESP32-C6 firmware	2026-09-24T12:15:54.0940544Z [107/114] Linking C static library esp-idf/spi_flash/libspi_flash.a^[[K
build	Build ESP32-C6 firmware	2026-09-24T12:15:54.0941118Z [108/114] Linking C static library esp-idf/hal/libhal.a^[[K
build	Build ESP32-C6 firmware	2026-09-24T12:15:54.0941705Z [109/114] Linking C static library esp-idf/micro-ecc/libmicro-ecc.a^[[K
build	Build ESP32-C6 firmware	2026-09-24T12:15:54.0942263Z [110/114] Linking C static library esp-idf/soc/libsoc.a^[[K
build	Build ESP32-C6 firmware	2026-09-24T12:15:54.0942792Z [111/114] Linking C static library esp-idf/main/libmain.a^[[K
build	Build ESP32-C6 firmware	2026-09-24T12:15:54.0943405Z [112/114] Linking C executable bootloader.elf^[[K
build	Build ESP32-C6 firmware	2026-09-24T12:15:54.0943965Z [113/114] Generating binary image from built executable^[[K
build	Build ESP32-C6 firmware	2026-09-24T12:15:54.0944407Z esptool.py v4.8.1
build	Build ESP32-C6 firmware	2026-09-24T12:15:54.0944733Z Creating esp32c6 image...
build	Build ESP32-C6 firmware	2026-09-24T12:15:54.0945072Z Merged 2 ELF sections
build	Build ESP32-C6 firmware	2026-09-24T12:15:54.0945401Z Successfully created esp32c6 image.
build	Build ESP32-C6 firmware	2026-09-24T12:15:54.0946040Z Generated /app/yuanwil1y/esp32c6-Pwnagotchi/build/bootloader/bootloader.bin
build	Build ESP32-C6 firmware	2026-09-24T12:15:54.0946480Z 
build	Build ESP32-C6 firmware	2026-09-24T12:15:54.0947600Z [114/114] cd /app/yuanwil1y/esp32c6-Pwnagotchi/build/bootloader/esp-idf/esptool_py && /opt/esp/python_env/idf5.4_py3.12_env/bin/python /opt/esp/idf/components/partition_table/check_sizes.py --offset 0x8000 bootloader 0x0 /app/yuanwil1y/esp32c6-Pwnagotchi/build/bootloader/bootloader.bin^[[K
build	Build ESP32-C6 firmware	2026-09-24T12:15:54.0948835Z Bootloader binary size 0x5560 bytes. 0x2aa0 bytes (33%) free.
build	Build ESP32-C6 firmware	2026-09-24T12:15:54.0949227Z 
build	Build ESP32-C6 firmware	2026-09-24T12:15:54.0949664Z [329/1416] Building C object esp-idf/soc/CMakeFiles/__idf_soc.dir/esp32c6/i2s_periph.c.obj^[[K
build	Build ESP32-C6 firmware	2026-09-24T12:15:54.1028706Z [330/1416] No install step for 'bootloader'^[[K
build	Build ESP32-C6 firmware	2026-09-24T12:15:54.1046136Z [331/1416] Completed 'bootloader'^[[K
build	Build ESP32-C6 firmware	2026-09-24T12:15:54.1068444Z [332/1416] Building C object esp-idf/soc/CMakeFiles/__idf_soc.dir/esp32c6/i2c_periph.c.obj^[[K
build	Build ESP32-C6 firmware	2026-09-24T12:15:54.1097467Z [333/1416] Building C object esp-idf/soc/CMakeFiles/__idf_soc.dir/esp32c6/timer_periph.c.obj^[[K
build	Build ESP32-C6 firmware	2026-09-24T12:15:54.1254758Z [334/1416] Building C object esp-idf/soc/CMakeFiles/__idf_soc.dir/esp32c6/temperature_sensor_periph.c.obj^[[K
build	Build ESP32-C6 firmware	2026-09-24T12:15:54.1535919Z [335/1416] Building C object esp-idf/soc/CMakeFiles/__idf_soc.dir/esp32c6/parlio_periph.c.obj^[[K
build	Build ESP32-C6 firmware	2026-09-24T12:15:54.1638685Z [336/1416] Building C object esp-idf/soc/CMakeFiles/__idf_soc.dir/esp32c6/mcpwm_periph.c.obj^[[K
build	Build ESP32-C6 firmware	2026-09-24T12:15:54.1797292Z [337/1416] Building C object esp-idf/soc/CMakeFiles/__idf_soc.dir/esp32c6/twai_periph.c.obj^[[K
build	Build ESP32-C6 firmware	2026-09-24T12:15:54.1807339Z [338/1416] Building C object esp-idf/soc/CMakeFiles/__idf_soc.dir/esp32c6/ieee802154_periph.c.obj^[[K
build	Build ESP32-C6 firmware	2026-09-24T12:15:54.1878179Z [339/1416] Building C object esp-idf/soc/CMakeFiles/__idf_soc.dir/esp32c6/mpi_periph.c.obj^[[K
build	Build ESP32-C6 firmware	2026-09-24T12:15:54.1939045Z [340/1416] Building C object esp-idf/soc/CMakeFiles/__idf_soc.dir/esp32c6/wdt_periph.c.obj^[[K
build	Build ESP32-C6 firmware	2026-09-24T12:15:54.2288859Z [341/1416] Building C object esp-idf/soc/CMakeFiles/__idf_soc.dir/esp32c6/rtc_io_periph.c.obj^[[K
build	Build ESP32-C6 firmware	2026-09-24T12:15:54.2792722Z [342/1416] Building C object esp-idf/soc/CMakeFiles/__idf_soc.dir/esp32c6/sdio_slave_periph.c.obj^[[K
build	Build ESP32-C6 firmware	2026-09-24T12:15:54.3124702Z [343/1416] Building C object esp-idf/esp_security/CMakeFiles/__idf_esp_security.dir/src/esp_dpa_protection.c.obj^[[K
build	Build ESP32-C6 firmware	2026-09-24T12:15:54.3140046Z [344/1416] Building C object esp-idf/soc/CMakeFiles/__idf_soc.dir/esp32c6/system_retention_periph.c.obj^[[K
build	Build ESP32-C6 firmware	2026-09-24T12:15:54.3188353Z [345/1416] Building C object esp-idf/esp_security/CMakeFiles/__idf_esp_security.dir/src/esp_crypto_lock.c.obj^[[K
build	Build ESP32-C6 firmware	2026-09-24T12:15:54.3340803Z [346/1416] Building C object esp-idf/esp_security/CMakeFiles/__idf_esp_security.dir/src/init.c.obj^[[K
build	Build ESP32-C6 firmware	2026-09-24T12:15:54.3610848Z [347/1416] Building C object esp-idf/esp_security/CMakeFiles/__idf_esp_security.dir/src/esp_hmac.c.obj^[[K
build	Build ESP32-C6 firmware	2026-09-24T12:15:54.4079774Z [348/1416] Building C object esp-idf/esp_security/CMakeFiles/__idf_esp_security.dir/src/esp_ds.c.obj^[[K
build	Build ESP32-C6 firmware	2026-09-24T12:15:54.4332260Z [349/1416] Building C object esp-idf/esp_hw_support/CMakeFiles/__idf_esp_hw_support.dir/esp_memory_utils.c.obj^[[K
build	Build ESP32-C6 firmware	2026-09-24T12:15:54.4449255Z [350/1416] Building C object esp-idf/esp_hw_support/CMakeFiles/__idf_esp_hw_support.dir/port/esp32c6/cpu_region_protect.c.obj^[[K
build	Build ESP32-C6 firmware	2026-09-24T12:15:54.4450383Z [351/1416] Building C object esp-idf/esp_hw_support/CMakeFiles/__idf_esp_hw_support.dir/cpu.c.obj^[[K
build	Build ESP32-C6 firmware	2026-09-24T12:15:54.5250355Z [352/1416] Building C object esp-idf/esp_hw_support/CMakeFiles/__idf_esp_hw_support.dir/port/esp32c6/esp_cpu_intr.c.obj^[[K
build	Build ESP32-C6 firmware	2026-09-24T12:15:54.5256814Z [353/1416] Building C object esp-idf/esp_hw_support/CMakeFiles/__idf_esp_hw_support.dir/esp_clk.c.obj^[[K
build	Build ESP32-C6 firmware	2026-09-24T12:15:54.5583908Z [354/1416] Building C object esp-idf/esp_hw_support/CMakeFiles/__idf_esp_hw_support.dir/clk_ctrl_os.c.obj^[[K
build	Build ESP32-C6 firmware	2026-09-24T12:15:54.6302394Z [355/1416] Building C object esp-idf/esp_hw_support/CMakeFiles/__idf_esp_hw_support.dir/hw_random.c.obj^[[K
build	Build ESP32-C6 firmware	2026-09-24T12:15:54.6347647Z [356/1416] Building C object esp-idf/esp_hw_support/CMakeFiles/__idf_esp_hw_support.dir/revision.c.obj^[[K
build	Build ESP32-C6 firmware	2026-09-24T12:15:54.6861520Z [357/1416] Building C object esp-idf/esp_hw_support/CMakeFiles/__idf_esp_hw_support.dir/mac_addr.c.obj^[[K
build	Build ESP32-C6 firmware	2026-09-24T12:15:54.7037908Z [358/1416] Building C object esp-idf/esp_hw_support/CMakeFiles/__idf_esp_hw_support.dir/rtc_module.c.obj^[[K
build	Build ESP32-C6 firmware	2026-09-24T12:15:54.7402680Z [359/1416] Building C object esp-idf/esp_hw_support/CMakeFiles/__idf_esp_hw_support.dir/periph_ctrl.c.obj^[[K
build	Build ESP32-C6 firmware	2026-09-24T12:15:54.7955201Z [360/1416] Building C object esp-idf/esp_hw_support/CMakeFiles/__idf_esp_hw_support.dir/intr_alloc.c.obj^[[K
build	Build ESP32-C6 firmware	2026-09-24T12:15:54.8051301Z [361/1416] Building C object esp-idf/esp_hw_support/CMakeFiles/__idf_esp_hw_support.dir/sleep_console.c.obj^[[K
build	Build ESP32-C6 firmware	2026-09-24T12:15:54.8961075Z [362/1416] Building C object esp-idf/esp_hw_support/CMakeFiles/__idf_esp_hw_support.dir/sleep_modem.c.obj^[[K
build	Build ESP32-C6 firmware	2026-09-24T12:15:54.8980327Z [363/1416] Building C object esp-idf/esp_hw_support/CMakeFiles/__idf_esp_hw_support.dir/sleep_gpio.c.obj^[[K
build	Build ESP32-C6 firmware	2026-09-24T12:15:54.9026798Z [364/1416] Building C object esp-idf/esp_hw_support/CMakeFiles/__idf_esp_hw_support.dir/esp_gpio_reserve.c.obj^[[K
build	Build ESP32-C6 firmware	2026-09-24T12:15:54.9114660Z [365/1416] Building C object esp-idf/esp_hw_support/CMakeFiles/__idf_esp_hw_support.dir/sleep_event.c.obj^[[K
build	Build ESP32-C6 firmware	2026-09-24T12:15:55.0309944Z [366/1416] Building C object esp-idf/esp_hw_support/CMakeFiles/__idf_esp_hw_support.dir/regi2c_ctrl.c.obj^[[K
build	Build ESP32-C6 firmware	2026-09-24T12:15:55.0353672Z [367/1416] Building C object esp-idf/esp_hw_support/CMakeFiles/__idf_esp_hw_support.dir/port/esp32c6/esp_clk_tree.c.obj^[[K
build	Build ESP32-C6 firmware	2026-09-24T12:15:55.0662594Z [368/1416] Building C object esp-idf/esp_hw_support/CMakeFiles/__idf_esp_hw_support.dir/sar_periph_ctrl_common.c.obj^[[K
build	Build ESP32-C6 firmware	2026-09-24T12:15:55.0689949Z [369/1416] Building C object esp-idf/esp_hw_support/CMakeFiles/__idf_esp_hw_support.dir/port/esp_clk_tree_common.c.obj^[[K
build	Build ESP32-C6 firmware	2026-09-24T12:15:55.1696094Z [370/1416] Building C object esp-idf/esp_hw_support/CMakeFiles/__idf_esp_hw_support.dir/dma/esp_dma_utils.c.obj^[[K
build	Build ESP32-C6 firmware	2026-09-24T12:15:55.2122632Z [371/1416] Building C object esp-idf/esp_hw_support/CMakeFiles/__idf_esp_hw_support.dir/sleep_modes.c.obj^[[K
build	Build ESP32-C6 firmware	2026-09-24T12:15:55.2187947Z [372/1416] Building C object esp-idf/esp_hw_support/CMakeFiles/__idf_esp_hw_support.dir/port/esp32c6/io_mux.c.obj^[[K
build	Build ESP32-C6 firmware	2026-09-24T12:15:55.2332454Z [373/1416] Building C object esp-idf/esp_hw_support/CMakeFiles/__idf_esp_hw_support.dir/dma/gdma_link.c.obj^[[K
build	Build ESP32-C6 firmware	2026-09-24T12:15:55.2639470Z [374/1416] Building C object esp-idf/esp_hw_support/CMakeFiles/__idf_esp_hw_support.dir/spi_share_hw_ctrl.c.obj^[[K
build	Build ESP32-C6 firmware	2026-09-24T12:15:55.3678136Z [375/1416] Building C object esp-idf/esp_hw_support/CMakeFiles/__idf_esp_hw_support.dir/spi_bus_lock.c.obj^[[K
build	Build ESP32-C6 firmware	2026-09-24T12:15:55.3778766Z [376/1416] Building C object esp-idf/esp_hw_support/CMakeFiles/__idf_esp_hw_support.dir/sleep_system_peripheral.c.obj^[[K
build	Build ESP32-C6 firmware	2026-09-24T12:15:55.4053393Z [377/1416] Building C object esp-idf/esp_hw_support/CMakeFiles/__idf_esp_hw_support.dir/adc_share_hw_ctrl.c.obj^[[K
build	Build ESP32-C6 firmware	2026-09-24T12:15:55.4378368Z [378/1416] Building C object esp-idf/esp_hw_support/CMakeFiles/__idf_esp_hw_support.dir/deprecated/gdma_legacy.c.obj^[[K
build	Build ESP32-C6 firmware	2026-09-24T12:15:55.5180574Z [379/1416] Building C object esp-idf/esp_hw_support/CMakeFiles/__idf_esp_hw_support.dir/dma/gdma_sleep_retention.c.obj^[[K
build	Build ESP32-C6 firmware	2026-09-24T12:15:55.5249383Z [380/1416] Building C object esp-idf/esp_hw_support/CMakeFiles/__idf_esp_hw_support.dir/dma/esp_async_memcpy.c.obj^[[K
build	Build ESP32-C6 firmware	2026-09-24T12:15:55.5628115Z [381/1416] Building C object esp-idf/esp_hw_support/CMakeFiles/__idf_esp_hw_support.dir/sleep_retention.c.obj^[[K
build	Build ESP32-C6 firmware	2026-09-24T12:15:55.5657759Z [382/1416] Building C object esp-idf/esp_hw_support/CMakeFiles/__idf_esp_hw_support.dir/port/esp32c6/systimer.c.obj^[[K
build	Build ESP32-C6 firmware	2026-09-24T12:15:55.5705325Z [383/1416] Building C object esp-idf/esp_hw_support/CMakeFiles/__idf_esp_hw_support.dir/dma/gdma_etm.c.obj^[[K
build	Build ESP32-C6 firmware	2026-09-24T12:15:55.6450419Z [384/1416] Building C object esp-idf/esp_hw_support/CMakeFiles/__idf_esp_hw_support.dir/dma/gdma.c.obj^[[K
build	Build ESP32-C6 firmware	2026-09-24T12:15:55.6808152Z [385/1416] Building C object esp-idf/esp_hw_support/CMakeFiles/__idf_esp_hw_support.dir/port/pau_regdma.c.obj^[[K
build	Build ESP32-C6 firmware	2026-09-24T12:15:55.7136265Z [386/1416] Building C object esp-idf/esp_hw_support/CMakeFiles/__idf_esp_hw_support.dir/dma/async_memcpy_gdma.c.obj^[[K
build	Build ESP32-C6 firmware	2026-09-24T12:15:55.7691935Z [387/1416] Building C object esp-idf/esp_hw_support/CMakeFiles/__idf_esp_hw_support.dir/mspi_timing_tuning.c.obj^[[K
build	Build ESP32-C6 firmware	2026-09-24T12:15:55.8717524Z [388/1416] Building C object esp-idf/esp_hw_support/CMakeFiles/__idf_esp_hw_support.dir/esp_etm.c.obj^[[K
build	Build ESP32-C6 firmware	2026-09-24T12:15:55.8931096Z [389/1416] Building C object esp-idf/esp_hw_support/CMakeFiles/__idf_esp_hw_support.dir/port/regdma_link.c.obj^[[K
build	Build ESP32-C6 firmware	2026-09-24T12:15:55.9028465Z [390/1416] Building C object esp-idf/esp_hw_support/CMakeFiles/__idf_esp_hw_support.dir/sleep_wake_stub.c.obj^[[K
build	Build ESP32-C6 firmware	2026-09-24T12:15:55.9615780Z [391/1416] Building C object esp-idf/esp_hw_support/CMakeFiles/__idf_esp_hw_support.dir/modem_clock.c.obj^[[K
build	Build ESP32-C6 firmware	2026-09-24T12:15:55.9657114Z [392/1416] Building C object esp-idf/esp_hw_support/CMakeFiles/__idf_esp_hw_support.dir/port/esp32c6/rtc_clk_init.c.obj^[[K
build	Build ESP32-C6 firmware	2026-09-24T12:15:56.0289244Z [393/1416] Building C object esp-idf/esp_hw_support/CMakeFiles/__idf_esp_hw_support.dir/esp_clock_output.c.obj^[[K
build	Build ESP32-C6 firmware	2026-09-24T12:15:56.0690725Z [394/1416] Building C object esp-idf/esp_hw_support/CMakeFiles/__idf_esp_hw_support.dir/port/esp32c6/rtc_clk.c.obj^[[K
build	Build ESP32-C6 firmware	2026-09-24T12:15:56.0956885Z [395/1416] Building C object esp-idf/esp_hw_support/CMakeFiles/__idf_esp_hw_support.dir/port/esp32c6/chip_info.c.obj^[[K
build	Build ESP32-C6 firmware	2026-09-24T12:15:56.0997763Z [396/1416] Building C object esp-idf/esp_hw_support/CMakeFiles/__idf_esp_hw_support.dir/port/esp32c6/pmu_init.c.obj^[[K
build	Build ESP32-C6 firmware	2026-09-24T12:15:56.1309431Z [397/1416] Building C object esp-idf/esp_hw_support/CMakeFiles/__idf_esp_hw_support.dir/port/esp32c6/pmu_param.c.obj^[[K
build	Build ESP32-C6 firmware	2026-09-24T12:15:56.1450588Z [398/1416] Building C object esp-idf/esp_hw_support/CMakeFiles/__idf_esp_hw_support.dir/port/esp32c6/ocode_init.c.obj^[[K
build	Build ESP32-C6 firmware	2026-09-24T12:15:56.1779581Z [399/1416] Building ASM object esp-idf/esp_hw_support/CMakeFiles/__idf_esp_hw_support.dir/lowpower/port/esp32c6/sleep_cpu_asm.S.obj^[[K
build	Build ESP32-C6 firmware	2026-09-24T12:15:56.2019158Z [400/1416] Building C object esp-idf/esp_hw_support/CMakeFiles/__idf_esp_hw_support.dir/port/esp32c6/pmu_sleep.c.obj^[[K
build	Build ESP32-C6 firmware	2026-09-24T12:15:56.2486356Z [401/1416] Building C object esp-idf/esp_hw_support/CMakeFiles/__idf_esp_hw_support.dir/port/esp32c6/rtc_time.c.obj^[[K
build	Build ESP32-C6 firmware	2026-09-24T12:15:56.2630713Z [402/1416] Building C object esp-idf/esp_hw_support/CMakeFiles/__idf_esp_hw_support.dir/lowpower/port/esp32c6/sleep_clock.c.obj^[[K
build	Build ESP32-C6 firmware	2026-09-24T12:15:56.3318549Z [403/1416] Building C object esp-idf/esp_hw_support/CMakeFiles/__idf_esp_hw_support.dir/port/esp32c6/sar_periph_ctrl.c.obj^[[K
build	Build ESP32-C6 firmware	2026-09-24T12:15:56.3427526Z [404/1416] Building C object esp-idf/esp_hw_support/CMakeFiles/__idf_esp_hw_support.dir/lowpower/port/esp32c6/sleep_modem_state.c.obj^[[K
build	Build ESP32-C6 firmware	2026-09-24T12:15:56.3552502Z [405/1416] Building C object esp-idf/esp_hw_support/CMakeFiles/__idf_esp_hw_support.dir/lowpower/port/esp32c6/sleep_cpu.c.obj^[[K
build	Build ESP32-C6 firmware	2026-09-24T12:15:56.3684040Z [406/1416] Building C object esp-idf/freertos/CMakeFiles/__idf_freertos.dir/heap_idf.c.obj^[[K
build	Build ESP32-C6 firmware	2026-09-24T12:15:56.3759081Z [407/1416] Building C object esp-idf/freertos/CMakeFiles/__idf_freertos.dir/port_common.c.obj^[[K
build	Build ESP32-C6 firmware	2026-09-24T12:15:56.4591644Z [408/1416] Building C object esp-idf/freertos/CMakeFiles/__idf_freertos.dir/app_startup.c.obj^[[K
build	Build ESP32-C6 firmware	2026-09-24T12:15:56.4826850Z [409/1416] Building C object esp-idf/freertos/CMakeFiles/__idf_freertos.dir/port_systick.c.obj^[[K
build	Build ESP32-C6 firmware	2026-09-24T12:15:56.5349962Z [410/1416] Building C object esp-idf/freertos/CMakeFiles/__idf_freertos.dir/FreeRTOS-Kernel/list.c.obj^[[K
build	Build ESP32-C6 firmware	2026-09-24T12:15:56.5643761Z [411/1416] Building C object esp-idf/freertos/CMakeFiles/__idf_freertos.dir/FreeRTOS-Kernel/event_groups.c.obj^[[K
build	Build ESP32-C6 firmware	2026-09-24T12:15:56.5961215Z [412/1416] Building C object esp-idf/freertos/CMakeFiles/__idf_freertos.dir/FreeRTOS-Kernel/timers.c.obj^[[K
build	Build ESP32-C6 firmware	2026-09-24T12:15:56.6803677Z [413/1416] Building ASM object esp-idf/freertos/CMakeFiles/__idf_freertos.dir/FreeRTOS-Kernel/portable/riscv/portasm.S.obj^[[K
build	Build ESP32-C6 firmware	2026-09-24T12:15:56.7002851Z [414/1416] Building C object esp-idf/freertos/CMakeFiles/__idf_freertos.dir/FreeRTOS-Kernel/portable/riscv/port.c.obj^[[K
build	Build ESP32-C6 firmware	2026-09-24T12:15:56.7191456Z [415/1416] Building C object esp-idf/freertos/CMakeFiles/__idf_freertos.dir/FreeRTOS-Kernel/queue.c.obj^[[K
build	Build ESP32-C6 firmware	2026-09-24T12:15:56.7780178Z [416/1416] Building C object esp-idf/freertos/CMakeFiles/__idf_freertos.dir/FreeRTOS-Kernel/stream_buffer.c.obj^[[K
build	Build ESP32-C6 firmware	2026-09-24T12:15:56.7871675Z [417/1416] Building C object esp-idf/freertos/CMakeFiles/__idf_freertos.dir/esp_additions/freertos_compatibility.c.obj^[[K
build	Build ESP32-C6 firmware	2026-09-24T12:15:56.8098909Z [418/1416] Building C object esp-idf/freertos/CMakeFiles/__idf_freertos.dir/esp_additions/idf_additions_event_groups.c.obj^[[K
build	Build ESP32-C6 firmware	2026-09-24T12:15:56.8279952Z [419/1416] Building C object esp-idf/newlib/CMakeFiles/__idf_newlib.dir/abort.c.obj^[[K
build	Build ESP32-C6 firmware	2026-09-24T12:15:56.8578236Z [420/1416] Building C object esp-idf/newlib/CMakeFiles/__idf_newlib.dir/assert.c.obj^[[K
build	Build ESP32-C6 firmware	2026-09-24T12:15:56.8824202Z [421/1416] Building C object esp-idf/freertos/CMakeFiles/__idf_freertos.dir/FreeRTOS-Kernel/tasks.c.obj^[[K
build	Build ESP32-C6 firmware	2026-09-24T12:15:56.8887926Z [422/1416] Building C object esp-idf/newlib/CMakeFiles/__idf_newlib.dir/heap.c.obj^[[K
build	Build ESP32-C6 firmware	2026-09-24T12:15:56.8919794Z [423/1416] Building C object esp-idf/freertos/CMakeFiles/__idf_freertos.dir/esp_additions/idf_additions.c.obj^[[K
build	Build ESP32-C6 firmware	2026-09-24T12:15:56.9492543Z [424/1416] Building C object esp-idf/newlib/CMakeFiles/__idf_newlib.dir/flockfile.c.obj^[[K
build	Build ESP32-C6 firmware	2026-09-24T12:15:56.9702922Z [425/1416] Building C object esp-idf/newlib/CMakeFiles/__idf_newlib.dir/poll.c.obj^[[K
build	Build ESP32-C6 firmware	2026-09-24T12:15:56.9952598Z [426/1416] Building C object esp-idf/newlib/CMakeFiles/__idf_newlib.dir/random.c.obj^[[K
build	Build ESP32-C6 firmware	2026-09-24T12:15:56.9979759Z [427/1416] Building C object esp-idf/newlib/CMakeFiles/__idf_newlib.dir/getentropy.c.obj^[[K
build	Build ESP32-C6 firmware	2026-09-24T12:15:56.9998421Z [428/1416] Building C object esp-idf/newlib/CMakeFiles/__idf_newlib.dir/pthread.c.obj^[[K
build	Build ESP32-C6 firmware	2026-09-24T12:15:57.0030141Z [429/1416] Building C object esp-idf/newlib/CMakeFiles/__idf_newlib.dir/reent_init.c.obj^[[K
build	Build ESP32-C6 firmware	2026-09-24T12:15:57.1055028Z [430/1416] Building C object esp-idf/newlib/CMakeFiles/__idf_newlib.dir/locks.c.obj^[[K
build	Build ESP32-C6 firmware	2026-09-24T12:15:57.1198250Z [431/1416] Building C object esp-idf/newlib/CMakeFiles/__idf_newlib.dir/sysconf.c.obj^[[K
build	Build ESP32-C6 firmware	2026-09-24T12:15:57.1508274Z [432/1416] Building C object esp-idf/newlib/CMakeFiles/__idf_newlib.dir/termios.c.obj^[[K
build	Build ESP32-C6 firmware	2026-09-24T12:15:57.1580849Z [433/1416] Building C object esp-idf/newlib/CMakeFiles/__idf_newlib.dir/newlib_init.c.obj^[[K
build	Build ESP32-C6 firmware	2026-09-24T12:15:57.1740344Z [434/1416] Building C object esp-idf/newlib/CMakeFiles/__idf_newlib.dir/time.c.obj^[[K
build	Build ESP32-C6 firmware	2026-09-24T12:15:57.2189985Z [435/1416] Building C object esp-idf/newlib/CMakeFiles/__idf_newlib.dir/syscalls.c.obj^[[K
build	Build ESP32-C6 firmware	2026-09-24T12:15:57.2210414Z [436/1416] Building C object esp-idf/newlib/CMakeFiles/__idf_newlib.dir/stdatomic.c.obj^[[K
build	Build ESP32-C6 firmware	2026-09-24T12:15:57.2756520Z [437/1416] Building C object esp-idf/newlib/CMakeFiles/__idf_newlib.dir/realpath.c.obj^[[K
build	Build ESP32-C6 firmware	2026-09-24T12:15:57.2790806Z [438/1416] Building C object esp-idf/newlib/CMakeFiles/__idf_newlib.dir/scandir.c.obj^[[K
build	Build ESP32-C6 firmware	2026-09-24T12:15:57.3477909Z [439/1416] Building C object esp-idf/newlib/CMakeFiles/__idf_newlib.dir/port/esp_time_impl.c.obj^[[K
build	Build ESP32-C6 firmware	2026-09-24T12:15:57.4177269Z [440/1416] Building C object esp-idf/pthread/CMakeFiles/__idf_pthread.dir/pthread_cond_var.c.obj^[[K
build	Build ESP32-C6 firmware	2026-09-24T12:15:57.4413759Z [441/1416] Building C object esp-idf/pthread/CMakeFiles/__idf_pthread.dir/pthread_local_storage.c.obj^[[K
build	Build ESP32-C6 firmware	2026-09-24T12:15:57.4549795Z [442/1416] Building C object esp-idf/pthread/CMakeFiles/__idf_pthread.dir/pthread_semaphore.c.obj^[[K
build	Build ESP32-C6 firmware	2026-09-24T12:15:57.4877333Z [443/1416] Building C object esp-idf/pthread/CMakeFiles/__idf_pthread.dir/pthread.c.obj^[[K
build	Build ESP32-C6 firmware	2026-09-24T12:15:57.5289402Z [444/1416] Building C object esp-idf/pthread/CMakeFiles/__idf_pthread.dir/pthread_rwlock.c.obj^[[K
build	Build ESP32-C6 firmware	2026-09-24T12:15:57.5645111Z [445/1416] Building CXX object esp-idf/cxx/CMakeFiles/__idf_cxx.dir/cxx_exception_stubs.cpp.obj^[[K
build	Build ESP32-C6 firmware	2026-09-24T12:15:57.5884768Z [446/1416] Building CXX object esp-idf/cxx/CMakeFiles/__idf_cxx.dir/cxx_init.cpp.obj^[[K
build	Build ESP32-C6 firmware	2026-09-24T12:15:57.6442758Z [447/1416] Building C object esp-idf/esp_timer/CMakeFiles/__idf_esp_timer.dir/src/esp_timer_init.c.obj^[[K
build	Build ESP32-C6 firmware	2026-09-24T12:15:57.6678638Z [448/1416] Building C object esp-idf/esp_timer/CMakeFiles/__idf_esp_timer.dir/src/ets_timer_legacy.c.obj^[[K
build	Build ESP32-C6 firmware	2026-09-24T12:15:57.6888042Z [449/1416] Building C object esp-idf/esp_timer/CMakeFiles/__idf_esp_timer.dir/src/system_time.c.obj^[[K
build	Build ESP32-C6 firmware	2026-09-24T12:15:57.7299996Z [450/1416] Building C object esp-idf/esp_timer/CMakeFiles/__idf_esp_timer.dir/src/esp_timer.c.obj^[[K
build	Build ESP32-C6 firmware	2026-09-24T12:15:57.7694027Z [451/1416] Building C object esp-idf/esp_timer/CMakeFiles/__idf_esp_timer.dir/src/esp_timer_impl_common.c.obj^[[K
build	Build ESP32-C6 firmware	2026-09-24T12:15:57.8372392Z [452/1416] Building C object esp-idf/esp_timer/CMakeFiles/__idf_esp_timer.dir/src/esp_timer_etm.c.obj^[[K
build	Build ESP32-C6 firmware	2026-09-24T12:15:57.8628207Z [453/1416] Building C object esp-idf/esp_timer/CMakeFiles/__idf_esp_timer.dir/src/esp_timer_impl_systimer.c.obj^[[K
build	Build ESP32-C6 firmware	2026-09-24T12:15:57.9306686Z [454/1416] Building CXX object esp-idf/cxx/CMakeFiles/__idf_cxx.dir/cxx_guards.cpp.obj^[[K
build	Build ESP32-C6 firmware	2026-09-24T12:15:57.9609213Z [455/1416] Building C object esp-idf/esp_driver_gptimer/CMakeFiles/__idf_esp_driver_gptimer.dir/src/gptimer_common.c.obj^[[K
build	Build ESP32-C6 firmware	2026-09-24T12:15:57.9726997Z [456/1416] Building C object esp-idf/esp_driver_gptimer/CMakeFiles/__idf_esp_driver_gptimer.dir/src/gptimer.c.obj^[[K
build	Build ESP32-C6 firmware	2026-09-24T12:15:58.0618447Z [457/1416] Building C object esp-idf/esp_driver_gptimer/CMakeFiles/__idf_esp_driver_gptimer.dir/src/gptimer_etm.c.obj^[[K
build	Build ESP32-C6 firmware	2026-09-24T12:15:58.0974256Z [458/1416] Building C object esp-idf/esp_event/CMakeFiles/__idf_esp_event.dir/default_event_loop.c.obj^[[K
build	Build ESP32-C6 firmware	2026-09-24T12:15:58.1597701Z [459/1416] Building C object esp-idf/esp_event/CMakeFiles/__idf_esp_event.dir/esp_event_private.c.obj^[[K
build	Build ESP32-C6 firmware	2026-09-24T12:15:58.2229627Z [460/1416] Building C object esp-idf/esp_ringbuf/CMakeFiles/__idf_esp_ringbuf.dir/ringbuf.c.obj^[[K
build	Build ESP32-C6 firmware	2026-09-24T12:15:58.2748832Z [461/1416] Building C object esp-idf/esp_event/CMakeFiles/__idf_esp_event.dir/esp_event.c.obj^[[K
build	Build ESP32-C6 firmware	2026-09-24T12:15:58.5774221Z [462/1416] Building C object esp-idf/esp_driver_uart/CMakeFiles/__idf_esp_driver_uart.dir/src/uart_vfs.c.obj^[[K
build	Build ESP32-C6 firmware	2026-09-24T12:16:00.1338289Z [463/1416] Building C object esp-idf/esp_driver_uart/CMakeFiles/__idf_esp_driver_uart.dir/src/uart.c.obj^[[K
build	Build ESP32-C6 firmware	2026-09-24T12:16:00.2481062Z [464/1416] Building CXX object esp-idf/nvs_flash/CMakeFiles/__idf_nvs_flash.dir/src/nvs_item_hash_list.cpp.obj^[[K
build	Build ESP32-C6 firmware	2026-09-24T12:16:00.3129001Z [465/1416] Building CXX object esp-idf/nvs_flash/CMakeFiles/__idf_nvs_flash.dir/src/nvs_cxx_api.cpp.obj^[[K
build	Build ESP32-C6 firmware	2026-09-24T12:16:00.3270633Z [466/1416] Building CXX object esp-idf/nvs_flash/CMakeFiles/__idf_nvs_flash.dir/src/nvs_page.cpp.obj^[[K
build	Build ESP32-C6 firmware	2026-09-24T12:16:00.4220396Z [467/1416] Building CXX object esp-idf/nvs_flash/CMakeFiles/__idf_nvs_flash.dir/src/nvs_api.cpp.obj^[[K
build	Build ESP32-C6 firmware	2026-09-24T12:16:00.6473763Z [468/1416] Building CXX object esp-idf/nvs_flash/CMakeFiles/__idf_nvs_flash.dir/src/nvs_pagemanager.cpp.obj^[[K
build	Build ESP32-C6 firmware	2026-09-24T12:16:00.7533653Z [469/1416] Building CXX object esp-idf/nvs_flash/CMakeFiles/__idf_nvs_flash.dir/src/nvs_storage.cpp.obj^[[K
build	Build ESP32-C6 firmware	2026-09-24T12:16:00.9339919Z [470/1416] Building CXX object esp-idf/nvs_flash/CMakeFiles/__idf_nvs_flash.dir/src/nvs_partition.cpp.obj^[[K
build	Build ESP32-C6 firmware	2026-09-24T12:16:00.9403479Z [471/1416] Building CXX object esp-idf/nvs_flash/CMakeFiles/__idf_nvs_flash.dir/src/nvs_platform.cpp.obj^[[K
build	Build ESP32-C6 firmware	2026-09-24T12:16:01.1989946Z [472/1416] Building CXX object esp-idf/nvs_flash/CMakeFiles/__idf_nvs_flash.dir/src/nvs_partition_lookup.cpp.obj^[[K
build	Build ESP32-C6 firmware	2026-09-24T12:16:01.5013676Z [473/1416] Building C object esp-idf/nvs_flash/CMakeFiles/__idf_nvs_flash.dir/src/nvs_bootloader.c.obj^[[K
build	Build ESP32-C6 firmware	2026-09-24T12:16:02.0584233Z [474/1416] Building C object esp-idf/esp_driver_pcnt/CMakeFiles/__idf_esp_driver_pcnt.dir/src/pulse_cnt.c.obj^[[K
build	Build ESP32-C6 firmware	2026-09-24T12:16:02.1106639Z [475/1416] Building C object esp-idf/esp_driver_spi/CMakeFiles/__idf_esp_driver_spi.dir/src/gpspi/spi_common.c.obj^[[K
build	Build ESP32-C6 firmware	2026-09-24T12:16:02.3751266Z [476/1416] Building CXX object esp-idf/nvs_flash/CMakeFiles/__idf_nvs_flash.dir/src/nvs_partition_manager.cpp.obj^[[K
build	Build ESP32-C6 firmware	2026-09-24T12:16:02.4327338Z [477/1416] Building CXX object esp-idf/nvs_flash/CMakeFiles/__idf_nvs_flash.dir/src/nvs_handle_simple.cpp.obj^[[K
build	Build ESP32-C6 firmware	2026-09-24T12:16:02.5553542Z [478/1416] Building C object esp-idf/esp_driver_spi/CMakeFiles/__idf_esp_driver_spi.dir/src/gpspi/spi_slave.c.obj^[[K
build	Build ESP32-C6 firmware	2026-09-24T12:16:02.5862339Z [479/1416] Building CXX object esp-idf/nvs_flash/CMakeFiles/__idf_nvs_flash.dir/src/nvs_handle_locked.cpp.obj^[[K
build	Build ESP32-C6 firmware	2026-09-24T12:16:02.6627519Z [480/1416] Building C object esp-idf/esp_driver_spi/CMakeFiles/__idf_esp_driver_spi.dir/src/gpspi/spi_dma.c.obj^[[K
build	Build ESP32-C6 firmware	2026-09-24T12:16:02.7081511Z [481/1416] Building CXX object esp-idf/nvs_flash/CMakeFiles/__idf_nvs_flash.dir/src/nvs_types.cpp.obj^[[K
build	Build ESP32-C6 firmware	2026-09-24T12:16:02.7980397Z [482/1416] Building C object esp-idf/esp_driver_spi/CMakeFiles/__idf_esp_driver_spi.dir/src/gpspi/spi_master.c.obj^[[K
build	Build ESP32-C6 firmware	2026-09-24T12:16:02.8109076Z [483/1416] Building C object esp-idf/esp_driver_mcpwm/CMakeFiles/__idf_esp_driver_mcpwm.dir/src/mcpwm_cmpr.c.obj^[[K
build	Build ESP32-C6 firmware	2026-09-24T12:16:02.8218526Z [484/1416] Building CXX object esp-idf/nvs_flash/CMakeFiles/__idf_nvs_flash.dir/src/nvs_encrypted_partition.cpp.obj^[[K
build	Build ESP32-C6 firmware	2026-09-24T12:16:02.8993712Z [485/1416] Building C object esp-idf/esp_driver_spi/CMakeFiles/__idf_esp_driver_spi.dir/src/gpspi/spi_slave_hd.c.obj^[[K
build	Build ESP32-C6 firmware	2026-09-24T12:16:02.9620005Z [486/1416] Building C object esp-idf/esp_driver_mcpwm/CMakeFiles/__idf_esp_driver_mcpwm.dir/src/mcpwm_cap.c.obj^[[K
build	Build ESP32-C6 firmware	2026-09-24T12:16:03.0788558Z [487/1416] Building C object esp-idf/esp_driver_mcpwm/CMakeFiles/__idf_esp_driver_mcpwm.dir/src/mcpwm_com.c.obj^[[K
build	Build ESP32-C6 firmware	2026-09-24T12:16:03.1041181Z [488/1416] Building C object esp-idf/esp_driver_mcpwm/CMakeFiles/__idf_esp_driver_mcpwm.dir/src/mcpwm_fault.c.obj^[[K
build	Build ESP32-C6 firmware	2026-09-24T12:16:03.1392597Z [489/1416] Building C object esp-idf/esp_driver_mcpwm/CMakeFiles/__idf_esp_driver_mcpwm.dir/src/mcpwm_gen.c.obj^[[K
build	Build ESP32-C6 firmware	2026-09-24T12:16:03.1492385Z [490/1416] Building C object esp-idf/esp_driver_mcpwm/CMakeFiles/__idf_esp_driver_mcpwm.dir/src/mcpwm_sync.c.obj^[[K
build	Build ESP32-C6 firmware	2026-09-24T12:16:03.2101256Z [491/1416] Building C object esp-idf/esp_driver_mcpwm/CMakeFiles/__idf_esp_driver_mcpwm.dir/src/mcpwm_oper.c.obj^[[K
build	Build ESP32-C6 firmware	2026-09-24T12:16:03.2820859Z [492/1416] Building C object esp-idf/esp_driver_mcpwm/CMakeFiles/__idf_esp_driver_mcpwm.dir/src/mcpwm_etm.c.obj^[[K
build	Build ESP32-C6 firmware	2026-09-24T12:16:03.4328658Z [493/1416] Building C object esp-idf/esp_driver_mcpwm/CMakeFiles/__idf_esp_driver_mcpwm.dir/src/mcpwm_timer.c.obj^[[K
build	Build ESP32-C6 firmware	2026-09-24T12:16:03.4408680Z [494/1416] Building C object esp-idf/esp_driver_i2s/CMakeFiles/__idf_esp_driver_i2s.dir/i2s_std.c.obj^[[K
build	Build ESP32-C6 firmware	2026-09-24T12:16:03.4633968Z [495/1416] Building C object esp-idf/esp_driver_i2s/CMakeFiles/__idf_esp_driver_i2s.dir/i2s_pdm.c.obj^[[K
build	Build ESP32-C6 firmware	2026-09-24T12:16:03.4711799Z [496/1416] Building C object esp-idf/esp_driver_i2s/CMakeFiles/__idf_esp_driver_i2s.dir/i2s_etm.c.obj^[[K
build	Build ESP32-C6 firmware	2026-09-24T12:16:03.4853468Z [497/1416] Building C object esp-idf/esp_driver_i2s/CMakeFiles/__idf_esp_driver_i2s.dir/i2s_common.c.obj^[[K
build	Build ESP32-C6 firmware	2026-09-24T12:16:03.5134288Z [498/1416] Building C object esp-idf/esp_driver_i2s/CMakeFiles/__idf_esp_driver_i2s.dir/i2s_platform.c.obj^[[K
build	Build ESP32-C6 firmware	2026-09-24T12:16:03.6297752Z [499/1416] Building C object esp-idf/esp_driver_i2s/CMakeFiles/__idf_esp_driver_i2s.dir/i2s_tdm.c.obj^[[K
build	Build ESP32-C6 firmware	2026-09-24T12:16:03.7148699Z [500/1416] Building C object esp-idf/sdmmc/CMakeFiles/__idf_sdmmc.dir/sdmmc_init.c.obj^[[K
build	Build ESP32-C6 firmware	2026-09-24T12:16:03.7341100Z [501/1416] Building C object esp-idf/sdmmc/CMakeFiles/__idf_sdmmc.dir/sdmmc_cmd.c.obj^[[K
build	Build ESP32-C6 firmware	2026-09-24T12:16:03.7519950Z [502/1416] Building C object esp-idf/sdmmc/CMakeFiles/__idf_sdmmc.dir/sdmmc_common.c.obj^[[K
build	Build ESP32-C6 firmware	2026-09-24T12:16:03.7634692Z [503/1416] Building C object esp-idf/sdmmc/CMakeFiles/__idf_sdmmc.dir/sdmmc_mmc.c.obj^[[K
build	Build ESP32-C6 firmware	2026-09-24T12:16:03.7813084Z [504/1416] Building C object esp-idf/sdmmc/CMakeFiles/__idf_sdmmc.dir/sd_pwr_ctrl/sd_pwr_ctrl.c.obj^[[K
build	Build ESP32-C6 firmware	2026-09-24T12:16:03.8001243Z [505/1416] Building C object esp-idf/esp_driver_sdspi/CMakeFiles/__idf_esp_driver_sdspi.dir/src/sdspi_crc.c.obj^[[K
build	Build ESP32-C6 firmware	2026-09-24T12:16:03.8333713Z [506/1416] Building C object esp-idf/sdmmc/CMakeFiles/__idf_sdmmc.dir/sdmmc_io.c.obj^[[K
build	Build ESP32-C6 firmware	2026-09-24T12:16:03.9574235Z [507/1416] Building C object esp-idf/sdmmc/CMakeFiles/__idf_sdmmc.dir/sdmmc_sd.c.obj^[[K
build	Build ESP32-C6 firmware	2026-09-24T12:16:04.0539397Z [508/1416] Building C object esp-idf/esp_driver_sdspi/CMakeFiles/__idf_esp_driver_sdspi.dir/src/sdspi_transaction.c.obj^[[K
build	Build ESP32-C6 firmware	2026-09-24T12:16:04.0775259Z [509/1416] Building C object esp-idf/esp_driver_rmt/CMakeFiles/__idf_esp_driver_rmt.dir/src/rmt_common.c.obj^[[K
build	Build ESP32-C6 firmware	2026-09-24T12:16:04.1018441Z [510/1416] Building C object esp-idf/esp_driver_rmt/CMakeFiles/__idf_esp_driver_rmt.dir/src/rmt_encoder.c.obj^[[K
build	Build ESP32-C6 firmware	2026-09-24T12:16:04.1087364Z [511/1416] Building C object esp-idf/esp_driver_sdspi/CMakeFiles/__idf_esp_driver_sdspi.dir/src/sdspi_host.c.obj^[[K
build	Build ESP32-C6 firmware	2026-09-24T12:16:04.2022767Z [512/1416] Building C object esp-idf/esp_driver_rmt/CMakeFiles/__idf_esp_driver_rmt.dir/src/rmt_rx.c.obj^[[K
build	Build ESP32-C6 firmware	2026-09-24T12:16:04.2625285Z [513/1416] Building C object esp-idf/esp_driver_tsens/CMakeFiles/__idf_esp_driver_tsens.dir/src/temperature_sensor_etm.c.obj^[[K
build	Build ESP32-C6 firmware	2026-09-24T12:16:04.3516625Z [514/1416] Building C object esp-idf/esp_driver_sdio/CMakeFiles/__idf_esp_driver_sdio.dir/src/sdio_slave.c.obj^[[K
build	Build ESP32-C6 firmware	2026-09-24T12:16:04.4770321Z [515/1416] Building C object esp-idf/esp_driver_tsens/CMakeFiles/__idf_esp_driver_tsens.dir/src/temperature_sensor.c.obj^[[K
build	Build ESP32-C6 firmware	2026-09-24T12:16:04.4980421Z [516/1416] Building C object esp-idf/esp_driver_sdm/CMakeFiles/__idf_esp_driver_sdm.dir/src/sdm.c.obj^[[K
build	Build ESP32-C6 firmware	2026-09-24T12:16:04.5109078Z [517/1416] Building C object esp-idf/esp_driver_rmt/CMakeFiles/__idf_esp_driver_rmt.dir/src/rmt_tx.c.obj^[[K
build	Build ESP32-C6 firmware	2026-09-24T12:16:04.5423414Z [518/1416] Building C object esp-idf/esp_driver_i2c/CMakeFiles/__idf_esp_driver_i2c.dir/i2c_master.c.obj^[[K
build	Build ESP32-C6 firmware	2026-09-24T12:16:04.6220917Z [519/1416] Building C object esp-idf/esp_driver_i2c/CMakeFiles/__idf_esp_driver_i2c.dir/i2c_common.c.obj^[[K
build	Build ESP32-C6 firmware	2026-09-24T12:16:04.6866763Z [520/1416] Building C object esp-idf/esp_driver_i2c/CMakeFiles/__idf_esp_driver_i2c.dir/i2c_slave.c.obj^[[K
build	Build ESP32-C6 firmware	2026-09-24T12:16:04.7608662Z [521/1416] Building C object esp-idf/esp_driver_parlio/CMakeFiles/__idf_esp_driver_parlio.dir/src/parlio_common.c.obj^[[K
build	Build ESP32-C6 firmware	2026-09-24T12:16:04.8094222Z [522/1416] Building C object esp-idf/esp_driver_usb_serial_jtag/CMakeFiles/__idf_esp_driver_usb_serial_jtag.dir/src/usb_serial_jtag.c.obj^[[K
build	Build ESP32-C6 firmware	2026-09-24T12:16:04.9214854Z [523/1416] Building C object esp-idf/esp_driver_usb_serial_jtag/CMakeFiles/__idf_esp_driver_usb_serial_jtag.dir/src/usb_serial_jtag_connection_monitor.c.obj^[[K
build	Build ESP32-C6 firmware	2026-09-24T12:16:04.9490987Z [524/1416] Building C object esp-idf/esp_driver_ledc/CMakeFiles/__idf_esp_driver_ledc.dir/src/ledc.c.obj^[[K
build	Build ESP32-C6 firmware	2026-09-24T12:16:04.9957025Z [525/1416] Building C object esp-idf/esp_driver_parlio/CMakeFiles/__idf_esp_driver_parlio.dir/src/parlio_tx.c.obj^[[K
build	Build ESP32-C6 firmware	2026-09-24T12:16:05.0055767Z [526/1416] Building C object esp-idf/esp_driver_parlio/CMakeFiles/__idf_esp_driver_parlio.dir/src/parlio_rx.c.obj^[[K
build	Build ESP32-C6 firmware	2026-09-24T12:16:05.0459723Z [527/1416] Building C object esp-idf/esp_driver_usb_serial_jtag/CMakeFiles/__idf_esp_driver_usb_serial_jtag.dir/src/usb_serial_jtag_vfs.c.obj^[[K
build	Build ESP32-C6 firmware	2026-09-24T12:16:05.1378103Z [528/1416] Building C object esp-idf/driver/CMakeFiles/__idf_driver.dir/deprecated/adc_legacy.c.obj^[[K
build	Build ESP32-C6 firmware	2026-09-24T12:16:05.3755826Z [529/1416] Building C object esp-idf/driver/CMakeFiles/__idf_driver.dir/deprecated/adc_dma_legacy.c.obj^[[K
build	Build ESP32-C6 firmware	2026-09-24T12:16:05.5040007Z [530/1416] Building C object esp-idf/driver/CMakeFiles/__idf_driver.dir/deprecated/timer_legacy.c.obj^[[K
build	Build ESP32-C6 firmware	2026-09-24T12:16:05.5581843Z [531/1416] Building C object esp-idf/driver/CMakeFiles/__idf_driver.dir/deprecated/pcnt_legacy.c.obj^[[K
build	Build ESP32-C6 firmware	2026-09-24T12:16:05.5584847Z [532/1416] Building C object esp-idf/driver/CMakeFiles/__idf_driver.dir/i2c/i2c.c.obj^[[K
build	Build ESP32-C6 firmware	2026-09-24T12:16:05.5747002Z [533/1416] Building C object esp-idf/driver/CMakeFiles/__idf_driver.dir/deprecated/i2s_legacy.c.obj^[[K
build	Build ESP32-C6 firmware	2026-09-24T12:16:05.6457347Z [534/1416] Building C object esp-idf/driver/CMakeFiles/__idf_driver.dir/deprecated/sigma_delta_legacy.c.obj^[[K
build	Build ESP32-C6 firmware	2026-09-24T12:16:05.6969301Z [535/1416] Building C object esp-idf/driver/CMakeFiles/__idf_driver.dir/deprecated/mcpwm_legacy.c.obj^[[K
build	Build ESP32-C6 firmware	2026-09-24T12:16:05.6981794Z [536/1416] Building C object esp-idf/esp_phy/CMakeFiles/__idf_esp_phy.dir/src/lib_printf.c.obj^[[K
build	Build ESP32-C6 firmware	2026-09-24T12:16:05.7441361Z [537/1416] Building C object esp-idf/driver/CMakeFiles/__idf_driver.dir/deprecated/rtc_temperature_legacy.c.obj^[[K
build	Build ESP32-C6 firmware	2026-09-24T12:16:05.7857781Z [538/1416] Building C object esp-idf/esp_phy/CMakeFiles/__idf_esp_phy.dir/src/phy_override.c.obj^[[K
build	Build ESP32-C6 firmware	2026-09-24T12:16:05.8179142Z [539/1416] Building C object esp-idf/esp_phy/CMakeFiles/__idf_esp_phy.dir/esp32c6/phy_init_data.c.obj^[[K
build	Build ESP32-C6 firmware	2026-09-24T12:16:05.8713643Z [540/1416] Building C object esp-idf/driver/CMakeFiles/__idf_driver.dir/deprecated/rmt_legacy.c.obj^[[K
build	Build ESP32-C6 firmware	2026-09-24T12:16:05.8752256Z [541/1416] Building C object esp-idf/driver/CMakeFiles/__idf_driver.dir/twai/twai.c.obj^[[K
build	Build ESP32-C6 firmware	2026-09-24T12:16:05.9246938Z [542/1416] Building C object esp-idf/esp_phy/CMakeFiles/__idf_esp_phy.dir/src/phy_common.c.obj^[[K
build	Build ESP32-C6 firmware	2026-09-24T12:16:06.0213993Z [543/1416] Building C object esp-idf/esp_phy/CMakeFiles/__idf_esp_phy.dir/src/btbb_init.c.obj^[[K
build	Build ESP32-C6 firmware	2026-09-24T12:16:06.0355484Z [544/1416] Building C object esp-idf/esp_phy/CMakeFiles/__idf_esp_phy.dir/src/phy_init.c.obj^[[K
build	Build ESP32-C6 firmware	2026-09-24T12:16:06.0689681Z [545/1416] Building C object esp-idf/esp_vfs_console/CMakeFiles/__idf_esp_vfs_console.dir/vfs_console.c.obj^[[K
build	Build ESP32-C6 firmware	2026-09-24T12:16:06.1634458Z [546/1416] Building C object esp-idf/vfs/CMakeFiles/__idf_vfs.dir/vfs_eventfd.c.obj^[[K
build	Build ESP32-C6 firmware	2026-09-24T12:16:06.2657832Z [547/1416] Building C object esp-idf/vfs/CMakeFiles/__idf_vfs.dir/nullfs.c.obj^[[K
build	Build ESP32-C6 firmware	2026-09-24T12:16:06.2749364Z [548/1416] Building C object esp-idf/lwip/CMakeFiles/__idf_lwip.dir/lwip/src/api/api_lib.c.obj^[[K
build	Build ESP32-C6 firmware	2026-09-24T12:16:06.2881803Z [549/1416] Building C object esp-idf/lwip/CMakeFiles/__idf_lwip.dir/apps/sntp/sntp.c.obj^[[K
build	Build ESP32-C6 firmware	2026-09-24T12:16:06.3360409Z [550/1416] Building C object esp-idf/vfs/CMakeFiles/__idf_vfs.dir/vfs_semihost.c.obj^[[K
build	Build ESP32-C6 firmware	2026-09-24T12:16:06.4088161Z [551/1416] Building C object esp-idf/vfs/CMakeFiles/__idf_vfs.dir/vfs.c.obj^[[K
build	Build ESP32-C6 firmware	2026-09-24T12:16:06.4351105Z [552/1416] Building C object esp-idf/lwip/CMakeFiles/__idf_lwip.dir/lwip/src/api/err.c.obj^[[K
build	Build ESP32-C6 firmware	2026-09-24T12:16:06.4984904Z [553/1416] Building C object esp-idf/lwip/CMakeFiles/__idf_lwip.dir/lwip/src/api/if_api.c.obj^[[K
build	Build ESP32-C6 firmware	2026-09-24T12:16:06.5253397Z [554/1416] Building C object esp-idf/lwip/CMakeFiles/__idf_lwip.dir/lwip/src/api/api_msg.c.obj^[[K
build	Build ESP32-C6 firmware	2026-09-24T12:16:06.5393606Z [555/1416] Building C object esp-idf/lwip/CMakeFiles/__idf_lwip.dir/lwip/src/api/netbuf.c.obj^[[K
build	Build ESP32-C6 firmware	2026-09-24T12:16:06.5742571Z [556/1416] Building C object esp-idf/lwip/CMakeFiles/__idf_lwip.dir/lwip/src/api/netifapi.c.obj^[[K
build	Build ESP32-C6 firmware	2026-09-24T12:16:06.6917320Z [557/1416] Building C object esp-idf/lwip/CMakeFiles/__idf_lwip.dir/lwip/src/api/netdb.c.obj^[[K
build	Build ESP32-C6 firmware	2026-09-24T12:16:06.7386078Z [558/1416] Building C object esp-idf/lwip/CMakeFiles/__idf_lwip.dir/lwip/src/api/tcpip.c.obj^[[K
build	Build ESP32-C6 firmware	2026-09-24T12:16:06.7406219Z [559/1416] Building C object esp-idf/lwip/CMakeFiles/__idf_lwip.dir/lwip/src/apps/netbiosns/netbiosns.c.obj^[[K
build	Build ESP32-C6 firmware	2026-09-24T12:16:06.8027708Z [560/1416] Building C object esp-idf/lwip/CMakeFiles/__idf_lwip.dir/lwip/src/apps/sntp/sntp.c.obj^[[K
build	Build ESP32-C6 firmware	2026-09-24T12:16:06.8895143Z [561/1416] Building C object esp-idf/lwip/CMakeFiles/__idf_lwip.dir/lwip/src/core/def.c.obj^[[K
build	Build ESP32-C6 firmware	2026-09-24T12:16:06.9005821Z [562/1416] Building C object esp-idf/lwip/CMakeFiles/__idf_lwip.dir/lwip/src/core/dns.c.obj^[[K
build	Build ESP32-C6 firmware	2026-09-24T12:16:06.9101593Z [563/1416] Building C object esp-idf/lwip/CMakeFiles/__idf_lwip.dir/lwip/src/core/init.c.obj^[[K
build	Build ESP32-C6 firmware	2026-09-24T12:16:06.9868063Z [564/1416] Building C object esp-idf/lwip/CMakeFiles/__idf_lwip.dir/lwip/src/core/inet_chksum.c.obj^[[K
build	Build ESP32-C6 firmware	2026-09-24T12:16:07.0003685Z [565/1416] Building C object esp-idf/lwip/CMakeFiles/__idf_lwip.dir/lwip/src/core/mem.c.obj^[[K
build	Build ESP32-C6 firmware	2026-09-24T12:16:07.1406613Z [566/1416] Building C object esp-idf/lwip/CMakeFiles/__idf_lwip.dir/lwip/src/core/ip.c.obj^[[K
build	Build ESP32-C6 firmware	2026-09-24T12:16:07.1789758Z [567/1416] Building C object esp-idf/lwip/CMakeFiles/__idf_lwip.dir/lwip/src/core/stats.c.obj^[[K
build	Build ESP32-C6 firmware	2026-09-24T12:16:07.2128418Z [568/1416] Building C object esp-idf/lwip/CMakeFiles/__idf_lwip.dir/lwip/src/api/sockets.c.obj^[[K
build	Build ESP32-C6 firmware	2026-09-24T12:16:07.2338334Z [569/1416] Building C object esp-idf/lwip/CMakeFiles/__idf_lwip.dir/lwip/src/core/memp.c.obj^[[K
build	Build ESP32-C6 firmware	2026-09-24T12:16:07.2422540Z [570/1416] Building C object esp-idf/lwip/CMakeFiles/__idf_lwip.dir/lwip/src/core/raw.c.obj^[[K
build	Build ESP32-C6 firmware	2026-09-24T12:16:07.2568910Z [571/1416] Building C object esp-idf/lwip/CMakeFiles/__idf_lwip.dir/lwip/src/core/netif.c.obj^[[K
build	Build ESP32-C6 firmware	2026-09-24T12:16:07.3596341Z [572/1416] Building C object esp-idf/lwip/CMakeFiles/__idf_lwip.dir/lwip/src/core/pbuf.c.obj^[[K
build	Build ESP32-C6 firmware	2026-09-24T12:16:07.5167492Z [573/1416] Building C object esp-idf/lwip/CMakeFiles/__idf_lwip.dir/lwip/src/core/sys.c.obj^[[K
build	Build ESP32-C6 firmware	2026-09-24T12:16:07.5407775Z [574/1416] Building C object esp-idf/lwip/CMakeFiles/__idf_lwip.dir/lwip/src/core/timeouts.c.obj^[[K
build	Build ESP32-C6 firmware	2026-09-24T12:16:07.5778922Z [575/1416] Building C object esp-idf/lwip/CMakeFiles/__idf_lwip.dir/lwip/src/core/ipv4/autoip.c.obj^[[K
build	Build ESP32-C6 firmware	2026-09-24T12:16:07.5830642Z [576/1416] Building C object esp-idf/lwip/CMakeFiles/__idf_lwip.dir/lwip/src/core/tcp.c.obj^[[K
build	Build ESP32-C6 firmware	2026-09-24T12:16:07.6138750Z [577/1416] Building C object esp-idf/lwip/CMakeFiles/__idf_lwip.dir/lwip/src/core/udp.c.obj^[[K
build	Build ESP32-C6 firmware	2026-09-24T12:16:07.7028725Z [578/1416] Building C object esp-idf/lwip/CMakeFiles/__idf_lwip.dir/lwip/src/core/tcp_out.c.obj^[[K
build	Build ESP32-C6 firmware	2026-09-24T12:16:07.7720151Z [579/1416] Building C object esp-idf/lwip/CMakeFiles/__idf_lwip.dir/lwip/src/core/tcp_in.c.obj^[[K
build	Build ESP32-C6 firmware	2026-09-24T12:16:07.8685604Z [580/1416] Building C object esp-idf/lwip/CMakeFiles/__idf_lwip.dir/lwip/src/core/ipv4/icmp.c.obj^[[K
build	Build ESP32-C6 firmware	2026-09-24T12:16:07.8705474Z [581/1416] Building C object esp-idf/lwip/CMakeFiles/__idf_lwip.dir/lwip/src/core/ipv4/igmp.c.obj^[[K
build	Build ESP32-C6 firmware	2026-09-24T12:16:07.8929348Z [582/1416] Building C object esp-idf/lwip/CMakeFiles/__idf_lwip.dir/lwip/src/core/ipv4/etharp.c.obj^[[K
build	Build ESP32-C6 firmware	2026-09-24T12:16:07.9082071Z [583/1416] Building C object esp-idf/lwip/CMakeFiles/__idf_lwip.dir/lwip/src/core/ipv4/dhcp.c.obj^[[K
build	Build ESP32-C6 firmware	2026-09-24T12:16:07.9642586Z [584/1416] Building C object esp-idf/lwip/CMakeFiles/__idf_lwip.dir/lwip/src/core/ipv4/ip4_napt.c.obj^[[K
build	Build ESP32-C6 firmware	2026-09-24T12:16:07.9880142Z [585/1416] Building C object esp-idf/lwip/CMakeFiles/__idf_lwip.dir/lwip/src/core/ipv4/ip4.c.obj^[[K
build	Build ESP32-C6 firmware	2026-09-24T12:16:08.0410505Z [586/1416] Building C object esp-idf/lwip/CMakeFiles/__idf_lwip.dir/lwip/src/core/ipv4/ip4_addr.c.obj^[[K
build	Build ESP32-C6 firmware	2026-09-24T12:16:08.1254022Z [587/1416] Building C object esp-idf/lwip/CMakeFiles/__idf_lwip.dir/lwip/src/core/ipv6/dhcp6.c.obj^[[K
build	Build ESP32-C6 firmware	2026-09-24T12:16:08.1434597Z [588/1416] Building C object esp-idf/lwip/CMakeFiles/__idf_lwip.dir/lwip/src/core/ipv6/icmp6.c.obj^[[K
build	Build ESP32-C6 firmware	2026-09-24T12:16:08.1496880Z [589/1416] Building C object esp-idf/lwip/CMakeFiles/__idf_lwip.dir/lwip/src/core/ipv4/ip4_frag.c.obj^[[K
build	Build ESP32-C6 firmware	2026-09-24T12:16:08.1678522Z [590/1416] Building C object esp-idf/lwip/CMakeFiles/__idf_lwip.dir/lwip/src/core/ipv6/inet6.c.obj^[[K
build	Build ESP32-C6 firmware	2026-09-24T12:16:08.2748819Z [591/1416] Building C object esp-idf/lwip/CMakeFiles/__idf_lwip.dir/lwip/src/core/ipv6/ethip6.c.obj^[[K
build	Build ESP32-C6 firmware	2026-09-24T12:16:08.2870547Z [592/1416] Building C object esp-idf/lwip/CMakeFiles/__idf_lwip.dir/lwip/src/core/ipv6/ip6.c.obj^[[K
build	Build ESP32-C6 firmware	2026-09-24T12:16:08.3559564Z [593/1416] Building C object esp-idf/lwip/CMakeFiles/__idf_lwip.dir/lwip/src/core/ipv6/ip6_addr.c.obj^[[K
build	Build ESP32-C6 firmware	2026-09-24T12:16:08.4087692Z [594/1416] Building C object esp-idf/lwip/CMakeFiles/__idf_lwip.dir/lwip/src/core/ipv6/ip6_frag.c.obj^[[K
build	Build ESP32-C6 firmware	2026-09-24T12:16:08.4251320Z [595/1416] Building C object esp-idf/lwip/CMakeFiles/__idf_lwip.dir/lwip/src/core/ipv6/mld6.c.obj^[[K
build	Build ESP32-C6 firmware	2026-09-24T12:16:08.5124531Z [596/1416] Building C object esp-idf/lwip/CMakeFiles/__idf_lwip.dir/lwip/src/netif/ethernet.c.obj^[[K
build	Build ESP32-C6 firmware	2026-09-24T12:16:08.5584170Z [597/1416] Building C object esp-idf/lwip/CMakeFiles/__idf_lwip.dir/lwip/src/netif/bridgeif.c.obj^[[K
build	Build ESP32-C6 firmware	2026-09-24T12:16:08.5659877Z [598/1416] Building C object esp-idf/lwip/CMakeFiles/__idf_lwip.dir/lwip/src/netif/bridgeif_fdb.c.obj^[[K
build	Build ESP32-C6 firmware	2026-09-24T12:16:08.6026931Z [599/1416] Building C object esp-idf/lwip/CMakeFiles/__idf_lwip.dir/lwip/src/netif/ppp/ccp.c.obj^[[K
build	Build ESP32-C6 firmware	2026-09-24T12:16:08.6467123Z [600/1416] Building C object esp-idf/lwip/CMakeFiles/__idf_lwip.dir/lwip/src/netif/slipif.c.obj^[[K
build	Build ESP32-C6 firmware	2026-09-24T12:16:08.6580750Z [601/1416] Building C object esp-idf/lwip/CMakeFiles/__idf_lwip.dir/lwip/src/netif/ppp/auth.c.obj^[[K
build	Build ESP32-C6 firmware	2026-09-24T12:16:08.7047951Z [602/1416] Building C object esp-idf/lwip/CMakeFiles/__idf_lwip.dir/lwip/src/core/ipv6/nd6.c.obj^[[K
build	Build ESP32-C6 firmware	2026-09-24T12:16:08.7102199Z [603/1416] Building C object esp-idf/lwip/CMakeFiles/__idf_lwip.dir/lwip/src/netif/ppp/chap-new.c.obj^[[K
build	Build ESP32-C6 firmware	2026-09-24T12:16:08.7714924Z [604/1416] Building C object esp-idf/lwip/CMakeFiles/__idf_lwip.dir/lwip/src/netif/ppp/chap-md5.c.obj^[[K
build	Build ESP32-C6 firmware	2026-09-24T12:16:08.7949479Z [605/1416] Building C object esp-idf/lwip/CMakeFiles/__idf_lwip.dir/lwip/src/netif/ppp/chap_ms.c.obj^[[K
build	Build ESP32-C6 firmware	2026-09-24T12:16:08.8296429Z [606/1416] Building C object esp-idf/lwip/CMakeFiles/__idf_lwip.dir/lwip/src/netif/ppp/demand.c.obj^[[K
build	Build ESP32-C6 firmware	2026-09-24T12:16:08.8342688Z [607/1416] Building C object esp-idf/lwip/CMakeFiles/__idf_lwip.dir/lwip/src/netif/ppp/eap.c.obj^[[K
build	Build ESP32-C6 firmware	2026-09-24T12:16:08.8832936Z [608/1416] Building C object esp-idf/lwip/CMakeFiles/__idf_lwip.dir/lwip/src/netif/ppp/ecp.c.obj^[[K
build	Build ESP32-C6 firmware	2026-09-24T12:16:08.9180387Z [609/1416] Building C object esp-idf/lwip/CMakeFiles/__idf_lwip.dir/lwip/src/netif/ppp/eui64.c.obj^[[K
build	Build ESP32-C6 firmware	2026-09-24T12:16:08.9757030Z [610/1416] Building C object esp-idf/lwip/CMakeFiles/__idf_lwip.dir/lwip/src/netif/ppp/fsm.c.obj^[[K
build	Build ESP32-C6 firmware	2026-09-24T12:16:08.9764705Z [611/1416] Building C object esp-idf/lwip/CMakeFiles/__idf_lwip.dir/lwip/src/netif/ppp/ipv6cp.c.obj^[[K
build	Build ESP32-C6 firmware	2026-09-24T12:16:08.9906311Z [612/1416] Building C object esp-idf/lwip/CMakeFiles/__idf_lwip.dir/lwip/src/netif/ppp/ipcp.c.obj^[[K
build	Build ESP32-C6 firmware	2026-09-24T12:16:09.0230763Z [613/1416] Building C object esp-idf/lwip/CMakeFiles/__idf_lwip.dir/lwip/src/netif/ppp/magic.c.obj^[[K
build	Build ESP32-C6 firmware	2026-09-24T12:16:09.0845266Z [614/1416] Building C object esp-idf/lwip/CMakeFiles/__idf_lwip.dir/lwip/src/netif/ppp/lcp.c.obj^[[K
build	Build ESP32-C6 firmware	2026-09-24T12:16:09.1038926Z [615/1416] Building C object esp-idf/lwip/CMakeFiles/__idf_lwip.dir/lwip/src/netif/ppp/multilink.c.obj^[[K
build	Build ESP32-C6 firmware	2026-09-24T12:16:09.1245606Z [616/1416] Building C object esp-idf/lwip/CMakeFiles/__idf_lwip.dir/lwip/src/netif/ppp/ppp.c.obj^[[K
build	Build ESP32-C6 firmware	2026-09-24T12:16:09.1484343Z [617/1416] Building C object esp-idf/lwip/CMakeFiles/__idf_lwip.dir/lwip/src/netif/ppp/mppe.c.obj^[[K
build	Build ESP32-C6 firmware	2026-09-24T12:16:09.2170444Z [618/1416] Building C object esp-idf/lwip/CMakeFiles/__idf_lwip.dir/lwip/src/netif/ppp/pppapi.c.obj^[[K
build	Build ESP32-C6 firmware	2026-09-24T12:16:09.2207710Z [619/1416] Building C object esp-idf/lwip/CMakeFiles/__idf_lwip.dir/lwip/src/netif/ppp/pppoe.c.obj^[[K
build	Build ESP32-C6 firmware	2026-09-24T12:16:09.2752247Z [620/1416] Building C object esp-idf/lwip/CMakeFiles/__idf_lwip.dir/lwip/src/netif/ppp/pppcrypt.c.obj^[[K
build	Build ESP32-C6 firmware	2026-09-24T12:16:09.2832793Z [621/1416] Building C object esp-idf/lwip/CMakeFiles/__idf_lwip.dir/lwip/src/netif/ppp/pppos.c.obj^[[K
build	Build ESP32-C6 firmware	2026-09-24T12:16:09.3243661Z [622/1416] Building C object esp-idf/lwip/CMakeFiles/__idf_lwip.dir/lwip/src/netif/ppp/pppol2tp.c.obj^[[K
build	Build ESP32-C6 firmware	2026-09-24T12:16:09.3457241Z [623/1416] Building C object esp-idf/lwip/CMakeFiles/__idf_lwip.dir/lwip/src/netif/ppp/utils.c.obj^[[K
build	Build ESP32-C6 firmware	2026-09-24T12:16:09.3582824Z [624/1416] Building C object esp-idf/lwip/CMakeFiles/__idf_lwip.dir/lwip/src/netif/ppp/vj.c.obj^[[K
build	Build ESP32-C6 firmware	2026-09-24T12:16:09.4267267Z [625/1416] Building C object esp-idf/lwip/CMakeFiles/__idf_lwip.dir/lwip/src/netif/ppp/upap.c.obj^[[K
build	Build ESP32-C6 firmware	2026-09-24T12:16:09.5234398Z [626/1416] Building C object esp-idf/lwip/CMakeFiles/__idf_lwip.dir/port/hooks/tcp_isn_default.c.obj^[[K
build	Build ESP32-C6 firmware	2026-09-24T12:16:09.5343047Z [627/1416] Building C object esp-idf/lwip/CMakeFiles/__idf_lwip.dir/port/hooks/lwip_default_hooks.c.obj^[[K
build	Build ESP32-C6 firmware	2026-09-24T12:16:09.5821256Z [628/1416] Building C object esp-idf/lwip/CMakeFiles/__idf_lwip.dir/port/freertos/sys_arch.c.obj^[[K
build	Build ESP32-C6 firmware	2026-09-24T12:16:09.5990894Z [629/1416] Building C object esp-idf/lwip/CMakeFiles/__idf_lwip.dir/port/sockets_ext.c.obj^[[K
build	Build ESP32-C6 firmware	2026-09-24T12:16:09.6209385Z [630/1416] Building C object esp-idf/lwip/CMakeFiles/__idf_lwip.dir/port/debug/lwip_debug.c.obj^[[K
build	Build ESP32-C6 firmware	2026-09-24T12:16:09.6920075Z [631/1416] Building C object esp-idf/lwip/CMakeFiles/__idf_lwip.dir/port/acd_dhcp_check.c.obj^[[K
build	Build ESP32-C6 firmware	2026-09-24T12:16:09.7117638Z [632/1416] Building C object esp-idf/lwip/CMakeFiles/__idf_lwip.dir/port/esp32xx/vfs_lwip.c.obj^[[K
build	Build ESP32-C6 firmware	2026-09-24T12:16:09.7505676Z [633/1416] Building C object esp-idf/lwip/CMakeFiles/__idf_lwip.dir/apps/ping/esp_ping.c.obj^[[K
build	Build ESP32-C6 firmware	2026-09-24T12:16:09.7796984Z [634/1416] Building C object esp-idf/lwip/CMakeFiles/__idf_lwip.dir/lwip/src/netif/ppp/polarssl/arc4.c.obj^[[K
build	Build ESP32-C6 firmware	2026-09-24T12:16:09.8228207Z [635/1416] Building C object esp-idf/lwip/CMakeFiles/__idf_lwip.dir/apps/ping/ping.c.obj^[[K
build	Build ESP32-C6 firmware	2026-09-24T12:16:09.8770299Z [636/1416] Building C object esp-idf/lwip/CMakeFiles/__idf_lwip.dir/lwip/src/netif/ppp/polarssl/des.c.obj^[[K
build	Build ESP32-C6 firmware	2026-09-24T12:16:09.8777494Z [637/1416] Building C object esp-idf/lwip/CMakeFiles/__idf_lwip.dir/lwip/src/netif/ppp/polarssl/md5.c.obj^[[K
build	Build ESP32-C6 firmware	2026-09-24T12:16:09.9165872Z [638/1416] Building C object esp-idf/lwip/CMakeFiles/__idf_lwip.dir/lwip/src/netif/ppp/polarssl/md4.c.obj^[[K
build	Build ESP32-C6 firmware	2026-09-24T12:16:09.9430458Z [639/1416] Building C object esp-idf/lwip/CMakeFiles/__idf_lwip.dir/apps/ping/ping_sock.c.obj^[[K
build	Build ESP32-C6 firmware	2026-09-24T12:16:09.9817431Z [640/1416] Building C object esp-idf/lwip/CMakeFiles/__idf_lwip.dir/lwip/src/netif/ppp/polarssl/sha1.c.obj^[[K
build	Build ESP32-C6 firmware	2026-09-24T12:16:10.0050283Z [641/1416] Building C object esp-idf/esp_netif/CMakeFiles/__idf_esp_netif.dir/esp_netif_defaults.c.obj^[[K
build	Build ESP32-C6 firmware	2026-09-24T12:16:10.0323047Z [642/1416] Building C object esp-idf/esp_netif/CMakeFiles/__idf_esp_netif.dir/esp_netif_objects.c.obj^[[K
build	Build ESP32-C6 firmware	2026-09-24T12:16:10.0787860Z [643/1416] Building C object esp-idf/esp_netif/CMakeFiles/__idf_esp_netif.dir/esp_netif_handlers.c.obj^[[K
build	Build ESP32-C6 firmware	2026-09-24T12:16:10.2299846Z [644/1416] Building C object esp-idf/lwip/CMakeFiles/__idf_lwip.dir/apps/dhcpserver/dhcpserver.c.obj^[[K
build	Build ESP32-C6 firmware	2026-09-24T12:16:10.2430731Z [645/1416] Building C object esp-idf/esp_netif/CMakeFiles/__idf_esp_netif.dir/lwip/esp_netif_sntp.c.obj^[[K
build	Build ESP32-C6 firmware	2026-09-24T12:16:10.2567609Z [646/1416] Building C object esp-idf/esp_netif/CMakeFiles/__idf_esp_netif.dir/lwip/netif/esp_pbuf_ref.c.obj^[[K
build	Build ESP32-C6 firmware	2026-09-24T12:16:10.2591588Z [647/1416] Building C object esp-idf/esp_netif/CMakeFiles/__idf_esp_netif.dir/lwip/netif/wlanif.c.obj^[[K
build	Build ESP32-C6 firmware	2026-09-24T12:16:10.2911338Z [648/1416] Building C object esp-idf/esp_netif/CMakeFiles/__idf_esp_netif.dir/lwip/esp_netif_lwip_defaults.c.obj^[[K
build	Build ESP32-C6 firmware	2026-09-24T12:16:10.4520741Z [649/1416] Building C object esp-idf/esp_netif/CMakeFiles/__idf_esp_netif.dir/lwip/netif/ethernetif.c.obj^[[K
build	Build ESP32-C6 firmware	2026-09-24T12:16:10.5037916Z [650/1416] Building C object esp-idf/wpa_supplicant/CMakeFiles/__idf_wpa_supplicant.dir/port/os_xtensa.c.obj^[[K
build	Build ESP32-C6 firmware	2026-09-24T12:16:10.5537858Z [651/1416] Building C object esp-idf/wpa_supplicant/CMakeFiles/__idf_wpa_supplicant.dir/port/eloop.c.obj^[[K
build	Build ESP32-C6 firmware	2026-09-24T12:16:10.5590834Z [652/1416] Building C object esp-idf/wpa_supplicant/CMakeFiles/__idf_wpa_supplicant.dir/src/ap/ap_config.c.obj^[[K
build	Build ESP32-C6 firmware	2026-09-24T12:16:10.5650659Z [653/1416] Building C object esp-idf/esp_netif/CMakeFiles/__idf_esp_netif.dir/lwip/esp_netif_lwip.c.obj^[[K
build	Build ESP32-C6 firmware	2026-09-24T12:16:10.7616693Z [654/1416] Building C object esp-idf/wpa_supplicant/CMakeFiles/__idf_wpa_supplicant.dir/src/ap/ieee802_1x.c.obj^[[K
build	Build ESP32-C6 firmware	2026-09-24T12:16:10.7970543Z [655/1416] Building C object esp-idf/wpa_supplicant/CMakeFiles/__idf_wpa_supplicant.dir/src/ap/comeback_token.c.obj^[[K
build	Build ESP32-C6 firmware	2026-09-24T12:16:10.8059113Z [656/1416] Building C object esp-idf/wpa_supplicant/CMakeFiles/__idf_wpa_supplicant.dir/src/ap/sta_info.c.obj^[[K
build	Build ESP32-C6 firmware	2026-09-24T12:16:10.8317778Z [657/1416] Building C object esp-idf/wpa_supplicant/CMakeFiles/__idf_wpa_supplicant.dir/src/ap/wpa_auth_ie.c.obj^[[K
build	Build ESP32-C6 firmware	2026-09-24T12:16:10.8809352Z [658/1416] Building C object esp-idf/wpa_supplicant/CMakeFiles/__idf_wpa_supplicant.dir/src/ap/pmksa_cache_auth.c.obj^[[K
build	Build ESP32-C6 firmware	2026-09-24T12:16:10.9040529Z [659/1416] Building C object esp-idf/wpa_supplicant/CMakeFiles/__idf_wpa_supplicant.dir/src/ap/wpa_auth.c.obj^[[K
build	Build ESP32-C6 firmware	2026-09-24T12:16:11.0609860Z [660/1416] Building C object esp-idf/wpa_supplicant/CMakeFiles/__idf_wpa_supplicant.dir/src/ap/ieee802_11.c.obj^[[K
build	Build ESP32-C6 firmware	2026-09-24T12:16:11.0662169Z [661/1416] Building C object esp-idf/wpa_supplicant/CMakeFiles/__idf_wpa_supplicant.dir/src/utils/bitfield.c.obj^[[K
build	Build ESP32-C6 firmware	2026-09-24T12:16:11.1208633Z [662/1416] Building C object esp-idf/wpa_supplicant/CMakeFiles/__idf_wpa_supplicant.dir/src/common/dragonfly.c.obj^[[K
build	Build ESP32-C6 firmware	2026-09-24T12:16:11.1388244Z [663/1416] Building C object esp-idf/wpa_supplicant/CMakeFiles/__idf_wpa_supplicant.dir/src/common/wpa_common.c.obj^[[K
build	Build ESP32-C6 firmware	2026-09-24T12:16:11.1478140Z [664/1416] Building C object esp-idf/wpa_supplicant/CMakeFiles/__idf_wpa_supplicant.dir/src/crypto/sha256-kdf.c.obj^[[K
build	Build ESP32-C6 firmware	2026-09-24T12:16:11.3085468Z [665/1416] Building C object esp-idf/wpa_supplicant/CMakeFiles/__idf_wpa_supplicant.dir/src/crypto/aes-siv.c.obj^[[K
build	Build ESP32-C6 firmware	2026-09-24T12:16:11.3204070Z [666/1416] Building C object esp-idf/wpa_supplicant/CMakeFiles/__idf_wpa_supplicant.dir/src/crypto/dh_group5.c.obj^[[K
build	Build ESP32-C6 firmware	2026-09-24T12:16:11.3529410Z [667/1416] Building C object esp-idf/wpa_supplicant/CMakeFiles/__idf_wpa_supplicant.dir/src/crypto/aes-gcm.c.obj^[[K
build	Build ESP32-C6 firmware	2026-09-24T12:16:11.3547160Z [668/1416] Building C object esp-idf/wpa_supplicant/CMakeFiles/__idf_wpa_supplicant.dir/src/crypto/ccmp.c.obj^[[K
build	Build ESP32-C6 firmware	2026-09-24T12:16:11.3565115Z [669/1416] Building C object esp-idf/wpa_supplicant/CMakeFiles/__idf_wpa_supplicant.dir/src/crypto/crypto_ops.c.obj^[[K
build	Build ESP32-C6 firmware	2026-09-24T12:16:11.4037379Z [670/1416] Building C object esp-idf/wpa_supplicant/CMakeFiles/__idf_wpa_supplicant.dir/src/common/sae.c.obj^[[K
build	Build ESP32-C6 firmware	2026-09-24T12:16:11.5173738Z [671/1416] Building C object esp-idf/wpa_supplicant/CMakeFiles/__idf_wpa_supplicant.dir/src/crypto/dh_groups.c.obj^[[K
build	Build ESP32-C6 firmware	2026-09-24T12:16:11.5289376Z [672/1416] Building C object esp-idf/wpa_supplicant/CMakeFiles/__idf_wpa_supplicant.dir/src/crypto/sha1-tlsprf.c.obj^[[K
build	Build ESP32-C6 firmware	2026-09-24T12:16:11.5583305Z [673/1416] Building C object esp-idf/wpa_supplicant/CMakeFiles/__idf_wpa_supplicant.dir/src/crypto/sha256-tlsprf.c.obj^[[K
build	Build ESP32-C6 firmware	2026-09-24T12:16:11.5823878Z [674/1416] Building C object esp-idf/wpa_supplicant/CMakeFiles/__idf_wpa_supplicant.dir/src/crypto/sha256-prf.c.obj^[[K
build	Build ESP32-C6 firmware	2026-09-24T12:16:11.6096634Z [675/1416] Building C object esp-idf/wpa_supplicant/CMakeFiles/__idf_wpa_supplicant.dir/src/crypto/ms_funcs.c.obj^[[K
build	Build ESP32-C6 firmware	2026-09-24T12:16:11.6410543Z [676/1416] Building C object esp-idf/wpa_supplicant/CMakeFiles/__idf_wpa_supplicant.dir/src/crypto/sha384-tlsprf.c.obj^[[K
build	Build ESP32-C6 firmware	2026-09-24T12:16:11.7249138Z [677/1416] Building C object esp-idf/wpa_supplicant/CMakeFiles/__idf_wpa_supplicant.dir/src/crypto/sha1-prf.c.obj^[[K
build	Build ESP32-C6 firmware	2026-09-24T12:16:11.7719903Z [678/1416] Building C object esp-idf/wpa_supplicant/CMakeFiles/__idf_wpa_supplicant.dir/src/crypto/sha384-prf.c.obj^[[K
build	Build ESP32-C6 firmware	2026-09-24T12:16:11.8065385Z [679/1416] Building C object esp-idf/wpa_supplicant/CMakeFiles/__idf_wpa_supplicant.dir/src/eap_common/eap_wsc_common.c.obj^[[K
build	Build ESP32-C6 firmware	2026-09-24T12:16:11.8072662Z [680/1416] Building C object esp-idf/wpa_supplicant/CMakeFiles/__idf_wpa_supplicant.dir/src/crypto/md4-internal.c.obj^[[K
build	Build ESP32-C6 firmware	2026-09-24T12:16:11.8784781Z [681/1416] Building C object esp-idf/wpa_supplicant/CMakeFiles/__idf_wpa_supplicant.dir/src/crypto/sha1-tprf.c.obj^[[K
build	Build ESP32-C6 firmware	2026-09-24T12:16:11.9268549Z [682/1416] Building C object esp-idf/wpa_supplicant/CMakeFiles/__idf_wpa_supplicant.dir/src/eap_peer/chap.c.obj^[[K
build	Build ESP32-C6 firmware	2026-09-24T12:16:11.9609176Z [683/1416] Building C object esp-idf/wpa_supplicant/CMakeFiles/__idf_wpa_supplicant.dir/src/common/ieee802_11_common.c.obj^[[K
build	Build ESP32-C6 firmware	2026-09-24T12:16:12.0786018Z [684/1416] Building C object esp-idf/wpa_supplicant/CMakeFiles/__idf_wpa_supplicant.dir/src/eap_peer/eap_common.c.obj^[[K
build	Build ESP32-C6 firmware	2026-09-24T12:16:12.1385458Z [685/1416] Building C object esp-idf/wpa_supplicant/CMakeFiles/__idf_wpa_supplicant.dir/src/eap_peer/eap.c.obj^[[K
build	Build ESP32-C6 firmware	2026-09-24T12:16:12.1561886Z [686/1416] Building C object esp-idf/wpa_supplicant/CMakeFiles/__idf_wpa_supplicant.dir/src/eap_peer/eap_mschapv2.c.obj^[[K
build	Build ESP32-C6 firmware	2026-09-24T12:16:12.1641598Z [687/1416] Building C object esp-idf/wpa_supplicant/CMakeFiles/__idf_wpa_supplicant.dir/src/eap_peer/eap_peap_common.c.obj^[[K
build	Build ESP32-C6 firmware	2026-09-24T12:16:12.2208244Z [688/1416] Building C object esp-idf/wpa_supplicant/CMakeFiles/__idf_wpa_supplicant.dir/src/eap_peer/eap_peap.c.obj^[[K
build	Build ESP32-C6 firmware	2026-09-24T12:16:12.3032605Z [689/1416] Building C object esp-idf/wpa_supplicant/CMakeFiles/__idf_wpa_supplicant.dir/src/eap_peer/eap_tls.c.obj^[[K
build	Build ESP32-C6 firmware	2026-09-24T12:16:12.4166139Z [690/1416] Building C object esp-idf/wpa_supplicant/CMakeFiles/__idf_wpa_supplicant.dir/src/eap_peer/eap_tls_common.c.obj^[[K
build	Build ESP32-C6 firmware	2026-09-24T12:16:12.4964648Z [691/1416] Building C object esp-idf/wpa_supplicant/CMakeFiles/__idf_wpa_supplicant.dir/src/eap_peer/eap_fast_common.c.obj^[[K
build	Build ESP32-C6 firmware	2026-09-24T12:16:12.4984562Z [692/1416] Building C object esp-idf/wpa_supplicant/CMakeFiles/__idf_wpa_supplicant.dir/src/eap_peer/eap_ttls.c.obj^[[K
build	Build ESP32-C6 firmware	2026-09-24T12:16:12.5005877Z [693/1416] Building C object esp-idf/wpa_supplicant/CMakeFiles/__idf_wpa_supplicant.dir/src/eap_peer/mschapv2.c.obj^[[K
build	Build ESP32-C6 firmware	2026-09-24T12:16:12.6698379Z [694/1416] Building C object esp-idf/wpa_supplicant/CMakeFiles/__idf_wpa_supplicant.dir/src/eap_peer/eap_fast_pac.c.obj^[[K
build	Build ESP32-C6 firmware	2026-09-24T12:16:12.7351340Z [695/1416] Building C object esp-idf/wpa_supplicant/CMakeFiles/__idf_wpa_supplicant.dir/src/rsn_supp/pmksa_cache.c.obj^[[K
build	Build ESP32-C6 firmware	2026-09-24T12:16:12.7599693Z [696/1416] Building C object esp-idf/wpa_supplicant/CMakeFiles/__idf_wpa_supplicant.dir/src/eap_peer/eap_fast.c.obj^[[K
build	Build ESP32-C6 firmware	2026-09-24T12:16:12.7899544Z [697/1416] Building C object esp-idf/wpa_supplicant/CMakeFiles/__idf_wpa_supplicant.dir/src/utils/common.c.obj^[[K
build	Build ESP32-C6 firmware	2026-09-24T12:16:12.7927909Z [698/1416] Building C object esp-idf/wpa_supplicant/CMakeFiles/__idf_wpa_supplicant.dir/src/utils/base64.c.obj^[[K
build	Build ESP32-C6 firmware	2026-09-24T12:16:12.9236935Z [699/1416] Building C object esp-idf/wpa_supplicant/CMakeFiles/__idf_wpa_supplicant.dir/src/rsn_supp/wpa_ie.c.obj^[[K
build	Build ESP32-C6 firmware	2026-09-24T12:16:12.9368764Z [700/1416] Building C object esp-idf/wpa_supplicant/CMakeFiles/__idf_wpa_supplicant.dir/src/utils/ext_password.c.obj^[[K
build	Build ESP32-C6 firmware	2026-09-24T12:16:12.9629527Z [701/1416] Building C object esp-idf/wpa_supplicant/CMakeFiles/__idf_wpa_supplicant.dir/src/rsn_supp/wpa.c.obj^[[K
build	Build ESP32-C6 firmware	2026-09-24T12:16:12.9920202Z [702/1416] Building C object esp-idf/wpa_supplicant/CMakeFiles/__idf_wpa_supplicant.dir/src/utils/wpabuf.c.obj^[[K
build	Build ESP32-C6 firmware	2026-09-24T12:16:13.0152647Z [703/1416] Building C object esp-idf/wpa_supplicant/CMakeFiles/__idf_wpa_supplicant.dir/src/utils/uuid.c.obj^[[K
build	Build ESP32-C6 firmware	2026-09-24T12:16:13.1224788Z [704/1416] Building C object esp-idf/wpa_supplicant/CMakeFiles/__idf_wpa_supplicant.dir/src/utils/wpa_debug.c.obj^[[K
build	Build ESP32-C6 firmware	2026-09-24T12:16:13.2314489Z [705/1416] Building C object esp-idf/wpa_supplicant/CMakeFiles/__idf_wpa_supplicant.dir/src/utils/json.c.obj^[[K
build	Build ESP32-C6 firmware	2026-09-24T12:16:13.2718909Z [706/1416] Building C object esp-idf/wpa_supplicant/CMakeFiles/__idf_wpa_supplicant.dir/src/wps/wps_attr_build.c.obj^[[K
build	Build ESP32-C6 firmware	2026-09-24T12:16:13.2757647Z [707/1416] Building C object esp-idf/wpa_supplicant/CMakeFiles/__idf_wpa_supplicant.dir/src/wps/wps_attr_parse.c.obj^[[K
build	Build ESP32-C6 firmware	2026-09-24T12:16:13.3027346Z [708/1416] Building C object esp-idf/wpa_supplicant/CMakeFiles/__idf_wpa_supplicant.dir/src/wps/wps_common.c.obj^[[K
build	Build ESP32-C6 firmware	2026-09-24T12:16:13.3162843Z [709/1416] Building C object esp-idf/wpa_supplicant/CMakeFiles/__idf_wpa_supplicant.dir/src/wps/wps.c.obj^[[K
build	Build ESP32-C6 firmware	2026-09-24T12:16:13.4700558Z [710/1416] Building C object esp-idf/wpa_supplicant/CMakeFiles/__idf_wpa_supplicant.dir/src/wps/wps_attr_process.c.obj^[[K
build	Build ESP32-C6 firmware	2026-09-24T12:16:13.4740455Z [711/1416] Building C object esp-idf/wpa_supplicant/CMakeFiles/__idf_wpa_supplicant.dir/src/wps/wps_dev_attr.c.obj^[[K
build	Build ESP32-C6 firmware	2026-09-24T12:16:13.5686330Z [712/1416] Building C object esp-idf/wpa_supplicant/CMakeFiles/__idf_wpa_supplicant.dir/esp_supplicant/src/esp_wpa2_api_port.c.obj^[[K
build	Build ESP32-C6 firmware	2026-09-24T12:16:13.5929251Z [713/1416] Building C object esp-idf/wpa_supplicant/CMakeFiles/__idf_wpa_supplicant.dir/src/wps/wps_enrollee.c.obj^[[K
build	Build ESP32-C6 firmware	2026-09-24T12:16:13.5999023Z [714/1416] Building C object esp-idf/wpa_supplicant/CMakeFiles/__idf_wpa_supplicant.dir/esp_supplicant/src/esp_wpa_main.c.obj^[[K
build	Build ESP32-C6 firmware	2026-09-24T12:16:13.7374229Z [715/1416] Building C object esp-idf/wpa_supplicant/CMakeFiles/__idf_wpa_supplicant.dir/src/common/sae_pk.c.obj^[[K
build	Build ESP32-C6 firmware	2026-09-24T12:16:13.7451086Z [716/1416] Building C object esp-idf/wpa_supplicant/CMakeFiles/__idf_wpa_supplicant.dir/esp_supplicant/src/esp_wpas_glue.c.obj^[[K
build	Build ESP32-C6 firmware	2026-09-24T12:16:13.7504394Z [717/1416] Building C object esp-idf/wpa_supplicant/CMakeFiles/__idf_wpa_supplicant.dir/esp_supplicant/src/esp_eap_client.c.obj^[[K
build	Build ESP32-C6 firmware	2026-09-24T12:16:13.7714746Z [718/1416] Building C object esp-idf/wpa_supplicant/CMakeFiles/__idf_wpa_supplicant.dir/esp_supplicant/src/esp_common.c.obj^[[K
build	Build ESP32-C6 firmware	2026-09-24T12:16:14.0164938Z [719/1416] Building C object esp-idf/wpa_supplicant/CMakeFiles/__idf_wpa_supplicant.dir/esp_supplicant/src/esp_owe.c.obj^[[K
build	Build ESP32-C6 firmware	2026-09-24T12:16:14.0576666Z [720/1416] Building C object esp-idf/wpa_supplicant/CMakeFiles/__idf_wpa_supplicant.dir/esp_supplicant/src/esp_wpa3.c.obj^[[K
build	Build ESP32-C6 firmware	2026-09-24T12:16:14.0729201Z [721/1416] Building C object esp-idf/wpa_supplicant/CMakeFiles/__idf_wpa_supplicant.dir/esp_supplicant/src/crypto/fastpbkdf2.c.obj^[[K
build	Build ESP32-C6 firmware	2026-09-24T12:16:14.0882505Z [722/1416] Building C object esp-idf/wpa_supplicant/CMakeFiles/__idf_wpa_supplicant.dir/esp_supplicant/src/crypto/tls_mbedtls.c.obj^[[K
build	Build ESP32-C6 firmware	2026-09-24T12:16:14.1308649Z [723/1416] Building C object esp-idf/wpa_supplicant/CMakeFiles/__idf_wpa_supplicant.dir/esp_supplicant/src/crypto/crypto_mbedtls.c.obj^[[K
build	Build ESP32-C6 firmware	2026-09-24T12:16:14.1529771Z [724/1416] Building C object esp-idf/wpa_supplicant/CMakeFiles/__idf_wpa_supplicant.dir/esp_supplicant/src/esp_wps.c.obj^[[K
build	Build ESP32-C6 firmware	2026-09-24T12:16:14.3597040Z [725/1416] Building C object esp-idf/wpa_supplicant/CMakeFiles/__idf_wpa_supplicant.dir/esp_supplicant/src/esp_hostap.c.obj^[[K
build	Build ESP32-C6 firmware	2026-09-24T12:16:14.3658914Z [726/1416] Building C object esp-idf/wpa_supplicant/CMakeFiles/__idf_wpa_supplicant.dir/src/crypto/des-internal.c.obj^[[K
build	Build ESP32-C6 firmware	2026-09-24T12:16:14.3904205Z [727/1416] Building C object esp-idf/wpa_supplicant/CMakeFiles/__idf_wpa_supplicant.dir/src/crypto/aes-wrap.c.obj^[[K
build	Build ESP32-C6 firmware	2026-09-24T12:16:14.3915742Z [728/1416] Building C object esp-idf/wpa_supplicant/CMakeFiles/__idf_wpa_supplicant.dir/src/crypto/rc4.c.obj^[[K
build	Build ESP32-C6 firmware	2026-09-24T12:16:14.4172235Z [729/1416] Building C object esp-idf/wpa_supplicant/CMakeFiles/__idf_wpa_supplicant.dir/esp_supplicant/src/crypto/crypto_mbedtls-rsa.c.obj^[[K
build	Build ESP32-C6 firmware	2026-09-24T12:16:14.4984764Z [730/1416] Building C object esp-idf/wpa_supplicant/CMakeFiles/__idf_wpa_supplicant.dir/esp_supplicant/src/crypto/crypto_mbedtls-bignum.c.obj^[[K
build	Build ESP32-C6 firmware	2026-09-24T12:16:14.5563544Z [731/1416] Building C object esp-idf/wpa_supplicant/CMakeFiles/__idf_wpa_supplicant.dir/esp_supplicant/src/crypto/crypto_mbedtls-ec.c.obj^[[K
build	Build ESP32-C6 firmware	2026-09-24T12:16:14.5770500Z [732/1416] Building C object esp-idf/esp_coex/CMakeFiles/__idf_esp_coex.dir/src/lib_printf.c.obj^[[K
build	Build ESP32-C6 firmware	2026-09-24T12:16:14.5815602Z [733/1416] Building C object esp-idf/esp_coex/CMakeFiles/__idf_esp_coex.dir/src/coexist_debug_diagram.c.obj^[[K
build	Build ESP32-C6 firmware	2026-09-24T12:16:14.6004751Z [734/1416] Building C object esp-idf/esp_coex/CMakeFiles/__idf_esp_coex.dir/src/coexist.c.obj^[[K
build	Build ESP32-C6 firmware	2026-09-24T12:16:14.6092425Z [735/1416] Building C object esp-idf/wpa_supplicant/CMakeFiles/__idf_wpa_supplicant.dir/src/crypto/aes-unwrap.c.obj^[[K
build	Build ESP32-C6 firmware	2026-09-24T12:16:14.6508601Z [736/1416] Building C object esp-idf/esp_coex/CMakeFiles/__idf_esp_coex.dir/esp32c6/esp_coex_adapter.c.obj^[[K
build	Build ESP32-C6 firmware	2026-09-24T12:16:14.6982127Z [737/1416] Building C object esp-idf/wpa_supplicant/CMakeFiles/__idf_wpa_supplicant.dir/src/crypto/aes-ccm.c.obj^[[K
build	Build ESP32-C6 firmware	2026-09-24T12:16:14.7215131Z [738/1416] Building C object esp-idf/esp_wifi/CMakeFiles/__idf_esp_wifi.dir/src/lib_printf.c.obj^[[K
build	Build ESP32-C6 firmware	2026-09-24T12:16:14.7957874Z [739/1416] Building C object esp-idf/esp_coex/CMakeFiles/__idf_esp_coex.dir/src/coexist_debug.c.obj^[[K
build	Build ESP32-C6 firmware	2026-09-24T12:16:14.8549918Z [740/1416] Building C object esp-idf/esp_wifi/CMakeFiles/__idf_esp_wifi.dir/src/mesh_event.c.obj^[[K
build	Build ESP32-C6 firmware	2026-09-24T12:16:14.8645737Z [741/1416] Building C object esp-idf/esp_wifi/CMakeFiles/__idf_esp_wifi.dir/src/smartconfig.c.obj^[[K
build	Build ESP32-C6 firmware	2026-09-24T12:16:14.8731553Z [742/1416] Building C object esp-idf/esp_wifi/CMakeFiles/__idf_esp_wifi.dir/src/wifi_default_ap.c.obj^[[K
build	Build ESP32-C6 firmware	2026-09-24T12:16:14.9204515Z [743/1416] Building C object esp-idf/esp_wifi/CMakeFiles/__idf_esp_wifi.dir/src/wifi_init.c.obj^[[K
build	Build ESP32-C6 firmware	2026-09-24T12:16:14.9322900Z [744/1416] Building C object esp-idf/esp_wifi/CMakeFiles/__idf_esp_wifi.dir/src/wifi_netif.c.obj^[[K
build	Build ESP32-C6 firmware	2026-09-24T12:16:15.0224982Z [745/1416] Building C object esp-idf/esp_wifi/CMakeFiles/__idf_esp_wifi.dir/src/wifi_default.c.obj^[[K
build	Build ESP32-C6 firmware	2026-09-24T12:16:15.1231798Z [746/1416] Building C object esp-idf/esp-tls/CMakeFiles/__idf_esp-tls.dir/esp-tls-crypto/esp_tls_crypto.c.obj^[[K
build	Build ESP32-C6 firmware	2026-09-24T12:16:15.1489762Z [747/1416] Building C object esp-idf/esp_wifi/CMakeFiles/__idf_esp_wifi.dir/src/smartconfig_ack.c.obj^[[K
build	Build ESP32-C6 firmware	2026-09-24T12:16:15.1537208Z [748/1416] Building C object esp-idf/esp_wifi/CMakeFiles/__idf_esp_wifi.dir/esp32c6/esp_adapter.c.obj^[[K
build	Build ESP32-C6 firmware	2026-09-24T12:16:15.2628880Z [749/1416] Building C object esp-idf/esp-tls/CMakeFiles/__idf_esp-tls.dir/esp_tls_platform_port.c.obj^[[K
build	Build ESP32-C6 firmware	2026-09-24T12:16:15.3178072Z [750/1416] Building C object esp-idf/esp-tls/CMakeFiles/__idf_esp-tls.dir/esp_tls_error_capture.c.obj^[[K
build	Build ESP32-C6 firmware	2026-09-24T12:16:15.3705563Z [751/1416] Building C object esp-idf/esp_adc/CMakeFiles/__idf_esp_adc.dir/adc_common.c.obj^[[K
build	Build ESP32-C6 firmware	2026-09-24T12:16:15.4176413Z [752/1416] Building C object esp-idf/esp-tls/CMakeFiles/__idf_esp-tls.dir/esp_tls.c.obj^[[K
build	Build ESP32-C6 firmware	2026-09-24T12:16:15.4271731Z [753/1416] Building C object esp-idf/esp_adc/CMakeFiles/__idf_esp_adc.dir/adc_cali.c.obj^[[K
build	Build ESP32-C6 firmware	2026-09-24T12:16:15.4603090Z [754/1416] Building C object esp-idf/http_parser/CMakeFiles/__idf_http_parser.dir/http_parser.c.obj^[[K
build	Build ESP32-C6 firmware	2026-09-24T12:16:15.4798542Z [755/1416] Building C object esp-idf/esp_adc/CMakeFiles/__idf_esp_adc.dir/deprecated/esp_adc_cal_common_legacy.c.obj^[[K
build	Build ESP32-C6 firmware	2026-09-24T12:16:15.4963355Z [756/1416] Building C object esp-idf/esp_adc/CMakeFiles/__idf_esp_adc.dir/adc_cali_curve_fitting.c.obj^[[K
build	Build ESP32-C6 firmware	2026-09-24T12:16:15.5629533Z [757/1416] Building C object esp-idf/esp_adc/CMakeFiles/__idf_esp_adc.dir/adc_oneshot.c.obj^[[K
build	Build ESP32-C6 firmware	2026-09-24T12:16:15.5992029Z [758/1416] Building C object esp-idf/esp-tls/CMakeFiles/__idf_esp-tls.dir/esp_tls_mbedtls.c.obj^[[K
build	Build ESP32-C6 firmware	2026-09-24T12:16:15.6867030Z [759/1416] Building C object esp-idf/esp_adc/CMakeFiles/__idf_esp_adc.dir/esp32c6/curve_fitting_coefficients.c.obj^[[K
build	Build ESP32-C6 firmware	2026-09-24T12:16:15.7332170Z [760/1416] Building C object esp-idf/esp_adc/CMakeFiles/__idf_esp_adc.dir/gdma/adc_dma.c.obj^[[K
build	Build ESP32-C6 firmware	2026-09-24T12:16:15.7720032Z [761/1416] Building C object esp-idf/esp_adc/CMakeFiles/__idf_esp_adc.dir/adc_monitor.c.obj^[[K
build	Build ESP32-C6 firmware	2026-09-24T12:16:15.7778427Z [762/1416] Building C object esp-idf/esp_adc/CMakeFiles/__idf_esp_adc.dir/adc_continuous.c.obj^[[K
build	Build ESP32-C6 firmware	2026-09-24T12:16:15.7957831Z [763/1416] Building C object esp-idf/esp_adc/CMakeFiles/__idf_esp_adc.dir/adc_filter.c.obj^[[K
build	Build ESP32-C6 firmware	2026-09-24T12:16:15.8265570Z [764/1416] Building C object esp-idf/esp_gdbstub/CMakeFiles/__idf_esp_gdbstub.dir/src/gdbstub.c.obj^[[K
build	Build ESP32-C6 firmware	2026-09-24T12:16:15.8472893Z [765/1416] Building C object esp-idf/esp_gdbstub/CMakeFiles/__idf_esp_gdbstub.dir/src/gdbstub_transport.c.obj^[[K
build	Build ESP32-C6 firmware	2026-09-24T12:16:15.8685926Z [766/1416] Building C object esp-idf/esp_gdbstub/CMakeFiles/__idf_esp_gdbstub.dir/src/packet.c.obj^[[K
build	Build ESP32-C6 firmware	2026-09-24T12:16:15.9672072Z [767/1416] Building C object esp-idf/esp_gdbstub/CMakeFiles/__idf_esp_gdbstub.dir/src/port/riscv/gdbstub_riscv.c.obj^[[K
build	Build ESP32-C6 firmware	2026-09-24T12:16:16.1322669Z [768/1416] Building C object esp-idf/esp_gdbstub/CMakeFiles/__idf_esp_gdbstub.dir/src/port/riscv/rv_decode.c.obj^[[K
build	Build ESP32-C6 firmware	2026-09-24T12:16:16.1667116Z [769/1416] Building C object esp-idf/tcp_transport/CMakeFiles/__idf_tcp_transport.dir/transport.c.obj^[[K
build	Build ESP32-C6 firmware	2026-09-24T12:16:16.1711512Z [770/1416] Building C object esp-idf/tcp_transport/CMakeFiles/__idf_tcp_transport.dir/transport_socks_proxy.c.obj^[[K
build	Build ESP32-C6 firmware	2026-09-24T12:16:16.2850680Z [771/1416] Building C object esp-idf/tcp_transport/CMakeFiles/__idf_tcp_transport.dir/transport_internal.c.obj^[[K
build	Build ESP32-C6 firmware	2026-09-24T12:16:16.3224864Z [772/1416] Building C object esp-idf/tcp_transport/CMakeFiles/__idf_tcp_transport.dir/transport_ssl.c.obj^[[K
build	Build ESP32-C6 firmware	2026-09-24T12:16:16.3871374Z [773/1416] Building C object esp-idf/tcp_transport/CMakeFiles/__idf_tcp_transport.dir/transport_ws.c.obj^[[K
build	Build ESP32-C6 firmware	2026-09-24T12:16:16.4007473Z [774/1416] Building C object esp-idf/esp_http_client/CMakeFiles/__idf_esp_http_client.dir/lib/http_header.c.obj^[[K
build	Build ESP32-C6 firmware	2026-09-24T12:16:16.4327879Z [775/1416] Building C object esp-idf/esp_http_client/CMakeFiles/__idf_esp_http_client.dir/lib/http_utils.c.obj^[[K
build	Build ESP32-C6 firmware	2026-09-24T12:16:16.6140285Z [776/1416] Building C object esp-idf/esp_http_client/CMakeFiles/__idf_esp_http_client.dir/lib/http_auth.c.obj^[[K
build	Build ESP32-C6 firmware	2026-09-24T12:16:16.6142065Z [777/1416] Building C object esp-idf/esp_http_client/CMakeFiles/__idf_esp_http_client.dir/esp_http_client.c.obj^[[K
build	Build ESP32-C6 firmware	2026-09-24T12:16:16.6878031Z [778/1416] Building C object esp-idf/esp_http_server/CMakeFiles/__idf_esp_http_server.dir/src/httpd_main.c.obj^[[K
build	Build ESP32-C6 firmware	2026-09-24T12:16:16.7089962Z [779/1416] Building C object esp-idf/esp_http_server/CMakeFiles/__idf_esp_http_server.dir/src/httpd_parse.c.obj^[[K
build	Build ESP32-C6 firmware	2026-09-24T12:16:16.7312018Z [780/1416] Building C object esp-idf/esp_http_server/CMakeFiles/__idf_esp_http_server.dir/src/httpd_sess.c.obj^[[K
build	Build ESP32-C6 firmware	2026-09-24T12:16:16.7688023Z [781/1416] Building C object esp-idf/esp_http_server/CMakeFiles/__idf_esp_http_server.dir/src/httpd_txrx.c.obj^[[K
build	Build ESP32-C6 firmware	2026-09-24T12:16:16.8217436Z [782/1416] Building C object esp-idf/esp_http_server/CMakeFiles/__idf_esp_http_server.dir/src/httpd_uri.c.obj^[[K
build	Build ESP32-C6 firmware	2026-09-24T12:16:16.8282672Z [783/1416] Building C object esp-idf/esp_http_server/CMakeFiles/__idf_esp_http_server.dir/src/httpd_ws.c.obj^[[K
build	Build ESP32-C6 firmware	2026-09-24T12:16:16.9161714Z [784/1416] Building C object esp-idf/esp_http_server/CMakeFiles/__idf_esp_http_server.dir/src/util/ctrl_sock.c.obj^[[K
build	Build ESP32-C6 firmware	2026-09-24T12:16:16.9216662Z [785/1416] Building C object esp-idf/esp_https_ota/CMakeFiles/__idf_esp_https_ota.dir/src/esp_https_ota.c.obj^[[K
build	Build ESP32-C6 firmware	2026-09-24T12:16:16.9304052Z [786/1416] Linking C static library esp-idf/esp_https_ota/libesp_https_ota.a^[[K
build	Build ESP32-C6 firmware	2026-09-24T12:16:16.9378265Z [787/1416] Linking C static library esp-idf/esp_http_server/libesp_http_server.a^[[K
build	Build ESP32-C6 firmware	2026-09-24T12:16:16.9453293Z [788/1416] Linking C static library esp-idf/esp_http_client/libesp_http_client.a^[[K
build	Build ESP32-C6 firmware	2026-09-24T12:16:16.9520489Z [789/1416] Linking C static library esp-idf/tcp_transport/libtcp_transport.a^[[K
build	Build ESP32-C6 firmware	2026-09-24T12:16:16.9616618Z [790/1416] Linking C static library esp-idf/esp_gdbstub/libesp_gdbstub.a^[[K
build	Build ESP32-C6 firmware	2026-09-24T12:16:16.9687020Z [791/1416] Linking C static library esp-idf/esp_adc/libesp_adc.a^[[K
build	Build ESP32-C6 firmware	2026-09-24T12:16:16.9741236Z [792/1416] Linking C static library esp-idf/esp-tls/libesp-tls.a^[[K
build	Build ESP32-C6 firmware	2026-09-24T12:16:16.9826466Z [793/1416] Linking C static library esp-idf/http_parser/libhttp_parser.a^[[K
build	Build ESP32-C6 firmware	2026-09-24T12:16:16.9885006Z [794/1416] Linking C static library esp-idf/esp_wifi/libesp_wifi.a^[[K
build	Build ESP32-C6 firmware	2026-09-24T12:16:17.0457325Z [795/1416] Linking C static library esp-idf/esp_coex/libesp_coex.a^[[K
build	Build ESP32-C6 firmware	2026-09-24T12:16:17.0621975Z [796/1416] Linking C static library esp-idf/wpa_supplicant/libwpa_supplicant.a^[[K
build	Build ESP32-C6 firmware	2026-09-24T12:16:17.1138230Z [797/1416] Linking C static library esp-idf/esp_netif/libesp_netif.a^[[K
build	Build ESP32-C6 firmware	2026-09-24T12:16:17.1226517Z [798/1416] Linking C static library esp-idf/lwip/liblwip.a^[[K
build	Build ESP32-C6 firmware	2026-09-24T12:16:17.1309543Z [799/1416] Linking C static library esp-idf/vfs/libvfs.a^[[K
build	Build ESP32-C6 firmware	2026-09-24T12:16:17.1377242Z [800/1416] Linking C static library esp-idf/esp_vfs_console/libesp_vfs_console.a^[[K
build	Build ESP32-C6 firmware	2026-09-24T12:16:17.1570323Z [801/1416] Linking C static library esp-idf/esp_phy/libesp_phy.a^[[K
build	Build ESP32-C6 firmware	2026-09-24T12:16:17.1633998Z [802/1416] Linking C static library esp-idf/driver/libdriver.a^[[K
build	Build ESP32-C6 firmware	2026-09-24T12:16:17.1712945Z [803/1416] Linking C static library esp-idf/esp_driver_usb_serial_jtag/libesp_driver_usb_serial_jtag.a^[[K
build	Build ESP32-C6 firmware	2026-09-24T12:16:17.1780305Z [804/1416] Linking C static library esp-idf/esp_driver_parlio/libesp_driver_parlio.a^[[K
build	Build ESP32-C6 firmware	2026-09-24T12:16:17.1862191Z [805/1416] Linking C static library esp-idf/esp_driver_ledc/libesp_driver_ledc.a^[[K
build	Build ESP32-C6 firmware	2026-09-24T12:16:17.1909471Z [806/1416] Linking C static library esp-idf/esp_driver_i2c/libesp_driver_i2c.a^[[K
build	Build ESP32-C6 firmware	2026-09-24T12:16:17.1964557Z [807/1416] Linking C static library esp-idf/esp_driver_sdm/libesp_driver_sdm.a^[[K
build	Build ESP32-C6 firmware	2026-09-24T12:16:17.2045591Z [808/1416] Linking C static library esp-idf/esp_driver_tsens/libesp_driver_tsens.a^[[K
build	Build ESP32-C6 firmware	2026-09-24T12:16:17.2103792Z [809/1416] Linking C static library esp-idf/esp_driver_rmt/libesp_driver_rmt.a^[[K
build	Build ESP32-C6 firmware	2026-09-24T12:16:17.2176736Z [810/1416] Linking C static library esp-idf/esp_driver_sdio/libesp_driver_sdio.a^[[K
build	Build ESP32-C6 firmware	2026-09-24T12:16:17.2267015Z [811/1416] Linking C static library esp-idf/esp_driver_sdspi/libesp_driver_sdspi.a^[[K
build	Build ESP32-C6 firmware	2026-09-24T12:16:17.2362228Z [812/1416] Linking C static library esp-idf/sdmmc/libsdmmc.a^[[K
build	Build ESP32-C6 firmware	2026-09-24T12:16:17.2480450Z [813/1416] Linking C static library esp-idf/esp_driver_i2s/libesp_driver_i2s.a^[[K
build	Build ESP32-C6 firmware	2026-09-24T12:16:17.2571629Z [814/1416] Linking C static library esp-idf/esp_driver_mcpwm/libesp_driver_mcpwm.a^[[K
build	Build ESP32-C6 firmware	2026-09-24T12:16:17.2629365Z [815/1416] Linking C static library esp-idf/esp_driver_spi/libesp_driver_spi.a^[[K
build	Build ESP32-C6 firmware	2026-09-24T12:16:17.2805366Z [816/1416] Linking C static library esp-idf/esp_driver_pcnt/libesp_driver_pcnt.a^[[K
build	Build ESP32-C6 firmware	2026-09-24T12:16:17.2867065Z [817/1416] Linking C static library esp-idf/nvs_flash/libnvs_flash.a^[[K
build	Build ESP32-C6 firmware	2026-09-24T12:16:17.2948497Z [818/1416] Linking C static library esp-idf/esp_event/libesp_event.a^[[K
build	Build ESP32-C6 firmware	2026-09-24T12:16:17.3002509Z [819/1416] Linking C static library esp-idf/esp_driver_uart/libesp_driver_uart.a^[[K
build	Build ESP32-C6 firmware	2026-09-24T12:16:17.3069221Z [820/1416] Linking C static library esp-idf/esp_ringbuf/libesp_ringbuf.a^[[K
build	Build ESP32-C6 firmware	2026-09-24T12:16:17.3144728Z [821/1416] Linking C static library esp-idf/esp_driver_gptimer/libesp_driver_gptimer.a^[[K
build	Build ESP32-C6 firmware	2026-09-24T12:16:17.3199116Z [822/1416] Linking C static library esp-idf/esp_timer/libesp_timer.a^[[K
build	Build ESP32-C6 firmware	2026-09-24T12:16:17.3270222Z [823/1416] Linking C static library esp-idf/cxx/libcxx.a^[[K
build	Build ESP32-C6 firmware	2026-09-24T12:16:17.3812497Z [824/1416] Linking C static library esp-idf/pthread/libpthread.a^[[K
build	Build ESP32-C6 firmware	2026-09-24T12:16:17.4123022Z [825/1416] Linking C static library esp-idf/newlib/libnewlib.a^[[K
build	Build ESP32-C6 firmware	2026-09-24T12:16:17.4547738Z [826/1416] Linking C static library esp-idf/freertos/libfreertos.a^[[K
build	Build ESP32-C6 firmware	2026-09-24T12:16:17.4615978Z [827/1416] Linking C static library esp-idf/esp_hw_support/libesp_hw_support.a^[[K
build	Build ESP32-C6 firmware	2026-09-24T12:16:17.4757059Z [828/1416] Linking C static library esp-idf/esp_security/libesp_security.a^[[K
build	Build ESP32-C6 firmware	2026-09-24T12:16:17.4829921Z [829/1416] Linking C static library esp-idf/soc/libsoc.a^[[K
build	Build ESP32-C6 firmware	2026-09-24T12:16:17.4912199Z [830/1416] Linking C static library esp-idf/heap/libheap.a^[[K
build	Build ESP32-C6 firmware	2026-09-24T12:16:17.5240599Z [831/1416] Linking C static library esp-idf/log/liblog.a^[[K
build	Build ESP32-C6 firmware	2026-09-24T12:16:17.5384340Z [832/1416] Linking C static library esp-idf/hal/libhal.a^[[K
build	Build ESP32-C6 firmware	2026-09-24T12:16:17.5428587Z [833/1416] Linking C static library esp-idf/esp_rom/libesp_rom.a^[[K
build	Build ESP32-C6 firmware	2026-09-24T12:16:17.5620383Z [834/1416] Linking C static library esp-idf/esp_common/libesp_common.a^[[K
build	Build ESP32-C6 firmware	2026-09-24T12:16:17.5767067Z [835/1416] Linking C static library esp-idf/esp_system/libesp_system.a^[[K
build	Build ESP32-C6 firmware	2026-09-24T12:16:17.5831935Z [836/1416] Linking C static library esp-idf/spi_flash/libspi_flash.a^[[K
build	Build ESP32-C6 firmware	2026-09-24T12:16:17.5958771Z [837/1416] Linking C static library esp-idf/esp_mm/libesp_mm.a^[[K
build	Build ESP32-C6 firmware	2026-09-24T12:16:17.6050462Z [838/1416] Linking C static library esp-idf/bootloader_support/libbootloader_support.a^[[K
build	Build ESP32-C6 firmware	2026-09-24T12:16:17.6102681Z [839/1416] Linking C static library esp-idf/efuse/libefuse.a^[[K
build	Build ESP32-C6 firmware	2026-09-24T12:16:17.6155407Z [840/1416] Linking C static library esp-idf/esp_partition/libesp_partition.a^[[K
build	Build ESP32-C6 firmware	2026-09-24T12:16:17.6197077Z [841/1416] Linking C static library esp-idf/app_update/libapp_update.a^[[K
build	Build ESP32-C6 firmware	2026-09-24T12:16:17.6239257Z [842/1416] Linking C static library esp-idf/esp_bootloader_format/libesp_bootloader_format.a^[[K
build	Build ESP32-C6 firmware	2026-09-24T12:16:17.6410455Z [843/1416] Linking C static library esp-idf/esp_app_format/libesp_app_format.a^[[K
build	Build ESP32-C6 firmware	2026-09-24T12:16:17.6554055Z [844/1416] Linking CXX static library esp-idf/mbedtls/mbedtls/library/libmbedtls.a^[[K
build	Build ESP32-C6 firmware	2026-09-24T12:16:17.7186842Z [845/1416] Linking CXX static library esp-idf/mbedtls/mbedtls/library/libmbedx509.a^[[K
build	Build ESP32-C6 firmware	2026-09-24T12:16:17.7381093Z [846/1416] Linking CXX static library esp-idf/mbedtls/mbedtls/library/libmbedcrypto.a^[[K
build	Build ESP32-C6 firmware	2026-09-24T12:16:17.7434668Z [847/1416] Linking CXX static library esp-idf/mbedtls/mbedtls/3rdparty/p256-m/libp256m.a^[[K
build	Build ESP32-C6 firmware	2026-09-24T12:16:17.8134763Z [848/1416] Linking CXX static library esp-idf/mbedtls/mbedtls/3rdparty/everest/libeverest.a^[[K
build	Build ESP32-C6 firmware	2026-09-24T12:16:17.8836890Z [849/1416] Generating x509_crt_bundle^[[K
build	Build ESP32-C6 firmware	2026-09-24T12:16:17.9342510Z [850/1416] Generating ../../x509_crt_bundle.S^[[K
build	Build ESP32-C6 firmware	2026-09-24T12:16:17.9378963Z [851/1416] Building ASM object esp-idf/riscv/CMakeFiles/__idf_riscv.dir/vectors_intc.S.obj^[[K
build	Build ESP32-C6 firmware	2026-09-24T12:16:17.9665916Z [852/1416] Building ASM object esp-idf/riscv/CMakeFiles/__idf_riscv.dir/vectors.S.obj^[[K
build	Build ESP32-C6 firmware	2026-09-24T12:16:17.9754267Z [853/1416] Building C object esp-idf/riscv/CMakeFiles/__idf_riscv.dir/instruction_decode.c.obj^[[K
build	Build ESP32-C6 firmware	2026-09-24T12:16:17.9931391Z [854/1416] Building C object esp-idf/riscv/CMakeFiles/__idf_riscv.dir/interrupt_plic.c.obj^[[K
build	Build ESP32-C6 firmware	2026-09-24T12:16:18.0877455Z [855/1416] Building C object esp-idf/riscv/CMakeFiles/__idf_riscv.dir/interrupt.c.obj^[[K
build	Build ESP32-C6 firmware	2026-09-24T12:16:18.1663392Z [856/1416] Building C object esp-idf/esp_driver_gpio/CMakeFiles/__idf_esp_driver_gpio.dir/src/gpio_glitch_filter_ops.c.obj^[[K
build	Build ESP32-C6 firmware	2026-09-24T12:16:18.2452887Z [857/1416] Building C object esp-idf/esp_driver_gpio/CMakeFiles/__idf_esp_driver_gpio.dir/src/gpio_pin_glitch_filter.c.obj^[[K
build	Build ESP32-C6 firmware	2026-09-24T12:16:18.2468584Z [858/1416] Building C object esp-idf/esp_driver_gpio/CMakeFiles/__idf_esp_driver_gpio.dir/src/rtc_io.c.obj^[[K
build	Build ESP32-C6 firmware	2026-09-24T12:16:18.2682960Z [859/1416] Building C object esp-idf/esp_driver_gpio/CMakeFiles/__idf_esp_driver_gpio.dir/src/gpio_flex_glitch_filter.c.obj^[[K
build	Build ESP32-C6 firmware	2026-09-24T12:16:18.2788769Z [860/1416] Building C object esp-idf/esp_driver_gpio/CMakeFiles/__idf_esp_driver_gpio.dir/src/dedic_gpio.c.obj^[[K
build	Build ESP32-C6 firmware	2026-09-24T12:16:18.3026942Z [861/1416] Building C object esp-idf/esp_driver_gpio/CMakeFiles/__idf_esp_driver_gpio.dir/src/gpio.c.obj^[[K
build	Build ESP32-C6 firmware	2026-09-24T12:16:18.4062180Z [862/1416] Building C object esp-idf/esp_pm/CMakeFiles/__idf_esp_pm.dir/pm_locks.c.obj^[[K
build	Build ESP32-C6 firmware	2026-09-24T12:16:18.4100929Z [863/1416] Building C object esp-idf/esp_driver_gpio/CMakeFiles/__idf_esp_driver_gpio.dir/src/gpio_etm.c.obj^[[K
build	Build ESP32-C6 firmware	2026-09-24T12:16:18.4114625Z [864/1416] Building C object esp-idf/esp_pm/CMakeFiles/__idf_esp_pm.dir/pm_trace.c.obj^[[K
build	Build ESP32-C6 firmware	2026-09-24T12:16:18.4864715Z [865/1416] Building ASM object esp-idf/mbedtls/CMakeFiles/__idf_mbedtls.dir/__/__/x509_crt_bundle.S.obj^[[K
build	Build ESP32-C6 firmware	2026-09-24T12:16:18.5029477Z [866/1416] Building C object esp-idf/esp_pm/CMakeFiles/__idf_esp_pm.dir/pm_impl.c.obj^[[K
build	Build ESP32-C6 firmware	2026-09-24T12:16:18.5388658Z [867/1416] Building C object esp-idf/app_trace/CMakeFiles/__idf_app_trace.dir/app_trace.c.obj^[[K
build	Build ESP32-C6 firmware	2026-09-24T12:16:18.5462759Z [868/1416] Building C object esp-idf/mbedtls/CMakeFiles/__idf_mbedtls.dir/esp_crt_bundle/esp_crt_bundle.c.obj^[[K
build	Build ESP32-C6 firmware	2026-09-24T12:16:18.5570561Z [869/1416] Building C object esp-idf/app_trace/CMakeFiles/__idf_app_trace.dir/host_file_io.c.obj^[[K
build	Build ESP32-C6 firmware	2026-09-24T12:16:18.5620345Z [870/1416] Linking C static library esp-idf/mbedtls/libmbedtls.a^[[K
build	Build ESP32-C6 firmware	2026-09-24T12:16:18.5752513Z [871/1416] Building C object esp-idf/app_trace/CMakeFiles/__idf_app_trace.dir/app_trace_util.c.obj^[[K
build	Build ESP32-C6 firmware	2026-09-24T12:16:18.6026816Z [872/1416] Linking C static library esp-idf/esp_pm/libesp_pm.a^[[K
build	Build ESP32-C6 firmware	2026-09-24T12:16:18.6167242Z [873/1416] Linking C static library esp-idf/esp_driver_gpio/libesp_driver_gpio.a^[[K
build	Build ESP32-C6 firmware	2026-09-24T12:16:18.6218383Z [874/1416] Building C object esp-idf/unity/CMakeFiles/__idf_unity.dir/unity_compat.c.obj^[[K
build	Build ESP32-C6 firmware	2026-09-24T12:16:18.6429756Z [875/1416] Linking C static library esp-idf/riscv/libriscv.a^[[K
build	Build ESP32-C6 firmware	2026-09-24T12:16:18.6618110Z [876/1416] Building C object esp-idf/app_trace/CMakeFiles/__idf_app_trace.dir/port/port_uart.c.obj^[[K
build	Build ESP32-C6 firmware	2026-09-24T12:16:18.7058330Z [877/1416] Linking C static library esp-idf/app_trace/libapp_trace.a^[[K
build	Build ESP32-C6 firmware	2026-09-24T12:16:18.7413626Z [878/1416] Building C object esp-idf/unity/CMakeFiles/__idf_unity.dir/unity_runner.c.obj^[[K
build	Build ESP32-C6 firmware	2026-09-24T12:16:18.7916151Z [879/1416] Building C object esp-idf/unity/CMakeFiles/__idf_unity.dir/unity_utils_memory.c.obj^[[K
build	Build ESP32-C6 firmware	2026-09-24T12:16:18.7922632Z [880/1416] Building C object esp-idf/unity/CMakeFiles/__idf_unity.dir/unity_utils_freertos.c.obj^[[K
build	Build ESP32-C6 firmware	2026-09-24T12:16:18.8544760Z [881/1416] Building C object esp-idf/unity/CMakeFiles/__idf_unity.dir/unity_utils_cache.c.obj^[[K
build	Build ESP32-C6 firmware	2026-09-24T12:16:18.8622783Z [882/1416] Building C object esp-idf/unity/CMakeFiles/__idf_unity.dir/port/esp/unity_utils_memory_esp.c.obj^[[K
build	Build ESP32-C6 firmware	2026-09-24T12:16:18.8773103Z [883/1416] Building C object esp-idf/cmock/CMakeFiles/__idf_cmock.dir/CMock/src/cmock.c.obj^[[K
build	Build ESP32-C6 firmware	2026-09-24T12:16:18.9072978Z [884/1416] Building C object esp-idf/unity/CMakeFiles/__idf_unity.dir/unity_port_esp32.c.obj^[[K
build	Build ESP32-C6 firmware	2026-09-24T12:16:18.9318460Z [885/1416] Building C object esp-idf/unity/CMakeFiles/__idf_unity.dir/unity/src/unity.c.obj^[[K
build	Build ESP32-C6 firmware	2026-09-24T12:16:18.9383594Z [886/1416] Linking C static library esp-idf/unity/libunity.a^[[K
build	Build ESP32-C6 firmware	2026-09-24T12:16:18.9425655Z [887/1416] Linking C static library esp-idf/cmock/libcmock.a^[[K
build	Build ESP32-C6 firmware	2026-09-24T12:16:19.0407048Z [888/1416] Building C object esp-idf/console/CMakeFiles/__idf_console.dir/split_argv.c.obj^[[K
build	Build ESP32-C6 firmware	2026-09-24T12:16:19.0443433Z [889/1416] Building C object esp-idf/console/CMakeFiles/__idf_console.dir/esp_console_common.c.obj^[[K
build	Build ESP32-C6 firmware	2026-09-24T12:16:19.0847418Z [890/1416] Building C object esp-idf/console/CMakeFiles/__idf_console.dir/esp_console_repl_chip.c.obj^[[K
build	Build ESP32-C6 firmware	2026-09-24T12:16:19.1290568Z [891/1416] Building C object esp-idf/console/CMakeFiles/__idf_console.dir/commands.c.obj^[[K
build	Build ESP32-C6 firmware	2026-09-24T12:16:19.1518094Z [892/1416] Building C object esp-idf/console/CMakeFiles/__idf_console.dir/argtable3/arg_cmd.c.obj^[[K
build	Build ESP32-C6 firmware	2026-09-24T12:16:19.1564285Z [893/1416] Building C object esp-idf/console/CMakeFiles/__idf_console.dir/linenoise/linenoise.c.obj^[[K
build	Build ESP32-C6 firmware	2026-09-24T12:16:19.1668087Z [894/1416] Building C object esp-idf/console/CMakeFiles/__idf_console.dir/argtable3/arg_date.c.obj^[[K
build	Build ESP32-C6 firmware	2026-09-24T12:16:19.2089273Z [895/1416] Building C object esp-idf/console/CMakeFiles/__idf_console.dir/argtable3/arg_dbl.c.obj^[[K
build	Build ESP32-C6 firmware	2026-09-24T12:16:19.2117253Z [896/1416] Building C object esp-idf/console/CMakeFiles/__idf_console.dir/argtable3/arg_end.c.obj^[[K
build	Build ESP32-C6 firmware	2026-09-24T12:16:19.2656957Z [897/1416] Building C object esp-idf/console/CMakeFiles/__idf_console.dir/argtable3/arg_dstr.c.obj^[[K
build	Build ESP32-C6 firmware	2026-09-24T12:16:19.3019899Z [898/1416] Building C object esp-idf/console/CMakeFiles/__idf_console.dir/argtable3/arg_hashtable.c.obj^[[K
build	Build ESP32-C6 firmware	2026-09-24T12:16:19.3138435Z [899/1416] Building C object esp-idf/console/CMakeFiles/__idf_console.dir/argtable3/arg_lit.c.obj^[[K
build	Build ESP32-C6 firmware	2026-09-24T12:16:19.3220433Z [900/1416] Building C object esp-idf/console/CMakeFiles/__idf_console.dir/argtable3/arg_rem.c.obj^[[K
build	Build ESP32-C6 firmware	2026-09-24T12:16:19.3278550Z [901/1416] Building C object esp-idf/console/CMakeFiles/__idf_console.dir/argtable3/arg_file.c.obj^[[K
build	Build ESP32-C6 firmware	2026-09-24T12:16:19.4037056Z [902/1416] Building C object esp-idf/console/CMakeFiles/__idf_console.dir/argtable3/arg_int.c.obj^[[K
build	Build ESP32-C6 firmware	2026-09-24T12:16:19.4575755Z [903/1416] Building C object esp-idf/console/CMakeFiles/__idf_console.dir/argtable3/arg_str.c.obj^[[K
build	Build ESP32-C6 firmware	2026-09-24T12:16:19.4588182Z [904/1416] Building C object esp-idf/console/CMakeFiles/__idf_console.dir/argtable3/arg_rex.c.obj^[[K
build	Build ESP32-C6 firmware	2026-09-24T12:16:19.4806924Z [905/1416] Building C object esp-idf/esp_driver_cam/CMakeFiles/__idf_esp_driver_cam.dir/dvp_share_ctrl.c.obj^[[K
build	Build ESP32-C6 firmware	2026-09-24T12:16:19.4860345Z [906/1416] Building C object esp-idf/console/CMakeFiles/__idf_console.dir/argtable3/arg_utils.c.obj^[[K
build	Build ESP32-C6 firmware	2026-09-24T12:16:19.5060664Z [907/1416] Building C object esp-idf/esp_driver_cam/CMakeFiles/__idf_esp_driver_cam.dir/esp_cam_ctlr.c.obj^[[K
build	Build ESP32-C6 firmware	2026-09-24T12:16:19.5851829Z [908/1416] Linking C static library esp-idf/esp_driver_cam/libesp_driver_cam.a^[[K
build	Build ESP32-C6 firmware	2026-09-24T12:16:19.6271883Z [909/1416] Building C object esp-idf/console/CMakeFiles/__idf_console.dir/argtable3/argtable3.c.obj^[[K
build	Build ESP32-C6 firmware	2026-09-24T12:16:19.6491945Z [910/1416] Linking C static library esp-idf/console/libconsole.a^[[K
build	Build ESP32-C6 firmware	2026-09-24T12:16:19.6680751Z [911/1416] Building C object esp-idf/esp_hid/CMakeFiles/__idf_esp_hid.dir/src/esp_hidd.c.obj^[[K
build	Build ESP32-C6 firmware	2026-09-24T12:16:19.7269201Z [912/1416] Building C object esp-idf/esp_eth/CMakeFiles/__idf_esp_eth.dir/src/esp_eth_netif_glue.c.obj^[[K
build	Build ESP32-C6 firmware	2026-09-24T12:16:19.8403926Z [913/1416] Building C object esp-idf/esp_eth/CMakeFiles/__idf_esp_eth.dir/src/esp_eth.c.obj^[[K
build	Build ESP32-C6 firmware	2026-09-24T12:16:19.8453690Z [914/1416] Building C object esp-idf/esp_hid/CMakeFiles/__idf_esp_hid.dir/src/esp_hidh.c.obj^[[K
build	Build ESP32-C6 firmware	2026-09-24T12:16:19.8484931Z [915/1416] Building C object esp-idf/esp_hid/CMakeFiles/__idf_esp_hid.dir/src/esp_hid_common.c.obj^[[K
build	Build ESP32-C6 firmware	2026-09-24T12:16:19.8606542Z [916/1416] Building C object esp-idf/esp_eth/CMakeFiles/__idf_esp_eth.dir/src/phy/esp_eth_phy_802_3.c.obj^[[K
build	Build ESP32-C6 firmware	2026-09-24T12:16:19.8622191Z [917/1416] Linking C static library esp-idf/esp_hid/libesp_hid.a^[[K
build	Build ESP32-C6 firmware	2026-09-24T12:16:19.8652565Z [918/1416] Linking C static library esp-idf/esp_eth/libesp_eth.a^[[K
build	Build ESP32-C6 firmware	2026-09-24T12:16:19.8879404Z [919/1416] Building C object esp-idf/esp_lcd/CMakeFiles/__idf_esp_lcd.dir/src/esp_lcd_common.c.obj^[[K
build	Build ESP32-C6 firmware	2026-09-24T12:16:19.9293389Z [920/1416] Building C object esp-idf/esp_lcd/CMakeFiles/__idf_esp_lcd.dir/src/esp_lcd_panel_io.c.obj^[[K
build	Build ESP32-C6 firmware	2026-09-24T12:16:19.9435116Z [921/1416] Building C object esp-idf/esp_https_server/CMakeFiles/__idf_esp_https_server.dir/src/https_server.c.obj^[[K
build	Build ESP32-C6 firmware	2026-09-24T12:16:20.0160007Z [922/1416] Linking C static library esp-idf/esp_https_server/libesp_https_server.a^[[K
build	Build ESP32-C6 firmware	2026-09-24T12:16:20.0548294Z [923/1416] Building C object esp-idf/esp_lcd/CMakeFiles/__idf_esp_lcd.dir/src/esp_lcd_panel_ops.c.obj^[[K
build	Build ESP32-C6 firmware	2026-09-24T12:16:20.0968068Z [924/1416] Building C object esp-idf/esp_lcd/CMakeFiles/__idf_esp_lcd.dir/src/esp_lcd_panel_nt35510.c.obj^[[K
build	Build ESP32-C6 firmware	2026-09-24T12:16:20.1103888Z [925/1416] Building C object esp-idf/esp_lcd/CMakeFiles/__idf_esp_lcd.dir/i2c/esp_lcd_panel_io_i2c_v1.c.obj^[[K
build	Build ESP32-C6 firmware	2026-09-24T12:16:20.1323070Z [926/1416] Building C object esp-idf/esp_lcd/CMakeFiles/__idf_esp_lcd.dir/src/esp_lcd_panel_ssd1306.c.obj^[[K
build	Build ESP32-C6 firmware	2026-09-24T12:16:20.2044861Z [927/1416] Building C object esp-idf/esp_lcd/CMakeFiles/__idf_esp_lcd.dir/src/esp_lcd_panel_st7789.c.obj^[[K
build	Build ESP32-C6 firmware	2026-09-24T12:16:20.2413293Z [928/1416] Building C object esp-idf/esp_lcd/CMakeFiles/__idf_esp_lcd.dir/i2c/esp_lcd_panel_io_i2c_v2.c.obj^[[K
build	Build ESP32-C6 firmware	2026-09-24T12:16:20.2712787Z [929/1416] Building C object esp-idf/protocomm/CMakeFiles/__idf_protocomm.dir/proto-c/constants.pb-c.c.obj^[[K
build	Build ESP32-C6 firmware	2026-09-24T12:16:20.3242634Z [930/1416] Building C object esp-idf/protocomm/CMakeFiles/__idf_protocomm.dir/proto-c/sec0.pb-c.c.obj^[[K
build	Build ESP32-C6 firmware	2026-09-24T12:16:20.3423422Z [931/1416] Building C object esp-idf/esp_lcd/CMakeFiles/__idf_esp_lcd.dir/spi/esp_lcd_panel_io_spi.c.obj^[[K
build	Build ESP32-C6 firmware	2026-09-24T12:16:20.3429236Z [932/1416] Building C object esp-idf/protocomm/CMakeFiles/__idf_protocomm.dir/src/common/protocomm.c.obj^[[K
build	Build ESP32-C6 firmware	2026-09-24T12:16:20.3601706Z [933/1416] Linking C static library esp-idf/esp_lcd/libesp_lcd.a^[[K
build	Build ESP32-C6 firmware	2026-09-24T12:16:20.4104806Z [934/1416] Building C object esp-idf/protocomm/CMakeFiles/__idf_protocomm.dir/proto-c/sec1.pb-c.c.obj^[[K
build	Build ESP32-C6 firmware	2026-09-24T12:16:20.4499271Z [935/1416] Building C object esp-idf/protocomm/CMakeFiles/__idf_protocomm.dir/proto-c/session.pb-c.c.obj^[[K
build	Build ESP32-C6 firmware	2026-09-24T12:16:20.5432914Z [936/1416] Building C object esp-idf/protocomm/CMakeFiles/__idf_protocomm.dir/proto-c/sec2.pb-c.c.obj^[[K
build	Build ESP32-C6 firmware	2026-09-24T12:16:20.5722692Z [937/1416] Building C object esp-idf/protocomm/CMakeFiles/__idf_protocomm.dir/src/transports/protocomm_console.c.obj^[[K
build	Build ESP32-C6 firmware	2026-09-24T12:16:20.5804757Z [938/1416] Building C object esp-idf/protobuf-c/CMakeFiles/__idf_protobuf-c.dir/protobuf-c/protobuf-c/protobuf-c.c.obj^[[K
build	Build ESP32-C6 firmware	2026-09-24T12:16:20.5846836Z [939/1416] Building C object esp-idf/protocomm/CMakeFiles/__idf_protocomm.dir/src/transports/protocomm_httpd.c.obj^[[K
build	Build ESP32-C6 firmware	2026-09-24T12:16:20.5905769Z [940/1416] Building C object esp-idf/protocomm/CMakeFiles/__idf_protocomm.dir/src/security/security0.c.obj^[[K
build	Build ESP32-C6 firmware	2026-09-24T12:16:20.7435184Z [941/1416] Linking C static library esp-idf/protobuf-c/libprotobuf-c.a^[[K
build	Build ESP32-C6 firmware	2026-09-24T12:16:20.7436315Z [942/1416] Building C object esp-idf/protocomm/CMakeFiles/__idf_protocomm.dir/src/security/security1.c.obj^[[K
build	Build ESP32-C6 firmware	2026-09-24T12:16:20.7900558Z [943/1416] Building C object esp-idf/protocomm/CMakeFiles/__idf_protocomm.dir/src/security/security2.c.obj^[[K
build	Build ESP32-C6 firmware	2026-09-24T12:16:20.8055422Z [944/1416] Building C object esp-idf/protocomm/CMakeFiles/__idf_protocomm.dir/src/crypto/srp6a/esp_srp_mpi.c.obj^[[K
build	Build ESP32-C6 firmware	2026-09-24T12:16:20.8153021Z [945/1416] Building C object esp-idf/protocomm/CMakeFiles/__idf_protocomm.dir/src/crypto/srp6a/esp_srp.c.obj^[[K
build	Build ESP32-C6 firmware	2026-09-24T12:16:20.8343495Z [946/1416] Building C object esp-idf/esp_local_ctrl/CMakeFiles/__idf_esp_local_ctrl.dir/src/esp_local_ctrl_handler.c.obj^[[K
build	Build ESP32-C6 firmware	2026-09-24T12:16:20.8441539Z [947/1416] Linking C static library esp-idf/protocomm/libprotocomm.a^[[K
build	Build ESP32-C6 firmware	2026-09-24T12:16:20.8783990Z [948/1416] Building C object esp-idf/espcoredump/CMakeFiles/__idf_espcoredump.dir/src/core_dump_init.c.obj^[[K
build	Build ESP32-C6 firmware	2026-09-24T12:16:20.9710903Z [949/1416] Building C object esp-idf/esp_local_ctrl/CMakeFiles/__idf_esp_local_ctrl.dir/src/esp_local_ctrl.c.obj^[[K
build	Build ESP32-C6 firmware	2026-09-24T12:16:20.9750554Z [950/1416] Building C object esp-idf/esp_local_ctrl/CMakeFiles/__idf_esp_local_ctrl.dir/src/esp_local_ctrl_transport_httpd.c.obj^[[K
build	Build ESP32-C6 firmware	2026-09-24T12:16:20.9945320Z [951/1416] Building C object esp-idf/esp_local_ctrl/CMakeFiles/__idf_esp_local_ctrl.dir/proto-c/esp_local_ctrl.pb-c.c.obj^[[K
build	Build ESP32-C6 firmware	2026-09-24T12:16:21.0029514Z [952/1416] Building C object esp-idf/espcoredump/CMakeFiles/__idf_espcoredump.dir/src/core_dump_common.c.obj^[[K
build	Build ESP32-C6 firmware	2026-09-24T12:16:21.0499310Z [953/1416] Linking C static library esp-idf/esp_local_ctrl/libesp_local_ctrl.a^[[K
build	Build ESP32-C6 firmware	2026-09-24T12:16:21.0525327Z [954/1416] Building C object esp-idf/espcoredump/CMakeFiles/__idf_espcoredump.dir/src/core_dump_crc.c.obj^[[K
build	Build ESP32-C6 firmware	2026-09-24T12:16:21.0537268Z [955/1416] Building C object esp-idf/espcoredump/CMakeFiles/__idf_espcoredump.dir/src/core_dump_sha.c.obj^[[K
build	Build ESP32-C6 firmware	2026-09-24T12:16:21.0787712Z [956/1416] Building C object esp-idf/espcoredump/CMakeFiles/__idf_espcoredump.dir/src/core_dump_flash.c.obj^[[K
build	Build ESP32-C6 firmware	2026-09-24T12:16:21.0816122Z [957/1416] Building C object esp-idf/espcoredump/CMakeFiles/__idf_espcoredump.dir/src/core_dump_uart.c.obj^[[K
build	Build ESP32-C6 firmware	2026-09-24T12:16:21.1473775Z [958/1416] Building C object esp-idf/espcoredump/CMakeFiles/__idf_espcoredump.dir/src/core_dump_elf.c.obj^[[K
build	Build ESP32-C6 firmware	2026-09-24T12:16:21.1743445Z [959/1416] Building C object esp-idf/espcoredump/CMakeFiles/__idf_espcoredump.dir/src/core_dump_binary.c.obj^[[K
build	Build ESP32-C6 firmware	2026-09-24T12:16:21.2097102Z [960/1416] Building CXX object esp-idf/wear_levelling/CMakeFiles/__idf_wear_levelling.dir/SPI_Flash.cpp.obj^[[K
build	Build ESP32-C6 firmware	2026-09-24T12:16:21.2177077Z [961/1416] Building C object esp-idf/espcoredump/CMakeFiles/__idf_espcoredump.dir/src/port/riscv/core_dump_port.c.obj^[[K
build	Build ESP32-C6 firmware	2026-09-24T12:16:21.2334744Z [962/1416] Building CXX object esp-idf/wear_levelling/CMakeFiles/__idf_wear_levelling.dir/Partition.cpp.obj^[[K
build	Build ESP32-C6 firmware	2026-09-24T12:16:21.2553604Z [963/1416] Linking C static library esp-idf/espcoredump/libespcoredump.a^[[K
build	Build ESP32-C6 firmware	2026-09-24T12:16:21.2740690Z [964/1416] Building CXX object esp-idf/wear_levelling/CMakeFiles/__idf_wear_levelling.dir/crc32.cpp.obj^[[K
build	Build ESP32-C6 firmware	2026-09-24T12:16:21.2746813Z [965/1416] Building CXX object esp-idf/wear_levelling/CMakeFiles/__idf_wear_levelling.dir/WL_Ext_Safe.cpp.obj^[[K
build	Build ESP32-C6 firmware	2026-09-24T12:16:21.4120139Z [966/1416] Building CXX object esp-idf/wear_levelling/CMakeFiles/__idf_wear_levelling.dir/WL_Ext_Perf.cpp.obj^[[K
build	Build ESP32-C6 firmware	2026-09-24T12:16:21.4317753Z [967/1416] Building C object esp-idf/fatfs/CMakeFiles/__idf_fatfs.dir/diskio/diskio_rawflash.c.obj^[[K
build	Build ESP32-C6 firmware	2026-09-24T12:16:21.4422826Z [968/1416] Building CXX object esp-idf/wear_levelling/CMakeFiles/__idf_wear_levelling.dir/wear_levelling.cpp.obj^[[K
build	Build ESP32-C6 firmware	2026-09-24T12:16:21.4849840Z [969/1416] Building C object esp-idf/fatfs/CMakeFiles/__idf_fatfs.dir/diskio/diskio_wl.c.obj^[[K
build	Build ESP32-C6 firmware	2026-09-24T12:16:21.4884070Z [970/1416] Building C object esp-idf/fatfs/CMakeFiles/__idf_fatfs.dir/diskio/diskio.c.obj^[[K
build	Build ESP32-C6 firmware	2026-09-24T12:16:21.5016980Z [971/1416] Building CXX object esp-idf/wear_levelling/CMakeFiles/__idf_wear_levelling.dir/WL_Flash.cpp.obj^[[K
build	Build ESP32-C6 firmware	2026-09-24T12:16:21.5926771Z [972/1416] Linking C static library esp-idf/wear_levelling/libwear_levelling.a^[[K
build	Build ESP32-C6 firmware	2026-09-24T12:16:21.5927773Z [973/1416] Building C object esp-idf/fatfs/CMakeFiles/__idf_fatfs.dir/diskio/diskio_sdmmc.c.obj^[[K
build	Build ESP32-C6 firmware	2026-09-24T12:16:21.5969991Z [974/1416] Building C object esp-idf/fatfs/CMakeFiles/__idf_fatfs.dir/port/freertos/ffsystem.c.obj^[[K
build	Build ESP32-C6 firmware	2026-09-24T12:16:21.7480435Z [975/1416] Building C object esp-idf/fatfs/CMakeFiles/__idf_fatfs.dir/src/ffunicode.c.obj^[[K
build	Build ESP32-C6 firmware	2026-09-24T12:16:21.8085688Z [976/1416] Building C object esp-idf/ieee802154/CMakeFiles/__idf_ieee802154.dir/esp_ieee802154.c.obj^[[K
build	Build ESP32-C6 firmware	2026-09-24T12:16:21.8294752Z [977/1416] Building C object esp-idf/ieee802154/CMakeFiles/__idf_ieee802154.dir/driver/esp_ieee802154_ack.c.obj^[[K
build	Build ESP32-C6 firmware	2026-09-24T12:16:21.9019494Z [978/1416] Building C object esp-idf/fatfs/CMakeFiles/__idf_fatfs.dir/vfs/vfs_fat_sdmmc.c.obj^[[K
build	Build ESP32-C6 firmware	2026-09-24T12:16:21.9314048Z [979/1416] Building C object esp-idf/fatfs/CMakeFiles/__idf_fatfs.dir/vfs/vfs_fat.c.obj^[[K
build	Build ESP32-C6 firmware	2026-09-24T12:16:21.9747576Z [980/1416] Building C object esp-idf/fatfs/CMakeFiles/__idf_fatfs.dir/vfs/vfs_fat_spiflash.c.obj^[[K
build	Build ESP32-C6 firmware	2026-09-24T12:16:22.0549510Z [981/1416] Building C object esp-idf/ieee802154/CMakeFiles/__idf_ieee802154.dir/driver/esp_ieee802154_pib.c.obj^[[K
build	Build ESP32-C6 firmware	2026-09-24T12:16:22.0690666Z [982/1416] Building C object esp-idf/ieee802154/CMakeFiles/__idf_ieee802154.dir/driver/esp_ieee802154_frame.c.obj^[[K
build	Build ESP32-C6 firmware	2026-09-24T12:16:22.0747453Z [983/1416] Building C object esp-idf/ieee802154/CMakeFiles/__idf_ieee802154.dir/driver/esp_ieee802154_util.c.obj^[[K
build	Build ESP32-C6 firmware	2026-09-24T12:16:22.1070704Z [984/1416] Building C object esp-idf/fatfs/CMakeFiles/__idf_fatfs.dir/src/ff.c.obj^[[K
build	Build ESP32-C6 firmware	2026-09-24T12:16:22.1073019Z [985/1416] Building C object esp-idf/ieee802154/CMakeFiles/__idf_ieee802154.dir/driver/esp_ieee802154_sec.c.obj^[[K
build	Build ESP32-C6 firmware	2026-09-24T12:16:22.1227679Z [986/1416] Linking C static library esp-idf/fatfs/libfatfs.a^[[K
build	Build ESP32-C6 firmware	2026-09-24T12:16:22.1638405Z [987/1416] Building C object esp-idf/ieee802154/CMakeFiles/__idf_ieee802154.dir/driver/esp_ieee802154_timer.c.obj^[[K
build	Build ESP32-C6 firmware	2026-09-24T12:16:22.1921956Z [988/1416] Building C object esp-idf/ieee802154/CMakeFiles/__idf_ieee802154.dir/driver/esp_ieee802154_dev.c.obj^[[K
build	Build ESP32-C6 firmware	2026-09-24T12:16:22.3861592Z [989/1416] Linking C static library esp-idf/ieee802154/libieee802154.a^[[K
build	Build ESP32-C6 firmware	2026-09-24T12:16:22.4170089Z [990/1416] Building C object esp-idf/json/CMakeFiles/__idf_json.dir/cJSON/cJSON_Utils.c.obj^[[K
build	Build ESP32-C6 firmware	2026-09-24T12:16:22.4398151Z [991/1416] Building C object esp-idf/mqtt/CMakeFiles/__idf_mqtt.dir/esp-mqtt/lib/mqtt_msg.c.obj^[[K
build	Build ESP32-C6 firmware	2026-09-24T12:16:22.4749386Z [992/1416] Building C object esp-idf/mqtt/CMakeFiles/__idf_mqtt.dir/esp-mqtt/lib/mqtt_outbox.c.obj^[[K
build	Build ESP32-C6 firmware	2026-09-24T12:16:22.5533325Z [993/1416] Building C object esp-idf/mqtt/CMakeFiles/__idf_mqtt.dir/esp-mqtt/lib/platform_esp32_idf.c.obj^[[K
build	Build ESP32-C6 firmware	2026-09-24T12:16:22.5760422Z [994/1416] Building C object esp-idf/json/CMakeFiles/__idf_json.dir/cJSON/cJSON.c.obj^[[K
build	Build ESP32-C6 firmware	2026-09-24T12:16:22.6006143Z [995/1416] Linking C static library esp-idf/json/libjson.a^[[K
build	Build ESP32-C6 firmware	2026-09-24T12:16:22.6141377Z [996/1416] Building C object esp-idf/nvs_sec_provider/CMakeFiles/__idf_nvs_sec_provider.dir/nvs_sec_provider.c.obj^[[K
build	Build ESP32-C6 firmware	2026-09-24T12:16:22.6351216Z [997/1416] Linking C static library esp-idf/nvs_sec_provider/libnvs_sec_provider.a^[[K
build	Build ESP32-C6 firmware	2026-09-24T12:16:22.6668588Z [998/1416] Building C object esp-idf/rt/CMakeFiles/__idf_rt.dir/FreeRTOS_POSIX_mqueue.c.obj^[[K
build	Build ESP32-C6 firmware	2026-09-24T12:16:22.6802009Z [999/1416] Building C object esp-idf/rt/CMakeFiles/__idf_rt.dir/FreeRTOS_POSIX_utils.c.obj^[[K
build	Build ESP32-C6 firmware	2026-09-24T12:16:22.7197615Z [1000/1416] Linking C static library esp-idf/rt/librt.a^[[K
build	Build ESP32-C6 firmware	2026-09-24T12:16:22.7389544Z [1001/1416] Building C object esp-idf/spiffs/CMakeFiles/__idf_spiffs.dir/spiffs_api.c.obj^[[K
build	Build ESP32-C6 firmware	2026-09-24T12:16:22.7506252Z [1002/1416] Building C object esp-idf/mqtt/CMakeFiles/__idf_mqtt.dir/esp-mqtt/mqtt_client.c.obj^[[K
build	Build ESP32-C6 firmware	2026-09-24T12:16:22.7562868Z [1003/1416] Linking C static library esp-idf/mqtt/libmqtt.a^[[K
build	Build ESP32-C6 firmware	2026-09-24T12:16:22.8272482Z [1004/1416] Building C object esp-idf/spiffs/CMakeFiles/__idf_spiffs.dir/spiffs/src/spiffs_cache.c.obj^[[K
build	Build ESP32-C6 firmware	2026-09-24T12:16:22.9138174Z [1005/1416] Building C object esp-idf/spiffs/CMakeFiles/__idf_spiffs.dir/spiffs/src/spiffs_gc.c.obj^[[K
build	Build ESP32-C6 firmware	2026-09-24T12:16:22.9351795Z [1006/1416] Building C object esp-idf/wifi_provisioning/CMakeFiles/__idf_wifi_provisioning.dir/src/wifi_config.c.obj^[[K
build	Build ESP32-C6 firmware	2026-09-24T12:16:22.9715943Z [1007/1416] Building C object esp-idf/spiffs/CMakeFiles/__idf_spiffs.dir/spiffs/src/spiffs_check.c.obj^[[K
build	Build ESP32-C6 firmware	2026-09-24T12:16:23.0281160Z [1008/1416] Building C object esp-idf/spiffs/CMakeFiles/__idf_spiffs.dir/spiffs/src/spiffs_hydrogen.c.obj^[[K
build	Build ESP32-C6 firmware	2026-09-24T12:16:23.0835208Z [1009/1416] Building C object esp-idf/wifi_provisioning/CMakeFiles/__idf_wifi_provisioning.dir/src/wifi_ctrl.c.obj^[[K
build	Build ESP32-C6 firmware	2026-09-24T12:16:23.1934393Z [1010/1416] Building C object esp-idf/wifi_provisioning/CMakeFiles/__idf_wifi_provisioning.dir/src/wifi_scan.c.obj^[[K
build	Build ESP32-C6 firmware	2026-09-24T12:16:23.2408569Z [1011/1416] Building C object esp-idf/spiffs/CMakeFiles/__idf_spiffs.dir/esp_spiffs.c.obj^[[K
build	Build ESP32-C6 firmware	2026-09-24T12:16:23.2449566Z [1012/1416] Building C object esp-idf/wifi_provisioning/CMakeFiles/__idf_wifi_provisioning.dir/proto-c/wifi_config.pb-c.c.obj^[[K
build	Build ESP32-C6 firmware	2026-09-24T12:16:23.2990546Z [1013/1416] Building C object esp-idf/wifi_provisioning/CMakeFiles/__idf_wifi_provisioning.dir/src/scheme_console.c.obj^[[K
build	Build ESP32-C6 firmware	2026-09-24T12:16:23.3203826Z [1014/1416] Building C object esp-idf/wifi_provisioning/CMakeFiles/__idf_wifi_provisioning.dir/src/handlers.c.obj^[[K
build	Build ESP32-C6 firmware	2026-09-24T12:16:23.3560127Z [1015/1416] Building C object esp-idf/spiffs/CMakeFiles/__idf_spiffs.dir/spiffs/src/spiffs_nucleus.c.obj^[[K
build	Build ESP32-C6 firmware	2026-09-24T12:16:23.3857904Z [1016/1416] Linking C static library esp-idf/spiffs/libspiffs.a^[[K
build	Build ESP32-C6 firmware	2026-09-24T12:16:23.3859440Z [1017/1416] Building C object esp-idf/wifi_provisioning/CMakeFiles/__idf_wifi_provisioning.dir/proto-c/wifi_scan.pb-c.c.obj^[[K
build	Build ESP32-C6 firmware	2026-09-24T12:16:23.3941501Z [1018/1416] Building C object esp-idf/wifi_provisioning/CMakeFiles/__idf_wifi_provisioning.dir/proto-c/wifi_constants.pb-c.c.obj^[[K
build	Build ESP32-C6 firmware	2026-09-24T12:16:23.4071853Z [1019/1416] Building C object esp-idf/wifi_provisioning/CMakeFiles/__idf_wifi_provisioning.dir/src/manager.c.obj^[[K
build	Build ESP32-C6 firmware	2026-09-24T12:16:23.5130007Z [1020/1416] Building C object esp-idf/wifi_provisioning/CMakeFiles/__idf_wifi_provisioning.dir/proto-c/wifi_ctrl.pb-c.c.obj^[[K
build	Build ESP32-C6 firmware	2026-09-24T12:16:23.5485194Z [1021/1416] Building C object esp-idf/wifi_provisioning/CMakeFiles/__idf_wifi_provisioning.dir/src/scheme_softap.c.obj^[[K
build	Build ESP32-C6 firmware	2026-09-24T12:16:23.5904313Z [1022/1416] Linking C static library esp-idf/wifi_provisioning/libwifi_provisioning.a^[[K
build	Build ESP32-C6 firmware	2026-09-24T12:16:23.6106469Z [1023/1416] Building C object esp-idf/lvgl__lvgl/CMakeFiles/__idf_lvgl__lvgl.dir/src/core/lv_disp.c.obj^[[K
build	Build ESP32-C6 firmware	2026-09-24T12:16:23.6181742Z [1024/1416] Building C object esp-idf/lvgl__lvgl/CMakeFiles/__idf_lvgl__lvgl.dir/src/core/lv_group.c.obj^[[K
build	Build ESP32-C6 firmware	2026-09-24T12:16:23.6410477Z [1025/1416] Building C object esp-idf/espressif__esp_lcd_sh8601/CMakeFiles/__idf_espressif__esp_lcd_sh8601.dir/esp_lcd_sh8601.c.obj^[[K
build	Build ESP32-C6 firmware	2026-09-24T12:16:23.6509500Z [1026/1416] Linking C static library esp-idf/espressif__esp_lcd_sh8601/libespressif__esp_lcd_sh8601.a^[[K
build	Build ESP32-C6 firmware	2026-09-24T12:16:23.7553717Z [1027/1416] Building C object esp-idf/lvgl__lvgl/CMakeFiles/__idf_lvgl__lvgl.dir/src/core/lv_event.c.obj^[[K
build	Build ESP32-C6 firmware	2026-09-24T12:16:23.7821120Z [1028/1416] Building C object esp-idf/lvgl__lvgl/CMakeFiles/__idf_lvgl__lvgl.dir/src/core/lv_indev.c.obj^[[K
build	Build ESP32-C6 firmware	2026-09-24T12:16:23.8207872Z [1029/1416] Building C object esp-idf/lvgl__lvgl/CMakeFiles/__idf_lvgl__lvgl.dir/src/core/lv_indev_scroll.c.obj^[[K
build	Build ESP32-C6 firmware	2026-09-24T12:16:23.9060023Z [1030/1416] Building C object esp-idf/lvgl__lvgl/CMakeFiles/__idf_lvgl__lvgl.dir/src/core/lv_obj_class.c.obj^[[K
build	Build ESP32-C6 firmware	2026-09-24T12:16:23.9895815Z [1031/1416] Building C object esp-idf/lvgl__lvgl/CMakeFiles/__idf_lvgl__lvgl.dir/src/core/lv_obj_draw.c.obj^[[K
build	Build ESP32-C6 firmware	2026-09-24T12:16:24.0466337Z [1032/1416] Building C object esp-idf/lvgl__lvgl/CMakeFiles/__idf_lvgl__lvgl.dir/src/core/lv_obj.c.obj^[[K
build	Build ESP32-C6 firmware	2026-09-24T12:16:24.0915150Z [1033/1416] Building C object esp-idf/lvgl__lvgl/CMakeFiles/__idf_lvgl__lvgl.dir/src/core/lv_obj_pos.c.obj^[[K
build	Build ESP32-C6 firmware	2026-09-24T12:16:24.1068071Z [1034/1416] Building C object esp-idf/lvgl__lvgl/CMakeFiles/__idf_lvgl__lvgl.dir/src/core/lv_obj_style.c.obj^[[K
build	Build ESP32-C6 firmware	2026-09-24T12:16:24.1128554Z [1035/1416] Building C object esp-idf/lvgl__lvgl/CMakeFiles/__idf_lvgl__lvgl.dir/src/core/lv_obj_scroll.c.obj^[[K
build	Build ESP32-C6 firmware	2026-09-24T12:16:24.1707834Z [1036/1416] Building C object esp-idf/lvgl__lvgl/CMakeFiles/__idf_lvgl__lvgl.dir/src/core/lv_obj_style_gen.c.obj^[[K
build	Build ESP32-C6 firmware	2026-09-24T12:16:24.2309687Z [1037/1416] Building C object esp-idf/lvgl__lvgl/CMakeFiles/__idf_lvgl__lvgl.dir/src/core/lv_obj_tree.c.obj^[[K
build	Build ESP32-C6 firmware	2026-09-24T12:16:24.2388449Z [1038/1416] Building C object esp-idf/lvgl__lvgl/CMakeFiles/__idf_lvgl__lvgl.dir/src/core/lv_theme.c.obj^[[K
build	Build ESP32-C6 firmware	2026-09-24T12:16:24.2707801Z [1039/1416] Building C object esp-idf/lvgl__lvgl/CMakeFiles/__idf_lvgl__lvgl.dir/src/draw/lv_draw.c.obj^[[K
build	Build ESP32-C6 firmware	2026-09-24T12:16:24.2796963Z [1040/1416] Building C object esp-idf/lvgl__lvgl/CMakeFiles/__idf_lvgl__lvgl.dir/src/draw/arm2d/lv_gpu_arm2d.c.obj^[[K
build	Build ESP32-C6 firmware	2026-09-24T12:16:24.3244340Z [1041/1416] Building C object esp-idf/lvgl__lvgl/CMakeFiles/__idf_lvgl__lvgl.dir/src/draw/lv_draw_arc.c.obj^[[K
build	Build ESP32-C6 firmware	2026-09-24T12:16:24.3781878Z [1042/1416] Building C object esp-idf/lvgl__lvgl/CMakeFiles/__idf_lvgl__lvgl.dir/src/core/lv_refr.c.obj^[[K
build	Build ESP32-C6 firmware	2026-09-24T12:16:24.4010915Z [1043/1416] Building C object esp-idf/lvgl__lvgl/CMakeFiles/__idf_lvgl__lvgl.dir/src/draw/lv_draw_img.c.obj^[[K
build	Build ESP32-C6 firmware	2026-09-24T12:16:24.4204109Z [1044/1416] Building C object esp-idf/lvgl__lvgl/CMakeFiles/__idf_lvgl__lvgl.dir/src/draw/lv_draw_line.c.obj^[[K
build	Build ESP32-C6 firmware	2026-09-24T12:16:24.4238951Z [1045/1416] Building C object esp-idf/lvgl__lvgl/CMakeFiles/__idf_lvgl__lvgl.dir/src/draw/lv_draw_label.c.obj^[[K
build	Build ESP32-C6 firmware	2026-09-24T12:16:24.4855403Z [1046/1416] Building C object esp-idf/lvgl__lvgl/CMakeFiles/__idf_lvgl__lvgl.dir/src/draw/lv_draw_layer.c.obj^[[K
build	Build ESP32-C6 firmware	2026-09-24T12:16:24.5209142Z [1047/1416] Building C object esp-idf/lvgl__lvgl/CMakeFiles/__idf_lvgl__lvgl.dir/src/draw/lv_draw_rect.c.obj^[[K
build	Build ESP32-C6 firmware	2026-09-24T12:16:24.5409607Z [1048/1416] Building C object esp-idf/lvgl__lvgl/CMakeFiles/__idf_lvgl__lvgl.dir/src/draw/lv_draw_transform.c.obj^[[K
build	Build ESP32-C6 firmware	2026-09-24T12:16:24.5414903Z [1049/1416] Building C object esp-idf/lvgl__lvgl/CMakeFiles/__idf_lvgl__lvgl.dir/src/draw/lv_img_cache.c.obj^[[K
build	Build ESP32-C6 firmware	2026-09-24T12:16:24.5678879Z [1050/1416] Building C object esp-idf/lvgl__lvgl/CMakeFiles/__idf_lvgl__lvgl.dir/src/draw/lv_draw_triangle.c.obj^[[K
build	Build ESP32-C6 firmware	2026-09-24T12:16:24.6092871Z [1051/1416] Building C object esp-idf/lvgl__lvgl/CMakeFiles/__idf_lvgl__lvgl.dir/src/draw/nxp/pxp/lv_draw_pxp.c.obj^[[K
build	Build ESP32-C6 firmware	2026-09-24T12:16:24.6102421Z [1052/1416] Building C object esp-idf/lvgl__lvgl/CMakeFiles/__idf_lvgl__lvgl.dir/src/draw/nxp/pxp/lv_draw_pxp_blend.c.obj^[[K
build	Build ESP32-C6 firmware	2026-09-24T12:16:24.6268847Z [1053/1416] Building C object esp-idf/lvgl__lvgl/CMakeFiles/__idf_lvgl__lvgl.dir/src/draw/nxp/pxp/lv_gpu_nxp_pxp.c.obj^[[K
build	Build ESP32-C6 firmware	2026-09-24T12:16:24.6611846Z [1054/1416] Building C object esp-idf/lvgl__lvgl/CMakeFiles/__idf_lvgl__lvgl.dir/src/draw/lv_img_buf.c.obj^[[K
build	Build ESP32-C6 firmware	2026-09-24T12:16:24.6658539Z [1055/1416] Building C object esp-idf/lvgl__lvgl/CMakeFiles/__idf_lvgl__lvgl.dir/src/draw/lv_draw_mask.c.obj^[[K
build	Build ESP32-C6 firmware	2026-09-24T12:16:24.6744511Z [1056/1416] Building C object esp-idf/lvgl__lvgl/CMakeFiles/__idf_lvgl__lvgl.dir/src/draw/nxp/vglite/lv_draw_vglite.c.obj^[[K
build	Build ESP32-C6 firmware	2026-09-24T12:16:24.6776762Z [1057/1416] Building C object esp-idf/lvgl__lvgl/CMakeFiles/__idf_lvgl__lvgl.dir/src/draw/nxp/vglite/lv_draw_vglite_arc.c.obj^[[K
build	Build ESP32-C6 firmware	2026-09-24T12:16:24.6808368Z [1058/1416] Building C object esp-idf/lvgl__lvgl/CMakeFiles/__idf_lvgl__lvgl.dir/src/draw/nxp/vglite/lv_draw_vglite_blend.c.obj^[[K
build	Build ESP32-C6 firmware	2026-09-24T12:16:24.6860032Z [1059/1416] Building C object esp-idf/lvgl__lvgl/CMakeFiles/__idf_lvgl__lvgl.dir/src/draw/nxp/pxp/lv_gpu_nxp_pxp_osa.c.obj^[[K
build	Build ESP32-C6 firmware	2026-09-24T12:16:24.7139833Z [1060/1416] Building C object esp-idf/lvgl__lvgl/CMakeFiles/__idf_lvgl__lvgl.dir/src/draw/lv_img_decoder.c.obj^[[K
build	Build ESP32-C6 firmware	2026-09-24T12:16:24.7170505Z [1061/1416] Building C object esp-idf/lvgl__lvgl/CMakeFiles/__idf_lvgl__lvgl.dir/src/draw/nxp/vglite/lv_draw_vglite_rect.c.obj^[[K
build	Build ESP32-C6 firmware	2026-09-24T12:16:24.7514581Z [1062/1416] Building C object esp-idf/lvgl__lvgl/CMakeFiles/__idf_lvgl__lvgl.dir/src/draw/nxp/vglite/lv_draw_vglite_line.c.obj^[[K
build	Build ESP32-C6 firmware	2026-09-24T12:16:24.7803059Z [1063/1416] Building C object esp-idf/lvgl__lvgl/CMakeFiles/__idf_lvgl__lvgl.dir/src/draw/sdl/lv_draw_sdl.c.obj^[[K
build	Build ESP32-C6 firmware	2026-09-24T12:16:24.7819279Z [1064/1416] Building C object esp-idf/lvgl__lvgl/CMakeFiles/__idf_lvgl__lvgl.dir/src/draw/sdl/lv_draw_sdl_bg.c.obj^[[K
build	Build ESP32-C6 firmware	2026-09-24T12:16:24.7838469Z [1065/1416] Building C object esp-idf/lvgl__lvgl/CMakeFiles/__idf_lvgl__lvgl.dir/src/draw/nxp/vglite/lv_vglite_buf.c.obj^[[K
build	Build ESP32-C6 firmware	2026-09-24T12:16:24.7851627Z [1066/1416] Building C object esp-idf/lvgl__lvgl/CMakeFiles/__idf_lvgl__lvgl.dir/src/draw/nxp/vglite/lv_vglite_utils.c.obj^[[K
build	Build ESP32-C6 firmware	2026-09-24T12:16:24.7896602Z [1067/1416] Building C object esp-idf/lvgl__lvgl/CMakeFiles/__idf_lvgl__lvgl.dir/src/draw/renesas/lv_gpu_d2_draw_label.c.obj^[[K
build	Build ESP32-C6 firmware	2026-09-24T12:16:24.7961711Z [1068/1416] Building C object esp-idf/lvgl__lvgl/CMakeFiles/__idf_lvgl__lvgl.dir/src/draw/sdl/lv_draw_sdl_arc.c.obj^[[K
build	Build ESP32-C6 firmware	2026-09-24T12:16:24.8314730Z [1069/1416] Building C object esp-idf/lvgl__lvgl/CMakeFiles/__idf_lvgl__lvgl.dir/src/draw/renesas/lv_gpu_d2_ra6m3.c.obj^[[K
build	Build ESP32-C6 firmware	2026-09-24T12:16:24.8325815Z [1070/1416] Building C object esp-idf/lvgl__lvgl/CMakeFiles/__idf_lvgl__lvgl.dir/src/draw/sdl/lv_draw_sdl_line.c.obj^[[K
build	Build ESP32-C6 firmware	2026-09-24T12:16:24.8352885Z [1071/1416] Building C object esp-idf/lvgl__lvgl/CMakeFiles/__idf_lvgl__lvgl.dir/src/draw/sdl/lv_draw_sdl_img.c.obj^[[K
build	Build ESP32-C6 firmware	2026-09-24T12:16:24.8384197Z [1072/1416] Building C object esp-idf/lvgl__lvgl/CMakeFiles/__idf_lvgl__lvgl.dir/src/draw/sdl/lv_draw_sdl_layer.c.obj^[[K
build	Build ESP32-C6 firmware	2026-09-24T12:16:24.8417237Z [1073/1416] Building C object esp-idf/lvgl__lvgl/CMakeFiles/__idf_lvgl__lvgl.dir/src/draw/sdl/lv_draw_sdl_label.c.obj^[[K
build	Build ESP32-C6 firmware	2026-09-24T12:16:24.8518526Z [1074/1416] Building C object esp-idf/lvgl__lvgl/CMakeFiles/__idf_lvgl__lvgl.dir/src/draw/sdl/lv_draw_sdl_composite.c.obj^[[K
build	Build ESP32-C6 firmware	2026-09-24T12:16:24.8776249Z [1075/1416] Building C object esp-idf/lvgl__lvgl/CMakeFiles/__idf_lvgl__lvgl.dir/src/draw/sdl/lv_draw_sdl_mask.c.obj^[[K
build	Build ESP32-C6 firmware	2026-09-24T12:16:24.8809205Z [1076/1416] Building C object esp-idf/lvgl__lvgl/CMakeFiles/__idf_lvgl__lvgl.dir/src/draw/sdl/lv_draw_sdl_polygon.c.obj^[[K
build	Build ESP32-C6 firmware	2026-09-24T12:16:24.8877739Z [1077/1416] Building C object esp-idf/lvgl__lvgl/CMakeFiles/__idf_lvgl__lvgl.dir/src/draw/sdl/lv_draw_sdl_stack_blur.c.obj^[[K
build	Build ESP32-C6 firmware	2026-09-24T12:16:24.8907870Z [1078/1416] Building C object esp-idf/lvgl__lvgl/CMakeFiles/__idf_lvgl__lvgl.dir/src/draw/sdl/lv_draw_sdl_texture_cache.c.obj^[[K
build	Build ESP32-C6 firmware	2026-09-24T12:16:24.9027348Z [1079/1416] Building C object esp-idf/lvgl__lvgl/CMakeFiles/__idf_lvgl__lvgl.dir/src/draw/sdl/lv_draw_sdl_utils.c.obj^[[K
build	Build ESP32-C6 firmware	2026-09-24T12:16:24.9663275Z [1080/1416] Building C object esp-idf/lvgl__lvgl/CMakeFiles/__idf_lvgl__lvgl.dir/src/draw/sdl/lv_draw_sdl_rect.c.obj^[[K
build	Build ESP32-C6 firmware	2026-09-24T12:16:25.0094350Z [1081/1416] Building C object esp-idf/lvgl__lvgl/CMakeFiles/__idf_lvgl__lvgl.dir/src/draw/sw/lv_draw_sw_dither.c.obj^[[K
build	Build ESP32-C6 firmware	2026-09-24T12:16:25.0630580Z [1082/1416] Building C object esp-idf/lvgl__lvgl/CMakeFiles/__idf_lvgl__lvgl.dir/src/draw/stm32_dma2d/lv_gpu_stm32_dma2d.c.obj^[[K
build	Build ESP32-C6 firmware	2026-09-24T12:16:25.1089664Z [1083/1416] Building C object esp-idf/lvgl__lvgl/CMakeFiles/__idf_lvgl__lvgl.dir/src/draw/sw/lv_draw_sw_gradient.c.obj^[[K
build	Build ESP32-C6 firmware	2026-09-24T12:16:25.1121262Z [1084/1416] Building C object esp-idf/lvgl__lvgl/CMakeFiles/__idf_lvgl__lvgl.dir/src/draw/sw/lv_draw_sw.c.obj^[[K
build	Build ESP32-C6 firmware	2026-09-24T12:16:25.1462128Z [1085/1416] Building C object esp-idf/lvgl__lvgl/CMakeFiles/__idf_lvgl__lvgl.dir/src/draw/sw/lv_draw_sw_arc.c.obj^[[K
build	Build ESP32-C6 firmware	2026-09-24T12:16:25.1691890Z [1086/1416] Building C object esp-idf/lvgl__lvgl/CMakeFiles/__idf_lvgl__lvgl.dir/src/draw/sw/lv_draw_sw_blend.c.obj^[[K
build	Build ESP32-C6 firmware	2026-09-24T12:16:25.1721630Z [1087/1416] Building C object esp-idf/lvgl__lvgl/CMakeFiles/__idf_lvgl__lvgl.dir/src/draw/sw/lv_draw_sw_layer.c.obj^[[K
build	Build ESP32-C6 firmware	2026-09-24T12:16:25.2878148Z [1088/1416] Building C object esp-idf/lvgl__lvgl/CMakeFiles/__idf_lvgl__lvgl.dir/src/draw/sw/lv_draw_sw_img.c.obj^[[K
build	Build ESP32-C6 firmware	2026-09-24T12:16:25.3099581Z [1089/1416] Building C object esp-idf/lvgl__lvgl/CMakeFiles/__idf_lvgl__lvgl.dir/src/draw/sw/lv_draw_sw_polygon.c.obj^[[K
build	Build ESP32-C6 firmware	2026-09-24T12:16:25.3455424Z [1090/1416] Building C object esp-idf/lvgl__lvgl/CMakeFiles/__idf_lvgl__lvgl.dir/src/draw/sw/lv_draw_sw_letter.c.obj^[[K
build	Build ESP32-C6 firmware	2026-09-24T12:16:25.3718612Z [1091/1416] Building C object esp-idf/lvgl__lvgl/CMakeFiles/__idf_lvgl__lvgl.dir/src/draw/sw/lv_draw_sw_transform.c.obj^[[K
build	Build ESP32-C6 firmware	2026-09-24T12:16:25.3782457Z [1092/1416] Building C object esp-idf/lvgl__lvgl/CMakeFiles/__idf_lvgl__lvgl.dir/src/draw/swm341_dma2d/lv_gpu_swm341_dma2d.c.obj^[[K
build	Build ESP32-C6 firmware	2026-09-24T12:16:25.4980266Z [1093/1416] Building C object esp-idf/lvgl__lvgl/CMakeFiles/__idf_lvgl__lvgl.dir/src/draw/sw/lv_draw_sw_line.c.obj^[[K
build	Build ESP32-C6 firmware	2026-09-24T12:16:25.5216292Z [1094/1416] Building C object esp-idf/lvgl__lvgl/CMakeFiles/__idf_lvgl__lvgl.dir/src/draw/sw/lv_draw_sw_rect.c.obj^[[K
build	Build ESP32-C6 firmware	2026-09-24T12:16:25.5305404Z [1095/1416] Building C object esp-idf/lvgl__lvgl/CMakeFiles/__idf_lvgl__lvgl.dir/src/extra/libs/bmp/lv_bmp.c.obj^[[K
build	Build ESP32-C6 firmware	2026-09-24T12:16:25.5786639Z [1096/1416] Building C object esp-idf/lvgl__lvgl/CMakeFiles/__idf_lvgl__lvgl.dir/src/extra/libs/freetype/lv_freetype.c.obj^[[K
build	Build ESP32-C6 firmware	2026-09-24T12:16:25.5938071Z [1097/1416] Building C object esp-idf/lvgl__lvgl/CMakeFiles/__idf_lvgl__lvgl.dir/src/extra/layouts/flex/lv_flex.c.obj^[[K
build	Build ESP32-C6 firmware	2026-09-24T12:16:25.6055706Z [1098/1416] Building C object esp-idf/lvgl__lvgl/CMakeFiles/__idf_lvgl__lvgl.dir/src/extra/layouts/grid/lv_grid.c.obj^[[K
build	Build ESP32-C6 firmware	2026-09-24T12:16:25.6615677Z [1099/1416] Building C object esp-idf/lvgl__lvgl/CMakeFiles/__idf_lvgl__lvgl.dir/src/extra/libs/ffmpeg/lv_ffmpeg.c.obj^[[K
build	Build ESP32-C6 firmware	2026-09-24T12:16:25.6688506Z [1100/1416] Building C object esp-idf/lvgl__lvgl/CMakeFiles/__idf_lvgl__lvgl.dir/src/extra/libs/fsdrv/lv_fs_fatfs.c.obj^[[K
build	Build ESP32-C6 firmware	2026-09-24T12:16:25.6977631Z [1101/1416] Building C object esp-idf/lvgl__lvgl/CMakeFiles/__idf_lvgl__lvgl.dir/src/extra/libs/fsdrv/lv_fs_littlefs.c.obj^[[K
build	Build ESP32-C6 firmware	2026-09-24T12:16:25.7214689Z [1102/1416] Building C object esp-idf/lvgl__lvgl/CMakeFiles/__idf_lvgl__lvgl.dir/src/extra/libs/gif/gifdec.c.obj^[[K
build	Build ESP32-C6 firmware	2026-09-24T12:16:25.7459510Z [1103/1416] Building C object esp-idf/lvgl__lvgl/CMakeFiles/__idf_lvgl__lvgl.dir/src/extra/libs/fsdrv/lv_fs_stdio.c.obj^[[K
build	Build ESP32-C6 firmware	2026-09-24T12:16:25.7791157Z [1104/1416] Building C object esp-idf/lvgl__lvgl/CMakeFiles/__idf_lvgl__lvgl.dir/src/extra/libs/fsdrv/lv_fs_posix.c.obj^[[K
build	Build ESP32-C6 firmware	2026-09-24T12:16:25.8378724Z [1105/1416] Building C object esp-idf/lvgl__lvgl/CMakeFiles/__idf_lvgl__lvgl.dir/src/extra/libs/fsdrv/lv_fs_win32.c.obj^[[K
build	Build ESP32-C6 firmware	2026-09-24T12:16:25.8459387Z [1106/1416] Building C object esp-idf/lvgl__lvgl/CMakeFiles/__idf_lvgl__lvgl.dir/src/extra/libs/png/lv_png.c.obj^[[K
build	Build ESP32-C6 firmware	2026-09-24T12:16:25.8690134Z [1107/1416] Building C object esp-idf/lvgl__lvgl/CMakeFiles/__idf_lvgl__lvgl.dir/src/extra/libs/gif/lv_gif.c.obj^[[K
build	Build ESP32-C6 firmware	2026-09-24T12:16:25.9203600Z [1108/1416] Building C object esp-idf/lvgl__lvgl/CMakeFiles/__idf_lvgl__lvgl.dir/src/extra/libs/png/lodepng.c.obj^[[K
build	Build ESP32-C6 firmware	2026-09-24T12:16:25.9263894Z [1109/1416] Building C object esp-idf/lvgl__lvgl/CMakeFiles/__idf_lvgl__lvgl.dir/src/extra/libs/qrcode/lv_qrcode.c.obj^[[K
build	Build ESP32-C6 firmware	2026-09-24T12:16:25.9736843Z [1110/1416] Building C object esp-idf/lvgl__lvgl/CMakeFiles/__idf_lvgl__lvgl.dir/src/extra/libs/sjpg/tjpgd.c.obj^[[K
build	Build ESP32-C6 firmware	2026-09-24T12:16:25.9863104Z [1111/1416] Building C object esp-idf/lvgl__lvgl/CMakeFiles/__idf_lvgl__lvgl.dir/src/extra/libs/rlottie/lv_rlottie.c.obj^[[K
build	Build ESP32-C6 firmware	2026-09-24T12:16:25.9912041Z [1112/1416] Building C object esp-idf/lvgl__lvgl/CMakeFiles/__idf_lvgl__lvgl.dir/src/extra/others/fragment/lv_fragment.c.obj^[[K
build	Build ESP32-C6 firmware	2026-09-24T12:16:26.0216807Z [1113/1416] Building C object esp-idf/lvgl__lvgl/CMakeFiles/__idf_lvgl__lvgl.dir/src/extra/libs/sjpg/lv_sjpg.c.obj^[[K
build	Build ESP32-C6 firmware	2026-09-24T12:16:26.0275991Z [1114/1416] Building C object esp-idf/lvgl__lvgl/CMakeFiles/__idf_lvgl__lvgl.dir/src/extra/others/fragment/lv_fragment_manager.c.obj^[[K
build	Build ESP32-C6 firmware	2026-09-24T12:16:26.0583419Z [1115/1416] Building C object esp-idf/lvgl__lvgl/CMakeFiles/__idf_lvgl__lvgl.dir/src/extra/libs/qrcode/qrcodegen.c.obj^[[K
build	Build ESP32-C6 firmware	2026-09-24T12:16:26.0967324Z [1116/1416] Building C object esp-idf/lvgl__lvgl/CMakeFiles/__idf_lvgl__lvgl.dir/src/extra/libs/tiny_ttf/lv_tiny_ttf.c.obj^[[K
build	Build ESP32-C6 firmware	2026-09-24T12:16:26.1254151Z [1117/1416] Building C object esp-idf/lvgl__lvgl/CMakeFiles/__idf_lvgl__lvgl.dir/src/extra/lv_extra.c.obj^[[K
build	Build ESP32-C6 firmware	2026-09-24T12:16:26.1558717Z [1118/1416] Building C object esp-idf/lvgl__lvgl/CMakeFiles/__idf_lvgl__lvgl.dir/src/extra/others/gridnav/lv_gridnav.c.obj^[[K
build	Build ESP32-C6 firmware	2026-09-24T12:16:26.2248415Z [1119/1416] Building C object esp-idf/lvgl__lvgl/CMakeFiles/__idf_lvgl__lvgl.dir/src/extra/others/ime/lv_ime_pinyin.c.obj^[[K
build	Build ESP32-C6 firmware	2026-09-24T12:16:26.2510944Z [1120/1416] Building C object esp-idf/lvgl__lvgl/CMakeFiles/__idf_lvgl__lvgl.dir/src/extra/others/imgfont/lv_imgfont.c.obj^[[K
build	Build ESP32-C6 firmware	2026-09-24T12:16:26.2608557Z [1121/1416] Building C object esp-idf/lvgl__lvgl/CMakeFiles/__idf_lvgl__lvgl.dir/src/extra/others/msg/lv_msg.c.obj^[[K
build	Build ESP32-C6 firmware	2026-09-24T12:16:26.2626142Z [1122/1416] Building C object esp-idf/lvgl__lvgl/CMakeFiles/__idf_lvgl__lvgl.dir/src/extra/others/snapshot/lv_snapshot.c.obj^[[K
build	Build ESP32-C6 firmware	2026-09-24T12:16:26.3364926Z [1123/1416] Building C object esp-idf/lvgl__lvgl/CMakeFiles/__idf_lvgl__lvgl.dir/src/extra/others/monkey/lv_monkey.c.obj^[[K
build	Build ESP32-C6 firmware	2026-09-24T12:16:26.3958426Z [1124/1416] Building C object esp-idf/lvgl__lvgl/CMakeFiles/__idf_lvgl__lvgl.dir/src/extra/themes/basic/lv_theme_basic.c.obj^[[K
build	Build ESP32-C6 firmware	2026-09-24T12:16:26.4231959Z [1125/1416] Building C object esp-idf/lvgl__lvgl/CMakeFiles/__idf_lvgl__lvgl.dir/src/extra/widgets/animimg/lv_animimg.c.obj^[[K
build	Build ESP32-C6 firmware	2026-09-24T12:16:26.4386232Z [1126/1416] Building C object esp-idf/lvgl__lvgl/CMakeFiles/__idf_lvgl__lvgl.dir/src/extra/widgets/calendar/lv_calendar_header_arrow.c.obj^[[K
build	Build ESP32-C6 firmware	2026-09-24T12:16:26.4883712Z [1127/1416] Building C object esp-idf/lvgl__lvgl/CMakeFiles/__idf_lvgl__lvgl.dir/src/extra/themes/mono/lv_theme_mono.c.obj^[[K
build	Build ESP32-C6 firmware	2026-09-24T12:16:26.5510631Z [1128/1416] Building C object esp-idf/lvgl__lvgl/CMakeFiles/__idf_lvgl__lvgl.dir/src/extra/widgets/calendar/lv_calendar.c.obj^[[K
build	Build ESP32-C6 firmware	2026-09-24T12:16:26.6176434Z [1129/1416] Building C object esp-idf/lvgl__lvgl/CMakeFiles/__idf_lvgl__lvgl.dir/src/extra/widgets/calendar/lv_calendar_header_dropdown.c.obj^[[K
build	Build ESP32-C6 firmware	2026-09-24T12:16:26.6345386Z [1130/1416] Building C object esp-idf/lvgl__lvgl/CMakeFiles/__idf_lvgl__lvgl.dir/src/extra/themes/default/lv_theme_default.c.obj^[[K
build	Build ESP32-C6 firmware	2026-09-24T12:16:26.7027746Z [1131/1416] Building C object esp-idf/lvgl__lvgl/CMakeFiles/__idf_lvgl__lvgl.dir/src/extra/widgets/imgbtn/lv_imgbtn.c.obj^[[K
build	Build ESP32-C6 firmware	2026-09-24T12:16:26.7360857Z [1132/1416] Building C object esp-idf/lvgl__lvgl/CMakeFiles/__idf_lvgl__lvgl.dir/src/extra/widgets/keyboard/lv_keyboard.c.obj^[[K
build	Build ESP32-C6 firmware	2026-09-24T12:16:26.7548382Z [1133/1416] Building C object esp-idf/lvgl__lvgl/CMakeFiles/__idf_lvgl__lvgl.dir/src/extra/widgets/colorwheel/lv_colorwheel.c.obj^[[K
build	Build ESP32-C6 firmware	2026-09-24T12:16:26.8231885Z [1134/1416] Building C object esp-idf/lvgl__lvgl/CMakeFiles/__idf_lvgl__lvgl.dir/src/extra/widgets/list/lv_list.c.obj^[[K
build	Build ESP32-C6 firmware	2026-09-24T12:16:26.8713262Z [1135/1416] Building C object esp-idf/lvgl__lvgl/CMakeFiles/__idf_lvgl__lvgl.dir/src/extra/widgets/led/lv_led.c.obj^[[K
build	Build ESP32-C6 firmware	2026-09-24T12:16:26.9261573Z [1136/1416] Building C object esp-idf/lvgl__lvgl/CMakeFiles/__idf_lvgl__lvgl.dir/src/extra/widgets/menu/lv_menu.c.obj^[[K
build	Build ESP32-C6 firmware	2026-09-24T12:16:27.0156862Z [1137/1416] Building C object esp-idf/lvgl__lvgl/CMakeFiles/__idf_lvgl__lvgl.dir/src/extra/widgets/msgbox/lv_msgbox.c.obj^[[K
build	Build ESP32-C6 firmware	2026-09-24T12:16:27.0231428Z [1138/1416] Building C object esp-idf/lvgl__lvgl/CMakeFiles/__idf_lvgl__lvgl.dir/src/extra/widgets/chart/lv_chart.c.obj^[[K
build	Build ESP32-C6 firmware	2026-09-24T12:16:27.1033951Z [1139/1416] Building C object esp-idf/lvgl__lvgl/CMakeFiles/__idf_lvgl__lvgl.dir/src/extra/widgets/meter/lv_meter.c.obj^[[K
build	Build ESP32-C6 firmware	2026-09-24T12:16:27.1088468Z [1140/1416] Building C object esp-idf/lvgl__lvgl/CMakeFiles/__idf_lvgl__lvgl.dir/src/extra/widgets/span/lv_span.c.obj^[[K
build	Build ESP32-C6 firmware	2026-09-24T12:16:27.1180079Z [1141/1416] Building C object esp-idf/lvgl__lvgl/CMakeFiles/__idf_lvgl__lvgl.dir/src/extra/widgets/spinbox/lv_spinbox.c.obj^[[K
build	Build ESP32-C6 firmware	2026-09-24T12:16:27.1853307Z [1142/1416] Building C object esp-idf/lvgl__lvgl/CMakeFiles/__idf_lvgl__lvgl.dir/src/extra/widgets/spinner/lv_spinner.c.obj^[[K
build	Build ESP32-C6 firmware	2026-09-24T12:16:27.1944913Z [1143/1416] Building C object esp-idf/lvgl__lvgl/CMakeFiles/__idf_lvgl__lvgl.dir/src/extra/widgets/tileview/lv_tileview.c.obj^[[K
build	Build ESP32-C6 firmware	2026-09-24T12:16:27.2182565Z [1144/1416] Building C object esp-idf/lvgl__lvgl/CMakeFiles/__idf_lvgl__lvgl.dir/src/font/lv_font.c.obj^[[K
build	Build ESP32-C6 firmware	2026-09-24T12:16:27.2767956Z [1145/1416] Building C object esp-idf/lvgl__lvgl/CMakeFiles/__idf_lvgl__lvgl.dir/src/extra/widgets/tabview/lv_tabview.c.obj^[[K
build	Build ESP32-C6 firmware	2026-09-24T12:16:27.2830259Z [1146/1416] Building C object esp-idf/lvgl__lvgl/CMakeFiles/__idf_lvgl__lvgl.dir/src/font/lv_font_fmt_txt.c.obj^[[K
build	Build ESP32-C6 firmware	2026-09-24T12:16:27.2839123Z [1147/1416] Building C object esp-idf/lvgl__lvgl/CMakeFiles/__idf_lvgl__lvgl.dir/src/font/lv_font_dejavu_16_persian_hebrew.c.obj^[[K
build	Build ESP32-C6 firmware	2026-09-24T12:16:27.3990457Z [1148/1416] Building C object esp-idf/lvgl__lvgl/CMakeFiles/__idf_lvgl__lvgl.dir/src/extra/widgets/win/lv_win.c.obj^[[K
build	Build ESP32-C6 firmware	2026-09-24T12:16:27.4230788Z [1149/1416] Building C object esp-idf/lvgl__lvgl/CMakeFiles/__idf_lvgl__lvgl.dir/src/font/lv_font_montserrat_10.c.obj^[[K
build	Build ESP32-C6 firmware	2026-09-24T12:16:27.4352551Z [1150/1416] Building C object esp-idf/lvgl__lvgl/CMakeFiles/__idf_lvgl__lvgl.dir/src/font/lv_font_montserrat_16.c.obj^[[K
build	Build ESP32-C6 firmware	2026-09-24T12:16:27.4468779Z [1151/1416] Building C object esp-idf/lvgl__lvgl/CMakeFiles/__idf_lvgl__lvgl.dir/src/font/lv_font_montserrat_12_subpx.c.obj^[[K
build	Build ESP32-C6 firmware	2026-09-24T12:16:27.4588703Z [1152/1416] Building C object esp-idf/lvgl__lvgl/CMakeFiles/__idf_lvgl__lvgl.dir/src/font/lv_font_loader.c.obj^[[K
build	Build ESP32-C6 firmware	2026-09-24T12:16:27.5124942Z [1153/1416] Building C object esp-idf/lvgl__lvgl/CMakeFiles/__idf_lvgl__lvgl.dir/src/font/lv_font_montserrat_12.c.obj^[[K
build	Build ESP32-C6 firmware	2026-09-24T12:16:27.5750322Z [1154/1416] Building C object esp-idf/lvgl__lvgl/CMakeFiles/__idf_lvgl__lvgl.dir/src/font/lv_font_montserrat_14.c.obj^[[K
build	Build ESP32-C6 firmware	2026-09-24T12:16:27.6175032Z [1155/1416] Building C object esp-idf/lvgl__lvgl/CMakeFiles/__idf_lvgl__lvgl.dir/src/font/lv_font_montserrat_18.c.obj^[[K
build	Build ESP32-C6 firmware	2026-09-24T12:16:27.6414783Z [1156/1416] Building C object esp-idf/lvgl__lvgl/CMakeFiles/__idf_lvgl__lvgl.dir/src/font/lv_font_montserrat_20.c.obj^[[K
build	Build ESP32-C6 firmware	2026-09-24T12:16:27.6416588Z [1157/1416] Building C object esp-idf/lvgl__lvgl/CMakeFiles/__idf_lvgl__lvgl.dir/src/font/lv_font_montserrat_22.c.obj^[[K
build	Build ESP32-C6 firmware	2026-09-24T12:16:27.6470464Z [1158/1416] Building C object esp-idf/lvgl__lvgl/CMakeFiles/__idf_lvgl__lvgl.dir/src/font/lv_font_montserrat_24.c.obj^[[K
build	Build ESP32-C6 firmware	2026-09-24T12:16:27.6960394Z [1159/1416] Building C object esp-idf/lvgl__lvgl/CMakeFiles/__idf_lvgl__lvgl.dir/src/font/lv_font_montserrat_26.c.obj^[[K
build	Build ESP32-C6 firmware	2026-09-24T12:16:27.7602647Z [1160/1416] Building C object esp-idf/lvgl__lvgl/CMakeFiles/__idf_lvgl__lvgl.dir/src/font/lv_font_montserrat_28.c.obj^[[K
build	Build ESP32-C6 firmware	2026-09-24T12:16:27.7871110Z [1161/1416] Building C object esp-idf/lvgl__lvgl/CMakeFiles/__idf_lvgl__lvgl.dir/src/font/lv_font_montserrat_28_compressed.c.obj^[[K
build	Build ESP32-C6 firmware	2026-09-24T12:16:27.7939831Z [1162/1416] Building C object esp-idf/lvgl__lvgl/CMakeFiles/__idf_lvgl__lvgl.dir/src/font/lv_font_montserrat_32.c.obj^[[K
build	Build ESP32-C6 firmware	2026-09-24T12:16:27.8251784Z [1163/1416] Building C object esp-idf/lvgl__lvgl/CMakeFiles/__idf_lvgl__lvgl.dir/src/font/lv_font_montserrat_30.c.obj^[[K
build	Build ESP32-C6 firmware	2026-09-24T12:16:27.8730095Z [1164/1416] Building C object esp-idf/lvgl__lvgl/CMakeFiles/__idf_lvgl__lvgl.dir/src/font/lv_font_montserrat_34.c.obj^[[K
build	Build ESP32-C6 firmware	2026-09-24T12:16:27.8734627Z [1165/1416] Building C object esp-idf/lvgl__lvgl/CMakeFiles/__idf_lvgl__lvgl.dir/src/font/lv_font_montserrat_38.c.obj^[[K
build	Build ESP32-C6 firmware	2026-09-24T12:16:27.9484289Z [1166/1416] Building C object esp-idf/lvgl__lvgl/CMakeFiles/__idf_lvgl__lvgl.dir/src/font/lv_font_montserrat_36.c.obj^[[K
build	Build ESP32-C6 firmware	2026-09-24T12:16:28.0045167Z [1167/1416] Building C object esp-idf/lvgl__lvgl/CMakeFiles/__idf_lvgl__lvgl.dir/src/font/lv_font_montserrat_40.c.obj^[[K
build	Build ESP32-C6 firmware	2026-09-24T12:16:28.0059426Z [1168/1416] Building C object esp-idf/lvgl__lvgl/CMakeFiles/__idf_lvgl__lvgl.dir/src/font/lv_font_montserrat_44.c.obj^[[K
build	Build ESP32-C6 firmware	2026-09-24T12:16:28.0112828Z [1169/1416] Building C object esp-idf/lvgl__lvgl/CMakeFiles/__idf_lvgl__lvgl.dir/src/font/lv_font_montserrat_42.c.obj^[[K
build	Build ESP32-C6 firmware	2026-09-24T12:16:28.0132331Z [1170/1416] Building C object esp-idf/lvgl__lvgl/CMakeFiles/__idf_lvgl__lvgl.dir/src/font/lv_font_montserrat_8.c.obj^[[K
build	Build ESP32-C6 firmware	2026-09-24T12:16:28.1276319Z [1171/1416] Building C object esp-idf/lvgl__lvgl/CMakeFiles/__idf_lvgl__lvgl.dir/src/font/lv_font_montserrat_46.c.obj^[[K
build	Build ESP32-C6 firmware	2026-09-24T12:16:28.1467608Z [1172/1416] Building C object esp-idf/lvgl__lvgl/CMakeFiles/__idf_lvgl__lvgl.dir/src/font/lv_font_montserrat_48.c.obj^[[K
build	Build ESP32-C6 firmware	2026-09-24T12:16:28.1510629Z [1173/1416] Building C object esp-idf/lvgl__lvgl/CMakeFiles/__idf_lvgl__lvgl.dir/src/hal/lv_hal_indev.c.obj^[[K
build	Build ESP32-C6 firmware	2026-09-24T12:16:28.1756264Z [1174/1416] Building C object esp-idf/lvgl__lvgl/CMakeFiles/__idf_lvgl__lvgl.dir/src/font/lv_font_unscii_16.c.obj^[[K
build	Build ESP32-C6 firmware	2026-09-24T12:16:28.1787728Z [1175/1416] Building C object esp-idf/lvgl__lvgl/CMakeFiles/__idf_lvgl__lvgl.dir/src/font/lv_font_simsun_16_cjk.c.obj^[[K
build	Build ESP32-C6 firmware	2026-09-24T12:16:28.2237058Z [1176/1416] Building C object esp-idf/lvgl__lvgl/CMakeFiles/__idf_lvgl__lvgl.dir/src/font/lv_font_unscii_8.c.obj^[[K
build	Build ESP32-C6 firmware	2026-09-24T12:16:28.2747985Z [1177/1416] Building C object esp-idf/lvgl__lvgl/CMakeFiles/__idf_lvgl__lvgl.dir/src/hal/lv_hal_tick.c.obj^[[K
build	Build ESP32-C6 firmware	2026-09-24T12:16:28.2885584Z [1178/1416] Building C object esp-idf/lvgl__lvgl/CMakeFiles/__idf_lvgl__lvgl.dir/src/hal/lv_hal_disp.c.obj^[[K
build	Build ESP32-C6 firmware	2026-09-24T12:16:28.2886804Z [1179/1416] Building C object esp-idf/lvgl__lvgl/CMakeFiles/__idf_lvgl__lvgl.dir/src/misc/lv_async.c.obj^[[K
build	Build ESP32-C6 firmware	2026-09-24T12:16:28.3112194Z [1180/1416] Building C object esp-idf/lvgl__lvgl/CMakeFiles/__idf_lvgl__lvgl.dir/src/misc/lv_anim.c.obj^[[K
build	Build ESP32-C6 firmware	2026-09-24T12:16:28.3365523Z [1181/1416] Building C object esp-idf/lvgl__lvgl/CMakeFiles/__idf_lvgl__lvgl.dir/src/misc/lv_anim_timeline.c.obj^[[K
build	Build ESP32-C6 firmware	2026-09-24T12:16:28.3698053Z [1182/1416] Building C object esp-idf/lvgl__lvgl/CMakeFiles/__idf_lvgl__lvgl.dir/src/misc/lv_bidi.c.obj^[[K
build	Build ESP32-C6 firmware	2026-09-24T12:16:28.3933096Z [1183/1416] Building C object esp-idf/lvgl__lvgl/CMakeFiles/__idf_lvgl__lvgl.dir/src/misc/lv_area.c.obj^[[K
build	Build ESP32-C6 firmware	2026-09-24T12:16:28.3995555Z [1184/1416] Building C object esp-idf/lvgl__lvgl/CMakeFiles/__idf_lvgl__lvgl.dir/src/misc/lv_log.c.obj^[[K
build	Build ESP32-C6 firmware	2026-09-24T12:16:28.4406253Z [1185/1416] Building C object esp-idf/lvgl__lvgl/CMakeFiles/__idf_lvgl__lvgl.dir/src/misc/lv_gc.c.obj^[[K
build	Build ESP32-C6 firmware	2026-09-24T12:16:28.4417660Z [1186/1416] Building C object esp-idf/lvgl__lvgl/CMakeFiles/__idf_lvgl__lvgl.dir/src/misc/lv_color.c.obj^[[K
build	Build ESP32-C6 firmware	2026-09-24T12:16:28.4638502Z [1187/1416] Building C object esp-idf/lvgl__lvgl/CMakeFiles/__idf_lvgl__lvgl.dir/src/misc/lv_ll.c.obj^[[K
build	Build ESP32-C6 firmware	2026-09-24T12:16:28.4939836Z [1188/1416] Building C object esp-idf/lvgl__lvgl/CMakeFiles/__idf_lvgl__lvgl.dir/src/misc/lv_fs.c.obj^[[K
build	Build ESP32-C6 firmware	2026-09-24T12:16:28.5275739Z [1189/1416] Building C object esp-idf/lvgl__lvgl/CMakeFiles/__idf_lvgl__lvgl.dir/src/misc/lv_math.c.obj^[[K
build	Build ESP32-C6 firmware	2026-09-24T12:16:28.5342507Z [1190/1416] Building C object esp-idf/lvgl__lvgl/CMakeFiles/__idf_lvgl__lvgl.dir/src/misc/lv_templ.c.obj^[[K
build	Build ESP32-C6 firmware	2026-09-24T12:16:28.5518011Z [1191/1416] Building C object esp-idf/lvgl__lvgl/CMakeFiles/__idf_lvgl__lvgl.dir/src/misc/lv_lru.c.obj^[[K
build	Build ESP32-C6 firmware	2026-09-24T12:16:28.5961837Z [1192/1416] Building C object esp-idf/lvgl__lvgl/CMakeFiles/__idf_lvgl__lvgl.dir/src/misc/lv_mem.c.obj^[[K
build	Build ESP32-C6 firmware	2026-09-24T12:16:28.5973815Z [1193/1416] Building C object esp-idf/lvgl__lvgl/CMakeFiles/__idf_lvgl__lvgl.dir/src/misc/lv_tlsf.c.obj^[[K
build	Build ESP32-C6 firmware	2026-09-24T12:16:28.6151774Z [1194/1416] Building C object esp-idf/lvgl__lvgl/CMakeFiles/__idf_lvgl__lvgl.dir/src/misc/lv_printf.c.obj^[[K
build	Build ESP32-C6 firmware	2026-09-24T12:16:28.6644699Z [1195/1416] Building C object esp-idf/lvgl__lvgl/CMakeFiles/__idf_lvgl__lvgl.dir/src/misc/lv_style.c.obj^[[K
build	Build ESP32-C6 firmware	2026-09-24T12:16:28.6664981Z [1196/1416] Building C object esp-idf/lvgl__lvgl/CMakeFiles/__idf_lvgl__lvgl.dir/src/misc/lv_timer.c.obj^[[K
build	Build ESP32-C6 firmware	2026-09-24T12:16:28.7160491Z [1197/1416] Building C object esp-idf/lvgl__lvgl/CMakeFiles/__idf_lvgl__lvgl.dir/src/misc/lv_utils.c.obj^[[K
build	Build ESP32-C6 firmware	2026-09-24T12:16:28.7255669Z [1198/1416] Building C object esp-idf/lvgl__lvgl/CMakeFiles/__idf_lvgl__lvgl.dir/src/misc/lv_style_gen.c.obj^[[K
build	Build ESP32-C6 firmware	2026-09-24T12:16:28.7418734Z [1199/1416] Building C object esp-idf/lvgl__lvgl/CMakeFiles/__idf_lvgl__lvgl.dir/src/misc/lv_txt_ap.c.obj^[[K
build	Build ESP32-C6 firmware	2026-09-24T12:16:28.8610585Z [1200/1416] Building C object esp-idf/lvgl__lvgl/CMakeFiles/__idf_lvgl__lvgl.dir/src/misc/lv_txt.c.obj^[[K
build	Build ESP32-C6 firmware	2026-09-24T12:16:28.8834326Z [1201/1416] Building C object esp-idf/lvgl__lvgl/CMakeFiles/__idf_lvgl__lvgl.dir/src/widgets/lv_bar.c.obj^[[K
build	Build ESP32-C6 firmware	2026-09-24T12:16:28.9348393Z [1202/1416] Building C object esp-idf/lvgl__lvgl/CMakeFiles/__idf_lvgl__lvgl.dir/src/widgets/lv_btn.c.obj^[[K
build	Build ESP32-C6 firmware	2026-09-24T12:16:28.9895535Z [1203/1416] Building C object esp-idf/lvgl__lvgl/CMakeFiles/__idf_lvgl__lvgl.dir/src/widgets/lv_checkbox.c.obj^[[K
build	Build ESP32-C6 firmware	2026-09-24T12:16:29.0006350Z [1204/1416] Building C object esp-idf/lvgl__lvgl/CMakeFiles/__idf_lvgl__lvgl.dir/src/widgets/lv_arc.c.obj^[[K
build	Build ESP32-C6 firmware	2026-09-24T12:16:29.0650915Z [1205/1416] Building C object esp-idf/lvgl__lvgl/CMakeFiles/__idf_lvgl__lvgl.dir/src/widgets/lv_btnmatrix.c.obj^[[K
build	Build ESP32-C6 firmware	2026-09-24T12:16:29.0725731Z [1206/1416] Building C object esp-idf/lvgl__lvgl/CMakeFiles/__idf_lvgl__lvgl.dir/src/widgets/lv_objx_templ.c.obj^[[K
build	Build ESP32-C6 firmware	2026-09-24T12:16:29.1303447Z [1207/1416] Building C object esp-idf/lvgl__lvgl/CMakeFiles/__idf_lvgl__lvgl.dir/src/widgets/lv_canvas.c.obj^[[K
build	Build ESP32-C6 firmware	2026-09-24T12:16:29.1861325Z [1208/1416] Building C object esp-idf/lvgl__lvgl/CMakeFiles/__idf_lvgl__lvgl.dir/src/widgets/lv_img.c.obj^[[K
build	Build ESP32-C6 firmware	2026-09-24T12:16:29.2419656Z [1209/1416] Building C object esp-idf/lvgl__lvgl/CMakeFiles/__idf_lvgl__lvgl.dir/src/widgets/lv_line.c.obj^[[K
build	Build ESP32-C6 firmware	2026-09-24T12:16:29.2568597Z [1210/1416] Building C object esp-idf/lvgl__lvgl/CMakeFiles/__idf_lvgl__lvgl.dir/src/widgets/lv_label.c.obj^[[K
build	Build ESP32-C6 firmware	2026-09-24T12:16:29.3306931Z [1211/1416] Building C object esp-idf/lvgl__lvgl/CMakeFiles/__idf_lvgl__lvgl.dir/src/widgets/lv_dropdown.c.obj^[[K
build	Build ESP32-C6 firmware	2026-09-24T12:16:29.3327174Z [1212/1416] Building C object esp-idf/lvgl__lvgl/CMakeFiles/__idf_lvgl__lvgl.dir/src/widgets/lv_switch.c.obj^[[K
build	Build ESP32-C6 firmware	2026-09-24T12:16:29.3635543Z [1213/1416] Building C object esp-idf/lvgl__lvgl/CMakeFiles/__idf_lvgl__lvgl.dir/src/widgets/lv_roller.c.obj^[[K
build	Build ESP32-C6 firmware	2026-09-24T12:16:29.5009723Z [1214/1416] Building C object esp-idf/lvgl__lvgl/CMakeFiles/__idf_lvgl__lvgl.dir/src/widgets/lv_slider.c.obj^[[K
build	Build ESP32-C6 firmware	2026-09-24T12:16:29.5075081Z [1215/1416] Building C object esp-idf/lvgl__lvgl/CMakeFiles/__idf_lvgl__lvgl.dir/src/widgets/lv_table.c.obj^[[K
build	Build ESP32-C6 firmware	2026-09-24T12:16:29.5640710Z [1216/1416] Building C object esp-idf/lvgl__lvgl/CMakeFiles/__idf_lvgl__lvgl.dir/examples/anim/lv_example_anim_1.c.obj^[[K
build	Build ESP32-C6 firmware	2026-09-24T12:16:29.5687482Z [1217/1416] Building C object esp-idf/lvgl__lvgl/CMakeFiles/__idf_lvgl__lvgl.dir/examples/anim/lv_example_anim_2.c.obj^[[K
build	Build ESP32-C6 firmware	2026-09-24T12:16:29.6048535Z [1218/1416] Building C object esp-idf/lvgl__lvgl/CMakeFiles/__idf_lvgl__lvgl.dir/examples/anim/lv_example_anim_3.c.obj^[[K
build	Build ESP32-C6 firmware	2026-09-24T12:16:29.6464547Z [1219/1416] Building C object esp-idf/lvgl__lvgl/CMakeFiles/__idf_lvgl__lvgl.dir/src/widgets/lv_textarea.c.obj^[[K
build	Build ESP32-C6 firmware	2026-09-24T12:16:29.8031301Z [1220/1416] Building C object esp-idf/lvgl__lvgl/CMakeFiles/__idf_lvgl__lvgl.dir/examples/anim/lv_example_anim_timeline_1.c.obj^[[K
build	Build ESP32-C6 firmware	2026-09-24T12:16:29.8089565Z [1221/1416] Building C object esp-idf/lvgl__lvgl/CMakeFiles/__idf_lvgl__lvgl.dir/examples/assets/img_caret_down.c.obj^[[K
build	Build ESP32-C6 firmware	2026-09-24T12:16:29.8252930Z [1222/1416] Building C object esp-idf/lvgl__lvgl/CMakeFiles/__idf_lvgl__lvgl.dir/examples/assets/animimg001.c.obj^[[K
build	Build ESP32-C6 firmware	2026-09-24T12:16:29.8413931Z [1223/1416] Building C object esp-idf/lvgl__lvgl/CMakeFiles/__idf_lvgl__lvgl.dir/examples/assets/emoji/img_emoji_F617.c.obj^[[K
build	Build ESP32-C6 firmware	2026-09-24T12:16:29.8760537Z [1224/1416] Building C object esp-idf/lvgl__lvgl/CMakeFiles/__idf_lvgl__lvgl.dir/examples/assets/animimg002.c.obj^[[K
build	Build ESP32-C6 firmware	2026-09-24T12:16:29.9311192Z [1225/1416] Building C object esp-idf/lvgl__lvgl/CMakeFiles/__idf_lvgl__lvgl.dir/examples/assets/img_cogwheel_alpha16.c.obj^[[K
build	Build ESP32-C6 firmware	2026-09-24T12:16:30.0099997Z [1226/1416] Building C object esp-idf/lvgl__lvgl/CMakeFiles/__idf_lvgl__lvgl.dir/examples/assets/animimg003.c.obj^[[K
build	Build ESP32-C6 firmware	2026-09-24T12:16:30.0450534Z [1227/1416] Building C object esp-idf/lvgl__lvgl/CMakeFiles/__idf_lvgl__lvgl.dir/examples/assets/img_cogwheel_indexed16.c.obj^[[K
build	Build ESP32-C6 firmware	2026-09-24T12:16:30.0544067Z [1228/1416] Building C object esp-idf/lvgl__lvgl/CMakeFiles/__idf_lvgl__lvgl.dir/examples/assets/img_cogwheel_chroma_keyed.c.obj^[[K
build	Build ESP32-C6 firmware	2026-09-24T12:16:30.0548904Z [1229/1416] Building C object esp-idf/lvgl__lvgl/CMakeFiles/__idf_lvgl__lvgl.dir/examples/assets/img_cogwheel_argb.c.obj^[[K
build	Build ESP32-C6 firmware	2026-09-24T12:16:30.0768943Z [1230/1416] Building C object esp-idf/lvgl__lvgl/CMakeFiles/__idf_lvgl__lvgl.dir/examples/assets/img_hand.c.obj^[[K
build	Build ESP32-C6 firmware	2026-09-24T12:16:30.1214160Z [1231/1416] Building C object esp-idf/lvgl__lvgl/CMakeFiles/__idf_lvgl__lvgl.dir/examples/assets/img_cogwheel_rgb.c.obj^[[K
build	Build ESP32-C6 firmware	2026-09-24T12:16:30.1858556Z [1232/1416] Building C object esp-idf/lvgl__lvgl/CMakeFiles/__idf_lvgl__lvgl.dir/examples/assets/img_skew_strip.c.obj^[[K
build	Build ESP32-C6 firmware	2026-09-24T12:16:30.2255686Z [1233/1416] Building C object esp-idf/lvgl__lvgl/CMakeFiles/__idf_lvgl__lvgl.dir/examples/assets/img_star.c.obj^[[K
build	Build ESP32-C6 firmware	2026-09-24T12:16:30.2336306Z [1234/1416] Building C object esp-idf/lvgl__lvgl/CMakeFiles/__idf_lvgl__lvgl.dir/examples/assets/imgbtn_mid.c.obj^[[K
build	Build ESP32-C6 firmware	2026-09-24T12:16:30.2758480Z [1235/1416] Building C object esp-idf/lvgl__lvgl/CMakeFiles/__idf_lvgl__lvgl.dir/examples/assets/imgbtn_left.c.obj^[[K
build	Build ESP32-C6 firmware	2026-09-24T12:16:30.2787199Z [1236/1416] Building C object esp-idf/lvgl__lvgl/CMakeFiles/__idf_lvgl__lvgl.dir/examples/event/lv_example_event_1.c.obj^[[K
build	Build ESP32-C6 firmware	2026-09-24T12:16:30.3015157Z [1237/1416] Building C object esp-idf/lvgl__lvgl/CMakeFiles/__idf_lvgl__lvgl.dir/examples/assets/imgbtn_right.c.obj^[[K
build	Build ESP32-C6 firmware	2026-09-24T12:16:30.4252304Z [1238/1416] Building C object esp-idf/lvgl__lvgl/CMakeFiles/__idf_lvgl__lvgl.dir/examples/event/lv_example_event_2.c.obj^[[K
build	Build ESP32-C6 firmware	2026-09-24T12:16:30.4303585Z [1239/1416] Building C object esp-idf/lvgl__lvgl/CMakeFiles/__idf_lvgl__lvgl.dir/examples/get_started/lv_example_get_started_1.c.obj^[[K
build	Build ESP32-C6 firmware	2026-09-24T12:16:30.4381883Z [1240/1416] Building C object esp-idf/lvgl__lvgl/CMakeFiles/__idf_lvgl__lvgl.dir/examples/event/lv_example_event_3.c.obj^[[K
build	Build ESP32-C6 firmware	2026-09-24T12:16:30.4411167Z [1241/1416] Building C object esp-idf/lvgl__lvgl/CMakeFiles/__idf_lvgl__lvgl.dir/examples/get_started/lv_example_get_started_2.c.obj^[[K
build	Build ESP32-C6 firmware	2026-09-24T12:16:30.5015782Z [1242/1416] Building C object esp-idf/lvgl__lvgl/CMakeFiles/__idf_lvgl__lvgl.dir/examples/event/lv_example_event_4.c.obj^[[K
build	Build ESP32-C6 firmware	2026-09-24T12:16:30.5133382Z [1243/1416] Building C object esp-idf/lvgl__lvgl/CMakeFiles/__idf_lvgl__lvgl.dir/examples/get_started/lv_example_get_started_3.c.obj^[[K
build	Build ESP32-C6 firmware	2026-09-24T12:16:30.6322225Z [1244/1416] Building C object esp-idf/lvgl__lvgl/CMakeFiles/__idf_lvgl__lvgl.dir/examples/layouts/flex/lv_example_flex_1.c.obj^[[K
build	Build ESP32-C6 firmware	2026-09-24T12:16:30.6419777Z [1245/1416] Building C object esp-idf/lvgl__lvgl/CMakeFiles/__idf_lvgl__lvgl.dir/examples/layouts/flex/lv_example_flex_2.c.obj^[[K
build	Build ESP32-C6 firmware	2026-09-24T12:16:30.6685374Z [1246/1416] Building C object esp-idf/lvgl__lvgl/CMakeFiles/__idf_lvgl__lvgl.dir/examples/layouts/flex/lv_example_flex_6.c.obj^[[K
build	Build ESP32-C6 firmware	2026-09-24T12:16:30.6743401Z [1247/1416] Building C object esp-idf/lvgl__lvgl/CMakeFiles/__idf_lvgl__lvgl.dir/examples/layouts/flex/lv_example_flex_3.c.obj^[[K
build	Build ESP32-C6 firmware	2026-09-24T12:16:30.6824461Z [1248/1416] Building C object esp-idf/lvgl__lvgl/CMakeFiles/__idf_lvgl__lvgl.dir/examples/layouts/flex/lv_example_flex_4.c.obj^[[K
build	Build ESP32-C6 firmware	2026-09-24T12:16:30.6913722Z [1249/1416] Building C object esp-idf/lvgl__lvgl/CMakeFiles/__idf_lvgl__lvgl.dir/examples/layouts/grid/lv_example_grid_1.c.obj^[[K
build	Build ESP32-C6 firmware	2026-09-24T12:16:30.8260084Z [1250/1416] Building C object esp-idf/lvgl__lvgl/CMakeFiles/__idf_lvgl__lvgl.dir/examples/layouts/flex/lv_example_flex_5.c.obj^[[K
build	Build ESP32-C6 firmware	2026-09-24T12:16:30.8446396Z [1251/1416] Building C object esp-idf/lvgl__lvgl/CMakeFiles/__idf_lvgl__lvgl.dir/examples/layouts/grid/lv_example_grid_3.c.obj^[[K
build	Build ESP32-C6 firmware	2026-09-24T12:16:30.8498055Z [1252/1416] Building C object esp-idf/lvgl__lvgl/CMakeFiles/__idf_lvgl__lvgl.dir/examples/layouts/grid/lv_example_grid_4.c.obj^[[K
build	Build ESP32-C6 firmware	2026-09-24T12:16:30.8940652Z [1253/1416] Building C object esp-idf/lvgl__lvgl/CMakeFiles/__idf_lvgl__lvgl.dir/examples/layouts/grid/lv_example_grid_6.c.obj^[[K
build	Build ESP32-C6 firmware	2026-09-24T12:16:30.9086361Z [1254/1416] Building C object esp-idf/lvgl__lvgl/CMakeFiles/__idf_lvgl__lvgl.dir/examples/libs/bmp/lv_example_bmp_1.c.obj^[[K
build	Build ESP32-C6 firmware	2026-09-24T12:16:30.9098400Z [1255/1416] Building C object esp-idf/lvgl__lvgl/CMakeFiles/__idf_lvgl__lvgl.dir/examples/layouts/grid/lv_example_grid_5.c.obj^[[K
build	Build ESP32-C6 firmware	2026-09-24T12:16:30.9954557Z [1256/1416] Building C object esp-idf/lvgl__lvgl/CMakeFiles/__idf_lvgl__lvgl.dir/examples/layouts/grid/lv_example_grid_2.c.obj^[[K
build	Build ESP32-C6 firmware	2026-09-24T12:16:31.0444601Z [1257/1416] Building C object esp-idf/lvgl__lvgl/CMakeFiles/__idf_lvgl__lvgl.dir/examples/libs/ffmpeg/lv_example_ffmpeg_2.c.obj^[[K
build	Build ESP32-C6 firmware	2026-09-24T12:16:31.0649345Z [1258/1416] Building C object esp-idf/lvgl__lvgl/CMakeFiles/__idf_lvgl__lvgl.dir/examples/libs/gif/img_bulb_gif.c.obj^[[K
build	Build ESP32-C6 firmware	2026-09-24T12:16:31.0651191Z [1259/1416] Building C object esp-idf/lvgl__lvgl/CMakeFiles/__idf_lvgl__lvgl.dir/examples/libs/freetype/lv_example_freetype_1.c.obj^[[K
build	Build ESP32-C6 firmware	2026-09-24T12:16:31.0961969Z [1260/1416] Building C object esp-idf/lvgl__lvgl/CMakeFiles/__idf_lvgl__lvgl.dir/examples/libs/ffmpeg/lv_example_ffmpeg_1.c.obj^[[K
build	Build ESP32-C6 firmware	2026-09-24T12:16:31.1117207Z [1261/1416] Building C object esp-idf/lvgl__lvgl/CMakeFiles/__idf_lvgl__lvgl.dir/examples/libs/gif/lv_example_gif_1.c.obj^[[K
build	Build ESP32-C6 firmware	2026-09-24T12:16:31.1746209Z [1262/1416] Building C object esp-idf/lvgl__lvgl/CMakeFiles/__idf_lvgl__lvgl.dir/examples/libs/png/img_wink_png.c.obj^[[K
build	Build ESP32-C6 firmware	2026-09-24T12:16:31.2369220Z [1263/1416] Building C object esp-idf/lvgl__lvgl/CMakeFiles/__idf_lvgl__lvgl.dir/examples/libs/png/lv_example_png_1.c.obj^[[K
build	Build ESP32-C6 firmware	2026-09-24T12:16:31.2570228Z [1264/1416] Building C object esp-idf/lvgl__lvgl/CMakeFiles/__idf_lvgl__lvgl.dir/examples/libs/qrcode/lv_example_qrcode_1.c.obj^[[K
build	Build ESP32-C6 firmware	2026-09-24T12:16:31.2892865Z [1265/1416] Building C object esp-idf/lvgl__lvgl/CMakeFiles/__idf_lvgl__lvgl.dir/examples/libs/rlottie/lv_example_rlottie_2.c.obj^[[K
build	Build ESP32-C6 firmware	2026-09-24T12:16:31.3040090Z [1266/1416] Building C object esp-idf/lvgl__lvgl/CMakeFiles/__idf_lvgl__lvgl.dir/examples/libs/rlottie/lv_example_rlottie_1.c.obj^[[K
build	Build ESP32-C6 firmware	2026-09-24T12:16:31.3076901Z [1267/1416] Building C object esp-idf/lvgl__lvgl/CMakeFiles/__idf_lvgl__lvgl.dir/examples/libs/rlottie/lv_example_rlottie_approve.c.obj^[[K
build	Build ESP32-C6 firmware	2026-09-24T12:16:31.3569075Z [1268/1416] Building C object esp-idf/lvgl__lvgl/CMakeFiles/__idf_lvgl__lvgl.dir/examples/libs/sjpg/lv_example_sjpg_1.c.obj^[[K
build	Build ESP32-C6 firmware	2026-09-24T12:16:31.3820486Z [1269/1416] Building C object esp-idf/lvgl__lvgl/CMakeFiles/__idf_lvgl__lvgl.dir/examples/others/fragment/lv_example_fragment_1.c.obj^[[K
build	Build ESP32-C6 firmware	2026-09-24T12:16:31.4422188Z [1270/1416] Building C object esp-idf/lvgl__lvgl/CMakeFiles/__idf_lvgl__lvgl.dir/examples/others/fragment/lv_example_fragment_2.c.obj^[[K
build	Build ESP32-C6 firmware	2026-09-24T12:16:31.4714571Z [1271/1416] Building C object esp-idf/lvgl__lvgl/CMakeFiles/__idf_lvgl__lvgl.dir/examples/others/gridnav/lv_example_gridnav_1.c.obj^[[K
build	Build ESP32-C6 firmware	2026-09-24T12:16:31.5029991Z [1272/1416] Building C object esp-idf/lvgl__lvgl/CMakeFiles/__idf_lvgl__lvgl.dir/examples/others/gridnav/lv_example_gridnav_2.c.obj^[[K
build	Build ESP32-C6 firmware	2026-09-24T12:16:31.5290121Z [1273/1416] Building C object esp-idf/lvgl__lvgl/CMakeFiles/__idf_lvgl__lvgl.dir/examples/others/gridnav/lv_example_gridnav_3.c.obj^[[K
build	Build ESP32-C6 firmware	2026-09-24T12:16:31.5395648Z [1274/1416] Building C object esp-idf/lvgl__lvgl/CMakeFiles/__idf_lvgl__lvgl.dir/examples/others/ime/lv_example_ime_pinyin_1.c.obj^[[K
build	Build ESP32-C6 firmware	2026-09-24T12:16:31.5618939Z [1275/1416] Building C object esp-idf/lvgl__lvgl/CMakeFiles/__idf_lvgl__lvgl.dir/examples/others/gridnav/lv_example_gridnav_4.c.obj^[[K
build	Build ESP32-C6 firmware	2026-09-24T12:16:31.6141477Z [1276/1416] Building C object esp-idf/lvgl__lvgl/CMakeFiles/__idf_lvgl__lvgl.dir/examples/others/ime/lv_example_ime_pinyin_2.c.obj^[[K
build	Build ESP32-C6 firmware	2026-09-24T12:16:31.6500140Z [1277/1416] Building C object esp-idf/lvgl__lvgl/CMakeFiles/__idf_lvgl__lvgl.dir/examples/others/imgfont/lv_example_imgfont_1.c.obj^[[K
build	Build ESP32-C6 firmware	2026-09-24T12:16:31.6829624Z [1278/1416] Building C object esp-idf/lvgl__lvgl/CMakeFiles/__idf_lvgl__lvgl.dir/examples/others/monkey/lv_example_monkey_1.c.obj^[[K
build	Build ESP32-C6 firmware	2026-09-24T12:16:31.6878640Z [1279/1416] Building C object esp-idf/lvgl__lvgl/CMakeFiles/__idf_lvgl__lvgl.dir/examples/others/msg/lv_example_msg_1.c.obj^[[K
build	Build ESP32-C6 firmware	2026-09-24T12:16:31.7063048Z [1280/1416] Building C object esp-idf/lvgl__lvgl/CMakeFiles/__idf_lvgl__lvgl.dir/examples/others/monkey/lv_example_monkey_2.c.obj^[[K
build	Build ESP32-C6 firmware	2026-09-24T12:16:31.7196304Z [1281/1416] Building C object esp-idf/lvgl__lvgl/CMakeFiles/__idf_lvgl__lvgl.dir/examples/others/monkey/lv_example_monkey_3.c.obj^[[K
build	Build ESP32-C6 firmware	2026-09-24T12:16:31.7230824Z [1282/1416] Building C object esp-idf/lvgl__lvgl/CMakeFiles/__idf_lvgl__lvgl.dir/examples/porting/lv_port_fs_template.c.obj^[[K
build	Build ESP32-C6 firmware	2026-09-24T12:16:31.7589045Z [1283/1416] Building C object esp-idf/lvgl__lvgl/CMakeFiles/__idf_lvgl__lvgl.dir/examples/porting/lv_port_disp_template.c.obj^[[K
build	Build ESP32-C6 firmware	2026-09-24T12:16:31.7661340Z [1284/1416] Building C object esp-idf/lvgl__lvgl/CMakeFiles/__idf_lvgl__lvgl.dir/examples/porting/lv_port_indev_template.c.obj^[[K
build	Build ESP32-C6 firmware	2026-09-24T12:16:31.8100119Z [1285/1416] Building C object esp-idf/lvgl__lvgl/CMakeFiles/__idf_lvgl__lvgl.dir/examples/others/msg/lv_example_msg_2.c.obj^[[K
build	Build ESP32-C6 firmware	2026-09-24T12:16:31.8568382Z [1286/1416] Building C object esp-idf/lvgl__lvgl/CMakeFiles/__idf_lvgl__lvgl.dir/examples/others/msg/lv_example_msg_3.c.obj^[[K
build	Build ESP32-C6 firmware	2026-09-24T12:16:31.9225136Z [1287/1416] Building C object esp-idf/lvgl__lvgl/CMakeFiles/__idf_lvgl__lvgl.dir/examples/others/snapshot/lv_example_snapshot_1.c.obj^[[K
build	Build ESP32-C6 firmware	2026-09-24T12:16:31.9450138Z [1288/1416] Building C object esp-idf/lvgl__lvgl/CMakeFiles/__idf_lvgl__lvgl.dir/examples/scroll/lv_example_scroll_2.c.obj^[[K
build	Build ESP32-C6 firmware	2026-09-24T12:16:31.9729315Z [1289/1416] Building C object esp-idf/lvgl__lvgl/CMakeFiles/__idf_lvgl__lvgl.dir/examples/scroll/lv_example_scroll_3.c.obj^[[K
build	Build ESP32-C6 firmware	2026-09-24T12:16:31.9898976Z [1290/1416] Building C object esp-idf/lvgl__lvgl/CMakeFiles/__idf_lvgl__lvgl.dir/examples/scroll/lv_example_scroll_5.c.obj^[[K
build	Build ESP32-C6 firmware	2026-09-24T12:16:32.0150346Z [1291/1416] Building C object esp-idf/lvgl__lvgl/CMakeFiles/__idf_lvgl__lvgl.dir/examples/scroll/lv_example_scroll_4.c.obj^[[K
build	Build ESP32-C6 firmware	2026-09-24T12:16:32.0908131Z [1292/1416] Building C object esp-idf/lvgl__lvgl/CMakeFiles/__idf_lvgl__lvgl.dir/examples/scroll/lv_example_scroll_1.c.obj^[[K
build	Build ESP32-C6 firmware	2026-09-24T12:16:32.0944384Z [1293/1416] Building C object esp-idf/lvgl__lvgl/CMakeFiles/__idf_lvgl__lvgl.dir/examples/scroll/lv_example_scroll_6.c.obj^[[K
build	Build ESP32-C6 firmware	2026-09-24T12:16:32.1310888Z [1294/1416] Building C object esp-idf/lvgl__lvgl/CMakeFiles/__idf_lvgl__lvgl.dir/examples/styles/lv_example_style_10.c.obj^[[K
build	Build ESP32-C6 firmware	2026-09-24T12:16:32.1405869Z [1295/1416] Building C object esp-idf/lvgl__lvgl/CMakeFiles/__idf_lvgl__lvgl.dir/examples/styles/lv_example_style_1.c.obj^[[K
build	Build ESP32-C6 firmware	2026-09-24T12:16:32.1954446Z [1296/1416] Building C object esp-idf/lvgl__lvgl/CMakeFiles/__idf_lvgl__lvgl.dir/examples/styles/lv_example_style_12.c.obj^[[K
build	Build ESP32-C6 firmware	2026-09-24T12:16:32.2518426Z [1297/1416] Building C object esp-idf/lvgl__lvgl/CMakeFiles/__idf_lvgl__lvgl.dir/examples/styles/lv_example_style_11.c.obj^[[K
build	Build ESP32-C6 firmware	2026-09-24T12:16:32.2735156Z [1298/1416] Building C object esp-idf/lvgl__lvgl/CMakeFiles/__idf_lvgl__lvgl.dir/examples/styles/lv_example_style_13.c.obj^[[K
build	Build ESP32-C6 firmware	2026-09-24T12:16:32.3276491Z [1299/1416] Building C object esp-idf/lvgl__lvgl/CMakeFiles/__idf_lvgl__lvgl.dir/examples/styles/lv_example_style_15.c.obj^[[K
build	Build ESP32-C6 firmware	2026-09-24T12:16:32.3569150Z [1300/1416] Building C object esp-idf/lvgl__lvgl/CMakeFiles/__idf_lvgl__lvgl.dir/examples/styles/lv_example_style_14.c.obj^[[K
build	Build ESP32-C6 firmware	2026-09-24T12:16:32.3618301Z [1301/1416] Building C object esp-idf/lvgl__lvgl/CMakeFiles/__idf_lvgl__lvgl.dir/examples/styles/lv_example_style_3.c.obj^[[K
build	Build ESP32-C6 firmware	2026-09-24T12:16:32.4211079Z [1302/1416] Building C object esp-idf/lvgl__lvgl/CMakeFiles/__idf_lvgl__lvgl.dir/examples/styles/lv_example_style_2.c.obj^[[K
build	Build ESP32-C6 firmware	2026-09-24T12:16:32.5015359Z [1303/1416] Building C object esp-idf/lvgl__lvgl/CMakeFiles/__idf_lvgl__lvgl.dir/examples/styles/lv_example_style_4.c.obj^[[K
build	Build ESP32-C6 firmware	2026-09-24T12:16:32.5144534Z [1304/1416] Building C object esp-idf/lvgl__lvgl/CMakeFiles/__idf_lvgl__lvgl.dir/examples/styles/lv_example_style_5.c.obj^[[K
build	Build ESP32-C6 firmware	2026-09-24T12:16:32.5723724Z [1305/1416] Building C object esp-idf/lvgl__lvgl/CMakeFiles/__idf_lvgl__lvgl.dir/examples/styles/lv_example_style_7.c.obj^[[K
build	Build ESP32-C6 firmware	2026-09-24T12:16:32.5758879Z [1306/1416] Building C object esp-idf/lvgl__lvgl/CMakeFiles/__idf_lvgl__lvgl.dir/examples/styles/lv_example_style_9.c.obj^[[K
build	Build ESP32-C6 firmware	2026-09-24T12:16:32.5851419Z [1307/1416] Building C object esp-idf/lvgl__lvgl/CMakeFiles/__idf_lvgl__lvgl.dir/examples/widgets/animimg/lv_example_animimg_1.c.obj^[[K
build	Build ESP32-C6 firmware	2026-09-24T12:16:32.5983323Z [1308/1416] Building C object esp-idf/lvgl__lvgl/CMakeFiles/__idf_lvgl__lvgl.dir/examples/styles/lv_example_style_6.c.obj^[[K
build	Build ESP32-C6 firmware	2026-09-24T12:16:32.7250285Z [1309/1416] Building C object esp-idf/lvgl__lvgl/CMakeFiles/__idf_lvgl__lvgl.dir/examples/styles/lv_example_style_8.c.obj^[[K
build	Build ESP32-C6 firmware	2026-09-24T12:16:32.7354159Z [1310/1416] Building C object esp-idf/lvgl__lvgl/CMakeFiles/__idf_lvgl__lvgl.dir/examples/widgets/arc/lv_example_arc_2.c.obj^[[K
build	Build ESP32-C6 firmware	2026-09-24T12:16:32.7412730Z [1311/1416] Building C object esp-idf/lvgl__lvgl/CMakeFiles/__idf_lvgl__lvgl.dir/examples/widgets/arc/lv_example_arc_1.c.obj^[[K
build	Build ESP32-C6 firmware	2026-09-24T12:16:32.8021474Z [1312/1416] Building C object esp-idf/lvgl__lvgl/CMakeFiles/__idf_lvgl__lvgl.dir/examples/widgets/bar/lv_example_bar_2.c.obj^[[K
build	Build ESP32-C6 firmware	2026-09-24T12:16:32.8129339Z [1313/1416] Building C object esp-idf/lvgl__lvgl/CMakeFiles/__idf_lvgl__lvgl.dir/examples/widgets/bar/lv_example_bar_1.c.obj^[[K
build	Build ESP32-C6 firmware	2026-09-24T12:16:32.8146170Z [1314/1416] Building C object esp-idf/lvgl__lvgl/CMakeFiles/__idf_lvgl__lvgl.dir/examples/widgets/bar/lv_example_bar_4.c.obj^[[K
build	Build ESP32-C6 firmware	2026-09-24T12:16:32.9274307Z [1315/1416] Building C object esp-idf/lvgl__lvgl/CMakeFiles/__idf_lvgl__lvgl.dir/examples/widgets/bar/lv_example_bar_3.c.obj^[[K
build	Build ESP32-C6 firmware	2026-09-24T12:16:32.9702877Z [1316/1416] Building C object esp-idf/lvgl__lvgl/CMakeFiles/__idf_lvgl__lvgl.dir/examples/widgets/bar/lv_example_bar_5.c.obj^[[K
build	Build ESP32-C6 firmware	2026-09-24T12:16:32.9768885Z [1317/1416] Building C object esp-idf/lvgl__lvgl/CMakeFiles/__idf_lvgl__lvgl.dir/examples/widgets/btn/lv_example_btn_2.c.obj^[[K
build	Build ESP32-C6 firmware	2026-09-24T12:16:32.9777464Z [1318/1416] Building C object esp-idf/lvgl__lvgl/CMakeFiles/__idf_lvgl__lvgl.dir/examples/widgets/bar/lv_example_bar_6.c.obj^[[K
build	Build ESP32-C6 firmware	2026-09-24T12:16:32.9888678Z [1319/1416] Building C object esp-idf/lvgl__lvgl/CMakeFiles/__idf_lvgl__lvgl.dir/examples/widgets/btn/lv_example_btn_1.c.obj^[[K
build	Build ESP32-C6 firmware	2026-09-24T12:16:33.0260868Z [1320/1416] Building C object esp-idf/lvgl__lvgl/CMakeFiles/__idf_lvgl__lvgl.dir/examples/widgets/btn/lv_example_btn_3.c.obj^[[K
build	Build ESP32-C6 firmware	2026-09-24T12:16:33.1732656Z [1321/1416] Building C object esp-idf/lvgl__lvgl/CMakeFiles/__idf_lvgl__lvgl.dir/examples/widgets/btnmatrix/lv_example_btnmatrix_1.c.obj^[[K
build	Build ESP32-C6 firmware	2026-09-24T12:16:33.1821111Z [1322/1416] Building C object esp-idf/lvgl__lvgl/CMakeFiles/__idf_lvgl__lvgl.dir/examples/widgets/calendar/lv_example_calendar_1.c.obj^[[K
build	Build ESP32-C6 firmware	2026-09-24T12:16:33.1828413Z [1323/1416] Building C object esp-idf/lvgl__lvgl/CMakeFiles/__idf_lvgl__lvgl.dir/examples/widgets/btnmatrix/lv_example_btnmatrix_3.c.obj^[[K
build	Build ESP32-C6 firmware	2026-09-24T12:16:33.1959626Z [1324/1416] Building C object esp-idf/lvgl__lvgl/CMakeFiles/__idf_lvgl__lvgl.dir/examples/widgets/btnmatrix/lv_example_btnmatrix_2.c.obj^[[K
build	Build ESP32-C6 firmware	2026-09-24T12:16:33.2068345Z [1325/1416] Building C object esp-idf/lvgl__lvgl/CMakeFiles/__idf_lvgl__lvgl.dir/examples/widgets/canvas/lv_example_canvas_1.c.obj^[[K
build	Build ESP32-C6 firmware	2026-09-24T12:16:33.2624047Z [1326/1416] Building C object esp-idf/lvgl__lvgl/CMakeFiles/__idf_lvgl__lvgl.dir/examples/widgets/canvas/lv_example_canvas_2.c.obj^[[K
build	Build ESP32-C6 firmware	2026-09-24T12:16:33.3436918Z [1327/1416] Building C object esp-idf/lvgl__lvgl/CMakeFiles/__idf_lvgl__lvgl.dir/examples/widgets/chart/lv_example_chart_1.c.obj^[[K
build	Build ESP32-C6 firmware	2026-09-24T12:16:33.3817673Z [1328/1416] Building C object esp-idf/lvgl__lvgl/CMakeFiles/__idf_lvgl__lvgl.dir/examples/widgets/chart/lv_example_chart_4.c.obj^[[K
build	Build ESP32-C6 firmware	2026-09-24T12:16:33.4339344Z [1329/1416] Building C object esp-idf/lvgl__lvgl/CMakeFiles/__idf_lvgl__lvgl.dir/examples/widgets/chart/lv_example_chart_5.c.obj^[[K
build	Build ESP32-C6 firmware	2026-09-24T12:16:33.4528153Z [1330/1416] Building C object esp-idf/lvgl__lvgl/CMakeFiles/__idf_lvgl__lvgl.dir/examples/widgets/chart/lv_example_chart_2.c.obj^[[K
build	Build ESP32-C6 firmware	2026-09-24T12:16:33.4565677Z [1331/1416] Building C object esp-idf/lvgl__lvgl/CMakeFiles/__idf_lvgl__lvgl.dir/examples/widgets/chart/lv_example_chart_3.c.obj^[[K
build	Build ESP32-C6 firmware	2026-09-24T12:16:33.4861253Z [1332/1416] Building C object esp-idf/lvgl__lvgl/CMakeFiles/__idf_lvgl__lvgl.dir/examples/widgets/chart/lv_example_chart_7.c.obj^[[K
build	Build ESP32-C6 firmware	2026-09-24T12:16:33.5419870Z [1333/1416] Building C object esp-idf/lvgl__lvgl/CMakeFiles/__idf_lvgl__lvgl.dir/examples/widgets/chart/lv_example_chart_6.c.obj^[[K
build	Build ESP32-C6 firmware	2026-09-24T12:16:33.6158652Z [1334/1416] Building C object esp-idf/lvgl__lvgl/CMakeFiles/__idf_lvgl__lvgl.dir/examples/widgets/chart/lv_example_chart_8.c.obj^[[K
build	Build ESP32-C6 firmware	2026-09-24T12:16:33.6260474Z [1335/1416] Building C object esp-idf/lvgl__lvgl/CMakeFiles/__idf_lvgl__lvgl.dir/examples/widgets/checkbox/lv_example_checkbox_1.c.obj^[[K
build	Build ESP32-C6 firmware	2026-09-24T12:16:33.6283681Z [1336/1416] Building C object esp-idf/lvgl__lvgl/CMakeFiles/__idf_lvgl__lvgl.dir/examples/widgets/chart/lv_example_chart_9.c.obj^[[K
build	Build ESP32-C6 firmware	2026-09-24T12:16:33.6775647Z [1337/1416] Building C object esp-idf/lvgl__lvgl/CMakeFiles/__idf_lvgl__lvgl.dir/examples/widgets/checkbox/lv_example_checkbox_2.c.obj^[[K
build	Build ESP32-C6 firmware	2026-09-24T12:16:33.6967537Z [1338/1416] Building C object esp-idf/lvgl__lvgl/CMakeFiles/__idf_lvgl__lvgl.dir/examples/widgets/dropdown/lv_example_dropdown_1.c.obj^[[K
build	Build ESP32-C6 firmware	2026-09-24T12:16:33.8032973Z [1339/1416] Building C object esp-idf/lvgl__lvgl/CMakeFiles/__idf_lvgl__lvgl.dir/examples/widgets/colorwheel/lv_example_colorwheel_1.c.obj^[[K
build	Build ESP32-C6 firmware	2026-09-24T12:16:33.8086705Z [1340/1416] Building C object esp-idf/lvgl__lvgl/CMakeFiles/__idf_lvgl__lvgl.dir/examples/widgets/dropdown/lv_example_dropdown_3.c.obj^[[K
build	Build ESP32-C6 firmware	2026-09-24T12:16:33.8172917Z [1341/1416] Building C object esp-idf/lvgl__lvgl/CMakeFiles/__idf_lvgl__lvgl.dir/examples/widgets/img/lv_example_img_2.c.obj^[[K
build	Build ESP32-C6 firmware	2026-09-24T12:16:33.8734149Z [1342/1416] Building C object esp-idf/lvgl__lvgl/CMakeFiles/__idf_lvgl__lvgl.dir/examples/widgets/dropdown/lv_example_dropdown_2.c.obj^[[K
build	Build ESP32-C6 firmware	2026-09-24T12:16:33.8994672Z [1343/1416] Building C object esp-idf/lvgl__lvgl/CMakeFiles/__idf_lvgl__lvgl.dir/examples/widgets/img/lv_example_img_1.c.obj^[[K
build	Build ESP32-C6 firmware	2026-09-24T12:16:33.9140135Z [1344/1416] Building C object esp-idf/lvgl__lvgl/CMakeFiles/__idf_lvgl__lvgl.dir/examples/widgets/img/lv_example_img_4.c.obj^[[K
build	Build ESP32-C6 firmware	2026-09-24T12:16:33.9890866Z [1345/1416] Building C object esp-idf/lvgl__lvgl/CMakeFiles/__idf_lvgl__lvgl.dir/examples/widgets/img/lv_example_img_3.c.obj^[[K
build	Build ESP32-C6 firmware	2026-09-24T12:16:34.0292129Z [1346/1416] Building C object esp-idf/lvgl__lvgl/CMakeFiles/__idf_lvgl__lvgl.dir/examples/widgets/imgbtn/lv_example_imgbtn_1.c.obj^[[K
build	Build ESP32-C6 firmware	2026-09-24T12:16:34.0307095Z [1347/1416] Building C object esp-idf/lvgl__lvgl/CMakeFiles/__idf_lvgl__lvgl.dir/examples/widgets/keyboard/lv_example_keyboard_1.c.obj^[[K
build	Build ESP32-C6 firmware	2026-09-24T12:16:34.0869136Z [1348/1416] Building C object esp-idf/lvgl__lvgl/CMakeFiles/__idf_lvgl__lvgl.dir/examples/widgets/label/lv_example_label_1.c.obj^[[K
build	Build ESP32-C6 firmware	2026-09-24T12:16:34.0889045Z [1349/1416] Building C object esp-idf/lvgl__lvgl/CMakeFiles/__idf_lvgl__lvgl.dir/examples/widgets/label/lv_example_label_3.c.obj^[[K
build	Build ESP32-C6 firmware	2026-09-24T12:16:34.1422619Z [1350/1416] Building C object esp-idf/lvgl__lvgl/CMakeFiles/__idf_lvgl__lvgl.dir/examples/widgets/label/lv_example_label_2.c.obj^[[K
build	Build ESP32-C6 firmware	2026-09-24T12:16:34.1523080Z [1351/1416] Building C object esp-idf/lvgl__lvgl/CMakeFiles/__idf_lvgl__lvgl.dir/examples/widgets/label/lv_example_label_4.c.obj^[[K
build	Build ESP32-C6 firmware	2026-09-24T12:16:34.2269740Z [1352/1416] Building C object esp-idf/lvgl__lvgl/CMakeFiles/__idf_lvgl__lvgl.dir/examples/widgets/label/lv_example_label_5.c.obj^[[K
build	Build ESP32-C6 firmware	2026-09-24T12:16:34.2877759Z [1353/1416] Building C object esp-idf/lvgl__lvgl/CMakeFiles/__idf_lvgl__lvgl.dir/examples/widgets/led/lv_example_led_1.c.obj^[[K
build	Build ESP32-C6 firmware	2026-09-24T12:16:34.2979291Z [1354/1416] Building C object esp-idf/lvgl__lvgl/CMakeFiles/__idf_lvgl__lvgl.dir/examples/widgets/line/lv_example_line_1.c.obj^[[K
build	Build ESP32-C6 firmware	2026-09-24T12:16:34.3018093Z [1355/1416] Building C object esp-idf/lvgl__lvgl/CMakeFiles/__idf_lvgl__lvgl.dir/examples/widgets/list/lv_example_list_1.c.obj^[[K
build	Build ESP32-C6 firmware	2026-09-24T12:16:34.3671170Z [1356/1416] Building C object esp-idf/lvgl__lvgl/CMakeFiles/__idf_lvgl__lvgl.dir/examples/widgets/list/lv_example_list_2.c.obj^[[K
build	Build ESP32-C6 firmware	2026-09-24T12:16:34.4002505Z [1357/1416] Building C object esp-idf/lvgl__lvgl/CMakeFiles/__idf_lvgl__lvgl.dir/examples/widgets/menu/lv_example_menu_2.c.obj^[[K
build	Build ESP32-C6 firmware	2026-09-24T12:16:34.4694926Z [1358/1416] Building C object esp-idf/lvgl__lvgl/CMakeFiles/__idf_lvgl__lvgl.dir/examples/widgets/menu/lv_example_menu_1.c.obj^[[K
build	Build ESP32-C6 firmware	2026-09-24T12:16:34.4728116Z [1359/1416] Building C object esp-idf/lvgl__lvgl/CMakeFiles/__idf_lvgl__lvgl.dir/examples/widgets/meter/lv_example_meter_1.c.obj^[[K
build	Build ESP32-C6 firmware	2026-09-24T12:16:34.5441679Z [1360/1416] Building C object esp-idf/lvgl__lvgl/CMakeFiles/__idf_lvgl__lvgl.dir/examples/widgets/menu/lv_example_menu_3.c.obj^[[K
build	Build ESP32-C6 firmware	2026-09-24T12:16:34.5661513Z [1361/1416] Building C object esp-idf/lvgl__lvgl/CMakeFiles/__idf_lvgl__lvgl.dir/examples/widgets/menu/lv_example_menu_5.c.obj^[[K
build	Build ESP32-C6 firmware	2026-09-24T12:16:34.6155925Z [1362/1416] Building C object esp-idf/lvgl__lvgl/CMakeFiles/__idf_lvgl__lvgl.dir/examples/widgets/menu/lv_example_menu_4.c.obj^[[K
build	Build ESP32-C6 firmware	2026-09-24T12:16:34.6369363Z [1363/1416] Building C object esp-idf/lvgl__lvgl/CMakeFiles/__idf_lvgl__lvgl.dir/examples/widgets/meter/lv_example_meter_3.c.obj^[[K
build	Build ESP32-C6 firmware	2026-09-24T12:16:34.6970785Z [1364/1416] Building C object esp-idf/lvgl__lvgl/CMakeFiles/__idf_lvgl__lvgl.dir/examples/widgets/meter/lv_example_meter_2.c.obj^[[K
build	Build ESP32-C6 firmware	2026-09-24T12:16:34.7447070Z [1365/1416] Building C object esp-idf/lvgl__lvgl/CMakeFiles/__idf_lvgl__lvgl.dir/examples/widgets/msgbox/lv_example_msgbox_1.c.obj^[[K
build	Build ESP32-C6 firmware	2026-09-24T12:16:34.7515604Z [1366/1416] Building C object esp-idf/lvgl__lvgl/CMakeFiles/__idf_lvgl__lvgl.dir/examples/widgets/obj/lv_example_obj_2.c.obj^[[K
build	Build ESP32-C6 firmware	2026-09-24T12:16:34.8012299Z [1367/1416] Building C object esp-idf/lvgl__lvgl/CMakeFiles/__idf_lvgl__lvgl.dir/examples/widgets/meter/lv_example_meter_4.c.obj^[[K
build	Build ESP32-C6 firmware	2026-09-24T12:16:34.8236568Z [1368/1416] Building C object esp-idf/lvgl__lvgl/CMakeFiles/__idf_lvgl__lvgl.dir/examples/widgets/obj/lv_example_obj_1.c.obj^[[K
build	Build ESP32-C6 firmware	2026-09-24T12:16:34.8274501Z [1369/1416] Building C object esp-idf/lvgl__lvgl/CMakeFiles/__idf_lvgl__lvgl.dir/examples/widgets/roller/lv_example_roller_1.c.obj^[[K
build	Build ESP32-C6 firmware	2026-09-24T12:16:34.8741689Z [1370/1416] Building C object esp-idf/lvgl__lvgl/CMakeFiles/__idf_lvgl__lvgl.dir/examples/widgets/roller/lv_example_roller_2.c.obj^[[K
build	Build ESP32-C6 firmware	2026-09-24T12:16:34.9668702Z [1371/1416] Building C object esp-idf/lvgl__lvgl/CMakeFiles/__idf_lvgl__lvgl.dir/examples/widgets/roller/lv_example_roller_3.c.obj^[[K
build	Build ESP32-C6 firmware	2026-09-24T12:16:34.9706096Z [1372/1416] Building C object esp-idf/lvgl__lvgl/CMakeFiles/__idf_lvgl__lvgl.dir/examples/widgets/slider/lv_example_slider_2.c.obj^[[K
build	Build ESP32-C6 firmware	2026-09-24T12:16:35.0354476Z [1373/1416] Building C object esp-idf/lvgl__lvgl/CMakeFiles/__idf_lvgl__lvgl.dir/examples/widgets/slider/lv_example_slider_1.c.obj^[[K
build	Build ESP32-C6 firmware	2026-09-24T12:16:35.0361872Z [1374/1416] Building C object esp-idf/lvgl__lvgl/CMakeFiles/__idf_lvgl__lvgl.dir/examples/widgets/span/lv_example_span_1.c.obj^[[K
build	Build ESP32-C6 firmware	2026-09-24T12:16:35.0576466Z [1375/1416] Building C object esp-idf/lvgl__lvgl/CMakeFiles/__idf_lvgl__lvgl.dir/examples/widgets/slider/lv_example_slider_3.c.obj^[[K
build	Build ESP32-C6 firmware	2026-09-24T12:16:35.0933971Z [1376/1416] Building C object esp-idf/lvgl__lvgl/CMakeFiles/__idf_lvgl__lvgl.dir/examples/widgets/spinner/lv_example_spinner_1.c.obj^[[K
build	Build ESP32-C6 firmware	2026-09-24T12:16:35.1855227Z [1377/1416] Building C object esp-idf/lvgl__lvgl/CMakeFiles/__idf_lvgl__lvgl.dir/examples/widgets/spinbox/lv_example_spinbox_1.c.obj^[[K
build	Build ESP32-C6 firmware	2026-09-24T12:16:35.1870257Z [1378/1416] Building C object esp-idf/lvgl__lvgl/CMakeFiles/__idf_lvgl__lvgl.dir/examples/widgets/table/lv_example_table_1.c.obj^[[K
build	Build ESP32-C6 firmware	2026-09-24T12:16:35.2447231Z [1379/1416] Building C object esp-idf/lvgl__lvgl/CMakeFiles/__idf_lvgl__lvgl.dir/examples/widgets/switch/lv_example_switch_1.c.obj^[[K
build	Build ESP32-C6 firmware	2026-09-24T12:16:35.2545358Z [1380/1416] Building C object esp-idf/lvgl__lvgl/CMakeFiles/__idf_lvgl__lvgl.dir/examples/widgets/table/lv_example_table_2.c.obj^[[K
build	Build ESP32-C6 firmware	2026-09-24T12:16:35.2906302Z [1381/1416] Building C object esp-idf/lvgl__lvgl/CMakeFiles/__idf_lvgl__lvgl.dir/examples/widgets/tabview/lv_example_tabview_1.c.obj^[[K
build	Build ESP32-C6 firmware	2026-09-24T12:16:35.2915468Z [1382/1416] Building C object esp-idf/lvgl__lvgl/CMakeFiles/__idf_lvgl__lvgl.dir/examples/widgets/textarea/lv_example_textarea_1.c.obj^[[K
build	Build ESP32-C6 firmware	2026-09-24T12:16:35.3728402Z [1383/1416] Building C object esp-idf/lvgl__lvgl/CMakeFiles/__idf_lvgl__lvgl.dir/examples/widgets/tabview/lv_example_tabview_2.c.obj^[[K
build	Build ESP32-C6 firmware	2026-09-24T12:16:35.4520677Z [1384/1416] Building C object esp-idf/lvgl__lvgl/CMakeFiles/__idf_lvgl__lvgl.dir/examples/widgets/textarea/lv_example_textarea_2.c.obj^[[K
build	Build ESP32-C6 firmware	2026-09-24T12:16:35.4555105Z [1385/1416] Building C object esp-idf/board/CMakeFiles/__idf_board.dir/board_i2c.c.obj^[[K
build	Build ESP32-C6 firmware	2026-09-24T12:16:35.4652015Z [1386/1416] Building C object esp-idf/lvgl__lvgl/CMakeFiles/__idf_lvgl__lvgl.dir/examples/widgets/textarea/lv_example_textarea_3.c.obj^[[K
build	Build ESP32-C6 firmware	2026-09-24T12:16:35.4758465Z [1387/1416] Building C object esp-idf/lvgl__lvgl/CMakeFiles/__idf_lvgl__lvgl.dir/examples/widgets/tileview/lv_example_tileview_1.c.obj^[[K
build	Build ESP32-C6 firmware	2026-09-24T12:16:35.5033827Z [1388/1416] Building C object esp-idf/lvgl__lvgl/CMakeFiles/__idf_lvgl__lvgl.dir/examples/widgets/win/lv_example_win_1.c.obj^[[K
build	Build ESP32-C6 firmware	2026-09-24T12:16:35.6410014Z [1389/1416] Building C object esp-idf/board/CMakeFiles/__idf_board.dir/board_spi.c.obj^[[K
build	Build ESP32-C6 firmware	2026-09-24T12:16:35.7193534Z [1390/1416] Building C object esp-idf/board/CMakeFiles/__idf_board.dir/board_backlight.c.obj^[[K
build	Build ESP32-C6 firmware	2026-09-24T12:16:35.7346262Z [1391/1416] Building C object esp-idf/board/CMakeFiles/__idf_board.dir/board_touch.c.obj^[[K
build	Build ESP32-C6 firmware	2026-09-24T12:16:35.7512994Z [1392/1416] Building C object esp-idf/board/CMakeFiles/__idf_board.dir/board_sd.c.obj^[[K
build	Build ESP32-C6 firmware	2026-09-24T12:16:35.8072780Z [1393/1416] Building C object esp-idf/world/CMakeFiles/__idf_world.dir/world.c.obj^[[K
build	Build ESP32-C6 firmware	2026-09-24T12:16:35.8908054Z [1394/1416] Linking C static library esp-idf/lvgl__lvgl/liblvgl__lvgl.a^[[K
build	Build ESP32-C6 firmware	2026-09-24T12:16:35.8927929Z [1395/1416] Building C object esp-idf/radio/CMakeFiles/__idf_radio.dir/hopper_policy.c.obj^[[K
build	Build ESP32-C6 firmware	2026-09-24T12:16:35.8974713Z [1396/1416] Building C object esp-idf/radio/CMakeFiles/__idf_radio.dir/obs_cache.c.obj^[[K
build	Build ESP32-C6 firmware	2026-09-24T12:16:35.9158473Z [1397/1416] Building C object esp-idf/board/CMakeFiles/__idf_board.dir/board_display.c.obj^[[K
build	Build ESP32-C6 firmware	2026-09-24T12:16:35.9366969Z [1398/1416] Linking C static library esp-idf/board/libboard.a^[[K
build	Build ESP32-C6 firmware	2026-09-24T12:16:35.9874874Z [1399/1416] Building C object esp-idf/radio/CMakeFiles/__idf_radio.dir/rx_path.c.obj^[[K
build	Build ESP32-C6 firmware	2026-09-24T12:16:35.9915560Z [1400/1416] Building C object esp-idf/radio/CMakeFiles/__idf_radio.dir/ieee80211_parser.c.obj^[[K
build	Build ESP32-C6 firmware	2026-09-24T12:16:36.0228701Z [1401/1416] Building C object esp-idf/radio/CMakeFiles/__idf_radio.dir/wifi_sniffer.c.obj^[[K
build	Build ESP32-C6 firmware	2026-09-24T12:16:36.0336938Z [1402/1416] Building C object esp-idf/radio/CMakeFiles/__idf_radio.dir/eapol_parser.c.obj^[[K
build	Build ESP32-C6 firmware	2026-09-24T12:16:36.1134534Z [1403/1416] Building C object esp-idf/radio/CMakeFiles/__idf_radio.dir/pcap_serializer.c.obj^[[K
build	Build ESP32-C6 firmware	2026-09-24T12:16:36.1266079Z [1404/1416] Building C object esp-idf/radio/CMakeFiles/__idf_radio.dir/channel_hopper.c.obj^[[K
build	Build ESP32-C6 firmware	2026-09-24T12:16:36.1318267Z [1405/1416] Linking C static library esp-idf/radio/libradio.a^[[K
build	Build ESP32-C6 firmware	2026-09-24T12:16:36.1337772Z [1406/1416] Building C object esp-idf/main/CMakeFiles/__idf_main.dir/app_main.c.obj^[[K
build	Build ESP32-C6 firmware	2026-09-24T12:16:36.1713611Z [1407/1416] Linking C static library esp-idf/world/libworld.a^[[K
build	Build ESP32-C6 firmware	2026-09-24T12:16:36.1848343Z [1408/1416] Building C object esp-idf/storage/CMakeFiles/__idf_storage.dir/sd_logger_core.c.obj^[[K
build	Build ESP32-C6 firmware	2026-09-24T12:16:36.1910903Z [1409/1416] Building C object esp-idf/storage/CMakeFiles/__idf_storage.dir/sd_logger_idf.c.obj^[[K
build	Build ESP32-C6 firmware	2026-09-24T12:16:36.1956055Z [1410/1416] Linking C static library esp-idf/storage/libstorage.a^[[K
build	Build ESP32-C6 firmware	2026-09-24T12:16:38.9894935Z [1411/1416] Linking C static library esp-idf/main/libmain.a^[[K
build	Build ESP32-C6 firmware	2026-09-24T12:16:39.0151210Z [1412/1416] Generating ld/sections.ld^[[K
build	Build ESP32-C6 firmware	2026-09-24T12:16:39.5644458Z [1413/1416] Building C object CMakeFiles/esp32c6_pwnagotchi.elf.dir/project_elf_src_esp32c6.c.obj^[[K
build	Build ESP32-C6 firmware	2026-09-24T12:16:39.6654165Z [1414/1416] Linking CXX executable esp32c6_pwnagotchi.elf^[[K
build	Build ESP32-C6 firmware	2026-09-24T12:16:39.6654567Z [1415/1416] Generating binary image from built executable^[[K
build	Build ESP32-C6 firmware	2026-09-24T12:16:39.6654847Z esptool.py v4.8.1
build	Build ESP32-C6 firmware	2026-09-24T12:16:39.6655040Z Creating esp32c6 image...
build	Build ESP32-C6 firmware	2026-09-24T12:16:39.6655235Z Merged 1 ELF section
build	Build ESP32-C6 firmware	2026-09-24T12:16:39.6655420Z Successfully created esp32c6 image.
build	Build ESP32-C6 firmware	2026-09-24T12:16:39.6655630Z Generated /app/yuanwil1y/esp32c6-Pwnagotchi/build/esp32c6_pwnagotchi.bin
build	Build ESP32-C6 firmware	2026-09-24T12:16:39.6897538Z 
build	Build ESP32-C6 firmware	2026-09-24T12:16:39.6899271Z [1416/1416] cd /app/yuanwil1y/esp32c6-Pwnagotchi/build/esp-idf/esptool_py && /opt/esp/python_env/idf5.4_py3.12_env/bin/python /opt/esp/idf/components/partition_table/check_sizes.py --offset 0x8000 partition --type app /app/yuanwil1y/esp32c6-Pwnagotchi/build/partition_table/partition-table.bin /app/yuanwil1y/esp32c6-Pwnagotchi/build/esp32c6_pwnagotchi.bin^[[K
build	Build ESP32-C6 firmware	2026-09-24T12:16:39.6900728Z esp32c6_pwnagotchi.bin binary size 0x127e40 bytes. Smallest app partition is 0x400000 bytes. 0x2d81c0 bytes (71%) free.
build	Build ESP32-C6 firmware	2026-09-24T12:16:39.6920100Z 
build	Build ESP32-C6 firmware	2026-09-24T12:16:39.6923801Z Project build complete. To flash, run:
build	Build ESP32-C6 firmware	2026-09-24T12:16:39.6924110Z  idf.py flash
build	Build ESP32-C6 firmware	2026-09-24T12:16:39.6924274Z or
build	Build ESP32-C6 firmware	2026-09-24T12:16:39.6924441Z  idf.py -p PORT flash
build	Build ESP32-C6 firmware	2026-09-24T12:16:39.6924623Z or
build	Build ESP32-C6 firmware	2026-09-24T12:16:39.6925159Z  python -m esptool --chip esp32c6 -b 460800 --before default_reset --after hard_reset write_flash --flash_mode dio --flash_size 8MB --flash_freq 80m 0x0 build/bootloader/bootloader.bin 0x8000 build/partition_table/partition-table.bin 0x10000 build/esp32c6_pwnagotchi.bin
build	Build ESP32-C6 firmware	2026-09-24T12:16:39.6925796Z or from the "/app/yuanwil1y/esp32c6-Pwnagotchi/build" directory
build	Build ESP32-C6 firmware	2026-09-24T12:16:39.6926107Z  python -m esptool --chip esp32c6 -b 460800 --before default_reset --after hard_reset write_flash "@flash_args"
build	Build ESP32-C6 firmware	2026-09-24T12:16:40.3648816Z Executing action: size
build	Build ESP32-C6 firmware	2026-09-24T12:16:40.3649251Z Running ninja in directory /app/yuanwil1y/esp32c6-Pwnagotchi/build
build	Build ESP32-C6 firmware	2026-09-24T12:16:40.3649604Z Executing "ninja all"...
build	Build ESP32-C6 firmware	2026-09-24T12:16:40.3650720Z [1/4] cd /app/yuanwil1y/esp32c6-Pwnagotchi/build/esp-idf/esptool_py && /opt/esp/python_env/idf5.4_py3.12_env/bin/python /opt/esp/idf/components/partition_table/check_sizes.py --offset 0x8000 partition --type app /app/yuanwil1y/esp32c6-Pwnagotchi/build/partition_table/partition-table.bin /app/yuanwil1y/esp32c6-Pwnagotchi/build/esp32c6_pwnagotchi.bin
build	Build ESP32-C6 firmware	2026-09-24T12:16:40.3651884Z esp32c6_pwnagotchi.bin binary size 0x127e40 bytes. Smallest app partition is 0x400000 bytes. 0x2d81c0 bytes (71%) free.
build	Build ESP32-C6 firmware	2026-09-24T12:16:40.3761861Z [2/4] Performing build step for 'bootloader'
build	Build ESP32-C6 firmware	2026-09-24T12:16:40.3762975Z [1/1] cd /app/yuanwil1y/esp32c6-Pwnagotchi/build/bootloader/esp-idf/esptool_py && /opt/esp/python_env/idf5.4_py3.12_env/bin/python /opt/esp/idf/components/partition_table/check_sizes.py --offset 0x8000 bootloader 0x0 /app/yuanwil1y/esp32c6-Pwnagotchi/build/bootloader/bootloader.bin
build	Build ESP32-C6 firmware	2026-09-24T12:16:40.3764266Z Bootloader binary size 0x5560 bytes. 0x2aa0 bytes (33%) free.
build	Build ESP32-C6 firmware	2026-09-24T12:16:40.3782843Z [3/4] No install step for 'bootloader'
build	Build ESP32-C6 firmware	2026-09-24T12:16:40.3823857Z [4/4] Completed 'bootloader'
build	Build ESP32-C6 firmware	2026-09-24T12:16:40.4166165Z Running ninja in directory /app/yuanwil1y/esp32c6-Pwnagotchi/build
build	Build ESP32-C6 firmware	2026-09-24T12:16:40.4166475Z Executing "ninja size"...
build	Build ESP32-C6 firmware	2026-09-24T12:16:40.4167345Z [0/1] cd /app/yuanwil1y/esp32c6-Pwnagotchi/build && /opt/esp/tools/cmake/3.30.2/bin/cmake -D "IDF_SIZE_TOOL=/opt/esp/python_env/idf5.4_py3.12_env/bin/python;-m;esp_idf_size" -D MAP_FILE=/app/yuanwil1y/esp32c6-Pwnagotchi/build/esp32c6_pwnagotchi.map -D OUTPUT_JSON= -P /opt/esp/idf/tools/cmake/run_size_tool.cmake
build	Build ESP32-C6 firmware	2026-09-24T12:16:40.5569250Z                             Memory Type Usage Summary                             
build	Build ESP32-C6 firmware	2026-09-24T12:16:40.5572118Z ┏━━━━━━━━━━━━━━━━━━━━━┳━━━━━━━━━━━━━━┳━━━━━━━━━━┳━━━━━━━━━━━━━━━━┳━━━━━━━━━━━━━━━┓
build	Build ESP32-C6 firmware	2026-09-24T12:16:40.5572699Z ┃ Memory Type/Section ┃ Used [bytes] ┃ Used [%] ┃ Remain [bytes] ┃ Total [bytes] ┃
build	Build ESP32-C6 firmware	2026-09-24T12:16:40.5573334Z ┡━━━━━━━━━━━━━━━━━━━━━╇━━━━━━━━━━━━━━╇━━━━━━━━━━╇━━━━━━━━━━━━━━━━╇━━━━━━━━━━━━━━━┩
build	Build ESP32-C6 firmware	2026-09-24T12:16:40.5573779Z │ Flash Code          │      1057646 │      6.3 │       15719538 │      16777184 │
build	Build ESP32-C6 firmware	2026-09-24T12:16:40.5574171Z │    .text            │       893938 │     5.33 │                │               │
build	Build ESP32-C6 firmware	2026-09-24T12:16:40.5574570Z │    .rodata          │       163452 │     0.97 │                │               │
build	Build ESP32-C6 firmware	2026-09-24T12:16:40.5574952Z │    .appdesc         │          256 │      0.0 │                │               │
build	Build ESP32-C6 firmware	2026-09-24T12:16:40.5575379Z │ DIRAM               │       218840 │     48.4 │         233272 │        452112 │
build	Build ESP32-C6 firmware	2026-09-24T12:16:40.5575773Z │    .text            │       138444 │    30.62 │                │               │
build	Build ESP32-C6 firmware	2026-09-24T12:16:40.5576151Z │    .bss             │        64648 │     14.3 │                │               │
build	Build ESP32-C6 firmware	2026-09-24T12:16:40.5576517Z │    .data            │        15733 │     3.48 │                │               │
build	Build ESP32-C6 firmware	2026-09-24T12:16:40.5576905Z │ LP SRAM             │           52 │     0.32 │          16332 │         16384 │
build	Build ESP32-C6 firmware	2026-09-24T12:16:40.5578096Z │    .force_fast      │           28 │     0.17 │                │               │
build	Build ESP32-C6 firmware	2026-09-24T12:16:40.5578442Z │    .rtc_reserved    │           24 │     0.15 │                │               │
build	Build ESP32-C6 firmware	2026-09-24T12:16:40.5578860Z └─────────────────────┴──────────────┴──────────┴────────────────┴───────────────┘
build	Build ESP32-C6 firmware	2026-09-24T12:16:40.5579707Z Total image size: ^[[1;36m1211851^[[0m bytes ^[[1m(^[[0m.bin may be padded larger^[[1m)^[[0m
build	Build ESP32-C6 firmware	2026-09-24T12:16:40.6651225Z Executing action: size-components
build	Build ESP32-C6 firmware	2026-09-24T12:16:40.6651771Z Running ninja in directory /app/yuanwil1y/esp32c6-Pwnagotchi/build
build	Build ESP32-C6 firmware	2026-09-24T12:16:40.6652115Z Executing "ninja all"...
build	Build ESP32-C6 firmware	2026-09-24T12:16:40.6653427Z [1/4] cd /app/yuanwil1y/esp32c6-Pwnagotchi/build/esp-idf/esptool_py && /opt/esp/python_env/idf5.4_py3.12_env/bin/python /opt/esp/idf/components/partition_table/check_sizes.py --offset 0x8000 partition --type app /app/yuanwil1y/esp32c6-Pwnagotchi/build/partition_table/partition-table.bin /app/yuanwil1y/esp32c6-Pwnagotchi/build/esp32c6_pwnagotchi.bin
build	Build ESP32-C6 firmware	2026-09-24T12:16:40.6654842Z esp32c6_pwnagotchi.bin binary size 0x127e40 bytes. Smallest app partition is 0x400000 bytes. 0x2d81c0 bytes (71%) free.
build	Build ESP32-C6 firmware	2026-09-24T12:16:40.6752013Z [2/4] Performing build step for 'bootloader'
build	Build ESP32-C6 firmware	2026-09-24T12:16:40.6753022Z [1/1] cd /app/yuanwil1y/esp32c6-Pwnagotchi/build/bootloader/esp-idf/esptool_py && /opt/esp/python_env/idf5.4_py3.12_env/bin/python /opt/esp/idf/components/partition_table/check_sizes.py --offset 0x8000 bootloader 0x0 /app/yuanwil1y/esp32c6-Pwnagotchi/build/bootloader/bootloader.bin
build	Build ESP32-C6 firmware	2026-09-24T12:16:40.6754046Z Bootloader binary size 0x5560 bytes. 0x2aa0 bytes (33%) free.
build	Build ESP32-C6 firmware	2026-09-24T12:16:40.6774667Z [3/4] No install step for 'bootloader'
build	Build ESP32-C6 firmware	2026-09-24T12:16:40.6815816Z [4/4] Completed 'bootloader'
build	Build ESP32-C6 firmware	2026-09-24T12:16:40.7160892Z Running ninja in directory /app/yuanwil1y/esp32c6-Pwnagotchi/build
build	Build ESP32-C6 firmware	2026-09-24T12:16:40.7161433Z Executing "ninja size-components"...
build	Build ESP32-C6 firmware	2026-09-24T12:16:40.7162599Z [0/1] cd /app/yuanwil1y/esp32c6-Pwnagotchi/build && /opt/esp/tools/cmake/3.30.2/bin/cmake -D "IDF_SIZE_TOOL=/opt/esp/python_env/idf5.4_py3.12_env/bin/python;-m;esp_idf_size" -D IDF_SIZE_MODE=--archives -D MAP_FILE=/app/yuanwil1y/esp32c6-Pwnagotchi/build/esp32c6_pwnagotchi.map -D OUTPUT_JSON= -P /opt/esp/idf/tools/cmake/run_size_tool.cmake
build	Build ESP32-C6 firmware	2026-09-24T12:16:40.8839040Z                                                                Per-archive contributions to ELF file                                                               
build	Build ESP32-C6 firmware	2026-09-24T12:16:40.8840898Z ┏━━━━━━━━━━━━━━━━━━━━━━━━━━━━━━━━━┳━━━━━━━━━━━━┳━━━━━━━┳━━━━━━━┳━━━━━━━┳━━━━━━━┳━━━━━━━━━━━━┳━━━━━━━━━┳━━━━━━━━━━┳━━━━━━━━┳━━━━━━━━━┳━━━━━━━━━━━━━━━┳━━━━━━━━━━━━━┓
build	Build ESP32-C6 firmware	2026-09-24T12:16:40.8841993Z ┃ Archive File                    ┃ Total Size ┃ DIRAM ┃  .bss ┃ .data ┃ .text ┃ Flash Code ┃ .rodata ┃ .appdesc ┃  .text ┃ LP SRAM ┃ .rtc_reserved ┃ .force_fast ┃
build	Build ESP32-C6 firmware	2026-09-24T12:16:40.8843104Z ┡━━━━━━━━━━━━━━━━━━━━━━━━━━━━━━━━━╇━━━━━━━━━━━━╇━━━━━━━╇━━━━━━━╇━━━━━━━╇━━━━━━━╇━━━━━━━━━━━━╇━━━━━━━━━╇━━━━━━━━━━╇━━━━━━━━╇━━━━━━━━━╇━━━━━━━━━━━━━━━╇━━━━━━━━━━━━━┩
build	Build ESP32-C6 firmware	2026-09-24T12:16:40.8844022Z │ liblvgl__lvgl.a                 │     221591 │ 22012 │  1092 │   142 │ 20778 │     199579 │   16909 │        0 │ 182670 │       0 │             0 │           0 │
build	Build ESP32-C6 firmware	2026-09-24T12:16:40.8844554Z │ libnet80211.a                   │     181443 │ 19484 │ 10385 │  1785 │  7314 │     161959 │   18045 │        0 │ 143914 │       0 │             0 │           0 │
build	Build ESP32-C6 firmware	2026-09-24T12:16:40.8845031Z │ libpp.a                         │     110772 │ 45365 │  2746 │  3201 │ 39418 │      65407 │    9405 │        0 │  56002 │       0 │             0 │           0 │
build	Build ESP32-C6 firmware	2026-09-24T12:16:40.8845518Z │ liblwip.a                       │      93494 │  2482 │  2470 │    12 │     0 │      91012 │    3234 │        0 │  87778 │       0 │             0 │           0 │
build	Build ESP32-C6 firmware	2026-09-24T12:16:40.8845974Z │ libesp_app_format.a             │      87479 │    10 │    10 │     0 │     0 │      87469 │   86683 │      256 │    530 │       0 │             0 │           0 │
build	Build ESP32-C6 firmware	2026-09-24T12:16:40.8846642Z │ libmbedcrypto.a                 │      79601 │   454 │   252 │   116 │    86 │      79147 │    6569 │        0 │  72578 │       0 │             0 │           0 │
build	Build ESP32-C6 firmware	2026-09-24T12:16:40.8847116Z │ libwpa_supplicant.a             │      78607 │  1329 │  1321 │     8 │     0 │      77278 │    1596 │        0 │  75682 │       0 │             0 │           0 │
build	Build ESP32-C6 firmware	2026-09-24T12:16:40.8847584Z │ libradio.a                      │      48716 │ 31435 │ 31435 │     0 │     0 │      17281 │      73 │        0 │  17208 │       0 │             0 │           0 │
build	Build ESP32-C6 firmware	2026-09-24T12:16:40.8848177Z │ libesp_hw_support.a             │      46726 │ 14208 │   148 │  4506 │  9554 │      32466 │    3114 │        0 │  29352 │      52 │            24 │          28 │
build	Build ESP32-C6 firmware	2026-09-24T12:16:40.8848652Z │ libphy.a                        │      28723 │  5579 │    44 │   919 │  4616 │      23144 │       0 │        0 │  23144 │       0 │             0 │           0 │
build	Build ESP32-C6 firmware	2026-09-24T12:16:40.8849111Z │ libfatfs.a                      │      26110 │    64 │    60 │     4 │     0 │      26046 │    1496 │        0 │  24550 │       0 │             0 │           0 │
build	Build ESP32-C6 firmware	2026-09-24T12:16:40.8849566Z │ libstorage.a                    │      21498 │ 10238 │ 10238 │     0 │     0 │      11260 │     240 │        0 │  11020 │       0 │             0 │           0 │
build	Build ESP32-C6 firmware	2026-09-24T12:16:40.8850023Z │ libhal.a                        │      19065 │ 11362 │    12 │   392 │ 10958 │       7703 │     453 │        0 │   7250 │       0 │             0 │           0 │
build	Build ESP32-C6 firmware	2026-09-24T12:16:40.8850486Z │ libsdmmc.a                      │      18440 │     0 │     0 │     0 │     0 │      18440 │    1396 │        0 │  17044 │       0 │             0 │           0 │
build	Build ESP32-C6 firmware	2026-09-24T12:16:40.8850939Z │ libfreertos.a                   │      18388 │ 16640 │  2240 │    88 │ 14312 │       1748 │    1196 │        0 │    552 │       0 │             0 │           0 │
build	Build ESP32-C6 firmware	2026-09-24T12:16:40.8851418Z │ libnvs_flash.a                  │      17022 │    28 │    28 │     0 │     0 │      16994 │     252 │        0 │  16742 │       0 │             0 │           0 │
build	Build ESP32-C6 firmware	2026-09-24T12:16:40.8851856Z │ libc.a                          │      16525 │   748 │   380 │   368 │     0 │      15777 │    1021 │        0 │  14756 │       0 │             0 │           0 │
build	Build ESP32-C6 firmware	2026-09-24T12:16:40.8852304Z │ libconsole.a                    │      15232 │    85 │    48 │    37 │     0 │      15147 │      39 │        0 │  15108 │       0 │             0 │           0 │
build	Build ESP32-C6 firmware	2026-09-24T12:16:40.8852762Z │ libesp_system.a                 │      13238 │  2442 │   138 │    88 │  2216 │      10796 │     570 │        0 │  10226 │       0 │             0 │           0 │
build	Build ESP32-C6 firmware	2026-09-24T12:16:40.8853420Z │ libesp_driver_spi.a             │      12520 │  4708 │     8 │   112 │  4588 │       7812 │     540 │        0 │   7272 │       0 │             0 │           0 │
build	Build ESP32-C6 firmware	2026-09-24T12:16:40.8853891Z │ libspi_flash.a                  │      10570 │  8993 │    14 │   941 │  8038 │       1577 │     357 │        0 │   1220 │       0 │             0 │           0 │
build	Build ESP32-C6 firmware	2026-09-24T12:16:40.8854360Z │ libdriver.a                     │       7603 │  1198 │    10 │    32 │  1156 │       6405 │     343 │        0 │   6062 │       0 │             0 │           0 │
build	Build ESP32-C6 firmware	2026-09-24T12:16:40.8854808Z │ libesp_driver_gpio.a            │       6979 │    36 │     0 │    36 │     0 │       6943 │     647 │        0 │   6296 │       0 │             0 │           0 │
build	Build ESP32-C6 firmware	2026-09-24T12:16:40.8855255Z │ libvfs.a                        │       6614 │   236 │    44 │   192 │     0 │       6378 │     158 │        0 │   6220 │       0 │             0 │           0 │
build	Build ESP32-C6 firmware	2026-09-24T12:16:40.8855700Z │ libesp_driver_ledc.a            │       6604 │   218 │    36 │     0 │   182 │       6386 │     232 │        0 │   6154 │       0 │             0 │           0 │
build	Build ESP32-C6 firmware	2026-09-24T12:16:40.8856153Z │ libesp_ringbuf.a                │       5740 │  5238 │     0 │     0 │  5238 │        502 │     502 │        0 │      0 │       0 │             0 │           0 │
build	Build ESP32-C6 firmware	2026-09-24T12:16:40.8856706Z │ libcoexist.a                    │       5474 │  1544 │     2 │  1446 │    96 │       3930 │      40 │        0 │   3890 │       0 │             0 │           0 │
build	Build ESP32-C6 firmware	2026-09-24T12:16:40.8857156Z │ libesp_driver_sdspi.a           │       5438 │    13 │    13 │     0 │     0 │       5425 │     283 │        0 │   5142 │       0 │             0 │           0 │
build	Build ESP32-C6 firmware	2026-09-24T12:16:40.8857769Z │ libesp_driver_usb_serial_jtag.a │       5028 │   169 │    17 │    48 │   104 │       4859 │     211 │        0 │   4648 │       0 │             0 │           0 │
build	Build ESP32-C6 firmware	2026-09-24T12:16:40.8858562Z │ libboard.a                      │       4721 │   229 │   179 │    50 │     0 │       4492 │     386 │        0 │   4106 │       0 │             0 │           0 │
build	Build ESP32-C6 firmware	2026-09-24T12:16:40.8859098Z │ libworld.a                      │       4638 │     0 │     0 │     0 │     0 │       4638 │       6 │        0 │   4632 │       0 │             0 │           0 │
build	Build ESP32-C6 firmware	2026-09-24T12:16:40.8859632Z │ libnewlib.a                     │       4075 │  2286 │   200 │   156 │  1930 │       1789 │     111 │        0 │   1678 │       0 │             0 │           0 │
build	Build ESP32-C6 firmware	2026-09-24T12:16:40.8860073Z │ libheap.a                       │       4013 │  1324 │     8 │    12 │  1304 │       2689 │     437 │        0 │   2252 │       0 │             0 │           0 │
build	Build ESP32-C6 firmware	2026-09-24T12:16:40.8860585Z │ libesp_mm.a                     │       3780 │   662 │    44 │    28 │   590 │       3118 │     166 │        0 │   2952 │       0 │             0 │           0 │
build	Build ESP32-C6 firmware	2026-09-24T12:16:40.8861058Z │ libesp_lcd.a                    │       3721 │     0 │     0 │     0 │     0 │       3721 │     225 │        0 │   3496 │       0 │             0 │           0 │
build	Build ESP32-C6 firmware	2026-09-24T12:16:40.8861544Z │ libesp_timer.a                  │       3460 │  1566 │    36 │    16 │  1514 │       1894 │     104 │        0 │   1790 │       0 │             0 │           0 │
build	Build ESP32-C6 firmware	2026-09-24T12:16:40.8862076Z │ libesp_phy.a                    │       3197 │   397 │    44 │     1 │   352 │       2800 │     284 │        0 │   2516 │       0 │             0 │           0 │
build	Build ESP32-C6 firmware	2026-09-24T12:16:40.8862511Z │ libesp_wifi.a                   │       3078 │   816 │     6 │   484 │   326 │       2262 │       8 │        0 │   2254 │       0 │             0 │           0 │
build	Build ESP32-C6 firmware	2026-09-24T12:16:40.8863028Z │ liblog.a                        │       2628 │   594 │   272 │     8 │   314 │       2034 │      48 │        0 │   1986 │       0 │             0 │           0 │
build	Build ESP32-C6 firmware	2026-09-24T12:16:40.8863673Z │ libespressif__esp_lcd_sh8601.a  │       2509 │     4 │     1 │     3 │     0 │       2505 │     231 │        0 │   2274 │       0 │             0 │           0 │
build	Build ESP32-C6 firmware	2026-09-24T12:16:40.8864233Z │ libesp_partition.a              │       2220 │     8 │     8 │     0 │     0 │       2212 │     168 │        0 │   2044 │       0 │             0 │           0 │
build	Build ESP32-C6 firmware	2026-09-24T12:16:40.8864673Z │ libesp_common.a                 │       1816 │     0 │     0 │     0 │     0 │       1816 │    1758 │        0 │     58 │       0 │             0 │           0 │
build	Build ESP32-C6 firmware	2026-09-24T12:16:40.8865309Z │ libefuse.a                      │       1689 │    52 │     4 │    48 │     0 │       1637 │     233 │        0 │   1404 │       0 │             0 │           0 │
build	Build ESP32-C6 firmware	2026-09-24T12:16:40.8865822Z │ libstdc++.a                     │       1662 │    25 │    17 │     8 │     0 │       1637 │     199 │        0 │   1438 │       0 │             0 │           0 │
build	Build ESP32-C6 firmware	2026-09-24T12:16:40.8866254Z │ libesp_rom.a                    │       1645 │  1594 │    84 │     0 │  1510 │         51 │      49 │        0 │      2 │       0 │             0 │           0 │
build	Build ESP32-C6 firmware	2026-09-24T12:16:40.8866865Z │ libesp_event.a                  │       1519 │     4 │     4 │     0 │     0 │       1515 │      57 │        0 │   1458 │       0 │             0 │           0 │
build	Build ESP32-C6 firmware	2026-09-24T12:16:40.8867365Z │ libmain.a                       │       1431 │     0 │     0 │     0 │     0 │       1431 │       9 │        0 │   1422 │       0 │             0 │           0 │
build	Build ESP32-C6 firmware	2026-09-24T12:16:40.8867807Z │ libriscv.a                      │       1280 │  1100 │   256 │     0 │   844 │        180 │      50 │        0 │    130 │       0 │             0 │           0 │
build	Build ESP32-C6 firmware	2026-09-24T12:16:40.8868339Z │ libbootloader_support.a         │       1022 │   930 │     0 │     0 │   930 │         92 │      40 │        0 │     52 │       0 │             0 │           0 │
build	Build ESP32-C6 firmware	2026-09-24T12:16:40.8868772Z │ libsoc.a                        │        769 │     0 │     0 │     0 │     0 │        769 │     769 │        0 │      0 │       0 │             0 │           0 │
build	Build ESP32-C6 firmware	2026-09-24T12:16:40.8869320Z │ libesp_coex.a                   │        674 │   246 │     0 │    80 │   166 │        428 │       0 │        0 │    428 │       0 │             0 │           0 │
build	Build ESP32-C6 firmware	2026-09-24T12:16:40.8869849Z │ libesp_vfs_console.a            │        624 │    12 │    12 │     0 │     0 │        612 │     180 │        0 │    432 │       0 │             0 │           0 │
build	Build ESP32-C6 firmware	2026-09-24T12:16:40.8870292Z │ libpthread.a                    │        604 │     4 │     4 │     0 │     0 │        600 │      46 │        0 │    554 │       0 │             0 │           0 │
build	Build ESP32-C6 firmware	2026-09-24T12:16:40.8870780Z │ libm.a                          │        368 │     0 │     0 │     0 │     0 │        368 │       0 │        0 │    368 │       0 │             0 │           0 │
build	Build ESP32-C6 firmware	2026-09-24T12:16:40.8871177Z │ libcore.a                       │        360 │     9 │     9 │     0 │     0 │        351 │      43 │        0 │    308 │       0 │             0 │           0 │
build	Build ESP32-C6 firmware	2026-09-24T12:16:40.8871697Z │ libesp_security.a               │        307 │    12 │    12 │     0 │     0 │        295 │      33 │        0 │    262 │       0 │             0 │           0 │
build	Build ESP32-C6 firmware	2026-09-24T12:16:40.8872224Z │ libesp_netif.a                  │        300 │     8 │     8 │     0 │     0 │        292 │       0 │        0 │    292 │       0 │             0 │           0 │
build	Build ESP32-C6 firmware	2026-09-24T12:16:40.8872642Z │ libapp_update.a                 │        232 │     4 │     4 │     0 │     0 │        228 │      30 │        0 │    198 │       0 │             0 │           0 │
build	Build ESP32-C6 firmware	2026-09-24T12:16:40.8873282Z │ libmesh.a                       │         68 │     4 │     4 │     0 │     0 │         64 │       0 │        0 │     64 │       0 │             0 │           0 │
build	Build ESP32-C6 firmware	2026-09-24T12:16:40.8873789Z │ libcxx.a                        │         60 │     0 │     0 │     0 │     0 │         60 │       0 │        0 │     60 │       0 │             0 │           0 │
build	Build ESP32-C6 firmware	2026-09-24T12:16:40.8874202Z │ libnvs_sec_provider.a           │          2 │     0 │     0 │     0 │     0 │          2 │       0 │        0 │      2 │       0 │             0 │           0 │
build	Build ESP32-C6 firmware	2026-09-24T12:16:40.8874783Z └─────────────────────────────────┴────────────┴───────┴───────┴───────┴───────┴────────────┴─────────┴──────────┴────────┴─────────┴───────────────┴─────────────┘
build	Build ESP32-C6 firmware	2026-09-24T12:16:40.9908327Z Executing action: size-files
build	Build ESP32-C6 firmware	2026-09-24T12:16:40.9908714Z Running ninja in directory /app/yuanwil1y/esp32c6-Pwnagotchi/build
build	Build ESP32-C6 firmware	2026-09-24T12:16:40.9909215Z Executing "ninja all"...
build	Build ESP32-C6 firmware	2026-09-24T12:16:40.9909923Z [1/4] cd /app/yuanwil1y/esp32c6-Pwnagotchi/build/esp-idf/esptool_py && /opt/esp/python_env/idf5.4_py3.12_env/bin/python /opt/esp/idf/components/partition_table/check_sizes.py --offset 0x8000 partition --type app /app/yuanwil1y/esp32c6-Pwnagotchi/build/partition_table/partition-table.bin /app/yuanwil1y/esp32c6-Pwnagotchi/build/esp32c6_pwnagotchi.bin
build	Build ESP32-C6 firmware	2026-09-24T12:16:40.9910787Z esp32c6_pwnagotchi.bin binary size 0x127e40 bytes. Smallest app partition is 0x400000 bytes. 0x2d81c0 bytes (71%) free.
build	Build ESP32-C6 firmware	2026-09-24T12:16:41.0010512Z [2/4] Performing build step for 'bootloader'
build	Build ESP32-C6 firmware	2026-09-24T12:16:41.0011413Z [1/1] cd /app/yuanwil1y/esp32c6-Pwnagotchi/build/bootloader/esp-idf/esptool_py && /opt/esp/python_env/idf5.4_py3.12_env/bin/python /opt/esp/idf/components/partition_table/check_sizes.py --offset 0x8000 bootloader 0x0 /app/yuanwil1y/esp32c6-Pwnagotchi/build/bootloader/bootloader.bin
build	Build ESP32-C6 firmware	2026-09-24T12:16:41.0012053Z Bootloader binary size 0x5560 bytes. 0x2aa0 bytes (33%) free.
build	Build ESP32-C6 firmware	2026-09-24T12:16:41.0030688Z [3/4] No install step for 'bootloader'
build	Build ESP32-C6 firmware	2026-09-24T12:16:41.0071383Z [4/4] Completed 'bootloader'
build	Build ESP32-C6 firmware	2026-09-24T12:16:41.0411207Z Running ninja in directory /app/yuanwil1y/esp32c6-Pwnagotchi/build
build	Build ESP32-C6 firmware	2026-09-24T12:16:41.0411664Z Executing "ninja size-files"...
build	Build ESP32-C6 firmware	2026-09-24T12:16:41.0412825Z [0/1] cd /app/yuanwil1y/esp32c6-Pwnagotchi/build && /opt/esp/tools/cmake/3.30.2/bin/cmake -D "IDF_SIZE_TOOL=/opt/esp/python_env/idf5.4_py3.12_env/bin/python;-m;esp_idf_size" -D IDF_SIZE_MODE=--files -D MAP_FILE=/app/yuanwil1y/esp32c6-Pwnagotchi/build/esp32c6_pwnagotchi.map -D OUTPUT_JSON= -P /opt/esp/idf/tools/cmake/run_size_tool.cmake
build	Build ESP32-C6 firmware	2026-09-24T12:16:41.5399869Z                                                                     Per-file contributions to ELF file                                                                     
build	Build ESP32-C6 firmware	2026-09-24T12:16:41.5401209Z ┏━━━━━━━━━━━━━━━━━━━━━━━━━━━━━━━━━━━━━━━━━━┳━━━━━━━━━━━━┳━━━━━━━┳━━━━━━━┳━━━━━━━┳━━━━━━━┳━━━━━━━━━━━━┳━━━━━━━━━┳━━━━━━━━━━┳━━━━━━━┳━━━━━━━━━┳━━━━━━━━━━━━━━━┳━━━━━━━━━━━━━┓
build	Build ESP32-C6 firmware	2026-09-24T12:16:41.5402247Z ┃ Object File                              ┃ Total Size ┃ DIRAM ┃  .bss ┃ .data ┃ .text ┃ Flash Code ┃ .rodata ┃ .appdesc ┃ .text ┃ LP SRAM ┃ .rtc_reserved ┃ .force_fast ┃
build	Build ESP32-C6 firmware	2026-09-24T12:16:41.5403399Z ┡━━━━━━━━━━━━━━━━━━━━━━━━━━━━━━━━━━━━━━━━━━╇━━━━━━━━━━━━╇━━━━━━━╇━━━━━━━╇━━━━━━━╇━━━━━━━╇━━━━━━━━━━━━╇━━━━━━━━━╇━━━━━━━━━━╇━━━━━━━╇━━━━━━━━━╇━━━━━━━━━━━━━━━╇━━━━━━━━━━━━━┩
build	Build ESP32-C6 firmware	2026-09-24T12:16:41.5404324Z │ esp_app_desc.c.obj                       │      87479 │    10 │    10 │     0 │     0 │      87469 │   86683 │      256 │   530 │       0 │             0 │           0 │
build	Build ESP32-C6 firmware	2026-09-24T12:16:41.5405260Z │ wifi_sniffer.c.obj                       │      38675 │ 31283 │ 31283 │     0 │     0 │       7392 │      24 │        0 │  7368 │       0 │             0 │           0 │
build	Build ESP32-C6 firmware	2026-09-24T12:16:41.5406128Z │ wl_cnx.o                                 │      22393 │  5316 │  5169 │     3 │   144 │      17077 │    1497 │        0 │ 15580 │       0 │             0 │           0 │
build	Build ESP32-C6 firmware	2026-09-24T12:16:41.5407186Z │ pm.o                                     │      19985 │  9212 │  1152 │    88 │  7972 │      10773 │    1075 │        0 │  9698 │       0 │             0 │           0 │
build	Build ESP32-C6 firmware	2026-09-24T12:16:41.5407975Z │ ieee80211_output.o                       │      17596 │  3663 │    13 │     2 │  3648 │      13933 │     539 │        0 │ 13394 │       0 │             0 │           0 │
build	Build ESP32-C6 firmware	2026-09-24T12:16:41.5408841Z │ ieee80211_sta.o                          │      15849 │  2492 │    35 │    13 │  2444 │      13357 │    1323 │        0 │ 12034 │       0 │             0 │           0 │
build	Build ESP32-C6 firmware	2026-09-24T12:16:41.5409653Z │ pp.o                                     │      15729 │  9066 │    32 │  1068 │  7966 │       6663 │     685 │        0 │  5978 │       0 │             0 │           0 │
build	Build ESP32-C6 firmware	2026-09-24T12:16:41.5410455Z │ ff.c.obj                                 │      15275 │    10 │    10 │     0 │     0 │      15265 │     185 │        0 │ 15080 │       0 │             0 │           0 │
build	Build ESP32-C6 firmware	2026-09-24T12:16:41.5411303Z │ lv_theme_default.c.obj                   │      15233 │   291 │   109 │     0 │   182 │      14942 │      44 │        0 │ 14898 │       0 │             0 │           0 │
build	Build ESP32-C6 firmware	2026-09-24T12:16:41.5411998Z │ sd_logger_idf.c.obj                      │      14016 │ 10238 │ 10238 │     0 │     0 │       3778 │      48 │        0 │  3730 │       0 │             0 │           0 │
build	Build ESP32-C6 firmware	2026-09-24T12:16:41.5412851Z │ ieee80211_hostap.o                       │      13989 │    82 │    65 │     1 │    16 │      13907 │    1109 │        0 │ 12798 │       0 │             0 │           0 │
build	Build ESP32-C6 firmware	2026-09-24T12:16:41.5413710Z │ lv_font_montserrat_14.c.obj              │      13641 │     8 │     8 │     0 │     0 │      13633 │   13633 │        0 │     0 │       0 │             0 │           0 │
build	Build ESP32-C6 firmware	2026-09-24T12:16:41.5414338Z │ ieee80211_scan.o                         │      13207 │   323 │   309 │    14 │     0 │      12884 │     716 │        0 │ 12168 │       0 │             0 │           0 │
build	Build ESP32-C6 firmware	2026-09-24T12:16:41.5415118Z │ sae.c.obj                                │      12620 │     0 │     0 │     0 │     0 │      12620 │      32 │        0 │ 12588 │       0 │             0 │           0 │
build	Build ESP32-C6 firmware	2026-09-24T12:16:41.5415640Z │ wpa.c.obj                                │      12560 │   872 │   872 │     0 │     0 │      11688 │       0 │        0 │ 11688 │       0 │             0 │           0 │
build	Build ESP32-C6 firmware	2026-09-24T12:16:41.5416412Z │ wdev.o                                   │      12362 │  4770 │   160 │   204 │  4406 │       7592 │     850 │        0 │  6742 │       0 │             0 │           0 │
build	Build ESP32-C6 firmware	2026-09-24T12:16:41.5417224Z │ ieee80211_he.o                           │      12090 │   321 │    27 │     2 │   292 │      11769 │    3243 │        0 │  8526 │       0 │             0 │           0 │
build	Build ESP32-C6 firmware	2026-09-24T12:16:41.5417997Z │ nd6.c.obj                                │      11830 │   940 │   932 │     8 │     0 │      10890 │      88 │        0 │ 10802 │       0 │             0 │           0 │
build	Build ESP32-C6 firmware	2026-09-24T12:16:41.5418965Z │ ieee80211_ht.o                           │      11694 │   776 │     5 │     1 │   770 │      10918 │    1536 │        0 │  9382 │       0 │             0 │           0 │
build	Build ESP32-C6 firmware	2026-09-24T12:16:41.5419780Z │ ieee80211_ioctl.o                        │      11299 │   135 │   135 │     0 │     0 │      11164 │    1790 │        0 │  9374 │       0 │             0 │           0 │
build	Build ESP32-C6 firmware	2026-09-24T12:16:41.5420583Z │ tcp_in.c.obj                             │      10720 │    52 │    52 │     0 │     0 │      10668 │     154 │        0 │ 10514 │       0 │             0 │           0 │
build	Build ESP32-C6 firmware	2026-09-24T12:16:41.5421367Z │ ieee80211_twt.o                          │      10299 │   663 │   259 │   404 │     0 │       9636 │    1132 │        0 │  8504 │       0 │             0 │           0 │
build	Build ESP32-C6 firmware	2026-09-24T12:16:41.5422354Z │ lmac.o                                   │       9362 │  3321 │     0 │    51 │  3270 │       6041 │     923 │        0 │  5118 │       0 │             0 │           0 │
build	Build ESP32-C6 firmware	2026-09-24T12:16:41.5423256Z │ trc.o                                    │       9288 │  2942 │   492 │   876 │  1574 │       6346 │    1520 │        0 │  4826 │       0 │             0 │           0 │
build	Build ESP32-C6 firmware	2026-09-24T12:16:41.5424036Z │ lv_chart.c.obj                           │       9286 │     0 │     0 │     0 │     0 │       9286 │      28 │        0 │  9258 │       0 │             0 │           0 │
build	Build ESP32-C6 firmware	2026-09-24T12:16:41.5424807Z │ lv_draw_sw_rect.c.obj                    │       9254 │  4872 │     0 │     0 │  4872 │       4382 │       0 │        0 │  4382 │       0 │             0 │           0 │
build	Build ESP32-C6 firmware	2026-09-24T12:16:41.5425580Z │ lv_obj_pos.c.obj                         │       8947 │     5 │     5 │     0 │     0 │       8942 │       0 │        0 │  8942 │       0 │             0 │           0 │
build	Build ESP32-C6 firmware	2026-09-24T12:16:41.5426352Z │ wpa_auth.c.obj                           │       8674 │    68 │    68 │     0 │     0 │       8606 │       0 │        0 │  8606 │       0 │             0 │           0 │
build	Build ESP32-C6 firmware	2026-09-24T12:16:41.5427111Z │ ecp.c.obj                                │       8466 │    68 │    68 │     0 │     0 │       8398 │     236 │        0 │  8162 │       0 │             0 │           0 │
build	Build ESP32-C6 firmware	2026-09-24T12:16:41.5427920Z │ tasks.c.obj                              │       8437 │  7872 │   660 │     8 │  7204 │        565 │     565 │        0 │     0 │       0 │             0 │           0 │
build	Build ESP32-C6 firmware	2026-09-24T12:16:41.5428706Z │ ecp_curves.c.obj                         │       7934 │     0 │     0 │     0 │     0 │       7934 │    2276 │        0 │  5658 │       0 │             0 │           0 │
build	Build ESP32-C6 firmware	2026-09-24T12:16:41.5429492Z │ spi_master.c.obj                         │       7747 │  4372 │     8 │     0 │  4364 │       3375 │     393 │        0 │  2982 │       0 │             0 │           0 │
build	Build ESP32-C6 firmware	2026-09-24T12:16:41.5430332Z │ i2c.c.obj                                │       7603 │  1198 │    10 │    32 │  1156 │       6405 │     343 │        0 │  6062 │       0 │             0 │           0 │
build	Build ESP32-C6 firmware	2026-09-24T12:16:41.5431087Z │ tcp_out.c.obj                            │       7592 │     0 │     0 │     0 │     0 │       7592 │     466 │        0 │  7126 │       0 │             0 │           0 │
build	Build ESP32-C6 firmware	2026-09-24T12:16:41.5431854Z │ sd_logger_core.c.obj                     │       7482 │     0 │     0 │     0 │     0 │       7482 │     192 │        0 │  7290 │       0 │             0 │           0 │
build	Build ESP32-C6 firmware	2026-09-24T12:16:41.5432608Z │ dhcp.c.obj                               │       7302 │    64 │    64 │     0 │     0 │       7238 │     228 │        0 │  7010 │       0 │             0 │           0 │
build	Build ESP32-C6 firmware	2026-09-24T12:16:41.5433504Z │ regdma_link.c.obj                        │       7091 │     0 │     0 │     0 │     0 │       7091 │     767 │        0 │  6324 │       0 │             0 │           0 │
build	Build ESP32-C6 firmware	2026-09-24T12:16:41.5434320Z │ ieee80211_nvs.o                          │       7087 │  1304 │  1300 │     4 │     0 │       5783 │     491 │        0 │  5292 │       0 │             0 │           0 │
build	Build ESP32-C6 firmware	2026-09-24T12:16:41.5435060Z │ rsa.c.obj                                │       7050 │     0 │     0 │     0 │     0 │       7050 │       0 │        0 │  7050 │       0 │             0 │           0 │
build	Build ESP32-C6 firmware	2026-09-24T12:16:41.5435993Z │ lv_draw_mask.c.obj                       │       6788 │  3832 │     0 │     0 │  3832 │       2956 │       0 │        0 │  2956 │       0 │             0 │           0 │
build	Build ESP32-C6 firmware	2026-09-24T12:16:41.5436781Z │ sockets.c.obj                            │       6755 │   608 │   608 │     0 │     0 │       6147 │     209 │        0 │  5938 │       0 │             0 │           0 │
build	Build ESP32-C6 firmware	2026-09-24T12:16:41.5437538Z │ gpio.c.obj                               │       6657 │    36 │     0 │    36 │     0 │       6621 │     631 │        0 │  5990 │       0 │             0 │           0 │
build	Build ESP32-C6 firmware	2026-09-24T12:16:41.5438434Z │ ledc.c.obj                               │       6604 │   218 │    36 │     0 │   182 │       6386 │     232 │        0 │  6154 │       0 │             0 │           0 │
build	Build ESP32-C6 firmware	2026-09-24T12:16:41.5439178Z │ ieee80211_api.o                          │       6545 │    30 │    10 │    20 │     0 │       6515 │     371 │        0 │  6144 │       0 │             0 │           0 │
build	Build ESP32-C6 firmware	2026-09-24T12:16:41.5439951Z │ ieee80211_input.o                        │       6523 │     0 │     0 │     0 │     0 │       6523 │     517 │        0 │  6006 │       0 │             0 │           0 │
build	Build ESP32-C6 firmware	2026-09-24T12:16:41.5440706Z │ lv_obj_scroll.c.obj                      │       6382 │     0 │     0 │     0 │     0 │       6382 │       0 │        0 │  6382 │       0 │             0 │           0 │
build	Build ESP32-C6 firmware	2026-09-24T12:16:41.5441444Z │ bignum.c.obj                             │       6341 │     0 │     0 │     0 │     0 │       6341 │     167 │        0 │  6174 │       0 │             0 │           0 │
build	Build ESP32-C6 firmware	2026-09-24T12:16:41.5442203Z │ vfs_fat.c.obj                            │       6248 │    12 │    12 │     0 │     0 │       6236 │     220 │        0 │  6016 │       0 │             0 │           0 │
build	Build ESP32-C6 firmware	2026-09-24T12:16:41.5442953Z │ hal_mac_tx.o                             │       6177 │  5160 │   106 │     0 │  5054 │       1017 │     675 │        0 │   342 │       0 │             0 │           0 │
build	Build ESP32-C6 firmware	2026-09-24T12:16:41.5443915Z │ tcp.c.obj                                │       6174 │    25 │    23 │     2 │     0 │       6149 │     353 │        0 │  5796 │       0 │             0 │           0 │
build	Build ESP32-C6 firmware	2026-09-24T12:16:41.5444727Z │ lv_btnmatrix.c.obj                       │       5992 │    28 │     0 │    28 │     0 │       5964 │      28 │        0 │  5936 │       0 │             0 │           0 │
build	Build ESP32-C6 firmware	2026-09-24T12:16:41.5445496Z │ hal_mac_ctl.o                            │       5952 │   376 │     0 │   204 │   172 │       5576 │     596 │        0 │  4980 │       0 │             0 │           0 │
build	Build ESP32-C6 firmware	2026-09-24T12:16:41.5446255Z │ lv_refr.c.obj                            │       5948 │    94 │     8 │     0 │    86 │       5854 │       0 │        0 │  5854 │       0 │             0 │           0 │
build	Build ESP32-C6 firmware	2026-09-24T12:16:41.5447000Z │ linenoise.c.obj                          │       5740 │    37 │    28 │     9 │     0 │       5703 │      11 │        0 │  5692 │       0 │             0 │           0 │
build	Build ESP32-C6 firmware	2026-09-24T12:16:41.5447889Z │ ringbuf.c.obj                            │       5740 │  5238 │     0 │     0 │  5238 │        502 │     502 │        0 │     0 │       0 │             0 │           0 │
build	Build ESP32-C6 firmware	2026-09-24T12:16:41.5448648Z │ lv_label.c.obj                           │       5734 │     0 │     0 │     0 │     0 │       5734 │      28 │        0 │  5706 │       0 │             0 │           0 │
build	Build ESP32-C6 firmware	2026-09-24T12:16:41.5449372Z │ sdmmc_sd.c.obj                           │       5685 │     0 │     0 │     0 │     0 │       5685 │     575 │        0 │  5110 │       0 │             0 │           0 │
build	Build ESP32-C6 firmware	2026-09-24T12:16:41.5450266Z │ sha512.c.obj                             │       5672 │     0 │     0 │     0 │     0 │       5672 │     640 │        0 │  5032 │       0 │             0 │           0 │
build	Build ESP32-C6 firmware	2026-09-24T12:16:41.5450989Z │ vfs.c.obj                                │       5656 │   232 │    40 │   192 │     0 │       5424 │      30 │        0 │  5394 │       0 │             0 │           0 │
build	Build ESP32-C6 firmware	2026-09-24T12:16:41.5451738Z │ rtc_clk.c.obj                            │       5510 │  5510 │     8 │  3014 │  2488 │          0 │       0 │        0 │     0 │       0 │             0 │           0 │
build	Build ESP32-C6 firmware	2026-09-24T12:16:41.5452494Z │ lv_obj_style.c.obj                       │       5263 │   183 │     0 │     1 │   182 │       5080 │       0 │        0 │  5080 │       0 │             0 │           0 │
build	Build ESP32-C6 firmware	2026-09-24T12:16:41.5453373Z │ sleep_retention.c.obj                    │       5245 │   920 │     0 │   892 │    28 │       4325 │     325 │        0 │  4000 │       0 │             0 │           0 │
build	Build ESP32-C6 firmware	2026-09-24T12:16:41.5454141Z │ lv_indev.c.obj                           │       5232 │     8 │     8 │     0 │     0 │       5224 │       0 │        0 │  5224 │       0 │             0 │           0 │
build	Build ESP32-C6 firmware	2026-09-24T12:16:41.5454873Z │ phy_tx_cal.o                             │       5187 │    11 │     0 │    11 │     0 │       5176 │       0 │        0 │  5176 │       0 │             0 │           0 │
build	Build ESP32-C6 firmware	2026-09-24T12:16:41.5455625Z │ nvs_storage.cpp.obj                      │       5160 │     0 │     0 │     0 │     0 │       5160 │       0 │        0 │  5160 │       0 │             0 │           0 │
build	Build ESP32-C6 firmware	2026-09-24T12:16:41.5456387Z │ lv_arc.c.obj                             │       5118 │     0 │     0 │     0 │     0 │       5118 │      28 │        0 │  5090 │       0 │             0 │           0 │
build	Build ESP32-C6 firmware	2026-09-24T12:16:41.5457136Z │ lv_textarea.c.obj                        │       5104 │     4 │     4 │     0 │     0 │       5100 │      28 │        0 │  5072 │       0 │             0 │           0 │
build	Build ESP32-C6 firmware	2026-09-24T12:16:41.5457904Z │ nvs_page.cpp.obj                         │       4980 │     4 │     4 │     0 │     0 │       4976 │       4 │        0 │  4972 │       0 │             0 │           0 │
build	Build ESP32-C6 firmware	2026-09-24T12:16:41.5458666Z │ api_msg.c.obj                            │       4978 │     0 │     0 │     0 │     0 │       4978 │     254 │        0 │  4724 │       0 │             0 │           0 │
build	Build ESP32-C6 firmware	2026-09-24T12:16:41.5459403Z │ hal_debug.o                              │       4966 │     0 │     0 │     0 │     0 │       4966 │     976 │        0 │  3990 │       0 │             0 │           0 │
build	Build ESP32-C6 firmware	2026-09-24T12:16:41.5460154Z │ sdmmc_cmd.c.obj                          │       4819 │     0 │     0 │     0 │     0 │       4819 │     267 │        0 │  4552 │       0 │             0 │           0 │
build	Build ESP32-C6 firmware	2026-09-24T12:16:41.5460909Z │ spi_common.c.obj                         │       4773 │   336 │     0 │   112 │   224 │       4437 │     147 │        0 │  4290 │       0 │             0 │           0 │
build	Build ESP32-C6 firmware	2026-09-24T12:16:41.5461720Z │ lv_draw_sw_blend.c.obj                   │       4670 │  2610 │     0 │     0 │  2610 │       2060 │       0 │        0 │  2060 │       0 │             0 │           0 │
build	Build ESP32-C6 firmware	2026-09-24T12:16:41.5462484Z │ world.c.obj                              │       4638 │     0 │     0 │     0 │     0 │       4638 │       6 │        0 │  4632 │       0 │             0 │           0 │
build	Build ESP32-C6 firmware	2026-09-24T12:16:41.5463458Z │ pm_twt.o                                 │       4573 │  1299 │    19 │    24 │  1256 │       3274 │     326 │        0 │  2948 │       0 │             0 │           0 │
build	Build ESP32-C6 firmware	2026-09-24T12:16:41.5464194Z │ ip6.c.obj                                │       4550 │     0 │     0 │     0 │     0 │       4550 │      18 │        0 │  4532 │       0 │             0 │           0 │
build	Build ESP32-C6 firmware	2026-09-24T12:16:41.5464926Z │ lv_dropdown.c.obj                        │       4420 │     0 │     0 │     0 │     0 │       4420 │      56 │        0 │  4364 │       0 │             0 │           0 │
build	Build ESP32-C6 firmware	2026-09-24T12:16:41.5465677Z │ queue.c.obj                              │       4419 │  4024 │     0 │     0 │  4024 │        395 │     395 │        0 │     0 │       0 │             0 │           0 │
build	Build ESP32-C6 firmware	2026-09-24T12:16:41.5466545Z │ lv_obj.c.obj                             │       4359 │     5 │     5 │     0 │     0 │       4354 │      28 │        0 │  4326 │       0 │             0 │           0 │
build	Build ESP32-C6 firmware	2026-09-24T12:16:41.5467328Z │ ieee80211_supplicant.o                   │       4292 │   164 │   160 │     4 │     0 │       4128 │     110 │        0 │  4018 │       0 │             0 │           0 │
build	Build ESP32-C6 firmware	2026-09-24T12:16:41.5468089Z │ aria.c.obj                               │       4098 │     0 │     0 │     0 │     0 │       4098 │    1072 │        0 │  3026 │       0 │             0 │           0 │
build	Build ESP32-C6 firmware	2026-09-24T12:16:41.5468836Z │ lv_indev_scroll.c.obj                    │       4086 │     0 │     0 │     0 │     0 │       4086 │       0 │        0 │  4086 │       0 │             0 │           0 │
build	Build ESP32-C6 firmware	2026-09-24T12:16:41.5469589Z │ lv_table.c.obj                           │       4082 │     0 │     0 │     0 │     0 │       4082 │      28 │        0 │  4054 │       0 │             0 │           0 │
build	Build ESP32-C6 firmware	2026-09-24T12:16:41.5470341Z │ lv_draw_sw_arc.c.obj                     │       4076 │     0 │     0 │     0 │     0 │       4076 │       0 │        0 │  4076 │       0 │             0 │           0 │
build	Build ESP32-C6 firmware	2026-09-24T12:16:41.5471096Z │ phy_init.o                               │       4074 │  1076 │     4 │   408 │   664 │       2998 │       0 │        0 │  2998 │       0 │             0 │           0 │
build	Build ESP32-C6 firmware	2026-09-24T12:16:41.5471862Z │ gdma.c.obj                               │       4022 │   372 │     0 │    16 │   356 │       3650 │     236 │        0 │  3414 │       0 │             0 │           0 │
build	Build ESP32-C6 firmware	2026-09-24T12:16:41.5472593Z │ udp.c.obj                                │       3922 │     6 │     4 │     2 │     0 │       3916 │      50 │        0 │  3866 │       0 │             0 │           0 │
build	Build ESP32-C6 firmware	2026-09-24T12:16:41.5473447Z │ sdspi_host.c.obj                         │       3919 │     8 │     8 │     0 │     0 │       3911 │      27 │        0 │  3884 │       0 │             0 │           0 │
build	Build ESP32-C6 firmware	2026-09-24T12:16:41.5474227Z │ phy_rx_cal.o                             │       3830 │    54 │     0 │    54 │     0 │       3776 │       0 │        0 │  3776 │       0 │             0 │           0 │
build	Build ESP32-C6 firmware	2026-09-24T12:16:41.5474953Z │ lv_flex.c.obj                            │       3824 │    22 │    22 │     0 │     0 │       3802 │       0 │        0 │  3802 │       0 │             0 │           0 │
build	Build ESP32-C6 firmware	2026-09-24T12:16:41.5475871Z │ ieee80211_timer.o                        │       3769 │   256 │     0 │   256 │     0 │       3513 │    1629 │        0 │  1884 │       0 │             0 │           0 │
build	Build ESP32-C6 firmware	2026-09-24T12:16:41.5476648Z │ ieee80211.o                              │       3731 │   676 │   676 │     0 │     0 │       3055 │     399 │        0 │  2656 │       0 │             0 │           0 │
build	Build ESP32-C6 firmware	2026-09-24T12:16:41.5477429Z │ ieee80211_parser.c.obj                   │       3691 │     0 │     0 │     0 │     0 │       3691 │      17 │        0 │  3674 │       0 │             0 │           0 │
build	Build ESP32-C6 firmware	2026-09-24T12:16:41.5478326Z │ argtable3.c.obj                          │       3678 │     0 │     0 │     0 │     0 │       3678 │       0 │        0 │  3678 │       0 │             0 │           0 │
build	Build ESP32-C6 firmware	2026-09-24T12:16:41.5479085Z │ lv_grid.c.obj                            │       3656 │    42 │    42 │     0 │     0 │       3614 │       0 │        0 │  3614 │       0 │             0 │           0 │
build	Build ESP32-C6 firmware	2026-09-24T12:16:41.5479838Z │ lv_colorwheel.c.obj                      │       3624 │     8 │     5 │     3 │     0 │       3616 │      28 │        0 │  3588 │       0 │             0 │           0 │
build	Build ESP32-C6 firmware	2026-09-24T12:16:41.5480599Z │ netif.c.obj                              │       3613 │   273 │   273 │     0 │     0 │       3340 │     210 │        0 │  3130 │       0 │             0 │           0 │
build	Build ESP32-C6 firmware	2026-09-24T12:16:41.5481359Z │ sdmmc_common.c.obj                       │       3608 │     0 │     0 │     0 │     0 │       3608 │     266 │        0 │  3342 │       0 │             0 │           0 │
build	Build ESP32-C6 firmware	2026-09-24T12:16:41.5482143Z │ wpa_common.c.obj                         │       3606 │     0 │     0 │     0 │     0 │       3606 │       0 │        0 │  3606 │       0 │             0 │           0 │
build	Build ESP32-C6 firmware	2026-09-24T12:16:41.5482909Z │ esp_flash_api.c.obj                      │       3595 │  3356 │     0 │   238 │  3118 │        239 │     219 │        0 │    20 │       0 │             0 │           0 │
build	Build ESP32-C6 firmware	2026-09-24T12:16:41.5483779Z │ esp_wpa3.c.obj                           │       3546 │   164 │   156 │     8 │     0 │       3382 │       0 │        0 │  3382 │       0 │             0 │           0 │
build	Build ESP32-C6 firmware	2026-09-24T12:16:41.5484533Z │ sae_pk.c.obj                             │       3542 │     0 │     0 │     0 │     0 │       3542 │    1056 │        0 │  2486 │       0 │             0 │           0 │
build	Build ESP32-C6 firmware	2026-09-24T12:16:41.5485291Z │ coexist_scheme.o                         │       3507 │  1281 │     0 │  1243 │    38 │       2226 │       0 │        0 │  2226 │       0 │             0 │           0 │
build	Build ESP32-C6 firmware	2026-09-24T12:16:41.5486086Z │ esp_mmu_map.c.obj                        │       3494 │   400 │    44 │     4 │   352 │       3094 │     142 │        0 │  2952 │       0 │             0 │           0 │
build	Build ESP32-C6 firmware	2026-09-24T12:16:41.5486878Z │ ieee80211_btwt.o                         │       3440 │  1256 │  1256 │     0 │     0 │       2184 │     196 │        0 │  1988 │       0 │             0 │           0 │
build	Build ESP32-C6 firmware	2026-09-24T12:16:41.5487674Z │ lv_roller.c.obj                          │       3436 │     0 │     0 │     0 │     0 │       3436 │      56 │        0 │  3380 │       0 │             0 │           0 │
build	Build ESP32-C6 firmware	2026-09-24T12:16:41.5488437Z │ esf_buf.o                                │       3422 │  1990 │   240 │   508 │  1242 │       1432 │     490 │        0 │   942 │       0 │             0 │           0 │
build	Build ESP32-C6 firmware	2026-09-24T12:16:41.5489245Z │ spi_flash_chip_generic.c.obj             │       3322 │  3322 │     0 │   250 │  3072 │          0 │       0 │        0 │     0 │       0 │             0 │           0 │
build	Build ESP32-C6 firmware	2026-09-24T12:16:41.5490065Z │ bignum_core.c.obj                        │       3300 │     0 │     0 │     0 │     0 │       3300 │       0 │        0 │  3300 │       0 │             0 │           0 │
build	Build ESP32-C6 firmware	2026-09-24T12:16:41.5490834Z │ intr_alloc.c.obj                         │       3294 │   785 │    13 │     0 │   772 │       2509 │     157 │        0 │  2352 │       0 │             0 │           0 │
build	Build ESP32-C6 firmware	2026-09-24T12:16:41.5491731Z │ pp_he.o                                  │       3224 │  2946 │     0 │    40 │  2906 │        278 │     154 │        0 │   124 │       0 │             0 │           0 │
build	Build ESP32-C6 firmware	2026-09-24T12:16:41.5492485Z │ etharp.c.obj                             │       3183 │   241 │   241 │     0 │     0 │       2942 │      80 │        0 │  2862 │       0 │             0 │           0 │
build	Build ESP32-C6 firmware	2026-09-24T12:16:41.5493307Z │ clk.c.obj                                │       3123 │    36 │     0 │     0 │    36 │       3087 │      13 │        0 │  3074 │       0 │             0 │           0 │
build	Build ESP32-C6 firmware	2026-09-24T12:16:41.5494203Z │ crypto_mbedtls-ec.c.obj                  │       3078 │     0 │     0 │     0 │     0 │       3078 │       0 │        0 │  3078 │       0 │             0 │           0 │
build	Build ESP32-C6 firmware	2026-09-24T12:16:41.5494992Z │ esp_lcd_panel_io_spi.c.obj               │       3054 │     0 │     0 │     0 │     0 │       3054 │     108 │        0 │  2946 │       0 │             0 │           0 │
build	Build ESP32-C6 firmware	2026-09-24T12:16:41.5495780Z │ if_hwctrl.o                              │       3051 │   281 │   161 │     0 │   120 │       2770 │      38 │        0 │  2732 │       0 │             0 │           0 │
build	Build ESP32-C6 firmware	2026-09-24T12:16:41.5496547Z │ lv_img_decoder.c.obj                     │       3030 │     0 │     0 │     0 │     0 │       3030 │      16 │        0 │  3014 │       0 │             0 │           0 │
build	Build ESP32-C6 firmware	2026-09-24T12:16:41.5497298Z │ lv_meter.c.obj                           │       3000 │   182 │     0 │     0 │   182 │       2818 │      28 │        0 │  2790 │       0 │             0 │           0 │
build	Build ESP32-C6 firmware	2026-09-24T12:16:41.5498100Z │ spi_flash_hal_iram.c.obj                 │       2864 │  2864 │     0 │    36 │  2828 │          0 │       0 │        0 │     0 │       0 │             0 │           0 │
build	Build ESP32-C6 firmware	2026-09-24T12:16:41.5498861Z │ lv_img.c.obj                             │       2858 │     0 │     0 │     0 │     0 │       2858 │      28 │        0 │  2830 │       0 │             0 │           0 │
build	Build ESP32-C6 firmware	2026-09-24T12:16:41.5499614Z │ lv_obj_draw.c.obj                        │       2794 │     0 │     0 │     0 │     0 │       2794 │       0 │        0 │  2794 │       0 │             0 │           0 │
build	Build ESP32-C6 firmware	2026-09-24T12:16:41.5500365Z │ lv_draw_sw_line.c.obj                    │       2787 │  2754 │     0 │     0 │  2754 │         33 │      33 │        0 │     0 │       0 │             0 │           0 │
build	Build ESP32-C6 firmware	2026-09-24T12:16:41.5501134Z │ lv_slider.c.obj                          │       2782 │     0 │     0 │     0 │     0 │       2782 │      28 │        0 │  2754 │       0 │             0 │           0 │
build	Build ESP32-C6 firmware	2026-09-24T12:16:41.5501892Z │ pmu_init.c.obj                           │       2775 │    66 │     0 │    56 │    10 │       2709 │     195 │        0 │  2514 │       0 │             0 │           0 │
build	Build ESP32-C6 firmware	2026-09-24T12:16:41.5502629Z │ pbuf.c.obj                               │       2768 │     1 │     1 │     0 │     0 │       2767 │     147 │        0 │  2620 │       0 │             0 │           0 │
build	Build ESP32-C6 firmware	2026-09-24T12:16:41.5503604Z │ lv_bar.c.obj                             │       2762 │     0 │     0 │     0 │     0 │       2762 │      28 │        0 │  2734 │       0 │             0 │           0 │
build	Build ESP32-C6 firmware	2026-09-24T12:16:41.5504342Z │ ieee802_11.c.obj                         │       2734 │     0 │     0 │     0 │     0 │       2734 │       0 │        0 │  2734 │       0 │             0 │           0 │
build	Build ESP32-C6 firmware	2026-09-24T12:16:41.5505104Z │ modem_clock.c.obj                        │       2686 │  1632 │     0 │   180 │  1452 │       1054 │     198 │        0 │   856 │       0 │             0 │           0 │
build	Build ESP32-C6 firmware	2026-09-24T12:16:41.5505856Z │ hal_mac.o                                │       2684 │   420 │     6 │     0 │   414 │       2264 │       6 │        0 │  2258 │       0 │             0 │           0 │
build	Build ESP32-C6 firmware	2026-09-24T12:16:41.5506719Z │ lv_printf.c.obj                          │       2660 │     0 │     0 │     0 │     0 │       2660 │       0 │        0 │  2660 │       0 │             0 │           0 │
build	Build ESP32-C6 firmware	2026-09-24T12:16:41.5507480Z │ port.c.obj                               │       2650 │  2610 │  1564 │    80 │   966 │         40 │      40 │        0 │     0 │       0 │             0 │           0 │
build	Build ESP32-C6 firmware	2026-09-24T12:16:41.5508216Z │ wl_chm.o                                 │       2618 │   592 │   592 │     0 │     0 │       2026 │      66 │        0 │  1960 │       0 │             0 │           0 │
build	Build ESP32-C6 firmware	2026-09-24T12:16:41.5508988Z │ usb_serial_jtag_vfs.c.obj                │       2608 │    56 │     8 │    48 │     0 │       2552 │     144 │        0 │  2408 │       0 │             0 │           0 │
build	Build ESP32-C6 firmware	2026-09-24T12:16:41.5509755Z │ wpa_auth_ie.c.obj                        │       2554 │     0 │     0 │     0 │     0 │       2554 │       0 │        0 │  2554 │       0 │             0 │           0 │
build	Build ESP32-C6 firmware	2026-09-24T12:16:41.5510508Z │ lv_txt.c.obj                             │       2516 │    28 │     0 │    28 │     0 │       2488 │       0 │        0 │  2488 │       0 │             0 │           0 │
build	Build ESP32-C6 firmware	2026-09-24T12:16:41.5511275Z │ esp_lcd_sh8601.c.obj                     │       2509 │     4 │     1 │     3 │     0 │       2505 │     231 │        0 │  2274 │       0 │             0 │           0 │
build	Build ESP32-C6 firmware	2026-09-24T12:16:41.5512039Z │ lv_area.c.obj                            │       2488 │    12 │     8 │     4 │     0 │       2476 │       0 │        0 │  2476 │       0 │             0 │           0 │
build	Build ESP32-C6 firmware	2026-09-24T12:16:41.5512809Z │ lv_draw_sw_transform.c.obj               │       2380 │   182 │     0 │     0 │   182 │       2198 │       0 │        0 │  2198 │       0 │             0 │           0 │
build	Build ESP32-C6 firmware	2026-09-24T12:16:41.5513660Z │ task_wdt.c.obj                           │       2325 │    30 │     5 │    25 │     0 │       2295 │     115 │        0 │  2180 │       0 │             0 │           0 │
build	Build ESP32-C6 firmware	2026-09-24T12:16:41.5514418Z │ usb_serial_jtag.c.obj                    │       2251 │     4 │     4 │     0 │     0 │       2247 │      59 │        0 │  2188 │       0 │             0 │           0 │
build	Build ESP32-C6 firmware	2026-09-24T12:16:41.5515175Z │ gcm.c.obj                                │       2172 │     0 │     0 │     0 │     0 │       2172 │      32 │        0 │  2140 │       0 │             0 │           0 │
build	Build ESP32-C6 firmware	2026-09-24T12:16:41.5515911Z │ sdmmc_mmc.c.obj                          │       2155 │     0 │     0 │     0 │     0 │       2155 │     135 │        0 │  2020 │       0 │             0 │           0 │
build	Build ESP32-C6 firmware	2026-09-24T12:16:41.5516656Z │ phy_i2c.o                                │       2148 │  1286 │     0 │    52 │  1234 │        862 │       0 │        0 │   862 │       0 │             0 │           0 │
build	Build ESP32-C6 firmware	2026-09-24T12:16:41.5517402Z │ eapol_parser.c.obj                       │       2144 │     0 │     0 │     0 │     0 │       2144 │       8 │        0 │  2136 │       0 │             0 │           0 │
build	Build ESP32-C6 firmware	2026-09-24T12:16:41.5518164Z │ phy_pbus.o                               │       2096 │   384 │     0 │   176 │   208 │       1712 │       0 │        0 │  1712 │       0 │             0 │           0 │
build	Build ESP32-C6 firmware	2026-09-24T12:16:41.5519062Z │ libc_a-getopt.o                          │       2088 │    28 │    20 │     8 │     0 │       2060 │       0 │        0 │  2060 │       0 │             0 │           0 │
build	Build ESP32-C6 firmware	2026-09-24T12:16:41.5519989Z │ nvs_api.cpp.obj                          │       2082 │    16 │    16 │     0 │     0 │       2066 │       0 │        0 │  2066 │       0 │             0 │           0 │
build	Build ESP32-C6 firmware	2026-09-24T12:16:41.5522525Z │ spi_hal_iram.c.obj                       │       2056 │  2056 │     0 │    20 │  2036 │          0 │       0 │        0 │     0 │       0 │             0 │           0 │
build	Build ESP32-C6 firmware	2026-09-24T12:16:41.5523688Z │ phy_hw_freq.o                            │       2036 │  1066 │     0 │    40 │  1026 │        970 │       0 │        0 │   970 │       0 │             0 │           0 │
build	Build ESP32-C6 firmware	2026-09-24T12:16:41.5525215Z │ esp_aes_dma_core.c.obj                   │       2033 │   188 │    88 │    56 │    44 │       1845 │      39 │        0 │  1806 │       0 │             0 │           0 │
build	Build ESP32-C6 firmware	2026-09-24T12:16:41.5526369Z │ board_display.c.obj                      │       2019 │   213 │   167 │    46 │     0 │       1806 │     240 │        0 │  1566 │       0 │             0 │           0 │
build	Build ESP32-C6 firmware	2026-09-24T12:16:41.5527480Z │ mld6.c.obj                               │       1983 │     1 │     1 │     0 │     0 │       1982 │       0 │        0 │  1982 │       0 │             0 │           0 │
build	Build ESP32-C6 firmware	2026-09-24T12:16:41.5528242Z │ spi_bus_lock.c.obj                       │       1973 │  1247 │     0 │     9 │  1238 │        726 │     102 │        0 │   624 │       0 │             0 │           0 │
build	Build ESP32-C6 firmware	2026-09-24T12:16:41.5529039Z │ lv_draw_label.c.obj                      │       1954 │  1826 │     0 │     0 │  1826 │        128 │       0 │        0 │   128 │       0 │             0 │           0 │
build	Build ESP32-C6 firmware	2026-09-24T12:16:41.5529865Z │ wpa_ie.c.obj                             │       1951 │     0 │     0 │     0 │     0 │       1951 │      19 │        0 │  1932 │       0 │             0 │           0 │
build	Build ESP32-C6 firmware	2026-09-24T12:16:41.5530594Z │ sys_arch.c.obj                           │       1923 │    12 │    12 │     0 │     0 │       1911 │     165 │        0 │  1746 │       0 │             0 │           0 │
build	Build ESP32-C6 firmware	2026-09-24T12:16:41.5531373Z │ modem_clock_hal.c.obj                    │       1921 │   684 │     4 │     0 │   680 │       1237 │     257 │        0 │   980 │       0 │             0 │           0 │
build	Build ESP32-C6 firmware	2026-09-24T12:16:41.5532138Z │ pkparse.c.obj                            │       1910 │     0 │     0 │     0 │     0 │       1910 │       0 │        0 │  1910 │       0 │             0 │           0 │
build	Build ESP32-C6 firmware	2026-09-24T12:16:41.5532880Z │ ip4.c.obj                                │       1908 │     6 │     6 │     0 │     0 │       1902 │      22 │        0 │  1880 │       0 │             0 │           0 │
build	Build ESP32-C6 firmware	2026-09-24T12:16:41.5533616Z │ phy_init.c.obj                           │       1905 │   269 │     5 │     0 │   264 │       1636 │     116 │        0 │  1520 │       0 │             0 │           0 │
build	Build ESP32-C6 firmware	2026-09-24T12:16:41.5534077Z │ lv_keyboard.c.obj                        │       1898 │    72 │     0 │    72 │     0 │       1826 │     914 │        0 │   912 │       0 │             0 │           0 │
build	Build ESP32-C6 firmware	2026-09-24T12:16:41.5534641Z │ igmp.c.obj                               │       1893 │     9 │     9 │     0 │     0 │       1884 │      28 │        0 │  1856 │       0 │             0 │           0 │
build	Build ESP32-C6 firmware	2026-09-24T12:16:41.5535097Z │ esp_adapter.c.obj                        │       1891 │   815 │     5 │   484 │   326 │       1076 │       0 │        0 │  1076 │       0 │             0 │           0 │
build	Build ESP32-C6 firmware	2026-09-24T12:16:41.5535541Z │ raw.c.obj                                │       1886 │     4 │     4 │     0 │     0 │       1882 │      28 │        0 │  1854 │       0 │             0 │           0 │
build	Build ESP32-C6 firmware	2026-09-24T12:16:41.5536082Z │ esp_timer.c.obj                          │       1855 │   858 │     8 │     0 │   850 │        997 │      21 │        0 │   976 │       0 │             0 │           0 │
build	Build ESP32-C6 firmware	2026-09-24T12:16:41.5536534Z │ phy_tx_gain.o                            │       1824 │   132 │     0 │   132 │     0 │       1692 │       0 │        0 │  1692 │       0 │             0 │           0 │
build	Build ESP32-C6 firmware	2026-09-24T12:16:41.5536984Z │ phy_rx_gain.o                            │       1820 │    46 │     0 │    46 │     0 │       1774 │       0 │        0 │  1774 │       0 │             0 │           0 │
build	Build ESP32-C6 firmware	2026-09-24T12:16:41.5537420Z │ lv_draw_arc.c.obj                        │       1818 │     0 │     0 │     0 │     0 │       1818 │       0 │        0 │  1818 │       0 │             0 │           0 │
build	Build ESP32-C6 firmware	2026-09-24T12:16:41.5537867Z │ esp_err_to_name.c.obj                    │       1816 │     0 │     0 │     0 │     0 │       1816 │    1758 │        0 │    58 │       0 │             0 │           0 │
build	Build ESP32-C6 firmware	2026-09-24T12:16:41.5538322Z │ lv_style.c.obj                           │       1813 │     6 │     4 │     2 │     0 │       1807 │     113 │        0 │  1694 │       0 │             0 │           0 │
build	Build ESP32-C6 firmware	2026-09-24T12:16:41.5538785Z │ lv_draw_sw_letter.c.obj                  │       1809 │  1175 │   261 │     0 │   914 │        634 │     278 │        0 │   356 │       0 │             0 │           0 │
build	Build ESP32-C6 firmware	2026-09-24T12:16:41.5539254Z │ ecdsa.c.obj                              │       1806 │     0 │     0 │     0 │     0 │       1806 │       0 │        0 │  1806 │       0 │             0 │           0 │
build	Build ESP32-C6 firmware	2026-09-24T12:16:41.5539700Z │ lv_draw_sw_img.c.obj                     │       1802 │  1196 │     0 │     0 │  1196 │        606 │       0 │        0 │   606 │       0 │             0 │           0 │
build	Build ESP32-C6 firmware	2026-09-24T12:16:41.5540168Z │ ieee80211_crypto.o                       │       1798 │    44 │    44 │     0 │     0 │       1754 │     282 │        0 │  1472 │       0 │             0 │           0 │
build	Build ESP32-C6 firmware	2026-09-24T12:16:41.5540640Z │ esp_bignum.c.obj                         │       1795 │   130 │    88 │     0 │    42 │       1665 │      31 │        0 │  1634 │       0 │             0 │           0 │
build	Build ESP32-C6 firmware	2026-09-24T12:16:41.5541102Z │ rsa_alt_helpers.c.obj                    │       1774 │     0 │     0 │     0 │     0 │       1774 │       0 │        0 │  1774 │       0 │             0 │           0 │
build	Build ESP32-C6 firmware	2026-09-24T12:16:41.5541573Z │ cipher_wrap.c.obj                        │       1722 │    28 │     0 │    28 │     0 │       1694 │    1068 │        0 │   626 │       0 │             0 │           0 │
build	Build ESP32-C6 firmware	2026-09-24T12:16:41.5542028Z │ rtc_time.c.obj                           │       1718 │  1658 │     0 │     0 │  1658 │         60 │      60 │        0 │     0 │       0 │             0 │           0 │
build	Build ESP32-C6 firmware	2026-09-24T12:16:41.5542461Z │ md.c.obj                                 │       1716 │     0 │     0 │     0 │     0 │       1716 │      48 │        0 │  1668 │       0 │             0 │           0 │
build	Build ESP32-C6 firmware	2026-09-24T12:16:41.5542904Z │ mmu_hal.c.obj                            │       1708 │  1708 │     0 │   164 │  1544 │          0 │       0 │        0 │     0 │       0 │             0 │           0 │
build	Build ESP32-C6 firmware	2026-09-24T12:16:41.5543632Z │ commands.c.obj                           │       1674 │    44 │    20 │    24 │     0 │       1630 │       8 │        0 │  1622 │       0 │             0 │           0 │
build	Build ESP32-C6 firmware	2026-09-24T12:16:41.5544182Z │ esp_hostap.c.obj                         │       1670 │     4 │     4 │     0 │     0 │       1666 │       0 │        0 │  1666 │       0 │             0 │           0 │
build	Build ESP32-C6 firmware	2026-09-24T12:16:41.5544635Z │ phy_reg.o                                │       1664 │  1358 │     0 │     0 │  1358 │        306 │       0 │        0 │   306 │       0 │             0 │           0 │
build	Build ESP32-C6 firmware	2026-09-24T12:16:41.5545078Z │ esp_aes.c.obj                            │       1662 │     0 │     0 │     0 │     0 │       1662 │       0 │        0 │  1662 │       0 │             0 │           0 │
build	Build ESP32-C6 firmware	2026-09-24T12:16:41.5545539Z │ ieee80211_phy.o                          │       1658 │   212 │     0 │   212 │     0 │       1446 │     544 │        0 │   902 │       0 │             0 │           0 │
build	Build ESP32-C6 firmware	2026-09-24T12:16:41.5546089Z │ mac_addr.c.obj                           │       1633 │   108 │     0 │   108 │     0 │       1525 │      43 │        0 │  1482 │       0 │             0 │           0 │
build	Build ESP32-C6 firmware	2026-09-24T12:16:41.5546549Z │ vfs_fat_sdmmc.c.obj                      │       1600 │    12 │     8 │     4 │     0 │       1588 │      24 │        0 │  1564 │       0 │             0 │           0 │
build	Build ESP32-C6 firmware	2026-09-24T12:16:41.5547069Z │ ieee80211_mbssid.o                       │       1584 │     0 │     0 │     0 │     0 │       1584 │       0 │        0 │  1584 │       0 │             0 │           0 │
build	Build ESP32-C6 firmware	2026-09-24T12:16:41.5547546Z │ lv_calendar.c.obj                        │       1538 │     0 │     0 │     0 │     0 │       1538 │      56 │        0 │  1482 │       0 │             0 │           0 │
build	Build ESP32-C6 firmware	2026-09-24T12:16:41.5547989Z │ lv_menu.c.obj                            │       1536 │     0 │     0 │     0 │     0 │       1536 │     252 │        0 │  1284 │       0 │             0 │           0 │
build	Build ESP32-C6 firmware	2026-09-24T12:16:41.5548422Z │ pem.c.obj                                │       1536 │     0 │     0 │     0 │     0 │       1536 │       0 │        0 │  1536 │       0 │             0 │           0 │
build	Build ESP32-C6 firmware	2026-09-24T12:16:41.5548857Z │ common.c.obj                             │       1516 │     0 │     0 │     0 │     0 │       1516 │       0 │        0 │  1516 │       0 │             0 │           0 │
build	Build ESP32-C6 firmware	2026-09-24T12:16:41.5549303Z │ aes-gcm.c.obj                            │       1512 │     0 │     0 │     0 │     0 │       1512 │       0 │        0 │  1512 │       0 │             0 │           0 │
build	Build ESP32-C6 firmware	2026-09-24T12:16:41.5549750Z │ libc_a-strerror.o                        │       1484 │     0 │     0 │     0 │     0 │       1484 │     572 │        0 │   912 │       0 │             0 │           0 │
build	Build ESP32-C6 firmware	2026-09-24T12:16:41.5550190Z │ ctr_drbg.c.obj                           │       1484 │     0 │     0 │     0 │     0 │       1484 │       0 │        0 │  1484 │       0 │             0 │           0 │
build	Build ESP32-C6 firmware	2026-09-24T12:16:41.5550634Z │ ieee80211_power.o                        │       1481 │     0 │     0 │     0 │     0 │       1481 │      35 │        0 │  1446 │       0 │             0 │           0 │
build	Build ESP32-C6 firmware	2026-09-24T12:16:41.5551163Z │ lv_draw_sw_gradient.c.obj                │       1479 │   375 │     9 │     0 │   366 │       1104 │       0 │        0 │  1104 │       0 │             0 │           0 │
build	Build ESP32-C6 firmware	2026-09-24T12:16:41.5551721Z │ esp_aes_gcm.c.obj                        │       1470 │     0 │     0 │     0 │     0 │       1470 │      64 │        0 │  1406 │       0 │             0 │           0 │
build	Build ESP32-C6 firmware	2026-09-24T12:16:41.5552167Z │ libc_a-tzset_r.o                         │       1466 │    28 │    28 │     0 │     0 │       1438 │       0 │        0 │  1438 │       0 │             0 │           0 │
build	Build ESP32-C6 firmware	2026-09-24T12:16:41.5552620Z │ hal_he_common.o                          │       1462 │  1112 │     0 │     0 │  1112 │        350 │     350 │        0 │     0 │       0 │             0 │           0 │
build	Build ESP32-C6 firmware	2026-09-24T12:16:41.5553211Z │ api_lib.c.obj                            │       1457 │     0 │     0 │     0 │     0 │       1457 │      47 │        0 │  1410 │       0 │             0 │           0 │
build	Build ESP32-C6 firmware	2026-09-24T12:16:41.5553667Z │ spi_flash_hal_gpspi.c.obj                │       1446 │  1446 │     0 │     0 │  1446 │          0 │       0 │        0 │     0 │       0 │             0 │           0 │
build	Build ESP32-C6 firmware	2026-09-24T12:16:41.5554130Z │ app_main.c.obj                           │       1431 │     0 │     0 │     0 │     0 │       1431 │       9 │        0 │  1422 │       0 │             0 │           0 │
build	Build ESP32-C6 firmware	2026-09-24T12:16:41.5554570Z │ esp_wpa_main.c.obj                       │       1429 │     9 │     9 │     0 │     0 │       1420 │       0 │        0 │  1420 │       0 │             0 │           0 │
build	Build ESP32-C6 firmware	2026-09-24T12:16:41.5555010Z │ eloop.c.obj                              │       1428 │    36 │    36 │     0 │     0 │       1392 │       0 │        0 │  1392 │       0 │             0 │           0 │
build	Build ESP32-C6 firmware	2026-09-24T12:16:41.5555464Z │ crypto_mbedtls.c.obj                     │       1422 │     0 │     0 │     0 │     0 │       1422 │       0 │        0 │  1422 │       0 │             0 │           0 │
build	Build ESP32-C6 firmware	2026-09-24T12:16:41.5555914Z │ pmksa_cache.c.obj                        │       1408 │     0 │     0 │     0 │     0 │       1408 │       0 │        0 │  1408 │       0 │             0 │           0 │
build	Build ESP32-C6 firmware	2026-09-24T12:16:41.5556371Z │ libc_a-mktime.o                          │       1400 │     0 │     0 │     0 │     0 │       1400 │      96 │        0 │  1304 │       0 │             0 │           0 │
build	Build ESP32-C6 firmware	2026-09-24T12:16:41.5556816Z │ esp_event.c.obj                          │       1389 │     0 │     0 │     0 │     0 │       1389 │      37 │        0 │  1352 │       0 │             0 │           0 │
build	Build ESP32-C6 firmware	2026-09-24T12:16:41.5557267Z │ channel_hopper.c.obj                     │       1386 │   152 │   152 │     0 │     0 │       1234 │       0 │        0 │  1234 │       0 │             0 │           0 │
build	Build ESP32-C6 firmware	2026-09-24T12:16:41.5557734Z │ locks.c.obj                              │       1379 │  1124 │   168 │     0 │   956 │        255 │      95 │        0 │   160 │       0 │             0 │           0 │
build	Build ESP32-C6 firmware	2026-09-24T12:16:41.5558178Z │ board_sd.c.obj                           │       1378 │     4 │     4 │     0 │     0 │       1374 │     146 │        0 │  1228 │       0 │             0 │           0 │
build	Build ESP32-C6 firmware	2026-09-24T12:16:41.5558639Z │ ieee80211_action.o                       │       1377 │   492 │     0 │   492 │     0 │        885 │       7 │        0 │   878 │       0 │             0 │           0 │
build	Build ESP32-C6 firmware	2026-09-24T12:16:41.5559096Z │ gdma_hal_ahb_v1.c.obj                    │       1364 │   484 │     0 │     4 │   480 │        880 │       0 │        0 │   880 │       0 │             0 │           0 │
build	Build ESP32-C6 firmware	2026-09-24T12:16:41.5559545Z │ ffunicode.c.obj                          │       1358 │     0 │     0 │     0 │     0 │       1358 │     942 │        0 │   416 │       0 │             0 │           0 │
build	Build ESP32-C6 firmware	2026-09-24T12:16:41.5559994Z │ sdmmc_io.c.obj                           │       1344 │     0 │     0 │     0 │     0 │       1344 │     110 │        0 │  1234 │       0 │             0 │           0 │
build	Build ESP32-C6 firmware	2026-09-24T12:16:41.5560429Z │ lv_group.c.obj                           │       1294 │     4 │     4 │     0 │     0 │       1290 │       0 │        0 │  1290 │       0 │             0 │           0 │
build	Build ESP32-C6 firmware	2026-09-24T12:16:41.5560964Z │ lv_draw_img.c.obj                        │       1286 │   746 │     0 │     0 │   746 │        540 │       0 │        0 │   540 │       0 │             0 │           0 │
build	Build ESP32-C6 firmware	2026-09-24T12:16:41.5561430Z │ nvs_partition_manager.cpp.obj            │       1256 │     4 │     4 │     0 │     0 │       1252 │      16 │        0 │  1236 │       0 │             0 │           0 │
build	Build ESP32-C6 firmware	2026-09-24T12:16:41.5561888Z │ lv_anim.c.obj                            │       1246 │    10 │    10 │     0 │     0 │       1236 │       0 │        0 │  1236 │       0 │             0 │           0 │
build	Build ESP32-C6 firmware	2026-09-24T12:16:41.5562411Z │ lv_tabview.c.obj                         │       1241 │     3 │     3 │     0 │     0 │       1238 │      28 │        0 │  1210 │       0 │             0 │           0 │
build	Build ESP32-C6 firmware	2026-09-24T12:16:41.5562849Z │ lv_spinbox.c.obj                         │       1224 │     0 │     0 │     0 │     0 │       1224 │      28 │        0 │  1196 │       0 │             0 │           0 │
build	Build ESP32-C6 firmware	2026-09-24T12:16:41.5563366Z │ panic.c.obj                              │       1221 │    39 │     9 │     8 │    22 │       1182 │       0 │        0 │  1182 │       0 │             0 │           0 │
build	Build ESP32-C6 firmware	2026-09-24T12:16:41.5563816Z │ heap_caps_init.c.obj                     │       1215 │     4 │     4 │     0 │     0 │       1211 │      57 │        0 │  1154 │       0 │             0 │           0 │
build	Build ESP32-C6 firmware	2026-09-24T12:16:41.5564262Z │ lv_checkbox.c.obj                        │       1204 │     0 │     0 │     0 │     0 │       1204 │      28 │        0 │  1176 │       0 │             0 │           0 │
build	Build ESP32-C6 firmware	2026-09-24T12:16:41.5564710Z │ cipher.c.obj                             │       1186 │     0 │     0 │     0 │     0 │       1186 │       0 │        0 │  1186 │       0 │             0 │           0 │
build	Build ESP32-C6 firmware	2026-09-24T12:16:41.5565161Z │ sdspi_transaction.c.obj                  │       1175 │     5 │     5 │     0 │     0 │       1170 │       0 │        0 │  1170 │       0 │             0 │           0 │
build	Build ESP32-C6 firmware	2026-09-24T12:16:41.5565619Z │ lv_obj_tree.c.obj                        │       1174 │     0 │     0 │     0 │     0 │       1174 │       0 │        0 │  1174 │       0 │             0 │           0 │
build	Build ESP32-C6 firmware	2026-09-24T12:16:41.5566058Z │ aes-ccm.c.obj                            │       1164 │     0 │     0 │     0 │     0 │       1164 │       0 │        0 │  1164 │       0 │             0 │           0 │
build	Build ESP32-C6 firmware	2026-09-24T12:16:41.5566488Z │ cmac.c.obj                               │       1162 │     0 │     0 │     0 │     0 │       1162 │       0 │        0 │  1162 │       0 │             0 │           0 │
build	Build ESP32-C6 firmware	2026-09-24T12:16:41.5566943Z │ nvs_pagemanager.cpp.obj                  │       1156 │     0 │     0 │     0 │     0 │       1156 │       0 │        0 │  1156 │       0 │             0 │           0 │
build	Build ESP32-C6 firmware	2026-09-24T12:16:41.5567394Z │ panic_arch.c.obj                         │       1142 │     0 │     0 │     0 │     0 │       1142 │     212 │        0 │   930 │       0 │             0 │           0 │
build	Build ESP32-C6 firmware	2026-09-24T12:16:41.5567934Z │ pmksa_cache_auth.c.obj                   │       1134 │     0 │     0 │     0 │     0 │       1134 │       0 │        0 │  1134 │       0 │             0 │           0 │
build	Build ESP32-C6 firmware	2026-09-24T12:16:41.5568389Z │ tcpip.c.obj                              │       1128 │    12 │    12 │     0 │     0 │       1116 │     118 │        0 │   998 │       0 │             0 │           0 │
build	Build ESP32-C6 firmware	2026-09-24T12:16:41.5568846Z │ ieee80211_crypto_ccmp.o                  │       1126 │    24 │     0 │    24 │     0 │       1102 │     278 │        0 │   824 │       0 │             0 │           0 │
build	Build ESP32-C6 firmware	2026-09-24T12:16:41.5569307Z │ partition.c.obj                          │       1117 │     8 │     8 │     0 │     0 │       1109 │      37 │        0 │  1072 │       0 │             0 │           0 │
build	Build ESP32-C6 firmware	2026-09-24T12:16:41.5569848Z │ lv_color.c.obj                           │       1108 │   252 │     0 │     0 │   252 │        856 │     380 │        0 │   476 │       0 │             0 │           0 │
build	Build ESP32-C6 firmware	2026-09-24T12:16:41.5570298Z │ lv_led.c.obj                             │       1106 │   182 │     0 │     0 │   182 │        924 │      28 │        0 │   896 │       0 │             0 │           0 │
build	Build ESP32-C6 firmware	2026-09-24T12:16:41.5570755Z │ partition_target.c.obj                   │       1103 │     0 │     0 │     0 │     0 │       1103 │     131 │        0 │   972 │       0 │             0 │           0 │
build	Build ESP32-C6 firmware	2026-09-24T12:16:41.5571218Z │ libc_a-findfp.o                          │       1096 │   328 │   316 │    12 │     0 │        768 │       0 │        0 │   768 │       0 │             0 │           0 │
build	Build ESP32-C6 firmware	2026-09-24T12:16:41.5571667Z │ lv_switch.c.obj                          │       1092 │     0 │     0 │     0 │     0 │       1092 │      28 │        0 │  1064 │       0 │             0 │           0 │
build	Build ESP32-C6 firmware	2026-09-24T12:16:41.5572111Z │ sha.c.obj                                │       1087 │    24 │     0 │    24 │     0 │       1063 │      19 │        0 │  1044 │       0 │             0 │           0 │
build	Build ESP32-C6 firmware	2026-09-24T12:16:41.5572544Z │ lv_fs.c.obj                              │       1076 │     0 │     0 │     0 │     0 │       1076 │       0 │        0 │  1076 │       0 │             0 │           0 │
build	Build ESP32-C6 firmware	2026-09-24T12:16:41.5572990Z │ log_binary_heap.c.obj                    │       1070 │   260 │   260 │     0 │     0 │        810 │      48 │        0 │   762 │       0 │             0 │           0 │
build	Build ESP32-C6 firmware	2026-09-24T12:16:41.5573582Z │ dragonfly.c.obj                          │       1070 │     0 │     0 │     0 │     0 │       1070 │       0 │        0 │  1070 │       0 │             0 │           0 │
build	Build ESP32-C6 firmware	2026-09-24T12:16:41.5574023Z │ heap_caps.c.obj                          │       1067 │   542 │     4 │     4 │   534 │        525 │     127 │        0 │   398 │       0 │             0 │           0 │
build	Build ESP32-C6 firmware	2026-09-24T12:16:41.5574486Z │ memspi_host_driver.c.obj                 │       1063 │  1063 │     0 │   257 │   806 │          0 │       0 │        0 │     0 │       0 │             0 │           0 │
build	Build ESP32-C6 firmware	2026-09-24T12:16:41.5574942Z │ hal_crypto.o                             │       1059 │     0 │     0 │     0 │     0 │       1059 │      27 │        0 │  1032 │       0 │             0 │           0 │
build	Build ESP32-C6 firmware	2026-09-24T12:16:41.5575392Z │ ieee80211_action_vendor.o                │       1056 │    16 │    16 │     0 │     0 │       1040 │      62 │        0 │   978 │       0 │             0 │           0 │
build	Build ESP32-C6 firmware	2026-09-24T12:16:41.5575835Z │ phy_track.o                              │       1056 │     0 │     0 │     0 │     0 │       1056 │       0 │        0 │  1056 │       0 │             0 │           0 │
build	Build ESP32-C6 firmware	2026-09-24T12:16:41.5576262Z │ arg_int.c.obj                            │       1050 │     0 │     0 │     0 │     0 │       1050 │       0 │        0 │  1050 │       0 │             0 │           0 │
build	Build ESP32-C6 firmware	2026-09-24T12:16:41.5576711Z │ esp_efuse_utility.c.obj                  │       1047 │     4 │     4 │     0 │     0 │       1043 │     141 │        0 │   902 │       0 │             0 │           0 │
build	Build ESP32-C6 firmware	2026-09-24T12:16:41.5577153Z │ hal_coex.o                               │       1044 │   176 │     0 │     0 │   176 │        868 │      54 │        0 │   814 │       0 │             0 │           0 │
build	Build ESP32-C6 firmware	2026-09-24T12:16:41.5577687Z │ pmu_param.c.obj                          │       1036 │     0 │     0 │     0 │     0 │       1036 │     450 │        0 │   586 │       0 │             0 │           0 │
build	Build ESP32-C6 firmware	2026-09-24T12:16:41.5578138Z │ event_groups.c.obj                       │       1026 │   928 │     0 │     0 │   928 │         98 │      98 │        0 │     0 │       0 │             0 │           0 │
build	Build ESP32-C6 firmware	2026-09-24T12:16:41.5578580Z │ lv_event.c.obj                           │       1022 │     4 │     4 │     0 │     0 │       1018 │       0 │        0 │  1018 │       0 │             0 │           0 │
build	Build ESP32-C6 firmware	2026-09-24T12:16:41.5579122Z │ crypto_mbedtls-bignum.c.obj              │       1014 │     0 │     0 │     0 │     0 │       1014 │       0 │        0 │  1014 │       0 │             0 │           0 │
build	Build ESP32-C6 firmware	2026-09-24T12:16:41.5579586Z │ fastpbkdf2.c.obj                         │       1010 │     0 │     0 │     0 │     0 │       1010 │      12 │        0 │   998 │       0 │             0 │           0 │
build	Build ESP32-C6 firmware	2026-09-24T12:16:41.5580044Z │ pcap_serializer.c.obj                    │        988 │     0 │     0 │     0 │     0 │        988 │      24 │        0 │   964 │       0 │             0 │           0 │
build	Build ESP32-C6 firmware	2026-09-24T12:16:41.5580488Z │ wifi_init.c.obj                          │        959 │     1 │     1 │     0 │     0 │        958 │       8 │        0 │   950 │       0 │             0 │           0 │
build	Build ESP32-C6 firmware	2026-09-24T12:16:41.5580919Z │ nullfs.c.obj                             │        958 │     4 │     4 │     0 │     0 │        954 │     128 │        0 │   826 │       0 │             0 │           0 │
build	Build ESP32-C6 firmware	2026-09-24T12:16:41.5581369Z │ bootloader_flash.c.obj                   │        956 │   916 │     0 │     0 │   916 │         40 │      40 │        0 │     0 │       0 │             0 │           0 │
build	Build ESP32-C6 firmware	2026-09-24T12:16:41.5581812Z │ pk_wrap.c.obj                            │        934 │     0 │     0 │     0 │     0 │        934 │     192 │        0 │   742 │       0 │             0 │           0 │
build	Build ESP32-C6 firmware	2026-09-24T12:16:41.5582250Z │ esp_aes_xts.c.obj                        │        930 │     0 │     0 │     0 │     0 │        930 │       0 │        0 │   930 │       0 │             0 │           0 │
build	Build ESP32-C6 firmware	2026-09-24T12:16:41.5582688Z │ lv_font_fmt_txt.c.obj                    │        928 │     0 │     0 │     0 │     0 │        928 │       0 │        0 │   928 │       0 │             0 │           0 │
build	Build ESP32-C6 firmware	2026-09-24T12:16:41.5583262Z │ diskio_sdmmc.c.obj                       │        916 │    10 │    10 │     0 │     0 │        906 │     102 │        0 │   804 │       0 │             0 │           0 │
build	Build ESP32-C6 firmware	2026-09-24T12:16:41.5583764Z │ icmp.c.obj                               │        914 │     0 │     0 │     0 │     0 │        914 │      30 │        0 │   884 │       0 │             0 │           0 │
build	Build ESP32-C6 firmware	2026-09-24T12:16:41.5584187Z │ lv_style_gen.c.obj                       │        908 │     0 │     0 │     0 │     0 │        908 │       0 │        0 │   908 │       0 │             0 │           0 │
build	Build ESP32-C6 firmware	2026-09-24T12:16:41.5584712Z │ icmp6.c.obj                              │        903 │     0 │     0 │     0 │     0 │        903 │      61 │        0 │   842 │       0 │             0 │           0 │
build	Build ESP32-C6 firmware	2026-09-24T12:16:41.5585146Z │ time.c.obj                               │        900 │   202 │    20 │     0 │   182 │        698 │       0 │        0 │   698 │       0 │             0 │           0 │
build	Build ESP32-C6 firmware	2026-09-24T12:16:41.5585569Z │ ccmp.c.obj                               │        896 │     0 │     0 │     0 │     0 │        896 │       0 │        0 │   896 │       0 │             0 │           0 │
build	Build ESP32-C6 firmware	2026-09-24T12:16:41.5586079Z │ hmac_drbg.c.obj                          │        890 │     0 │     0 │     0 │     0 │        890 │       0 │        0 │   890 │       0 │             0 │           0 │
build	Build ESP32-C6 firmware	2026-09-24T12:16:41.5586518Z │ phy_common.c.obj                         │        881 │    49 │    38 │     1 │    10 │        832 │      40 │        0 │   792 │       0 │             0 │           0 │
build	Build ESP32-C6 firmware	2026-09-24T12:16:41.5586959Z │ phy_rfpll.o                              │        880 │     0 │     0 │     0 │     0 │        880 │       0 │        0 │   880 │       0 │             0 │           0 │
build	Build ESP32-C6 firmware	2026-09-24T12:16:41.5587388Z │ oid.c.obj                                │        873 │     0 │     0 │     0 │     0 │        873 │     553 │        0 │   320 │       0 │             0 │           0 │
build	Build ESP32-C6 firmware	2026-09-24T12:16:41.5587822Z │ coexist_core.o                           │        870 │   150 │     1 │   149 │     0 │        720 │       0 │        0 │   720 │       0 │             0 │           0 │
build	Build ESP32-C6 firmware	2026-09-24T12:16:41.5588268Z │ aes-siv.c.obj                            │        858 │     0 │     0 │     0 │     0 │        858 │      16 │        0 │   842 │       0 │             0 │           0 │
build	Build ESP32-C6 firmware	2026-09-24T12:16:41.5588693Z │ rx_path.c.obj                            │        858 │     0 │     0 │     0 │     0 │        858 │       0 │        0 │   858 │       0 │             0 │           0 │
build	Build ESP32-C6 firmware	2026-09-24T12:16:41.5589143Z │ nvs_handle_simple.cpp.obj                │        854 │     0 │     0 │     0 │     0 │        854 │     128 │        0 │   726 │       0 │             0 │           0 │
build	Build ESP32-C6 firmware	2026-09-24T12:16:41.5589597Z │ lv_math.c.obj                            │        850 │   204 │     0 │     0 │   204 │        646 │     182 │        0 │   464 │       0 │             0 │           0 │
build	Build ESP32-C6 firmware	2026-09-24T12:16:41.5590034Z │ hal_tsf.o                                │        846 │   242 │     8 │     0 │   234 │        604 │       0 │        0 │   604 │       0 │             0 │           0 │
build	Build ESP32-C6 firmware	2026-09-24T12:16:41.5590477Z │ timeouts.c.obj                           │        839 │    12 │    12 │     0 │     0 │        827 │      83 │        0 │   744 │       0 │             0 │           0 │
build	Build ESP32-C6 firmware	2026-09-24T12:16:41.5590925Z │ esp_dma_utils.c.obj                      │        835 │     0 │     0 │     0 │     0 │        835 │     107 │        0 │   728 │       0 │             0 │           0 │
build	Build ESP32-C6 firmware	2026-09-24T12:16:41.5591381Z │ sleep_modes.c.obj                        │        830 │   160 │    24 │   136 │     0 │        642 │      46 │        0 │   596 │      28 │             0 │          28 │
build	Build ESP32-C6 firmware	2026-09-24T12:16:41.5591833Z │ lv_draw_sw_polygon.c.obj                 │        828 │     0 │     0 │     0 │     0 │        828 │       8 │        0 │   820 │       0 │             0 │           0 │
build	Build ESP32-C6 firmware	2026-09-24T12:16:41.5592272Z │ i2c_hal.c.obj                            │        820 │     0 │     0 │     0 │     0 │        820 │      26 │        0 │   794 │       0 │             0 │           0 │
build	Build ESP32-C6 firmware	2026-09-24T12:16:41.5592708Z │ libc_a-fseeko.o                          │        814 │     0 │     0 │     0 │     0 │        814 │       0 │        0 │   814 │       0 │             0 │           0 │
build	Build ESP32-C6 firmware	2026-09-24T12:16:41.5593212Z │ entropy.c.obj                            │        810 │     0 │     0 │     0 │     0 │        810 │       0 │        0 │   810 │       0 │             0 │           0 │
build	Build ESP32-C6 firmware	2026-09-24T12:16:41.5593802Z │ sar_periph_ctrl_common.c.obj             │        806 │    13 │     4 │     9 │     0 │        793 │      33 │        0 │   760 │       0 │             0 │           0 │
build	Build ESP32-C6 firmware	2026-09-24T12:16:41.5594249Z │ spi_hal.c.obj                            │        804 │     0 │     0 │     0 │     0 │        804 │       0 │        0 │   804 │       0 │             0 │           0 │
build	Build ESP32-C6 firmware	2026-09-24T12:16:41.5594681Z │ libc_a-fvwrite.o                         │        798 │     0 │     0 │     0 │     0 │        798 │       0 │        0 │   798 │       0 │             0 │           0 │
build	Build ESP32-C6 firmware	2026-09-24T12:16:41.5595117Z │ lv_timer.c.obj                           │        797 │    17 │    17 │     0 │     0 │        780 │       0 │        0 │   780 │       0 │             0 │           0 │
build	Build ESP32-C6 firmware	2026-09-24T12:16:41.5595642Z │ esp_wpas_glue.c.obj                      │        782 │     0 │     0 │     0 │     0 │        782 │       0 │        0 │   782 │       0 │             0 │           0 │
build	Build ESP32-C6 firmware	2026-09-24T12:16:41.5596094Z │ cache_hal.c.obj                          │        776 │   776 │     8 │   104 │   664 │          0 │       0 │        0 │     0 │       0 │             0 │           0 │
build	Build ESP32-C6 firmware	2026-09-24T12:16:41.5596530Z │ ecc_hal.c.obj                            │        772 │     0 │     0 │     0 │     0 │        772 │      52 │        0 │   720 │       0 │             0 │           0 │
build	Build ESP32-C6 firmware	2026-09-24T12:16:41.5596978Z │ esp_flash_spi_init.c.obj                 │        766 │    84 │     4 │    80 │     0 │        682 │      74 │        0 │   608 │       0 │             0 │           0 │
build	Build ESP32-C6 firmware	2026-09-24T12:16:41.5597417Z │ ccm.c.obj                                │        756 │     0 │     0 │     0 │     0 │        756 │       0 │        0 │   756 │       0 │             0 │           0 │
build	Build ESP32-C6 firmware	2026-09-24T12:16:41.5597856Z │ ieee80211_regdomain.o                    │        752 │     0 │     0 │     0 │     0 │        752 │       0 │        0 │   752 │       0 │             0 │           0 │
build	Build ESP32-C6 firmware	2026-09-24T12:16:41.5598304Z │ lv_hal_disp.c.obj                        │        746 │     4 │     4 │     0 │     0 │        742 │       0 │        0 │   742 │       0 │             0 │           0 │
build	Build ESP32-C6 firmware	2026-09-24T12:16:41.5598762Z │ esp_timer_impl_systimer.c.obj            │        738 │   250 │    20 │     0 │   230 │        488 │      28 │        0 │   460 │       0 │             0 │           0 │
build	Build ESP32-C6 firmware	2026-09-24T12:16:41.5599228Z │ test_hal_tx_statis.o                     │        730 │   730 │     0 │     0 │   730 │          0 │       0 │        0 │     0 │       0 │             0 │           0 │
build	Build ESP32-C6 firmware	2026-09-24T12:16:41.5599667Z │ sdmmc_init.c.obj                         │        728 │     0 │     0 │     0 │     0 │        728 │      16 │        0 │   712 │       0 │             0 │           0 │
build	Build ESP32-C6 firmware	2026-09-24T12:16:41.5600119Z │ memory_layout_utils.c.obj                │        727 │     0 │     0 │     0 │     0 │        727 │      27 │        0 │   700 │       0 │             0 │           0 │
build	Build ESP32-C6 firmware	2026-09-24T12:16:41.5600635Z │ heap_caps_base.c.obj                     │        712 │   674 │     0 │     0 │   674 │         38 │      38 │        0 │     0 │       0 │             0 │           0 │
build	Build ESP32-C6 firmware	2026-09-24T12:16:41.5601074Z │ arg_dstr.c.obj                           │        710 │     0 │     0 │     0 │     0 │        710 │       0 │        0 │   710 │       0 │             0 │           0 │
build	Build ESP32-C6 firmware	2026-09-24T12:16:41.5601514Z │ hal_utilities.o                          │        706 │    20 │    20 │     0 │     0 │        686 │     352 │        0 │   334 │       0 │             0 │           0 │
build	Build ESP32-C6 firmware	2026-09-24T12:16:41.5601950Z │ esp_sha1.c.obj                           │        706 │     0 │     0 │     0 │     0 │        706 │      64 │        0 │   642 │       0 │             0 │           0 │
build	Build ESP32-C6 firmware	2026-09-24T12:16:41.5602464Z │ esp_rom_hp_regi2c_esp32c6.c.obj          │        705 │   660 │     0 │     0 │   660 │         45 │      45 │        0 │     0 │       0 │             0 │           0 │
build	Build ESP32-C6 firmware	2026-09-24T12:16:41.5609950Z │ obs_cache.c.obj                          │        696 │     0 │     0 │     0 │     0 │        696 │       0 │        0 │   696 │       0 │             0 │           0 │
build	Build ESP32-C6 firmware	2026-09-24T12:16:41.5610422Z │ sleep_gpio.c.obj                         │        691 │     0 │     0 │     0 │     0 │        691 │      35 │        0 │   656 │       0 │             0 │           0 │
build	Build ESP32-C6 firmware	2026-09-24T12:16:41.5610864Z │ lv_draw_sw_layer.c.obj                   │        690 │     0 │     0 │     0 │     0 │        690 │       0 │        0 │   690 │       0 │             0 │           0 │
build	Build ESP32-C6 firmware	2026-09-24T12:16:41.5611299Z │ base64.c.obj                             │        686 │     0 │     0 │     0 │     0 │        686 │       0 │        0 │   686 │       0 │             0 │           0 │
build	Build ESP32-C6 firmware	2026-09-24T12:16:41.5611742Z │ pp_timer.o                               │        680 │   336 │     4 │   128 │   204 │        344 │      26 │        0 │   318 │       0 │             0 │           0 │
build	Build ESP32-C6 firmware	2026-09-24T12:16:41.5612198Z │ esp_console_common.c.obj                 │        678 │     0 │     0 │     0 │     0 │        678 │      20 │        0 │   658 │       0 │             0 │           0 │
build	Build ESP32-C6 firmware	2026-09-24T12:16:41.5612663Z │ cpu_region_protect.c.obj                 │        656 │     0 │     0 │     0 │     0 │        656 │       0 │        0 │   656 │       0 │             0 │           0 │
build	Build ESP32-C6 firmware	2026-09-24T12:16:41.5613108Z │ esp_sha256.c.obj                         │        652 │     0 │     0 │     0 │     0 │        652 │      64 │        0 │   588 │       0 │             0 │           0 │
build	Build ESP32-C6 firmware	2026-09-24T12:16:41.5613724Z │ asn1parse.c.obj                          │        652 │     0 │     0 │     0 │     0 │        652 │       0 │        0 │   652 │       0 │             0 │           0 │
build	Build ESP32-C6 firmware	2026-09-24T12:16:41.5614180Z │ system_internal.c.obj                    │        651 │   632 │     0 │     0 │   632 │         19 │      19 │        0 │     0 │       0 │             0 │           0 │
build	Build ESP32-C6 firmware	2026-09-24T12:16:41.5614624Z │ ieee80211_proto.o                        │        647 │     1 │     1 │     0 │     0 │        646 │       0 │        0 │   646 │       0 │             0 │           0 │
build	Build ESP32-C6 firmware	2026-09-24T12:16:41.5615058Z │ hal_ampdu.o                              │        645 │     0 │     0 │     0 │     0 │        645 │     117 │        0 │   528 │       0 │             0 │           0 │
build	Build ESP32-C6 firmware	2026-09-24T12:16:41.5615492Z │ vfs_console.c.obj                        │        624 │    12 │    12 │     0 │     0 │        612 │     180 │        0 │   432 │       0 │             0 │           0 │
build	Build ESP32-C6 firmware	2026-09-24T12:16:41.5615928Z │ ecc_alt.c.obj                            │        622 │     0 │     0 │     0 │     0 │        622 │       0 │        0 │   622 │       0 │             0 │           0 │
build	Build ESP32-C6 firmware	2026-09-24T12:16:41.5616361Z │ esp_rom_wdt.c.obj                        │        620 │   620 │     0 │     0 │   620 │          0 │       0 │        0 │     0 │       0 │             0 │           0 │
build	Build ESP32-C6 firmware	2026-09-24T12:16:41.5616807Z │ ets_timer_legacy.c.obj                   │        619 │   390 │     0 │     0 │   390 │        229 │      47 │        0 │   182 │       0 │             0 │           0 │
build	Build ESP32-C6 firmware	2026-09-24T12:16:41.5617410Z │ spi_flash_os_func_app.c.obj              │        615 │   540 │     0 │    56 │   484 │         75 │      25 │        0 │    50 │       0 │             0 │           0 │
build	Build ESP32-C6 firmware	2026-09-24T12:16:41.5617856Z │ lv_ll.c.obj                              │        612 │     0 │     0 │     0 │     0 │        612 │       0 │        0 │   612 │       0 │             0 │           0 │
build	Build ESP32-C6 firmware	2026-09-24T12:16:41.5618303Z │ lv_calendar_header_arrow.c.obj           │        608 │     0 │     0 │     0 │     0 │        608 │      76 │        0 │   532 │       0 │             0 │           0 │
build	Build ESP32-C6 firmware	2026-09-24T12:16:41.5618846Z │ inet_chksum.c.obj                        │        606 │     0 │     0 │     0 │     0 │        606 │       0 │        0 │   606 │       0 │             0 │           0 │
build	Build ESP32-C6 firmware	2026-09-24T12:16:41.5619288Z │ spi_share_hw_ctrl.c.obj                  │        604 │    14 │    12 │     2 │     0 │        590 │      46 │        0 │   544 │       0 │             0 │           0 │
build	Build ESP32-C6 firmware	2026-09-24T12:16:41.5619747Z │ comeback_token.c.obj                     │        604 │     0 │     0 │     0 │     0 │        604 │       0 │        0 │   604 │       0 │             0 │           0 │
build	Build ESP32-C6 firmware	2026-09-24T12:16:41.5620184Z │ lib_printf.c.obj                         │        600 │     0 │     0 │     0 │     0 │        600 │       0 │        0 │   228 │       0 │             0 │           0 │
build	Build ESP32-C6 firmware	2026-09-24T12:16:41.5620637Z │ pthread_local_storage.c.obj              │        596 │     4 │     4 │     0 │     0 │        592 │      46 │        0 │   546 │       0 │             0 │           0 │
build	Build ESP32-C6 firmware	2026-09-24T12:16:41.5621106Z │ nvs_item_hash_list.cpp.obj               │        594 │     0 │     0 │     0 │     0 │        594 │       0 │        0 │   594 │       0 │             0 │           0 │
build	Build ESP32-C6 firmware	2026-09-24T12:16:41.5621558Z │ port_systick.c.obj                       │        591 │   576 │    16 │     0 │   560 │         15 │      15 │        0 │     0 │       0 │             0 │           0 │
build	Build ESP32-C6 firmware	2026-09-24T12:16:41.5622008Z │ lv_obj_class.c.obj                       │        582 │     0 │     0 │     0 │     0 │        582 │       0 │        0 │   582 │       0 │             0 │           0 │
build	Build ESP32-C6 firmware	2026-09-24T12:16:41.5622442Z │ spi_flash_hal.c.obj                      │        578 │     0 │     0 │     0 │     0 │        578 │       0 │        0 │   578 │       0 │             0 │           0 │
build	Build ESP32-C6 firmware	2026-09-24T12:16:41.5622876Z │ lv_line.c.obj                            │        564 │     0 │     0 │     0 │     0 │        564 │      28 │        0 │   536 │       0 │             0 │           0 │
build	Build ESP32-C6 firmware	2026-09-24T12:16:41.5623597Z │ flash_mmap.c.obj                         │        563 │   200 │     0 │     0 │   200 │        363 │      17 │        0 │   346 │       0 │             0 │           0 │
build	Build ESP32-C6 firmware	2026-09-24T12:16:41.5624054Z │ esp_crypto_shared_gdma.c.obj             │        554 │     8 │     8 │     0 │     0 │        546 │       0 │        0 │   546 │       0 │             0 │           0 │
build	Build ESP32-C6 firmware	2026-09-24T12:16:41.5624598Z │ ethernet.c.obj                           │        554 │     0 │     0 │     0 │     0 │        554 │      28 │        0 │   526 │       0 │             0 │           0 │
build	Build ESP32-C6 firmware	2026-09-24T12:16:41.5625036Z │ ieee80211_ftm.o                          │        551 │    61 │    61 │     0 │     0 │        490 │       0 │        0 │   490 │       0 │             0 │           0 │
build	Build ESP32-C6 firmware	2026-09-24T12:16:41.5625470Z │ lv_mem.c.obj                             │        542 │     4 │     0 │     4 │     0 │        538 │       0 │        0 │   538 │       0 │             0 │           0 │
build	Build ESP32-C6 firmware	2026-09-24T12:16:41.5625988Z │ ecdh.c.obj                               │        542 │     0 │     0 │     0 │     0 │        542 │       0 │        0 │   542 │       0 │             0 │           0 │
build	Build ESP32-C6 firmware	2026-09-24T12:16:41.5626436Z │ regi2c_ctrl.c.obj                        │        538 │   322 │     4 │     4 │   314 │        216 │       0 │        0 │   216 │       0 │             0 │           0 │
build	Build ESP32-C6 firmware	2026-09-24T12:16:41.5626900Z │ libc_a-lcltime_r.o                       │        538 │     0 │     0 │     0 │     0 │        538 │       0 │        0 │   538 │       0 │             0 │           0 │
build	Build ESP32-C6 firmware	2026-09-24T12:16:41.5627350Z │ esp_clk_tree_common.c.obj                │        535 │    12 │    12 │     0 │     0 │        523 │      63 │        0 │   460 │       0 │             0 │           0 │
build	Build ESP32-C6 firmware	2026-09-24T12:16:41.5627810Z │ lv_gc.c.obj                              │        528 │   528 │   528 │     0 │     0 │          0 │       0 │        0 │     0 │       0 │             0 │           0 │
build	Build ESP32-C6 firmware	2026-09-24T12:16:41.5628246Z │ newlib_init.c.obj                        │        528 │   156 │     0 │   156 │     0 │        372 │      16 │        0 │   356 │       0 │             0 │           0 │
build	Build ESP32-C6 firmware	2026-09-24T12:16:41.5628695Z │ lv_tileview.c.obj                        │        519 │     9 │     9 │     0 │     0 │        510 │      56 │        0 │   454 │       0 │             0 │           0 │
build	Build ESP32-C6 firmware	2026-09-24T12:16:41.5629145Z │ clk_tree_hal.c.obj                       │        512 │     0 │     0 │     0 │     0 │        512 │      58 │        0 │   454 │       0 │             0 │           0 │
build	Build ESP32-C6 firmware	2026-09-24T12:16:41.5629588Z │ diskio.c.obj                             │        507 │     8 │     8 │     0 │     0 │        499 │      23 │        0 │   476 │       0 │             0 │           0 │
build	Build ESP32-C6 firmware	2026-09-24T12:16:41.5630054Z │ cpu_start.c.obj                          │        506 │   464 │     0 │     0 │   464 │         42 │       0 │        0 │    42 │       0 │             0 │           0 │
build	Build ESP32-C6 firmware	2026-09-24T12:16:41.5630487Z │ coexist_hw.o                             │        506 │     0 │     0 │     0 │     0 │        506 │      40 │        0 │   466 │       0 │             0 │           0 │
build	Build ESP32-C6 firmware	2026-09-24T12:16:41.5630923Z │ memp.c.obj                               │        500 │     4 │     4 │     0 │     0 │        496 │     146 │        0 │   350 │       0 │             0 │           0 │
build	Build ESP32-C6 firmware	2026-09-24T12:16:41.5631360Z │ bignum_alt.c.obj                         │        496 │     0 │     0 │     0 │     0 │        496 │       0 │        0 │   496 │       0 │             0 │           0 │
build	Build ESP32-C6 firmware	2026-09-24T12:16:41.5631792Z │ libc_a-fflush.o                          │        494 │     0 │     0 │     0 │     0 │        494 │       0 │        0 │   494 │       0 │             0 │           0 │
build	Build ESP32-C6 firmware	2026-09-24T12:16:41.5632221Z │ ip6_frag.c.obj                           │        489 │     4 │     4 │     0 │     0 │        485 │       9 │        0 │   476 │       0 │             0 │           0 │
build	Build ESP32-C6 firmware	2026-09-24T12:16:41.5632677Z │ esp_coex_adapter.c.obj                   │        488 │   246 │     0 │    80 │   166 │        242 │       0 │        0 │   242 │       0 │             0 │           0 │
build	Build ESP32-C6 firmware	2026-09-24T12:16:41.5633211Z │ sta_info.c.obj                           │        488 │     0 │     0 │     0 │     0 │        488 │       0 │        0 │   488 │       0 │             0 │           0 │
build	Build ESP32-C6 firmware	2026-09-24T12:16:41.5633644Z │ pm_coex.o                                │        484 │   356 │     0 │     0 │   356 │        128 │      58 │        0 │    70 │       0 │             0 │           0 │
build	Build ESP32-C6 firmware	2026-09-24T12:16:41.5634172Z │ aes-wrap.c.obj                           │        482 │     0 │     0 │     0 │     0 │        482 │       0 │        0 │   482 │       0 │             0 │           0 │
build	Build ESP32-C6 firmware	2026-09-24T12:16:41.5634631Z │ interrupt.c.obj                          │        476 │   372 │   256 │     0 │   116 │        104 │      50 │        0 │    54 │       0 │             0 │           0 │
build	Build ESP32-C6 firmware	2026-09-24T12:16:41.5635098Z │ tcp_isn_default.c.obj                    │        476 │    68 │    68 │     0 │     0 │        408 │       0 │        0 │   408 │       0 │             0 │           0 │
build	Build ESP32-C6 firmware	2026-09-24T12:16:41.5635628Z │ phy_feature.o                            │        476 │     0 │     0 │     0 │     0 │        476 │       0 │        0 │   476 │       0 │             0 │           0 │
build	Build ESP32-C6 firmware	2026-09-24T12:16:41.5636077Z │ ieee80211_crypto_sms4.o                  │        475 │    24 │     0 │    24 │     0 │        451 │      61 │        0 │   390 │       0 │             0 │           0 │
build	Build ESP32-C6 firmware	2026-09-24T12:16:41.5636529Z │ ip4_frag.c.obj                           │        475 │     0 │     0 │     0 │     0 │        475 │       9 │        0 │   466 │       0 │             0 │           0 │
build	Build ESP32-C6 firmware	2026-09-24T12:16:41.5636953Z │ arg_end.c.obj                            │        472 │     0 │     0 │     0 │     0 │        472 │       0 │        0 │   472 │       0 │             0 │           0 │
build	Build ESP32-C6 firmware	2026-09-24T12:16:41.5637392Z │ esp_lcd_panel_ops.c.obj                  │        471 │     0 │     0 │     0 │     0 │        471 │      65 │        0 │   406 │       0 │             0 │           0 │
build	Build ESP32-C6 firmware	2026-09-24T12:16:41.5637845Z │ vectors.S.obj                            │        470 │   470 │     0 │     0 │   470 │          0 │       0 │        0 │     0 │       0 │             0 │           0 │
build	Build ESP32-C6 firmware	2026-09-24T12:16:41.5638297Z │ esp_common.c.obj                         │        466 │   168 │   168 │     0 │     0 │        298 │       0 │        0 │   298 │       0 │             0 │           0 │
build	Build ESP32-C6 firmware	2026-09-24T12:16:41.5638749Z │ libc_a-setvbuf.o                         │        466 │     0 │     0 │     0 │     0 │        466 │       0 │        0 │   466 │       0 │             0 │           0 │
build	Build ESP32-C6 firmware	2026-09-24T12:16:41.5639187Z │ esp_clk_tree.c.obj                       │        465 │     0 │     0 │     0 │     0 │        465 │      29 │        0 │   436 │       0 │             0 │           0 │
build	Build ESP32-C6 firmware	2026-09-24T12:16:41.5639632Z │ sleep_cpu_asm.S.obj                      │        464 │   464 │     0 │     4 │   460 │          0 │       0 │        0 │     0 │       0 │             0 │           0 │
build	Build ESP32-C6 firmware	2026-09-24T12:16:41.5640074Z │ mpi_hal.c.obj                            │        464 │     0 │     0 │     0 │     0 │        464 │       0 │        0 │   464 │       0 │             0 │           0 │
build	Build ESP32-C6 firmware	2026-09-24T12:16:41.5640500Z │ dh_groups.c.obj                          │        463 │     0 │     0 │     0 │     0 │        463 │     417 │        0 │    46 │       0 │             0 │           0 │
build	Build ESP32-C6 firmware	2026-09-24T12:16:41.5641007Z │ board_touch.c.obj                        │        461 │     9 │     5 │     4 │     0 │        452 │       0 │        0 │   452 │       0 │             0 │           0 │
build	Build ESP32-C6 firmware	2026-09-24T12:16:41.5641465Z │ lv_calendar_header_dropdown.c.obj        │        456 │     0 │     0 │     0 │     0 │        456 │      28 │        0 │   428 │       0 │             0 │           0 │
build	Build ESP32-C6 firmware	2026-09-24T12:16:41.5641925Z │ si_class_type_info.o                     │        456 │     0 │     0 │     0 │     0 │        456 │      44 │        0 │   412 │       0 │             0 │           0 │
build	Build ESP32-C6 firmware	2026-09-24T12:16:41.5642438Z │ ledc_hal_iram.c.obj                      │        454 │   454 │     0 │    24 │   430 │          0 │       0 │        0 │     0 │       0 │             0 │           0 │
build	Build ESP32-C6 firmware	2026-09-24T12:16:41.5642877Z │ ocode_init.c.obj                         │        453 │     0 │     0 │     0 │     0 │        453 │      19 │        0 │   434 │       0 │             0 │           0 │
build	Build ESP32-C6 firmware	2026-09-24T12:16:41.5643396Z │ arg_str.c.obj                            │        446 │     0 │     0 │     0 │     0 │        446 │       0 │        0 │   446 │       0 │             0 │           0 │
build	Build ESP32-C6 firmware	2026-09-24T12:16:41.5643859Z │ nvs_types.cpp.obj                        │        446 │     0 │     0 │     0 │     0 │        446 │       0 │        0 │   446 │       0 │             0 │           0 │
build	Build ESP32-C6 firmware	2026-09-24T12:16:41.5644298Z │ log_buffers.c.obj                        │        442 │     0 │     0 │     0 │     0 │        442 │       0 │        0 │   442 │       0 │             0 │           0 │
build	Build ESP32-C6 firmware	2026-09-24T12:16:41.5644748Z │ ieee802_11_common.c.obj                  │        436 │     0 │     0 │     0 │     0 │        436 │       0 │        0 │   436 │       0 │             0 │           0 │
build	Build ESP32-C6 firmware	2026-09-24T12:16:41.5645192Z │ esp_clk.c.obj                            │        431 │    71 │     0 │     1 │    70 │        336 │       0 │        0 │   336 │      24 │            24 │           0 │
build	Build ESP32-C6 firmware	2026-09-24T12:16:41.5645647Z │ freertos_hooks.c.obj                     │        430 │   112 │    64 │     0 │    48 │        318 │       0 │        0 │   318 │       0 │             0 │           0 │
build	Build ESP32-C6 firmware	2026-09-24T12:16:41.5646096Z │ acd_dhcp_check.c.obj                     │        430 │     0 │     0 │     0 │     0 │        430 │       0 │        0 │   430 │       0 │             0 │           0 │
build	Build ESP32-C6 firmware	2026-09-24T12:16:41.5646538Z │ aes-unwrap.c.obj                         │        428 │     0 │     0 │     0 │     0 │        428 │       0 │        0 │   428 │       0 │             0 │           0 │
build	Build ESP32-C6 firmware	2026-09-24T12:16:41.5646993Z │ ieee80211_reg_db.o                       │        427 │   230 │     0 │   230 │     0 │        197 │      49 │        0 │   148 │       0 │             0 │           0 │
build	Build ESP32-C6 firmware	2026-09-24T12:16:41.5647433Z │ pm_mbssid.o                              │        424 │     0 │     0 │     0 │     0 │        424 │       0 │        0 │   424 │       0 │             0 │           0 │
build	Build ESP32-C6 firmware	2026-09-24T12:16:41.5648009Z │ brownout.c.obj                           │        419 │   293 │     0 │    47 │   246 │        126 │      24 │        0 │   102 │       0 │             0 │           0 │
build	Build ESP32-C6 firmware	2026-09-24T12:16:41.5648453Z │ libc_a-gmtime_r.o                        │        418 │     0 │     0 │     0 │     0 │        418 │       0 │        0 │   418 │       0 │             0 │           0 │
build	Build ESP32-C6 firmware	2026-09-24T12:16:41.5649015Z │ task_wdt_impl_timergroup.c.obj           │        416 │    12 │    12 │     0 │     0 │        404 │       0 │        0 │   404 │       0 │             0 │           0 │
build	Build ESP32-C6 firmware	2026-09-24T12:16:41.5649475Z │ ap_config.c.obj                          │        408 │     0 │     0 │     0 │     0 │        408 │       0 │        0 │   408 │       0 │             0 │           0 │
build	Build ESP32-C6 firmware	2026-09-24T12:16:41.5649908Z │ class_type_info.o                        │        402 │     0 │     0 │     0 │     0 │        402 │      44 │        0 │   358 │       0 │             0 │           0 │
build	Build ESP32-C6 firmware	2026-09-24T12:16:41.5650466Z │ ieee80211_crypto_tkip.o                  │        394 │    24 │     0 │    24 │     0 │        370 │       0 │        0 │   370 │       0 │             0 │           0 │
build	Build ESP32-C6 firmware	2026-09-24T12:16:41.5650925Z │ esp_console_repl_chip.c.obj              │        392 │     0 │     0 │     0 │     0 │        392 │       0 │        0 │   392 │       0 │             0 │           0 │
build	Build ESP32-C6 firmware	2026-09-24T12:16:41.5651384Z │ reset_reason.c.obj                       │        388 │    70 │     4 │     0 │    66 │        318 │      30 │        0 │   288 │       0 │             0 │           0 │
build	Build ESP32-C6 firmware	2026-09-24T12:16:41.5651839Z │ panic_handler.c.obj                      │        386 │    94 │     4 │     8 │    82 │        292 │       0 │        0 │   292 │       0 │             0 │           0 │
build	Build ESP32-C6 firmware	2026-09-24T12:16:41.5652388Z │ esp_efuse_startup.c.obj                  │        386 │     0 │     0 │     0 │     0 │        386 │      56 │        0 │   330 │       0 │             0 │           0 │
build	Build ESP32-C6 firmware	2026-09-24T12:16:41.5652843Z │ lv_img_buf.c.obj                         │        386 │     0 │     0 │     0 │     0 │        386 │       0 │        0 │   386 │       0 │             0 │           0 │
build	Build ESP32-C6 firmware	2026-09-24T12:16:41.5653498Z │ int_wdt.c.obj                            │        382 │   102 │     8 │     0 │    94 │        280 │       0 │        0 │   280 │       0 │             0 │           0 │
build	Build ESP32-C6 firmware	2026-09-24T12:16:41.5654195Z │ startup_funcs.c.obj                      │        382 │     0 │     0 │     0 │     0 │        382 │      80 │        0 │   302 │       0 │             0 │           0 │
build	Build ESP32-C6 firmware	2026-09-24T12:16:41.5654882Z │ vfs_lwip.c.obj                           │        382 │     0 │     0 │     0 │     0 │        382 │      30 │        0 │   352 │       0 │             0 │           0 │
build	Build ESP32-C6 firmware	2026-09-24T12:16:41.5655607Z │ hal_sniffer.o                            │        382 │     0 │     0 │     0 │     0 │        382 │       0 │        0 │   382 │       0 │             0 │           0 │
build	Build ESP32-C6 firmware	2026-09-24T12:16:41.5656323Z │ aes_hal.c.obj                            │        374 │     0 │     0 │     0 │     0 │        374 │       0 │        0 │   374 │       0 │             0 │           0 │
build	Build ESP32-C6 firmware	2026-09-24T12:16:41.5657041Z │ libc_a-tzcalc_limits.o                   │        370 │     0 │     0 │     0 │     0 │        370 │       0 │        0 │   370 │       0 │             0 │           0 │
build	Build ESP32-C6 firmware	2026-09-24T12:16:41.5657760Z │ libm_a-s_floor.o                         │        368 │     0 │     0 │     0 │     0 │        368 │       0 │        0 │   368 │       0 │             0 │           0 │
build	Build ESP32-C6 firmware	2026-09-24T12:16:41.5658221Z │ coexist_param.o                          │        367 │    47 │     1 │    46 │     0 │        320 │       0 │        0 │   320 │       0 │             0 │           0 │
build	Build ESP32-C6 firmware	2026-09-24T12:16:41.5658674Z │ esp_time_impl.c.obj                      │        364 │    12 │    12 │     0 │     0 │        352 │       0 │        0 │   352 │       0 │             0 │           0 │
build	Build ESP32-C6 firmware	2026-09-24T12:16:41.5659225Z │ app_startup.c.obj                        │        362 │     0 │     0 │     0 │     0 │        362 │      32 │        0 │   330 │       0 │             0 │           0 │
build	Build ESP32-C6 firmware	2026-09-24T12:16:41.5659655Z │ misc_nvs.o                               │        360 │     9 │     9 │     0 │     0 │        351 │      43 │        0 │   308 │       0 │             0 │           0 │
build	Build ESP32-C6 firmware	2026-09-24T12:16:41.5660083Z │ board_i2c.c.obj                          │        347 │     1 │     1 │     0 │     0 │        346 │       0 │        0 │   346 │       0 │             0 │           0 │
build	Build ESP32-C6 firmware	2026-09-24T12:16:41.5660544Z │ crosscore_int.c.obj                      │        344 │   198 │     4 │     0 │   194 │        146 │      46 │        0 │   100 │       0 │             0 │           0 │
build	Build ESP32-C6 firmware	2026-09-24T12:16:41.5661097Z │ ieee80211_crypto_gcmp.o                  │        344 │    24 │     0 │    24 │     0 │        320 │       0 │        0 │   320 │       0 │             0 │           0 │
build	Build ESP32-C6 firmware	2026-09-24T12:16:41.5661555Z │ nvs_partition.cpp.obj                    │        344 │     0 │     0 │     0 │     0 │        344 │     104 │        0 │   240 │       0 │             0 │           0 │
build	Build ESP32-C6 firmware	2026-09-24T12:16:41.5662007Z │ sdspi_crc.c.obj                          │        344 │     0 │     0 │     0 │     0 │        344 │     256 │        0 │    88 │       0 │             0 │           0 │
build	Build ESP32-C6 firmware	2026-09-24T12:16:41.5662439Z │ lv_draw_sw.c.obj                         │        344 │     0 │     0 │     0 │     0 │        344 │       0 │        0 │   344 │       0 │             0 │           0 │
build	Build ESP32-C6 firmware	2026-09-24T12:16:41.5662868Z │ esp_ecc.c.obj                            │        344 │     0 │     0 │     0 │     0 │        344 │       0 │        0 │   344 │       0 │             0 │           0 │
build	Build ESP32-C6 firmware	2026-09-24T12:16:41.5663466Z │ assert.c.obj                             │        342 │   342 │     0 │     0 │   342 │          0 │       0 │        0 │     0 │       0 │             0 │           0 │
build	Build ESP32-C6 firmware	2026-09-24T12:16:41.5663909Z │ ieee80211_mesh_quick.o                   │        337 │   187 │   180 │     7 │     0 │        150 │       0 │        0 │   150 │       0 │             0 │           0 │
build	Build ESP32-C6 firmware	2026-09-24T12:16:41.5664369Z │ lwip_default_hooks.c.obj                 │        332 │     0 │     0 │     0 │     0 │        332 │       0 │        0 │   332 │       0 │             0 │           0 │
build	Build ESP32-C6 firmware	2026-09-24T12:16:41.5664803Z │ sha_hal.c.obj                            │        324 │     0 │     0 │     0 │     0 │        324 │       0 │        0 │   324 │       0 │             0 │           0 │
build	Build ESP32-C6 firmware	2026-09-24T12:16:41.5665230Z │ asn1write.c.obj                          │        324 │     0 │     0 │     0 │     0 │        324 │       0 │        0 │   324 │       0 │             0 │           0 │
build	Build ESP32-C6 firmware	2026-09-24T12:16:41.5665672Z │ rtc_io.c.obj                             │        322 │     0 │     0 │     0 │     0 │        322 │      16 │        0 │   306 │       0 │             0 │           0 │
build	Build ESP32-C6 firmware	2026-09-24T12:16:41.5666104Z │ libc_a-refill.o                          │        322 │     0 │     0 │     0 │     0 │        322 │       0 │        0 │   322 │       0 │             0 │           0 │
build	Build ESP32-C6 firmware	2026-09-24T12:16:41.5666537Z │ wpabuf.c.obj                             │        320 │     0 │     0 │     0 │     0 │        320 │       0 │        0 │   320 │       0 │             0 │           0 │
build	Build ESP32-C6 firmware	2026-09-24T12:16:41.5666966Z │ phy_pwdet.o                              │        318 │   126 │     0 │     0 │   126 │        192 │       0 │        0 │   192 │       0 │             0 │           0 │
build	Build ESP32-C6 firmware	2026-09-24T12:16:41.5667399Z │ log_linked_list.c.obj                    │        314 │     4 │     4 │     0 │     0 │        310 │       0 │        0 │   310 │       0 │             0 │           0 │
build	Build ESP32-C6 firmware	2026-09-24T12:16:41.5667838Z │ libc_a-fgets.o                           │        314 │     0 │     0 │     0 │     0 │        314 │       0 │        0 │   314 │       0 │             0 │           0 │
build	Build ESP32-C6 firmware	2026-09-24T12:16:41.5668263Z │ io_mux.c.obj                             │        312 │    12 │    12 │     0 │     0 │        300 │       0 │        0 │   300 │       0 │             0 │           0 │
build	Build ESP32-C6 firmware	2026-09-24T12:16:41.5668855Z │ pmu_sleep.c.obj                          │        312 │   312 │     1 │    63 │   248 │          0 │       0 │        0 │     0 │       0 │             0 │           0 │
build	Build ESP32-C6 firmware	2026-09-24T12:16:41.5669288Z │ ieee80211_ets.o                          │        311 │     0 │     0 │     0 │     0 │        311 │      63 │        0 │   248 │       0 │             0 │           0 │
build	Build ESP32-C6 firmware	2026-09-24T12:16:41.5669722Z │ pp_debug.o                               │        308 │   284 │   264 │     4 │    16 │         24 │       0 │        0 │    24 │       0 │             0 │           0 │
build	Build ESP32-C6 firmware	2026-09-24T12:16:41.5670263Z │ spi_flash_encrypt_hal_iram.c.obj         │        308 │   308 │     0 │    36 │   272 │          0 │       0 │        0 │     0 │       0 │             0 │           0 │
build	Build ESP32-C6 firmware	2026-09-24T12:16:41.5670722Z │ interrupts.c.obj                         │        308 │     0 │     0 │     0 │     0 │        308 │     308 │        0 │     0 │       0 │             0 │           0 │
build	Build ESP32-C6 firmware	2026-09-24T12:16:41.5671169Z │ lv_hal_indev.c.obj                       │        308 │     0 │     0 │     0 │     0 │        308 │       0 │        0 │   308 │       0 │             0 │           0 │
build	Build ESP32-C6 firmware	2026-09-24T12:16:41.5671608Z │ constant_time.c.obj                      │        306 │     0 │     0 │     0 │     0 │        306 │       0 │        0 │   306 │       0 │             0 │           0 │
build	Build ESP32-C6 firmware	2026-09-24T12:16:41.5672052Z │ board_backlight.c.obj                    │        305 │     1 │     1 │     0 │     0 │        304 │       0 │        0 │   304 │       0 │             0 │           0 │
build	Build ESP32-C6 firmware	2026-09-24T12:16:41.5672508Z │ esp_netif_lwip.c.obj                     │        300 │     8 │     8 │     0 │     0 │        292 │       0 │        0 │   292 │       0 │             0 │           0 │
build	Build ESP32-C6 firmware	2026-09-24T12:16:41.5672950Z │ sleep_clock.c.obj                        │        300 │     0 │     0 │     0 │     0 │        300 │     130 │        0 │   170 │       0 │             0 │           0 │
build	Build ESP32-C6 firmware	2026-09-24T12:16:41.5673567Z │ lv_obj_style_gen.c.obj                   │        300 │     0 │     0 │     0 │     0 │        300 │       0 │        0 │   300 │       0 │             0 │           0 │
build	Build ESP32-C6 firmware	2026-09-24T12:16:41.5673998Z │ apm_hal.c.obj                            │        292 │     0 │     0 │     0 │     0 │        292 │       0 │        0 │   292 │       0 │             0 │           0 │
build	Build ESP32-C6 firmware	2026-09-24T12:16:41.5674430Z │ hw_random.c.obj                          │        290 │   138 │     4 │     0 │   134 │        152 │      24 │        0 │   128 │       0 │             0 │           0 │
build	Build ESP32-C6 firmware	2026-09-24T12:16:41.5674877Z │ esp_rom_tlsf.c.obj                       │        288 │   284 │    84 │     0 │   200 │          4 │       4 │        0 │     0 │       0 │             0 │           0 │
build	Build ESP32-C6 firmware	2026-09-24T12:16:41.5675319Z │ phy_basic.o                              │        288 │     0 │     0 │     0 │     0 │        288 │       0 │        0 │   288 │       0 │             0 │           0 │
build	Build ESP32-C6 firmware	2026-09-24T12:16:41.5675847Z │ sha256-prf.c.obj                         │        284 │     0 │     0 │     0 │     0 │        284 │       0 │        0 │   284 │       0 │             0 │           0 │
build	Build ESP32-C6 firmware	2026-09-24T12:16:41.5676285Z │ pp_he_ctrl.o                             │        280 │    28 │    26 │     2 │     0 │        252 │       0 │        0 │   252 │       0 │             0 │           0 │
build	Build ESP32-C6 firmware	2026-09-24T12:16:41.5676714Z │ sha256-kdf.c.obj                         │        280 │     0 │     0 │     0 │     0 │        280 │       0 │        0 │   280 │       0 │             0 │           0 │
build	Build ESP32-C6 firmware	2026-09-24T12:16:41.5677245Z │ adc_share_hw_ctrl.c.obj                  │        278 │     4 │     4 │     0 │     0 │        274 │      20 │        0 │   254 │       0 │             0 │           0 │
build	Build ESP32-C6 firmware	2026-09-24T12:16:41.5677685Z │ lv_font.c.obj                            │        278 │     0 │     0 │     0 │     0 │        278 │       0 │        0 │   278 │       0 │             0 │           0 │
build	Build ESP32-C6 firmware	2026-09-24T12:16:41.5678125Z │ hopper_policy.c.obj                      │        278 │     0 │     0 │     0 │     0 │        278 │       0 │        0 │   278 │       0 │             0 │           0 │
build	Build ESP32-C6 firmware	2026-09-24T12:16:41.5678561Z │ phy_analog_cal.o                         │        274 │     0 │     0 │     0 │     0 │        274 │       0 │        0 │   274 │       0 │             0 │           0 │
build	Build ESP32-C6 firmware	2026-09-24T12:16:41.5679003Z │ ieee80211_debug.o                        │        268 │    64 │    64 │     0 │     0 │        204 │       0 │        0 │   204 │       0 │             0 │           0 │
build	Build ESP32-C6 firmware	2026-09-24T12:16:41.5679444Z │ lv_draw_layer.c.obj                      │        268 │     0 │     0 │     0 │     0 │        268 │       0 │        0 │   268 │       0 │             0 │           0 │
build	Build ESP32-C6 firmware	2026-09-24T12:16:41.5679881Z │ phy_11ax.o                               │        266 │     0 │     0 │     0 │     0 │        266 │       0 │        0 │   266 │       0 │             0 │           0 │
build	Build ESP32-C6 firmware	2026-09-24T12:16:41.5680315Z │ vectors_intc.S.obj                       │        258 │   258 │     0 │     0 │   258 │          0 │       0 │        0 │     0 │       0 │             0 │           0 │
build	Build ESP32-C6 firmware	2026-09-24T12:16:41.5680761Z │ libc_a-fdopen.o                          │        258 │     0 │     0 │     0 │     0 │        258 │       0 │        0 │   258 │       0 │             0 │           0 │
build	Build ESP32-C6 firmware	2026-09-24T12:16:41.5681199Z │ libc_a-ctype_.o                          │        257 │     0 │     0 │     0 │     0 │        257 │     257 │        0 │     0 │       0 │             0 │           0 │
build	Build ESP32-C6 firmware	2026-09-24T12:16:41.5681636Z │ libc_a-fopen.o                           │        252 │     0 │     0 │     0 │     0 │        252 │       0 │        0 │   252 │       0 │             0 │           0 │
build	Build ESP32-C6 firmware	2026-09-24T12:16:41.5682077Z │ libc_a-reent.o                           │        252 │     0 │     0 │     0 │     0 │        252 │       0 │        0 │   252 │       0 │             0 │           0 │
build	Build ESP32-C6 firmware	2026-09-24T12:16:41.5682512Z │ startup.c.obj                            │        250 │     8 │     8 │     0 │     0 │        242 │       4 │        0 │   238 │       0 │             0 │           0 │
build	Build ESP32-C6 firmware	2026-09-24T12:16:41.5682932Z │ rc4.c.obj                                │        250 │     0 │     0 │     0 │     0 │        250 │       0 │        0 │   250 │       0 │             0 │           0 │
build	Build ESP32-C6 firmware	2026-09-24T12:16:41.5683433Z │ eh_globals.o                             │        249 │    13 │    13 │     0 │     0 │        236 │      12 │        0 │   224 │       0 │             0 │           0 │
build	Build ESP32-C6 firmware	2026-09-24T12:16:41.5683873Z │ flash_ops.c.obj                          │        246 │    66 │     0 │     8 │    58 │        180 │      22 │        0 │   158 │       0 │             0 │           0 │
build	Build ESP32-C6 firmware	2026-09-24T12:16:41.5684323Z │ clk_ctrl_os.c.obj                        │        244 │     5 │     5 │     0 │     0 │        239 │      29 │        0 │   210 │       0 │             0 │           0 │
build	Build ESP32-C6 firmware	2026-09-24T12:16:41.5684760Z │ libc_a-impure.o                          │        244 │   244 │     0 │   244 │     0 │          0 │       0 │        0 │     0 │       0 │             0 │           0 │
build	Build ESP32-C6 firmware	2026-09-24T12:16:41.5685290Z │ split_argv.c.obj                         │        244 │     0 │     0 │     0 │     0 │        244 │       0 │        0 │   244 │       0 │             0 │           0 │
build	Build ESP32-C6 firmware	2026-09-24T12:16:41.5685729Z │ idf_additions.c.obj                      │        243 │     0 │     0 │     0 │     0 │        243 │      21 │        0 │   222 │       0 │             0 │           0 │
build	Build ESP32-C6 firmware	2026-09-24T12:16:41.5686163Z │ libc_a-fclose.o                          │        238 │     0 │     0 │     0 │     0 │        238 │       0 │        0 │   238 │       0 │             0 │           0 │
build	Build ESP32-C6 firmware	2026-09-24T12:16:41.5686702Z │ periph_ctrl.c.obj                        │        235 │   161 │    41 │     0 │   120 │         74 │       0 │        0 │    74 │       0 │             0 │           0 │
build	Build ESP32-C6 firmware	2026-09-24T12:16:41.5687142Z │ esp_ota_ops.c.obj                        │        232 │     4 │     4 │     0 │     0 │        228 │      30 │        0 │   198 │       0 │             0 │           0 │
build	Build ESP32-C6 firmware	2026-09-24T12:16:41.5687580Z │ i2c_hal_iram.c.obj                       │        232 │   232 │     0 │     0 │   232 │          0 │       0 │        0 │     0 │       0 │             0 │           0 │
build	Build ESP32-C6 firmware	2026-09-24T12:16:41.5688020Z │ libc_a-__call_atexit.o                   │        230 │     8 │     4 │     4 │     0 │        222 │       0 │        0 │   222 │       0 │             0 │           0 │
build	Build ESP32-C6 firmware	2026-09-24T12:16:41.5688456Z │ util.c.obj                               │        228 │     0 │     0 │     0 │     0 │        228 │       0 │        0 │   228 │       0 │             0 │           0 │
build	Build ESP32-C6 firmware	2026-09-24T12:16:41.5688887Z │ if_hecfg.o                               │        224 │   146 │     0 │     0 │   146 │         78 │      78 │        0 │     0 │       0 │             0 │           0 │
build	Build ESP32-C6 firmware	2026-09-24T12:16:41.5689309Z │ rate_control.o                           │        224 │     0 │     0 │     0 │     0 │        224 │       0 │        0 │   224 │       0 │             0 │           0 │
build	Build ESP32-C6 firmware	2026-09-24T12:16:41.5689744Z │ lv_spinner.c.obj                         │        220 │     8 │     8 │     0 │     0 │        212 │      28 │        0 │   184 │       0 │             0 │           0 │
build	Build ESP32-C6 firmware	2026-09-24T12:16:41.5690174Z │ portasm.S.obj                            │        216 │   216 │     0 │     0 │   216 │          0 │       0 │        0 │     0 │       0 │             0 │           0 │
build	Build ESP32-C6 firmware	2026-09-24T12:16:41.5690605Z │ brownout_hal.c.obj                       │        216 │     0 │     0 │     0 │     0 │        216 │       0 │        0 │   216 │       0 │             0 │           0 │
build	Build ESP32-C6 firmware	2026-09-24T12:16:41.5691039Z │ eh_catch.o                               │        214 │     0 │     0 │     0 │     0 │        214 │       0 │        0 │   214 │       0 │             0 │           0 │
build	Build ESP32-C6 firmware	2026-09-24T12:16:41.5691457Z │ libc_a-fwrite.o                          │        212 │     0 │     0 │     0 │     0 │        212 │       0 │        0 │   212 │       0 │             0 │           0 │
build	Build ESP32-C6 firmware	2026-09-24T12:16:41.5691959Z │ board_spi.c.obj                          │        211 │     1 │     1 │     0 │     0 │        210 │       0 │        0 │   210 │       0 │             0 │           0 │
build	Build ESP32-C6 firmware	2026-09-24T12:16:41.5692381Z │ mem.c.obj                                │        210 │     0 │     0 │     0 │     0 │        210 │      20 │        0 │   190 │       0 │             0 │           0 │
build	Build ESP32-C6 firmware	2026-09-24T12:16:41.5692797Z │ pk.c.obj                                 │        208 │     0 │     0 │     0 │     0 │        208 │       0 │        0 │   208 │       0 │             0 │           0 │
build	Build ESP32-C6 firmware	2026-09-24T12:16:41.5693384Z │ ffsystem.c.obj                           │        206 │    12 │    12 │     0 │     0 │        194 │       0 │        0 │   194 │       0 │             0 │           0 │
build	Build ESP32-C6 firmware	2026-09-24T12:16:41.5693820Z │ coexist_api.o                            │        204 │    46 │     0 │     4 │    42 │        158 │       0 │        0 │   158 │       0 │             0 │           0 │
build	Build ESP32-C6 firmware	2026-09-24T12:16:41.5694259Z │ libc_a-stdio.o                           │        200 │     0 │     0 │     0 │     0 │        200 │       0 │        0 │   200 │       0 │             0 │           0 │
build	Build ESP32-C6 firmware	2026-09-24T12:16:41.5694698Z │ esp_lcd_panel_io.c.obj                   │        196 │     0 │     0 │     0 │     0 │        196 │      52 │        0 │   144 │       0 │             0 │           0 │
build	Build ESP32-C6 firmware	2026-09-24T12:16:41.5695131Z │ phy_api.o                                │        194 │     0 │     0 │     0 │     0 │        194 │       0 │        0 │   194 │       0 │             0 │           0 │
build	Build ESP32-C6 firmware	2026-09-24T12:16:41.5695561Z │ lv_img_cache.c.obj                       │        192 │     0 │     0 │     0 │     0 │        192 │       0 │        0 │   192 │       0 │             0 │           0 │
build	Build ESP32-C6 firmware	2026-09-24T12:16:41.5695985Z │ dns.c.obj                                │        190 │    72 │    72 │     0 │     0 │        118 │       0 │        0 │   118 │       0 │             0 │           0 │
build	Build ESP32-C6 firmware	2026-09-24T12:16:41.5696414Z │ heap.c.obj                               │        190 │   190 │     0 │     0 │   190 │          0 │       0 │        0 │     0 │       0 │             0 │           0 │
build	Build ESP32-C6 firmware	2026-09-24T12:16:41.5696844Z │ hw_stack_guard.c.obj                     │        188 │     0 │     0 │     0 │     0 │        188 │       8 │        0 │   180 │       0 │             0 │           0 │
build	Build ESP32-C6 firmware	2026-09-24T12:16:41.5697287Z │ memory_layout.c.obj                      │        188 │     0 │     0 │     0 │     0 │        188 │     188 │        0 │     0 │       0 │             0 │           0 │
build	Build ESP32-C6 firmware	2026-09-24T12:16:41.5697733Z │ tag_log_level.c.obj                      │        188 │     0 │     0 │     0 │     0 │        188 │       0 │        0 │   188 │       0 │             0 │           0 │
build	Build ESP32-C6 firmware	2026-09-24T12:16:41.5698164Z │ sha1-prf.c.obj                           │        188 │     0 │     0 │     0 │     0 │        188 │       0 │        0 │   188 │       0 │             0 │           0 │
build	Build ESP32-C6 firmware	2026-09-24T12:16:41.5698597Z │ netbuf.c.obj                             │        187 │     0 │     0 │     0 │     0 │        187 │      13 │        0 │   174 │       0 │             0 │           0 │
build	Build ESP32-C6 firmware	2026-09-24T12:16:41.5699028Z │ system_time.c.obj                        │        184 │    44 │     8 │     0 │    36 │        140 │       0 │        0 │   140 │       0 │             0 │           0 │
build	Build ESP32-C6 firmware	2026-09-24T12:16:41.5699466Z │ cache_utils.c.obj                        │        184 │   146 │     8 │     0 │   138 │         38 │       0 │        0 │    38 │       0 │             0 │           0 │
build	Build ESP32-C6 firmware	2026-09-24T12:16:41.5699917Z │ lv_draw_rect.c.obj                       │        184 │   122 │     0 │     0 │   122 │         62 │       0 │        0 │    62 │       0 │             0 │           0 │
build	Build ESP32-C6 firmware	2026-09-24T12:16:41.5700343Z │ pk_ecc.c.obj                             │        184 │     0 │     0 │     0 │     0 │        184 │       0 │        0 │   184 │       0 │             0 │           0 │
build	Build ESP32-C6 firmware	2026-09-24T12:16:41.5700868Z │ libc_a-putc.o                            │        182 │     0 │     0 │     0 │     0 │        182 │       0 │        0 │   182 │       0 │             0 │           0 │
build	Build ESP32-C6 firmware	2026-09-24T12:16:41.5701289Z │ phy_tsens.o                              │        180 │     0 │     0 │     0 │     0 │        180 │       0 │        0 │   180 │       0 │             0 │           0 │
build	Build ESP32-C6 firmware	2026-09-24T12:16:41.5701711Z │ esp_err.c.obj                            │        178 │   178 │     0 │     0 │   178 │          0 │       0 │        0 │     0 │       0 │             0 │           0 │
build	Build ESP32-C6 firmware	2026-09-24T12:16:41.5702136Z │ log_lock.c.obj                           │        172 │   172 │     4 │     0 │   168 │          0 │       0 │        0 │     0 │       0 │             0 │           0 │
build	Build ESP32-C6 firmware	2026-09-24T12:16:41.5702661Z │ esp_efuse_api.c.obj                      │        172 │     0 │     0 │     0 │     0 │        172 │       0 │        0 │   172 │       0 │             0 │           0 │
build	Build ESP32-C6 firmware	2026-09-24T12:16:41.5703106Z │ libc_a-getenv_r.o                        │        172 │     0 │     0 │     0 │     0 │        172 │       0 │        0 │   172 │       0 │             0 │           0 │
build	Build ESP32-C6 firmware	2026-09-24T12:16:41.5703710Z │ libc_a-puts.o                            │        172 │     0 │     0 │     0 │     0 │        172 │       0 │        0 │   172 │       0 │             0 │           0 │
build	Build ESP32-C6 firmware	2026-09-24T12:16:41.5704171Z │ usb_serial_jtag_connection_monitor.c.obj │        169 │   109 │     5 │     0 │   104 │         60 │       8 │        0 │    52 │       0 │             0 │           0 │
build	Build ESP32-C6 firmware	2026-09-24T12:16:41.5704640Z │ esp_crypto_lock.c.obj                    │        168 │    12 │    12 │     0 │     0 │        156 │       0 │        0 │   156 │       0 │             0 │           0 │
build	Build ESP32-C6 firmware	2026-09-24T12:16:41.5705082Z │ hal_test.o                               │        166 │    56 │    56 │     0 │     0 │        110 │       0 │        0 │   110 │       0 │             0 │           0 │
build	Build ESP32-C6 firmware	2026-09-24T12:16:41.5705523Z │ ieee80211_ie_vendor.o                    │        166 │     0 │     0 │     0 │     0 │        166 │       0 │        0 │   166 │       0 │             0 │           0 │
build	Build ESP32-C6 firmware	2026-09-24T12:16:41.5705960Z │ cache_err_int.c.obj                      │        165 │     0 │     0 │     0 │     0 │        165 │      19 │        0 │   146 │       0 │             0 │           0 │
build	Build ESP32-C6 firmware	2026-09-24T12:16:41.5706401Z │ lv_win.c.obj                             │        164 │     2 │     2 │     0 │     0 │        162 │      28 │        0 │   134 │       0 │             0 │           0 │
build	Build ESP32-C6 firmware	2026-09-24T12:16:41.5706832Z │ port_common.c.obj                        │        162 │   132 │     0 │     0 │   132 │         30 │      30 │        0 │     0 │       0 │             0 │           0 │
build	Build ESP32-C6 firmware	2026-09-24T12:16:41.5707272Z │ gpio_hal.c.obj                           │        162 │     0 │     0 │     0 │     0 │        162 │      28 │        0 │   134 │       0 │             0 │           0 │
build	Build ESP32-C6 firmware	2026-09-24T12:16:41.5707811Z │ esp_aes_common.c.obj                     │        162 │     0 │     0 │     0 │     0 │        162 │       0 │        0 │   162 │       0 │             0 │           0 │
build	Build ESP32-C6 firmware	2026-09-24T12:16:41.5708254Z │ pau_regdma.c.obj                         │        156 │   124 │     4 │     4 │   116 │         32 │       0 │        0 │    32 │       0 │             0 │           0 │
build	Build ESP32-C6 firmware	2026-09-24T12:16:41.5708687Z │ libc_a-fputs.o                           │        156 │     0 │     0 │     0 │     0 │        156 │       0 │        0 │   156 │       0 │             0 │           0 │
build	Build ESP32-C6 firmware	2026-09-24T12:16:41.5709128Z │ ieee80211_crypto_wep.o                   │        154 │    24 │     0 │    24 │     0 │        130 │       0 │        0 │   130 │       0 │             0 │           0 │
build	Build ESP32-C6 firmware	2026-09-24T12:16:41.5709664Z │ heap_align_hw.c.obj                      │        152 │   152 │     0 │     0 │   152 │          0 │       0 │        0 │     0 │       0 │             0 │           0 │
build	Build ESP32-C6 firmware	2026-09-24T12:16:41.5710137Z │ gdma_hal_top.c.obj                       │        150 │    42 │     0 │     0 │    42 │        108 │       0 │        0 │   108 │       0 │             0 │           0 │
build	Build ESP32-C6 firmware	2026-09-24T12:16:41.5710657Z │ pm_beacon_offset.o                       │        149 │     4 │     0 │     4 │     0 │        145 │      29 │        0 │   116 │       0 │             0 │           0 │
build	Build ESP32-C6 firmware	2026-09-24T12:16:41.5711369Z │ arg_utils.c.obj                          │        148 │     4 │     0 │     4 │     0 │        144 │       0 │        0 │   144 │       0 │             0 │           0 │
build	Build ESP32-C6 firmware	2026-09-24T12:16:41.5712095Z │ pau_hal.c.obj                            │        146 │     0 │     0 │     0 │     0 │        146 │      32 │        0 │   114 │       0 │             0 │           0 │
build	Build ESP32-C6 firmware	2026-09-24T12:16:41.5712605Z │ debug_helpers.c.obj                      │        144 │   144 │     0 │     0 │   144 │          0 │       0 │        0 │     0 │       0 │             0 │           0 │
build	Build ESP32-C6 firmware	2026-09-24T12:16:41.5713038Z │ heap_idf.c.obj                           │        142 │   142 │     0 │     0 │   142 │          0 │       0 │        0 │     0 │       0 │             0 │           0 │
build	Build ESP32-C6 firmware	2026-09-24T12:16:41.5713620Z │ lv_theme.c.obj                           │        142 │     0 │     0 │     0 │     0 │        142 │       0 │        0 │   142 │       0 │             0 │           0 │
build	Build ESP32-C6 firmware	2026-09-24T12:16:41.5714047Z │ efuse_hal.c.obj                          │        140 │   140 │     0 │     0 │   140 │          0 │       0 │        0 │     0 │       0 │             0 │           0 │
build	Build ESP32-C6 firmware	2026-09-24T12:16:41.5714466Z │ list.c.obj                               │        140 │   140 │     0 │     0 │   140 │          0 │       0 │        0 │     0 │       0 │             0 │           0 │
build	Build ESP32-C6 firmware	2026-09-24T12:16:41.5714896Z │ libc_a-fgetc.o                           │        140 │     0 │     0 │     0 │     0 │        140 │       0 │        0 │   140 │       0 │             0 │           0 │
build	Build ESP32-C6 firmware	2026-09-24T12:16:41.5715318Z │ lv_disp.c.obj                            │        138 │     0 │     0 │     0 │     0 │        138 │       0 │        0 │   138 │       0 │             0 │           0 │
build	Build ESP32-C6 firmware	2026-09-24T12:16:41.5715751Z │ esp_system.c.obj                         │        136 │    20 │    20 │     0 │     0 │        116 │       0 │        0 │   116 │       0 │             0 │           0 │
build	Build ESP32-C6 firmware	2026-09-24T12:16:41.5716179Z │ abort.c.obj                              │        134 │   134 │     0 │     0 │   134 │          0 │       0 │        0 │     0 │       0 │             0 │           0 │
build	Build ESP32-C6 firmware	2026-09-24T12:16:41.5716606Z │ libc_a-fputc.o                           │        132 │     0 │     0 │     0 │     0 │        132 │       0 │        0 │   132 │       0 │             0 │           0 │
build	Build ESP32-C6 firmware	2026-09-24T12:16:41.5717053Z │ default_event_loop.c.obj                 │        130 │     4 │     4 │     0 │     0 │        126 │      20 │        0 │   106 │       0 │             0 │           0 │
build	Build ESP32-C6 firmware	2026-09-24T12:16:41.5717497Z │ phy_init_data.c.obj                      │        128 │     0 │     0 │     0 │     0 │        128 │     128 │        0 │     0 │       0 │             0 │           0 │
build	Build ESP32-C6 firmware	2026-09-24T12:16:41.5718039Z │ os_xtensa.c.obj                          │        128 │     0 │     0 │     0 │     0 │        128 │       0 │        0 │   128 │       0 │             0 │           0 │
build	Build ESP32-C6 firmware	2026-09-24T12:16:41.5718483Z │ spi_flash_os_func_noos.c.obj             │        126 │   126 │     0 │    40 │    86 │          0 │       0 │        0 │     0 │       0 │             0 │           0 │
build	Build ESP32-C6 firmware	2026-09-24T12:16:41.5718928Z │ pmu_hal.c.obj                            │        124 │   124 │     0 │     0 │   124 │          0 │       0 │        0 │     0 │       0 │             0 │           0 │
build	Build ESP32-C6 firmware	2026-09-24T12:16:41.5719471Z │ gpio_periph.c.obj                        │        124 │     0 │     0 │     0 │     0 │        124 │     124 │        0 │     0 │       0 │             0 │           0 │
build	Build ESP32-C6 firmware	2026-09-24T12:16:41.5719916Z │ rtc_io_periph.c.obj                      │        124 │     0 │     0 │     0 │     0 │        124 │     124 │        0 │     0 │       0 │             0 │           0 │
build	Build ESP32-C6 firmware	2026-09-24T12:16:41.5720352Z │ libc_a-flags.o                           │        122 │     0 │     0 │     0 │     0 │        122 │       0 │        0 │   122 │       0 │             0 │           0 │
build	Build ESP32-C6 firmware	2026-09-24T12:16:41.5720771Z │ hal_pwr.o                                │        120 │    92 │     0 │     0 │    92 │         28 │       0 │        0 │    28 │       0 │             0 │           0 │
build	Build ESP32-C6 firmware	2026-09-24T12:16:41.5721180Z │ new_op.o                                 │        120 │     0 │     0 │     0 │     0 │        120 │      46 │        0 │    74 │       0 │             0 │           0 │
build	Build ESP32-C6 firmware	2026-09-24T12:16:41.5721616Z │ log_timestamp.c.obj                      │        118 │   118 │     4 │     0 │   114 │          0 │       0 │        0 │     0 │       0 │             0 │           0 │
build	Build ESP32-C6 firmware	2026-09-24T12:16:41.5722093Z │ libc_a-fileno.o                          │        116 │     0 │     0 │     0 │     0 │        116 │       0 │        0 │   116 │       0 │             0 │           0 │
build	Build ESP32-C6 firmware	2026-09-24T12:16:41.5722681Z │ esp_dpa_protection.c.obj                 │        115 │     0 │     0 │     0 │     0 │        115 │      25 │        0 │    90 │       0 │             0 │           0 │
build	Build ESP32-C6 firmware	2026-09-24T12:16:41.5723223Z │ phy_debug.o                              │        112 │    40 │    40 │     0 │     0 │         72 │       0 │        0 │    72 │       0 │             0 │           0 │
build	Build ESP32-C6 firmware	2026-09-24T12:16:41.5723651Z │ ip4_addr.c.obj                           │        112 │     0 │     0 │     0 │     0 │        112 │      48 │        0 │    64 │       0 │             0 │           0 │
build	Build ESP32-C6 firmware	2026-09-24T12:16:41.5724082Z │ esp_cache.c.obj                          │        110 │   110 │     0 │    24 │    86 │          0 │       0 │        0 │     0 │       0 │             0 │           0 │
build	Build ESP32-C6 firmware	2026-09-24T12:16:41.5724504Z │ ip.c.obj                                 │        108 │    68 │    68 │     0 │     0 │         40 │       0 │        0 │    40 │       0 │             0 │           0 │
build	Build ESP32-C6 firmware	2026-09-24T12:16:41.5725021Z │ cpu.c.obj                                │        108 │    28 │     0 │     0 │    28 │         80 │       0 │        0 │    80 │       0 │             0 │           0 │
build	Build ESP32-C6 firmware	2026-09-24T12:16:41.5725452Z │ syscalls.c.obj                           │        108 │     0 │     0 │     0 │     0 │        108 │       0 │        0 │   108 │       0 │             0 │           0 │
build	Build ESP32-C6 firmware	2026-09-24T12:16:41.5725883Z │ esp_owe.c.obj                            │        108 │     0 │     0 │     0 │     0 │        108 │       0 │        0 │   108 │       0 │             0 │           0 │
build	Build ESP32-C6 firmware	2026-09-24T12:16:41.5726436Z │ err.c.obj                                │        106 │     0 │     0 │     0 │     0 │        106 │      68 │        0 │    38 │       0 │             0 │           0 │
build	Build ESP32-C6 firmware	2026-09-24T12:16:41.5726862Z │ sha256.c.obj                             │        106 │     0 │     0 │     0 │     0 │        106 │       0 │        0 │   106 │       0 │             0 │           0 │
build	Build ESP32-C6 firmware	2026-09-24T12:16:41.5727299Z │ multi_heap.c.obj                         │        104 │   104 │     0 │     8 │    96 │          0 │       0 │        0 │     0 │       0 │             0 │           0 │
build	Build ESP32-C6 firmware	2026-09-24T12:16:41.5727736Z │ libc_a-fwalk.o                           │        104 │     0 │     0 │     0 │     0 │        104 │       0 │        0 │   104 │       0 │             0 │           0 │
build	Build ESP32-C6 firmware	2026-09-24T12:16:41.5728165Z │ esp_cpu_intr.c.obj                       │        102 │     0 │     0 │     0 │     0 │        102 │       0 │        0 │   102 │       0 │             0 │           0 │
build	Build ESP32-C6 firmware	2026-09-24T12:16:41.5728592Z │ sd_pwr_ctrl.c.obj                        │        101 │     0 │     0 │     0 │     0 │        101 │      27 │        0 │    74 │       0 │             0 │           0 │
build	Build ESP32-C6 firmware	2026-09-24T12:16:41.5729055Z │ temperature_sensor_periph.c.obj          │        100 │     0 │     0 │     0 │     0 │        100 │     100 │        0 │     0 │       0 │             0 │           0 │
build	Build ESP32-C6 firmware	2026-09-24T12:16:41.5729505Z │ esp_md.c.obj                             │        100 │     0 │     0 │     0 │     0 │        100 │       0 │        0 │   100 │       0 │             0 │           0 │
build	Build ESP32-C6 firmware	2026-09-24T12:16:41.5729954Z │ libc_a-gettzinfo.o                       │         98 │    88 │     0 │    88 │     0 │         10 │       0 │        0 │    10 │       0 │             0 │           0 │
build	Build ESP32-C6 firmware	2026-09-24T12:16:41.5730377Z │ lv_btn.c.obj                             │         98 │     0 │     0 │     0 │     0 │         98 │      28 │        0 │    70 │       0 │             0 │           0 │
build	Build ESP32-C6 firmware	2026-09-24T12:16:41.5730785Z │ lv_utils.c.obj                           │         98 │     0 │     0 │     0 │     0 │         98 │       0 │        0 │    98 │       0 │             0 │           0 │
build	Build ESP32-C6 firmware	2026-09-24T12:16:41.5731217Z │ phy_override.c.obj                       │         97 │    79 │     1 │     0 │    78 │         18 │       0 │        0 │    18 │       0 │             0 │           0 │
build	Build ESP32-C6 firmware	2026-09-24T12:16:41.5731659Z │ libc_a-month_lengths.o                   │         96 │     0 │     0 │     0 │     0 │         96 │      96 │        0 │     0 │       0 │             0 │           0 │
build	Build ESP32-C6 firmware	2026-09-24T12:16:41.5732089Z │ libc_a-ferror.o                          │         96 │     0 │     0 │     0 │     0 │         96 │       0 │        0 │    96 │       0 │             0 │           0 │
build	Build ESP32-C6 firmware	2026-09-24T12:16:41.5732527Z │ nvs_partition_lookup.cpp.obj             │         90 │     0 │     0 │     0 │     0 │         90 │       0 │        0 │    90 │       0 │             0 │           0 │
build	Build ESP32-C6 firmware	2026-09-24T12:16:41.5732964Z │ lv_draw_line.c.obj                       │         88 │    88 │     0 │     0 │    88 │          0 │       0 │        0 │     0 │       0 │             0 │           0 │
build	Build ESP32-C6 firmware	2026-09-24T12:16:41.5733577Z │ log_write.c.obj                          │         86 │    36 │     0 │     4 │    32 │         50 │       0 │        0 │    50 │       0 │             0 │           0 │
build	Build ESP32-C6 firmware	2026-09-24T12:16:41.5734097Z │ libc_a-rget.o                            │         86 │     0 │     0 │     0 │     0 │         86 │       0 │        0 │    86 │       0 │             0 │           0 │
build	Build ESP32-C6 firmware	2026-09-24T12:16:41.5734517Z │ lv_hal_tick.c.obj                        │         85 │     5 │     5 │     0 │     0 │         80 │       0 │        0 │    80 │       0 │             0 │           0 │
build	Build ESP32-C6 firmware	2026-09-24T12:16:41.5734949Z │ esp_efuse_table.c.obj                    │         84 │    48 │     0 │    48 │     0 │         36 │      36 │        0 │     0 │       0 │             0 │           0 │
build	Build ESP32-C6 firmware	2026-09-24T12:16:41.5735380Z │ lv_list.c.obj                            │         84 │     0 │     0 │     0 │     0 │         84 │      84 │        0 │     0 │       0 │             0 │           0 │
build	Build ESP32-C6 firmware	2026-09-24T12:16:41.5735877Z │ md5.c.obj                                │         84 │     0 │     0 │     0 │     0 │         84 │       0 │        0 │    84 │       0 │             0 │           0 │
build	Build ESP32-C6 firmware	2026-09-24T12:16:41.5736284Z │ sha1.c.obj                               │         84 │     0 │     0 │     0 │     0 │         84 │       0 │        0 │    84 │       0 │             0 │           0 │
build	Build ESP32-C6 firmware	2026-09-24T12:16:41.5736702Z │ wl_offchan.o                             │         82 │     8 │     8 │     0 │     0 │         74 │       0 │        0 │    74 │       0 │             0 │           0 │
build	Build ESP32-C6 firmware	2026-09-24T12:16:41.5737132Z │ flash_brownout_hook.c.obj                │         78 │    78 │     2 │     0 │    76 │          0 │       0 │        0 │     0 │       0 │             0 │           0 │
build	Build ESP32-C6 firmware	2026-09-24T12:16:41.5737580Z │ instruction_decode.c.obj                 │         76 │     0 │     0 │     0 │     0 │         76 │       0 │        0 │    76 │       0 │             0 │           0 │
build	Build ESP32-C6 firmware	2026-09-24T12:16:41.5738025Z │ spi_periph.c.obj                         │         72 │     0 │     0 │     0 │     0 │         72 │      72 │        0 │     0 │       0 │             0 │           0 │
build	Build ESP32-C6 firmware	2026-09-24T12:16:41.5738448Z │ libc_a-time.o                            │         70 │     0 │     0 │     0 │     0 │         70 │       0 │        0 │    70 │       0 │             0 │           0 │
build	Build ESP32-C6 firmware	2026-09-24T12:16:41.5738871Z │ mesh_parent.o                            │         68 │     4 │     4 │     0 │     0 │         64 │       0 │        0 │    64 │       0 │             0 │           0 │
build	Build ESP32-C6 firmware	2026-09-24T12:16:41.5739289Z │ stdatomic.c.obj                          │         68 │    68 │     0 │     0 │    68 │          0 │       0 │        0 │     0 │       0 │             0 │           0 │
build	Build ESP32-C6 firmware	2026-09-24T12:16:41.5739712Z │ init.c.obj                               │         66 │     0 │     0 │     0 │     0 │         66 │       8 │        0 │    42 │       0 │             0 │           0 │
build	Build ESP32-C6 firmware	2026-09-24T12:16:41.5740131Z │ bad_alloc.o                              │         66 │     0 │     0 │     0 │     0 │         66 │      20 │        0 │    46 │       0 │             0 │           0 │
build	Build ESP32-C6 firmware	2026-09-24T12:16:41.5740549Z │ eh_terminate.o                           │         66 │     0 │     0 │     0 │     0 │         66 │      16 │        0 │    50 │       0 │             0 │           0 │
build	Build ESP32-C6 firmware	2026-09-24T12:16:41.5741042Z │ platform_util.c.obj                      │         64 │     0 │     0 │     0 │     0 │         64 │       4 │        0 │    60 │       0 │             0 │           0 │
build	Build ESP32-C6 firmware	2026-09-24T12:16:41.5741460Z │ hal_mac_rx.o                             │         64 │     0 │     0 │     0 │     0 │         64 │       0 │        0 │    64 │       0 │             0 │           0 │
build	Build ESP32-C6 firmware	2026-09-24T12:16:41.5741881Z │ nvs_platform.cpp.obj                     │         60 │     4 │     4 │     0 │     0 │         56 │       0 │        0 │    56 │       0 │             0 │           0 │
build	Build ESP32-C6 firmware	2026-09-24T12:16:41.5742377Z │ esp_system_chip.c.obj                    │         60 │     8 │     0 │     0 │     8 │         52 │       0 │        0 │    52 │       0 │             0 │           0 │
build	Build ESP32-C6 firmware	2026-09-24T12:16:41.5742808Z │ reent_init.c.obj                         │         58 │    58 │     0 │     0 │    58 │          0 │       0 │        0 │     0 │       0 │             0 │           0 │
build	Build ESP32-C6 firmware	2026-09-24T12:16:41.5743397Z │ crypto_ops.c.obj                         │         58 │     0 │     0 │     0 │     0 │         58 │      44 │        0 │    14 │       0 │             0 │           0 │
build	Build ESP32-C6 firmware	2026-09-24T12:16:41.5743821Z │ libc_a-sysopen.o                         │         58 │     0 │     0 │     0 │     0 │         58 │       0 │        0 │    58 │       0 │             0 │           0 │
build	Build ESP32-C6 firmware	2026-09-24T12:16:41.5744240Z │ lv_msgbox.c.obj                          │         56 │     0 │     0 │     0 │     0 │         56 │      56 │        0 │     0 │       0 │             0 │           0 │
build	Build ESP32-C6 firmware	2026-09-24T12:16:41.5744678Z │ cxx_exception_stubs.cpp.obj              │         56 │     0 │     0 │     0 │     0 │         56 │       0 │        0 │    56 │       0 │             0 │           0 │
build	Build ESP32-C6 firmware	2026-09-24T12:16:41.5745121Z │ libc_a-getenv.o                          │         56 │     0 │     0 │     0 │     0 │         56 │       0 │        0 │    56 │       0 │             0 │           0 │
build	Build ESP32-C6 firmware	2026-09-24T12:16:41.5745537Z │ def.c.obj                                │         50 │     0 │     0 │     0 │     0 │         50 │       0 │        0 │    50 │       0 │             0 │           0 │
build	Build ESP32-C6 firmware	2026-09-24T12:16:41.5745949Z │ lp_timer_hal.c.obj                       │         44 │    44 │     0 │     4 │    40 │          0 │       0 │        0 │     0 │       0 │             0 │           0 │
build	Build ESP32-C6 firmware	2026-09-24T12:16:41.5746366Z │ libc_a-fseek.o                           │         44 │     0 │     0 │     0 │     0 │         44 │       0 │        0 │    44 │       0 │             0 │           0 │
build	Build ESP32-C6 firmware	2026-09-24T12:16:41.5746786Z │ libc_a-tzset.o                           │         44 │     0 │     0 │     0 │     0 │         44 │       0 │        0 │    44 │       0 │             0 │           0 │
build	Build ESP32-C6 firmware	2026-09-24T12:16:41.5747203Z │ esp_mem.c.obj                            │         42 │     0 │     0 │     0 │     0 │         42 │       0 │        0 │    42 │       0 │             0 │           0 │
build	Build ESP32-C6 firmware	2026-09-24T12:16:41.5747622Z │ platform.c.obj                           │         40 │     8 │     0 │     8 │     0 │         32 │       0 │        0 │    32 │       0 │             0 │           0 │
build	Build ESP32-C6 firmware	2026-09-24T12:16:41.5748035Z │ new_opvnt.o                              │         40 │     4 │     0 │     4 │     0 │         36 │      16 │        0 │    20 │       0 │             0 │           0 │
build	Build ESP32-C6 firmware	2026-09-24T12:16:41.5748454Z │ esp_timer_init.c.obj                     │         40 │     0 │     0 │     0 │     0 │         40 │       8 │        0 │    32 │       0 │             0 │           0 │
build	Build ESP32-C6 firmware	2026-09-24T12:16:41.5748883Z │ libc_a-sysread.o                         │         40 │     0 │     0 │     0 │     0 │         40 │       0 │        0 │    40 │       0 │             0 │           0 │
build	Build ESP32-C6 firmware	2026-09-24T12:16:41.5749307Z │ libc_a-syswrite.o                        │         40 │     0 │     0 │     0 │     0 │         40 │       0 │        0 │    40 │       0 │             0 │           0 │
build	Build ESP32-C6 firmware	2026-09-24T12:16:41.5749847Z │ esp_gpio_reserve.c.obj                   │         36 │     8 │     0 │     8 │     0 │         28 │       0 │        0 │    28 │       0 │             0 │           0 │
build	Build ESP32-C6 firmware	2026-09-24T12:16:41.5750281Z │ libc_a-sysgettod.o                       │         36 │     0 │     0 │     0 │     0 │         36 │       0 │        0 │    36 │       0 │             0 │           0 │
build	Build ESP32-C6 firmware	2026-09-24T12:16:41.5750715Z │ esp_memory_utils.c.obj                   │         34 │    34 │     0 │     0 │    34 │          0 │       0 │        0 │     0 │       0 │             0 │           0 │
build	Build ESP32-C6 firmware	2026-09-24T12:16:41.5751149Z │ esp_hardware.c.obj                       │         34 │     0 │     0 │     0 │     0 │         34 │       0 │        0 │    34 │       0 │             0 │           0 │
build	Build ESP32-C6 firmware	2026-09-24T12:16:41.5751665Z │ ieee80211_rfid.o                         │         34 │     0 │     0 │     0 │     0 │         34 │       0 │        0 │    34 │       0 │             0 │           0 │
build	Build ESP32-C6 firmware	2026-09-24T12:16:41.5752100Z │ lv_draw_transform.c.obj                  │         32 │     0 │     0 │     0 │     0 │         32 │       0 │        0 │    32 │       0 │             0 │           0 │
build	Build ESP32-C6 firmware	2026-09-24T12:16:41.5752553Z │ bootloader_flash_config_esp32c6.c.obj    │         32 │     0 │     0 │     0 │     0 │         32 │       0 │        0 │    32 │       0 │             0 │           0 │
build	Build ESP32-C6 firmware	2026-09-24T12:16:41.5752991Z │ libc_a-exit.o                            │         32 │     0 │     0 │     0 │     0 │         32 │       0 │        0 │    32 │       0 │             0 │           0 │
build	Build ESP32-C6 firmware	2026-09-24T12:16:41.5753585Z │ libc_a-putchar.o                         │         32 │     0 │     0 │     0 │     0 │         32 │       0 │        0 │    32 │       0 │             0 │           0 │
build	Build ESP32-C6 firmware	2026-09-24T12:16:41.5754013Z │ libc_a-tzlock.o                          │         32 │     0 │     0 │     0 │     0 │         32 │       0 │        0 │    32 │       0 │             0 │           0 │
build	Build ESP32-C6 firmware	2026-09-24T12:16:41.5754445Z │ libc_a-sysfstat.o                        │         32 │     0 │     0 │     0 │     0 │         32 │       0 │        0 │    32 │       0 │             0 │           0 │
build	Build ESP32-C6 firmware	2026-09-24T12:16:41.5754871Z │ libc_a-envlock.o                         │         32 │     0 │     0 │     0 │     0 │         32 │       0 │        0 │    32 │       0 │             0 │           0 │
build	Build ESP32-C6 firmware	2026-09-24T12:16:41.5755298Z │ esp_rom_systimer.c.obj                   │         30 │    30 │     0 │     0 │    30 │          0 │       0 │        0 │     0 │       0 │             0 │           0 │
build	Build ESP32-C6 firmware	2026-09-24T12:16:41.5755726Z │ mpi_periph.c.obj                         │         28 │     0 │     0 │     0 │     0 │         28 │      28 │        0 │     0 │       0 │             0 │           0 │
build	Build ESP32-C6 firmware	2026-09-24T12:16:41.5756160Z │ esp_eap_client.c.obj                     │         24 │     4 │     4 │     0 │     0 │         20 │       0 │        0 │    20 │       0 │             0 │           0 │
build	Build ESP32-C6 firmware	2026-09-24T12:16:41.5756695Z │ esp_timer_impl_common.c.obj              │         24 │    24 │     0 │    16 │     8 │          0 │       0 │        0 │     0 │       0 │             0 │           0 │
build	Build ESP32-C6 firmware	2026-09-24T12:16:41.5757133Z │ systimer.c.obj                           │         24 │    24 │     0 │     0 │    24 │          0 │       0 │        0 │     0 │       0 │             0 │           0 │
build	Build ESP32-C6 firmware	2026-09-24T12:16:41.5757562Z │ ext_mem_layout.c.obj                     │         24 │     0 │     0 │     0 │     0 │         24 │      24 │        0 │     0 │       0 │             0 │           0 │
build	Build ESP32-C6 firmware	2026-09-24T12:16:41.5758005Z │ ip6_addr.c.obj                           │         24 │     0 │     0 │     0 │     0 │         24 │      24 │        0 │     0 │       0 │             0 │           0 │
build	Build ESP32-C6 firmware	2026-09-24T12:16:41.5758518Z │ esp_aes_gdma_impl.c.obj                  │         24 │     0 │     0 │     0 │     0 │         24 │       0 │        0 │    24 │       0 │             0 │           0 │
build	Build ESP32-C6 firmware	2026-09-24T12:16:41.5758950Z │ libc_a-sysclose.o                        │         24 │     0 │     0 │     0 │     0 │         24 │       0 │        0 │    24 │       0 │             0 │           0 │
build	Build ESP32-C6 firmware	2026-09-24T12:16:41.5759389Z │ libc_a-sysunlink.o                       │         24 │     0 │     0 │     0 │     0 │         24 │       0 │        0 │    24 │       0 │             0 │           0 │
build	Build ESP32-C6 firmware	2026-09-24T12:16:41.5759814Z │ new_handler.o                            │         21 │     4 │     4 │     0 │     0 │         17 │       1 │        0 │    16 │       0 │             0 │           0 │
build	Build ESP32-C6 firmware	2026-09-24T12:16:41.5760227Z │ coexist_dbg.o                            │         20 │    20 │     0 │     4 │    16 │          0 │       0 │        0 │     0 │       0 │             0 │           0 │
build	Build ESP32-C6 firmware	2026-09-24T12:16:41.5760659Z │ bootloader_mem.c.obj                     │         20 │     0 │     0 │     0 │     0 │         20 │       0 │        0 │    20 │       0 │             0 │           0 │
build	Build ESP32-C6 firmware	2026-09-24T12:16:41.5761078Z │ lv_draw.c.obj                            │         18 │     0 │     0 │     0 │     0 │         18 │       0 │        0 │    18 │       0 │             0 │           0 │
build	Build ESP32-C6 firmware	2026-09-24T12:16:41.5761497Z │ lv_extra.c.obj                           │         18 │     0 │     0 │     0 │     0 │         18 │       0 │        0 │    18 │       0 │             0 │           0 │
build	Build ESP32-C6 firmware	2026-09-24T12:16:41.5761909Z │ libc_a-errno.o                           │         18 │     0 │     0 │     0 │     0 │         18 │       0 │        0 │    18 │       0 │             0 │           0 │
build	Build ESP32-C6 firmware	2026-09-24T12:16:41.5762325Z │ libc_a-tzvars.o                          │         16 │    16 │     8 │     8 │     0 │          0 │       0 │        0 │     0 │       0 │             0 │           0 │
build	Build ESP32-C6 firmware	2026-09-24T12:16:41.5762757Z │ esp_sha_gdma_impl.c.obj                  │         16 │     0 │     0 │     0 │     0 │         16 │       0 │        0 │    16 │       0 │             0 │           0 │
build	Build ESP32-C6 firmware	2026-09-24T12:16:41.5763310Z │ esp_wps.c.obj                            │         14 │     4 │     4 │     0 │     0 │         10 │       0 │        0 │    10 │       0 │             0 │           0 │
build	Build ESP32-C6 firmware	2026-09-24T12:16:41.5763755Z │ flash_encrypt.c.obj                      │         14 │    14 │     0 │     0 │    14 │          0 │       0 │        0 │     0 │       0 │             0 │           0 │
build	Build ESP32-C6 firmware	2026-09-24T12:16:41.5764176Z │ ledc_hal.c.obj                           │         14 │     0 │     0 │     0 │     0 │         14 │       0 │        0 │    14 │       0 │             0 │           0 │
build	Build ESP32-C6 firmware	2026-09-24T12:16:41.5764606Z │ spi_flash_chip_drivers.c.obj             │         12 │    12 │     0 │    12 │     0 │          0 │       0 │        0 │     0 │       0 │             0 │           0 │
build	Build ESP32-C6 firmware	2026-09-24T12:16:41.5765047Z │ i2c_periph.c.obj                         │         12 │     0 │     0 │     0 │     0 │         12 │      12 │        0 │     0 │       0 │             0 │           0 │
build	Build ESP32-C6 firmware	2026-09-24T12:16:41.5765464Z │ log_level.c.obj                          │         10 │     4 │     0 │     4 │     0 │          6 │       0 │        0 │     6 │       0 │             0 │           0 │
build	Build ESP32-C6 firmware	2026-09-24T12:16:41.5765987Z │ libc_a-environ.o                         │          8 │     8 │     4 │     4 │     0 │          0 │       0 │        0 │     0 │       0 │             0 │           0 │
build	Build ESP32-C6 firmware	2026-09-24T12:16:41.5766396Z │ del_op.o                                 │          8 │     0 │     0 │     0 │     0 │          8 │       0 │        0 │     8 │       0 │             0 │           0 │
build	Build ESP32-C6 firmware	2026-09-24T12:16:41.5766797Z │ tinfo.o                                  │          6 │     0 │     0 │     0 │     0 │          6 │       0 │        0 │     6 │       0 │             0 │           0 │
build	Build ESP32-C6 firmware	2026-09-24T12:16:41.5767291Z │ eh_term_handler.o                        │          4 │     4 │     0 │     4 │     0 │          0 │       0 │        0 │     0 │       0 │             0 │           0 │
build	Build ESP32-C6 firmware	2026-09-24T12:16:41.5767706Z │ rtc_module.c.obj                         │          4 │     4 │     0 │     0 │     4 │          0 │       0 │        0 │     0 │       0 │             0 │           0 │
build	Build ESP32-C6 firmware	2026-09-24T12:16:41.5768131Z │ pthread.c.obj                            │          4 │     0 │     0 │     0 │     0 │          4 │       0 │        0 │     2 │       0 │             0 │           0 │
build	Build ESP32-C6 firmware	2026-09-24T12:16:41.5768538Z │ del_ops.o                                │          4 │     0 │     0 │     0 │     0 │          4 │       0 │        0 │     4 │       0 │             0 │           0 │
build	Build ESP32-C6 firmware	2026-09-24T12:16:41.5768942Z │ libc_a-u_strerr.o                        │          4 │     0 │     0 │     0 │     0 │          4 │       0 │        0 │     4 │       0 │             0 │           0 │
build	Build ESP32-C6 firmware	2026-09-24T12:16:41.5769359Z │ ubsan.c.obj                              │          2 │     2 │     0 │     0 │     2 │          0 │       0 │        0 │     0 │       0 │             0 │           0 │
build	Build ESP32-C6 firmware	2026-09-24T12:16:41.5769775Z │ esp_rom_multi_heap.c.obj                 │          2 │     0 │     0 │     0 │     0 │          2 │       0 │        0 │     2 │       0 │             0 │           0 │
build	Build ESP32-C6 firmware	2026-09-24T12:16:41.5770207Z │ getentropy.c.obj                         │          2 │     0 │     0 │     0 │     0 │          2 │       0 │        0 │     2 │       0 │             0 │           0 │
build	Build ESP32-C6 firmware	2026-09-24T12:16:41.5770629Z │ pthread_cond_var.c.obj                   │          2 │     0 │     0 │     0 │     0 │          2 │       0 │        0 │     2 │       0 │             0 │           0 │
build	Build ESP32-C6 firmware	2026-09-24T12:16:41.5771054Z │ pthread_rwlock.c.obj                     │          2 │     0 │     0 │     0 │     0 │          2 │       0 │        0 │     2 │       0 │             0 │           0 │
build	Build ESP32-C6 firmware	2026-09-24T12:16:41.5771489Z │ pthread_semaphore.c.obj                  │          2 │     0 │     0 │     0 │     0 │          2 │       0 │        0 │     2 │       0 │             0 │           0 │
build	Build ESP32-C6 firmware	2026-09-24T12:16:41.5771917Z │ cxx_guards.cpp.obj                       │          2 │     0 │     0 │     0 │     0 │          2 │       0 │        0 │     2 │       0 │             0 │           0 │
build	Build ESP32-C6 firmware	2026-09-24T12:16:41.5772408Z │ cxx_init.cpp.obj                         │          2 │     0 │     0 │     0 │     0 │          2 │       0 │        0 │     2 │       0 │             0 │           0 │
build	Build ESP32-C6 firmware	2026-09-24T12:16:41.5772838Z │ nvs_sec_provider.c.obj                   │          2 │     0 │     0 │     0 │     0 │          2 │       0 │        0 │     2 │       0 │             0 │           0 │
build	Build ESP32-C6 firmware	2026-09-24T12:16:41.5773374Z │ del_opv.o                                │          2 │     0 │     0 │     0 │     0 │          2 │       0 │        0 │     2 │       0 │             0 │           0 │
build	Build ESP32-C6 firmware	2026-09-24T12:16:41.5773864Z │ new_opv.o                                │          2 │     0 │     0 │     0 │     0 │          2 │       0 │        0 │     2 │       0 │             0 │           0 │
build	Build ESP32-C6 firmware	2026-09-24T12:16:41.5774270Z │ eh_exception.o                           │          2 │     0 │     0 │     0 │     0 │          2 │       0 │        0 │     2 │       0 │             0 │           0 │
build	Build ESP32-C6 firmware	2026-09-24T12:16:41.5774697Z │ ledc_periph.c.obj                        │          1 │     0 │     0 │     0 │     0 │          1 │       1 │        0 │     0 │       0 │             0 │           0 │
build	Build ESP32-C6 firmware	2026-09-24T12:16:41.5775196Z └──────────────────────────────────────────┴────────────┴───────┴───────┴───────┴───────┴────────────┴─────────┴──────────┴───────┴─────────┴───────────────┴─────────────┘
build	Build ESP32-C6 firmware	2026-09-24T12:16:42.2889826Z ##[end-action id=__espressif_esp-idf-ci-action.__run;outcome=success;conclusion=success;duration_ms=143222]
build	Assemble firmware.zip	﻿2026-09-24T12:16:42.2916103Z ##[group]Run mkdir -p firmware
build	Assemble firmware.zip	2026-09-24T12:16:42.2916306Z ^[[36;1mmkdir -p firmware^[[0m
build	Assemble firmware.zip	2026-09-24T12:16:42.2916497Z ^[[36;1mcp build/bootloader/bootloader.bin firmware/^[[0m
build	Assemble firmware.zip	2026-09-24T12:16:42.2916725Z ^[[36;1mcp build/partition_table/partition-table.bin firmware/^[[0m
build	Assemble firmware.zip	2026-09-24T12:16:42.2916922Z ^[[36;1mcp build/*.bin firmware/^[[0m
build	Assemble firmware.zip	2026-09-24T12:16:42.2917093Z ^[[36;1mcp build/flash_args firmware/ 2>/dev/null || true^[[0m
build	Assemble firmware.zip	2026-09-24T12:16:42.2917314Z ^[[36;1mcp build/flasher_args.json firmware/ 2>/dev/null || true^[[0m
build	Assemble firmware.zip	2026-09-24T12:16:42.2917558Z ^[[36;1mcp build/project_description.json firmware/ 2>/dev/null || true^[[0m
build	Assemble firmware.zip	2026-09-24T12:16:42.2917808Z ^[[36;1mcp build/config/sdkconfig.h firmware/ 2>/dev/null || true^[[0m
build	Assemble firmware.zip	2026-09-24T12:16:42.2918025Z ^[[36;1mcp build/phase3c-size-report.txt firmware/^[[0m
build	Assemble firmware.zip	2026-09-24T12:16:42.2918224Z ^[[36;1mecho "${GITHUB_SHA}" > firmware/git_commit.txt^[[0m
build	Assemble firmware.zip	2026-09-24T12:16:42.2918427Z ^[[36;1mcd firmware && zip -r ../firmware.zip . && cd ..^[[0m
build	Assemble firmware.zip	2026-09-24T12:16:42.2918611Z ^[[36;1munzip -l firmware.zip^[[0m
build	Assemble firmware.zip	2026-09-24T12:16:42.2971014Z shell: /usr/bin/bash -e {0}
build	Assemble firmware.zip	2026-09-24T12:16:42.2971178Z ##[endgroup]
build	Assemble firmware.zip	2026-09-24T12:16:42.3325795Z   adding: git_commit.txt (deflated 5%)
build	Assemble firmware.zip	2026-09-24T12:16:42.3343822Z   adding: phase3c-size-report.txt (deflated 88%)
build	Assemble firmware.zip	2026-09-24T12:16:42.3344175Z   adding: partition-table.bin (deflated 97%)
build	Assemble firmware.zip	2026-09-24T12:16:42.3364077Z   adding: project_description.json (deflated 91%)
build	Assemble firmware.zip	2026-09-24T12:16:42.3364397Z   adding: flash_args (deflated 28%)
build	Assemble firmware.zip	2026-09-24T12:16:42.3364661Z   adding: flasher_args.json (deflated 66%)
build	Assemble firmware.zip	2026-09-24T12:16:42.3773555Z   adding: esp32c6_pwnagotchi.bin (deflated 42%)
build	Assemble firmware.zip	2026-09-24T12:16:42.3779029Z   adding: bootloader.bin (deflated 38%)
build	Assemble firmware.zip	2026-09-24T12:16:42.3785958Z   adding: sdkconfig.h (deflated 80%)
build	Assemble firmware.zip	2026-09-24T12:16:42.3810169Z Archive:  firmware.zip
build	Assemble firmware.zip	2026-09-24T12:16:42.3810526Z   Length      Date    Time    Name
build	Assemble firmware.zip	2026-09-24T12:16:42.3810777Z ---------  ---------- -----   ----
build	Assemble firmware.zip	2026-09-24T12:16:42.3811007Z        41  2026-09-24 12:16   git_commit.txt
build	Assemble firmware.zip	2026-09-24T12:16:42.3811324Z    155053  2026-09-24 12:16   phase3c-size-report.txt
build	Assemble firmware.zip	2026-09-24T12:16:42.3811620Z      3072  2026-09-24 12:16   partition-table.bin
build	Assemble firmware.zip	2026-09-24T12:16:42.3811902Z    216166  2026-09-24 12:16   project_description.json
build	Assemble firmware.zip	2026-09-24T12:16:42.3812174Z       155  2026-09-24 12:16   flash_args
build	Assemble firmware.zip	2026-09-24T12:16:42.3812412Z       927  2026-09-24 12:16   flasher_args.json
build	Assemble firmware.zip	2026-09-24T12:16:42.3812625Z   1211968  2026-09-24 12:16   esp32c6_pwnagotchi.bin
build	Assemble firmware.zip	2026-09-24T12:16:42.3812796Z     21856  2026-09-24 12:16   bootloader.bin
build	Assemble firmware.zip	2026-09-24T12:16:42.3812948Z     48304  2026-09-24 12:16   sdkconfig.h
build	Assemble firmware.zip	2026-09-24T12:16:42.3813096Z ---------                     -------
build	Assemble firmware.zip	2026-09-24T12:16:42.3813412Z   1657542                     9 files
build	Upload firmware artifact	﻿2026-09-24T12:16:42.3855700Z ##[group]Run actions/upload-artifact@v4
build	Upload firmware artifact	2026-09-24T12:16:42.3855862Z with:
build	Upload firmware artifact	2026-09-24T12:16:42.3856007Z   name: firmware-8835e59c7887b87f68eb694841548626e68d2671
build	Upload firmware artifact	2026-09-24T12:16:42.3856187Z   path: firmware.zip
build	Upload firmware artifact	2026-09-24T12:16:42.3856317Z   if-no-files-found: error
build	Upload firmware artifact	2026-09-24T12:16:42.3856457Z   compression-level: 6
build	Upload firmware artifact	2026-09-24T12:16:42.3856730Z   overwrite: false
build	Upload firmware artifact	2026-09-24T12:16:42.3856853Z   include-hidden-files: false
build	Upload firmware artifact	2026-09-24T12:16:42.3856993Z ##[endgroup]
build	Upload firmware artifact	2026-09-24T12:16:42.4944054Z (node:13194) [DEP0040] DeprecationWarning: The `punycode` module is deprecated. Please use a userland alternative instead.
build	Upload firmware artifact	2026-09-24T12:16:42.4944768Z (Use `node --trace-deprecation ...` to show where the warning was created)
build	Upload firmware artifact	2026-09-24T12:16:42.4976948Z With the provided path, there will be 1 file uploaded
build	Upload firmware artifact	2026-09-24T12:16:42.4980288Z Artifact name is valid!
build	Upload firmware artifact	2026-09-24T12:16:42.4980683Z Root directory input is valid!
build	Upload firmware artifact	2026-09-24T12:16:42.8585905Z Beginning upload of artifact content to blob storage
build	Upload firmware artifact	2026-09-24T12:16:42.8875801Z (node:13194) [DEP0169] DeprecationWarning: `url.parse()` behavior is not standardized and prone to errors that have security implications. Use the WHATWG URL API instead. CVEs are not issued for `url.parse()` vulnerabilities.
build	Upload firmware artifact	2026-09-24T12:16:43.3744468Z Uploaded bytes 767127
build	Upload firmware artifact	2026-09-24T12:16:43.4372469Z Finished uploading artifact content to blob storage!
build	Upload firmware artifact	2026-09-24T12:16:43.4373252Z SHA256 digest of uploaded artifact zip is 78ae3e28d8dc6aa56d524eaa0c1438ae4ecab988514ee8d6d04a9ec989ad70a8
build	Upload firmware artifact	2026-09-24T12:16:43.4374521Z Finalizing artifact upload
build	Upload firmware artifact	2026-09-24T12:16:43.6901129Z Artifact firmware-8835e59c7887b87f68eb694841548626e68d2671.zip successfully finalized. Artifact ID 10806654331
build	Upload firmware artifact	2026-09-24T12:16:43.6902041Z Artifact firmware-8835e59c7887b87f68eb694841548626e68d2671 has been successfully uploaded! Final size is 767127 bytes. Artifact ID is 10806654331
build	Upload firmware artifact	2026-09-24T12:16:43.6907120Z Artifact download URL: https://github.com/yuanwil1y/esp32c6-Pwnagotchi/actions/runs/35997776604/artifacts/10806654331
build	Upload full flash files	﻿2026-09-24T12:16:43.7032291Z ##[group]Run actions/upload-artifact@v4
build	Upload full flash files	2026-09-24T12:16:43.7032465Z with:
build	Upload full flash files	2026-09-24T12:16:43.7032627Z   name: flash-files-8835e59c7887b87f68eb694841548626e68d2671
build	Upload full flash files	2026-09-24T12:16:43.7032995Z   path: build/bootloader/bootloader.bin
build	Upload full flash files	build/partition_table/partition-table.bin
build	Upload full flash files	build/*.bin
build	Upload full flash files	build/flash_args
build	Upload full flash files	build/flasher_args.json
build	Upload full flash files	
build	Upload full flash files	2026-09-24T12:16:43.7033561Z   if-no-files-found: error
build	Upload full flash files	2026-09-24T12:16:43.7033707Z   compression-level: 6
build	Upload full flash files	2026-09-24T12:16:43.7033835Z   overwrite: false
build	Upload full flash files	2026-09-24T12:16:43.7033967Z   include-hidden-files: false
build	Upload full flash files	2026-09-24T12:16:43.7034107Z ##[endgroup]
build	Upload full flash files	2026-09-24T12:16:43.8117605Z (node:13206) [DEP0040] DeprecationWarning: The `punycode` module is deprecated. Please use a userland alternative instead.
build	Upload full flash files	2026-09-24T12:16:43.8118136Z (Use `node --trace-deprecation ...` to show where the warning was created)
build	Upload full flash files	2026-09-24T12:16:43.8205660Z With the provided path, there will be 5 files uploaded
build	Upload full flash files	2026-09-24T12:16:43.8208723Z Artifact name is valid!
build	Upload full flash files	2026-09-24T12:16:43.8209065Z Root directory input is valid!
build	Upload full flash files	2026-09-24T12:16:44.1468748Z Beginning upload of artifact content to blob storage
build	Upload full flash files	2026-09-24T12:16:44.1923296Z (node:13206) [DEP0169] DeprecationWarning: `url.parse()` behavior is not standardized and prone to errors that have security implications. Use the WHATWG URL API instead. CVEs are not issued for `url.parse()` vulnerabilities.
build	Upload full flash files	2026-09-24T12:16:44.6727927Z Uploaded bytes 730162
build	Upload full flash files	2026-09-24T12:16:44.7359441Z Finished uploading artifact content to blob storage!
build	Upload full flash files	2026-09-24T12:16:44.7360106Z SHA256 digest of uploaded artifact zip is 1ac57c44359fd167dc14469bb04a1d9b7c8c5f7f5a1ff97016b29c54901a94dd
build	Upload full flash files	2026-09-24T12:16:44.7362007Z Finalizing artifact upload
build	Upload full flash files	2026-09-24T12:16:44.9938368Z Artifact flash-files-8835e59c7887b87f68eb694841548626e68d2671.zip successfully finalized. Artifact ID 10807126617
build	Upload full flash files	2026-09-24T12:16:44.9939147Z Artifact flash-files-8835e59c7887b87f68eb694841548626e68d2671 has been successfully uploaded! Final size is 730162 bytes. Artifact ID is 10807126617
build	Upload full flash files	2026-09-24T12:16:44.9943551Z Artifact download URL: https://github.com/yuanwil1y/esp32c6-Pwnagotchi/actions/runs/35997776604/artifacts/10807126617
build	Post Checkout	﻿2026-09-24T12:16:45.0099235Z Post job cleanup.
build	Post Checkout	2026-09-24T12:16:45.0645194Z [command]/usr/bin/git version
build	Post Checkout	2026-09-24T12:16:45.0677365Z git version 2.55.0
build	Post Checkout	2026-09-24T12:16:45.0701699Z Temporarily overriding HOME='/home/runner/work/_temp/d2c4fee8-50d5-455d-bd01-ede0ab1eb651' before making global git config changes
build	Post Checkout	2026-09-24T12:16:45.0702471Z Adding repository directory to the temporary git global config as a safe directory
build	Post Checkout	2026-09-24T12:16:45.0704703Z [command]/usr/bin/git config --global --add safe.directory /home/runner/work/esp32c6-Pwnagotchi/esp32c6-Pwnagotchi
build	Post Checkout	2026-09-24T12:16:45.0738575Z [command]/usr/bin/git config --local --name-only --get-regexp core\.sshCommand
build	Post Checkout	2026-09-24T12:16:45.0767271Z [command]/usr/bin/git submodule foreach --recursive sh -c "git config --local --name-only --get-regexp 'core\.sshCommand' && git config --local --unset-all 'core.sshCommand' || :"
build	Post Checkout	2026-09-24T12:16:45.0957702Z Entering 'vendor/waveshare'
build	Post Checkout	2026-09-24T12:16:45.1022682Z [command]/usr/bin/git config --local --name-only --get-regexp http\.https\:\/\/github\.com\/\.extraheader
build	Post Checkout	2026-09-24T12:16:45.1050009Z http.https://github.com/.extraheader
build	Post Checkout	2026-09-24T12:16:45.1060378Z [command]/usr/bin/git config --local --unset-all http.https://github.com/.extraheader
build	Post Checkout	2026-09-24T12:16:45.1095618Z [command]/usr/bin/git submodule foreach --recursive sh -c "git config --local --name-only --get-regexp 'http\.https\:\/\/github\.com\/\.extraheader' && git config --local --unset-all 'http.https://github.com/.extraheader' || :"
build	Post Checkout	2026-09-24T12:16:45.1287742Z Entering 'vendor/waveshare'
build	Post Checkout	2026-09-24T12:16:45.1305502Z http.https://github.com/.extraheader
build	Post Checkout	2026-09-24T12:16:45.1352437Z [command]/usr/bin/git config --local --name-only --get-regexp ^includeIf\.gitdir:
build	Post Checkout	2026-09-24T12:16:45.1384849Z [command]/usr/bin/git submodule foreach --recursive git config --local --show-origin --name-only --get-regexp remote.origin.url
build	Post Checkout	2026-09-24T12:16:45.1554077Z Entering 'vendor/waveshare'
build	Post Checkout	2026-09-24T12:16:45.1568289Z file:/home/runner/work/esp32c6-Pwnagotchi/esp32c6-Pwnagotchi/.git/modules/vendor/waveshare/config	remote.origin.url
build	Post Checkout	2026-09-24T12:16:45.1597787Z [command]/usr/bin/git config --file /home/runner/work/esp32c6-Pwnagotchi/esp32c6-Pwnagotchi/.git/modules/vendor/waveshare/config --name-only --get-regexp ^includeIf\.gitdir:
build	Complete job	﻿2026-09-24T12:16:45.1742325Z Cleaning up orphan processes
build	Complete job	2026-09-24T12:16:45.1959573Z ##[warning]Node.js 20 is deprecated. The following actions target Node.js 20 but are being forced to run on Node.js 24: actions/checkout@v4, actions/upload-artifact@v4. For more information see: https://github.blog/changelog/2025-09-19-deprecation-of-node-20-on-github-actions-runners/
