build	Set up job	﻿2026-09-24T10:55:44.9385621Z Current runner version: '2.337.0'
build	Set up job	2026-09-24T10:55:44.9412656Z ##[group]Runner Image Provisioner
build	Set up job	2026-09-24T10:55:44.9413953Z Hosted Compute Agent
build	Set up job	2026-09-24T10:55:44.9414572Z Version: 20260828.587
build	Set up job	2026-09-24T10:55:44.9415276Z Commit: abac92662cab4cc7352de4f9f9d2e2419aad9c29
build	Set up job	2026-09-24T10:55:44.9416034Z Build Date: 2026-08-28T16:44:25Z
build	Set up job	2026-09-24T10:55:44.9416819Z Worker ID: {64599408-ffb4-4f17-995a-b60194974ae8}
build	Set up job	2026-09-24T10:55:44.9417602Z Azure Region: eastus
build	Set up job	2026-09-24T10:55:44.9418192Z ##[endgroup]
build	Set up job	2026-09-24T10:55:44.9419773Z ##[group]Operating System
build	Set up job	2026-09-24T10:55:44.9420446Z Ubuntu
build	Set up job	2026-09-24T10:55:44.9420977Z 24.04.5
build	Set up job	2026-09-24T10:55:44.9421601Z LTS
build	Set up job	2026-09-24T10:55:44.9422124Z ##[endgroup]
build	Set up job	2026-09-24T10:55:44.9423319Z ##[group]Runner Image
build	Set up job	2026-09-24T10:55:44.9424072Z Image: ubuntu-24.04
build	Set up job	2026-09-24T10:55:44.9424743Z Version: 20260920.314.1
build	Set up job	2026-09-24T10:55:44.9425915Z Included Software: https://github.com/actions/runner-images/blob/ubuntu24/20260920.314/images/ubuntu/Ubuntu2404-Readme.md
build	Set up job	2026-09-24T10:55:44.9427718Z Image Release: https://github.com/actions/runner-images/releases/tag/ubuntu24%2F20260920.314
build	Set up job	2026-09-24T10:55:44.9428756Z ##[endgroup]
build	Set up job	2026-09-24T10:55:44.9430071Z ##[group]GITHUB_TOKEN Permissions
build	Set up job	2026-09-24T10:55:44.9432306Z Contents: read
build	Set up job	2026-09-24T10:55:44.9433407Z Metadata: read
build	Set up job	2026-09-24T10:55:44.9434142Z Packages: read
build	Set up job	2026-09-24T10:55:44.9434747Z ##[endgroup]
build	Set up job	2026-09-24T10:55:44.9437063Z Secret source: Actions
build	Set up job	2026-09-24T10:55:44.9438157Z Cache mode: write
build	Set up job	2026-09-24T10:55:44.9439510Z Prepare workflow directory
build	Set up job	2026-09-24T10:55:44.9782447Z Prepare all required actions
build	Set up job	2026-09-24T10:55:44.9830755Z Getting action download info
build	Set up job	2026-09-24T10:55:45.2442925Z Download action repository 'actions/checkout@v4' (SHA:11d5960a326750d5838078e36cf38b85af677262)
build	Set up job	2026-09-24T10:55:45.3427192Z Download action repository 'espressif/esp-idf-ci-action@v1' (SHA:9d38657f3d789ca759b2b37aaf5ceffbc42c4f0d)
build	Set up job	2026-09-24T10:55:45.4327672Z Download action repository 'actions/upload-artifact@v4' (SHA:ea165f8d65b6e75b540449e92b4886f43607fa02)
build	Set up job	2026-09-24T10:55:45.6660990Z Complete job name: build
build	Checkout	﻿2026-09-24T10:55:45.7464470Z ##[group]Run actions/checkout@v4
build	Checkout	2026-09-24T10:55:45.7465397Z with:
build	Checkout	2026-09-24T10:55:45.7465834Z   submodules: recursive
build	Checkout	2026-09-24T10:55:45.7466360Z   repository: yuanwil1y/esp32c6-Pwnagotchi
build	Checkout	2026-09-24T10:55:45.7470617Z   token: ***
build	Checkout	2026-09-24T10:55:45.7471069Z   ssh-strict: true
build	Checkout	2026-09-24T10:55:45.7471519Z   ssh-user: git
build	Checkout	2026-09-24T10:55:45.7471965Z   persist-credentials: true
build	Checkout	2026-09-24T10:55:45.7472458Z   clean: true
build	Checkout	2026-09-24T10:55:45.7472907Z   sparse-checkout-cone-mode: true
build	Checkout	2026-09-24T10:55:45.7473632Z   fetch-depth: 1
build	Checkout	2026-09-24T10:55:45.7474086Z   fetch-tags: false
build	Checkout	2026-09-24T10:55:45.7474528Z   show-progress: true
build	Checkout	2026-09-24T10:55:45.7474979Z   lfs: false
build	Checkout	2026-09-24T10:55:45.7475406Z   set-safe-directory: true
build	Checkout	2026-09-24T10:55:45.7475912Z   allow-unsafe-pr-checkout: false
build	Checkout	2026-09-24T10:55:45.7476798Z ##[endgroup]
build	Checkout	2026-09-24T10:55:45.8559502Z Syncing repository: yuanwil1y/esp32c6-Pwnagotchi
build	Checkout	2026-09-24T10:55:45.8562358Z ##[group]Getting Git version info
build	Checkout	2026-09-24T10:55:45.8563949Z Working directory is '/home/runner/work/esp32c6-Pwnagotchi/esp32c6-Pwnagotchi'
build	Checkout	2026-09-24T10:55:45.8565882Z [command]/usr/bin/git version
build	Checkout	2026-09-24T10:55:45.8651890Z git version 2.55.0
build	Checkout	2026-09-24T10:55:45.8693889Z ##[endgroup]
build	Checkout	2026-09-24T10:55:45.8713612Z Temporarily overriding HOME='/home/runner/work/_temp/2ebe4ea0-c2b3-4399-bbcf-9ac026e06156' before making global git config changes
build	Checkout	2026-09-24T10:55:45.8716015Z Adding repository directory to the temporary git global config as a safe directory
build	Checkout	2026-09-24T10:55:45.8719542Z [command]/usr/bin/git config --global --add safe.directory /home/runner/work/esp32c6-Pwnagotchi/esp32c6-Pwnagotchi
build	Checkout	2026-09-24T10:55:45.8780984Z Deleting the contents of '/home/runner/work/esp32c6-Pwnagotchi/esp32c6-Pwnagotchi'
build	Checkout	2026-09-24T10:55:45.8785789Z ##[group]Initializing the repository
build	Checkout	2026-09-24T10:55:45.8791453Z [command]/usr/bin/git init /home/runner/work/esp32c6-Pwnagotchi/esp32c6-Pwnagotchi
build	Checkout	2026-09-24T10:55:45.8917975Z hint: Using 'master' as the name for the initial branch. This default branch name
build	Checkout	2026-09-24T10:55:45.8920157Z hint: will change to "main" in Git 3.0. To configure the initial branch name
build	Checkout	2026-09-24T10:55:45.8921901Z hint: to use in all of your new repositories, which will suppress this warning,
build	Checkout	2026-09-24T10:55:45.8924049Z hint: call:
build	Checkout	2026-09-24T10:55:45.8924529Z hint:
build	Checkout	2026-09-24T10:55:45.8925101Z hint: 	git config --global init.defaultBranch <name>
build	Checkout	2026-09-24T10:55:45.8925786Z hint:
build	Checkout	2026-09-24T10:55:45.8926594Z hint: Names commonly chosen instead of 'master' are 'main', 'trunk' and
build	Checkout	2026-09-24T10:55:45.8928364Z hint: 'development'. The just-created branch can be renamed via this command:
build	Checkout	2026-09-24T10:55:45.8929406Z hint:
build	Checkout	2026-09-24T10:55:45.8930174Z hint: 	git branch -m <name>
build	Checkout	2026-09-24T10:55:45.8930921Z hint:
build	Checkout	2026-09-24T10:55:45.8931773Z hint: Disable this message with "git config set advice.defaultBranchName false"
build	Checkout	2026-09-24T10:55:45.8933242Z Initialized empty Git repository in /home/runner/work/esp32c6-Pwnagotchi/esp32c6-Pwnagotchi/.git/
build	Checkout	2026-09-24T10:55:45.8936564Z [command]/usr/bin/git remote add origin https://github.com/yuanwil1y/esp32c6-Pwnagotchi
build	Checkout	2026-09-24T10:55:45.8996225Z ##[endgroup]
build	Checkout	2026-09-24T10:55:45.8997761Z ##[group]Disabling automatic garbage collection
build	Checkout	2026-09-24T10:55:45.9002826Z [command]/usr/bin/git config --local gc.auto 0
build	Checkout	2026-09-24T10:55:45.9045399Z ##[endgroup]
build	Checkout	2026-09-24T10:55:45.9046176Z ##[group]Setting up auth
build	Checkout	2026-09-24T10:55:45.9063542Z [command]/usr/bin/git config --local --name-only --get-regexp core\.sshCommand
build	Checkout	2026-09-24T10:55:45.9093744Z [command]/usr/bin/git submodule foreach --recursive sh -c "git config --local --name-only --get-regexp 'core\.sshCommand' && git config --local --unset-all 'core.sshCommand' || :"
build	Checkout	2026-09-24T10:55:45.9553681Z [command]/usr/bin/git config --local --name-only --get-regexp http\.https\:\/\/github\.com\/\.extraheader
build	Checkout	2026-09-24T10:55:45.9602280Z [command]/usr/bin/git submodule foreach --recursive sh -c "git config --local --name-only --get-regexp 'http\.https\:\/\/github\.com\/\.extraheader' && git config --local --unset-all 'http.https://github.com/.extraheader' || :"
build	Checkout	2026-09-24T10:55:45.9900857Z [command]/usr/bin/git config --local --name-only --get-regexp ^includeIf\.gitdir:
build	Checkout	2026-09-24T10:55:45.9946932Z [command]/usr/bin/git submodule foreach --recursive git config --local --show-origin --name-only --get-regexp remote.origin.url
build	Checkout	2026-09-24T10:55:46.0189602Z [command]/usr/bin/git config --local http.https://github.com/.extraheader AUTHORIZATION: basic ***
build	Checkout	2026-09-24T10:55:46.0234466Z ##[endgroup]
build	Checkout	2026-09-24T10:55:46.0235685Z ##[group]Fetching the repository
build	Checkout	2026-09-24T10:55:46.0250915Z [command]/usr/bin/git -c protocol.version=2 fetch --no-tags --prune --no-recurse-submodules --depth=1 origin +59e83b9460661f2c596fd595dc3a146eda44da30:refs/remotes/origin/phase3c-sd-logger
build	Checkout	2026-09-24T10:55:46.2958650Z From https://github.com/yuanwil1y/esp32c6-Pwnagotchi
build	Checkout	2026-09-24T10:55:46.2975166Z  * [new ref]         59e83b9460661f2c596fd595dc3a146eda44da30 -> origin/phase3c-sd-logger
build	Checkout	2026-09-24T10:55:46.2978486Z ##[endgroup]
build	Checkout	2026-09-24T10:55:46.2979812Z ##[group]Determining the checkout info
build	Checkout	2026-09-24T10:55:46.2981181Z ##[endgroup]
build	Checkout	2026-09-24T10:55:46.2982095Z [command]/usr/bin/git sparse-checkout disable
build	Checkout	2026-09-24T10:55:46.3039499Z [command]/usr/bin/git config --local --unset-all extensions.worktreeConfig
build	Checkout	2026-09-24T10:55:46.3078176Z ##[group]Checking out the ref
build	Checkout	2026-09-24T10:55:46.3084368Z [command]/usr/bin/git checkout --progress --force -B phase3c-sd-logger refs/remotes/origin/phase3c-sd-logger
build	Checkout	2026-09-24T10:55:46.3236933Z Switched to a new branch 'phase3c-sd-logger'
build	Checkout	2026-09-24T10:55:46.3241764Z branch 'phase3c-sd-logger' set up to track 'origin/phase3c-sd-logger'.
build	Checkout	2026-09-24T10:55:46.3249067Z ##[endgroup]
build	Checkout	2026-09-24T10:55:46.3250257Z ##[group]Setting up auth for fetching submodules
build	Checkout	2026-09-24T10:55:46.3256080Z [command]/usr/bin/git config --global http.https://github.com/.extraheader AUTHORIZATION: basic ***
build	Checkout	2026-09-24T10:55:46.3301941Z [command]/usr/bin/git config --global --unset-all url.https://github.com/.insteadOf
build	Checkout	2026-09-24T10:55:46.3337297Z [command]/usr/bin/git config --global --add url.https://github.com/.insteadOf git@github.com:
build	Checkout	2026-09-24T10:55:46.3371750Z [command]/usr/bin/git config --global --add url.https://github.com/.insteadOf org-65474623@github.com:
build	Checkout	2026-09-24T10:55:46.3408864Z ##[endgroup]
build	Checkout	2026-09-24T10:55:46.3410666Z ##[group]Fetching submodules
build	Checkout	2026-09-24T10:55:46.3412223Z [command]/usr/bin/git submodule sync --recursive
build	Checkout	2026-09-24T10:55:46.3649664Z [command]/usr/bin/git -c protocol.version=2 submodule update --init --force --depth=1 --recursive
build	Checkout	2026-09-24T10:55:46.3888549Z Submodule 'vendor/waveshare' (https://github.com/waveshareteam/ESP32-C6-LCD-1.9.git) registered for path 'vendor/waveshare'
build	Checkout	2026-09-24T10:55:46.3912808Z Cloning into '/home/runner/work/esp32c6-Pwnagotchi/esp32c6-Pwnagotchi/vendor/waveshare'...
build	Checkout	2026-09-24T10:55:48.2995856Z Submodule path 'vendor/waveshare': checked out '1fed15e32977de11afe1f710a0f5e915bfcc35a5'
build	Checkout	2026-09-24T10:55:48.3034581Z [command]/usr/bin/git submodule foreach --recursive git config --local gc.auto 0
build	Checkout	2026-09-24T10:55:48.3257086Z Entering 'vendor/waveshare'
build	Checkout	2026-09-24T10:55:48.3319488Z ##[endgroup]
build	Checkout	2026-09-24T10:55:48.3320761Z ##[group]Persisting credentials for submodules
build	Checkout	2026-09-24T10:55:48.3328060Z [command]/usr/bin/git submodule foreach --recursive sh -c "git config --local --name-only --get-regexp 'url\.https\:\/\/github\.com\/\.insteadOf' && git config --local --unset-all 'url.https://github.com/.insteadOf' || :"
build	Checkout	2026-09-24T10:55:48.3545552Z Entering 'vendor/waveshare'
build	Checkout	2026-09-24T10:55:48.3606986Z [command]/usr/bin/git submodule foreach --recursive sh -c "git config --local 'http.https://github.com/.extraheader' 'AUTHORIZATION: basic ***' && git config --local --show-origin --name-only --get-regexp remote.origin.url"
build	Checkout	2026-09-24T10:55:48.3830140Z Entering 'vendor/waveshare'
build	Checkout	2026-09-24T10:55:48.3874562Z file:/home/runner/work/esp32c6-Pwnagotchi/esp32c6-Pwnagotchi/.git/modules/vendor/waveshare/config	remote.origin.url
build	Checkout	2026-09-24T10:55:48.3922363Z [command]/usr/bin/git submodule foreach --recursive git config --local --add 'url.https://github.com/.insteadOf' 'git@github.com:'
build	Checkout	2026-09-24T10:55:48.4145475Z Entering 'vendor/waveshare'
build	Checkout	2026-09-24T10:55:48.4204066Z [command]/usr/bin/git submodule foreach --recursive git config --local --add 'url.https://github.com/.insteadOf' 'org-65474623@github.com:'
build	Checkout	2026-09-24T10:55:48.4419826Z Entering 'vendor/waveshare'
build	Checkout	2026-09-24T10:55:48.4471805Z ##[endgroup]
build	Checkout	2026-09-24T10:55:48.4519618Z [command]/usr/bin/git log -1 --format=%H
build	Checkout	2026-09-24T10:55:48.4547286Z 59e83b9460661f2c596fd595dc3a146eda44da30
build	Stamp git commit into firmware	﻿2026-09-24T10:55:48.4836813Z ##[group]Run printf '#define APP_BUILD_GIT_SHA "%s"\n#define APP_BUILD_GIT_SHORT "%s"\n' \
build	Stamp git commit into firmware	2026-09-24T10:55:48.4837898Z ^[[36;1mprintf '#define APP_BUILD_GIT_SHA "%s"\n#define APP_BUILD_GIT_SHORT "%s"\n' \^[[0m
build	Stamp git commit into firmware	2026-09-24T10:55:48.4838682Z ^[[36;1m  "${GITHUB_SHA}" "${GITHUB_SHA::7}" > main/build_info.h^[[0m
build	Stamp git commit into firmware	2026-09-24T10:55:48.4839311Z ^[[36;1mcat main/build_info.h^[[0m
build	Stamp git commit into firmware	2026-09-24T10:55:48.5136840Z shell: /usr/bin/bash -e {0}
build	Stamp git commit into firmware	2026-09-24T10:55:48.5137440Z ##[endgroup]
build	Stamp git commit into firmware	2026-09-24T10:55:48.5261466Z #define APP_BUILD_GIT_SHA "59e83b9460661f2c596fd595dc3a146eda44da30"
build	Stamp git commit into firmware	2026-09-24T10:55:48.5262572Z #define APP_BUILD_GIT_SHORT "59e83b9"
build	Build ESP32-C6 firmware	﻿2026-09-24T10:55:48.5349727Z ##[group]Run espressif/esp-idf-ci-action@v1
build	Build ESP32-C6 firmware	2026-09-24T10:55:48.5350289Z with:
build	Build ESP32-C6 firmware	2026-09-24T10:55:48.5350685Z   esp_idf_version: v5.4
build	Build ESP32-C6 firmware	2026-09-24T10:55:48.5351098Z   target: esp32c6
build	Build ESP32-C6 firmware	2026-09-24T10:55:48.5351483Z   path: .
build	Build ESP32-C6 firmware	2026-09-24T10:55:48.5352114Z   command: idf.py build &&
build	Build ESP32-C6 firmware	idf.py size size-components size-files | tee build/phase3c-size-report.txt
build	Build ESP32-C6 firmware	
build	Build ESP32-C6 firmware	2026-09-24T10:55:48.5352869Z   esp_idf_docker_image: espressif/idf
build	Build ESP32-C6 firmware	2026-09-24T10:55:48.5353640Z ##[endgroup]
build	Build ESP32-C6 firmware	2026-09-24T10:55:48.5452053Z ##[start-action display=Run export IDF_TARGET=$(echo "esp32c6" | tr '[:upper:%5D' '[:lower:%5D' | tr -d '_-');id=__espressif_esp-idf-ci-action.__run]
build	Build ESP32-C6 firmware	2026-09-24T10:55:48.5490746Z ##[group]Run export IDF_TARGET=$(echo "esp32c6" | tr '[:upper:]' '[:lower:]' | tr -d '_-')
build	Build ESP32-C6 firmware	2026-09-24T10:55:48.5491859Z ^[[36;1mexport IDF_TARGET=$(echo "esp32c6" | tr '[:upper:]' '[:lower:]' | tr -d '_-')^[[0m
build	Build ESP32-C6 firmware	2026-09-24T10:55:48.5492486Z ^[[36;1mdocker run -t \^[[0m
build	Build ESP32-C6 firmware	2026-09-24T10:55:48.5492961Z ^[[36;1m-e IDF_TARGET="${IDF_TARGET}" \^[[0m
build	Build ESP32-C6 firmware	2026-09-24T10:55:48.5493929Z ^[[36;1m-v "${GITHUB_WORKSPACE}:/app/yuanwil1y/esp32c6-Pwnagotchi" \^[[0m
build	Build ESP32-C6 firmware	2026-09-24T10:55:48.5494556Z ^[[36;1m-w "/app/yuanwil1y/esp32c6-Pwnagotchi/." \^[[0m
build	Build ESP32-C6 firmware	2026-09-24T10:55:48.5495059Z ^[[36;1m \^[[0m
build	Build ESP32-C6 firmware	2026-09-24T10:55:48.5495443Z ^[[36;1mespressif/idf:v5.4 \^[[0m
build	Build ESP32-C6 firmware	2026-09-24T10:55:48.5496047Z ^[[36;1m/bin/bash -c 'git config --global --add safe.directory "*" && idf.py build &&^[[0m
build	Build ESP32-C6 firmware	2026-09-24T10:55:48.5496856Z ^[[36;1midf.py size size-components size-files | tee build/phase3c-size-report.txt^[[0m
build	Build ESP32-C6 firmware	2026-09-24T10:55:48.5497472Z ^[[36;1m'^[[0m
build	Build ESP32-C6 firmware	2026-09-24T10:55:48.5563622Z shell: /usr/bin/bash --noprofile --norc -e -o pipefail {0}
build	Build ESP32-C6 firmware	2026-09-24T10:55:48.5564224Z ##[endgroup]
build	Build ESP32-C6 firmware	2026-09-24T10:55:48.6632703Z Unable to find image 'espressif/idf:v5.4' locally
build	Build ESP32-C6 firmware	2026-09-24T10:55:48.9006228Z v5.4: Pulling from espressif/idf
build	Build ESP32-C6 firmware	2026-09-24T10:55:48.9801104Z de44b265507a: Pulling fs layer
build	Build ESP32-C6 firmware	2026-09-24T10:55:48.9801886Z e77999699af9: Pulling fs layer
build	Build ESP32-C6 firmware	2026-09-24T10:55:48.9802798Z 50f1c1b63b65: Pulling fs layer
build	Build ESP32-C6 firmware	2026-09-24T10:55:48.9803513Z 57851bba112a: Pulling fs layer
build	Build ESP32-C6 firmware	2026-09-24T10:55:48.9803994Z a31a0a15b4ae: Pulling fs layer
build	Build ESP32-C6 firmware	2026-09-24T10:55:48.9804279Z 996bede91559: Pulling fs layer
build	Build ESP32-C6 firmware	2026-09-24T10:55:48.9804539Z c275d5c9b1df: Pulling fs layer
build	Build ESP32-C6 firmware	2026-09-24T10:55:48.9804905Z 4f4fb700ef54: Pulling fs layer
build	Build ESP32-C6 firmware	2026-09-24T10:55:48.9805375Z 57851bba112a: Waiting
build	Build ESP32-C6 firmware	2026-09-24T10:55:48.9805628Z a31a0a15b4ae: Waiting
build	Build ESP32-C6 firmware	2026-09-24T10:55:48.9805843Z 996bede91559: Waiting
build	Build ESP32-C6 firmware	2026-09-24T10:55:48.9806209Z c275d5c9b1df: Waiting
build	Build ESP32-C6 firmware	2026-09-24T10:55:48.9806542Z 4f4fb700ef54: Waiting
build	Build ESP32-C6 firmware	2026-09-24T10:55:49.0902832Z 50f1c1b63b65: Download complete
build	Build ESP32-C6 firmware	2026-09-24T10:55:49.1173615Z de44b265507a: Verifying Checksum
build	Build ESP32-C6 firmware	2026-09-24T10:55:49.1178535Z de44b265507a: Download complete
build	Build ESP32-C6 firmware	2026-09-24T10:55:49.9262549Z e77999699af9: Verifying Checksum
build	Build ESP32-C6 firmware	2026-09-24T10:55:49.9264666Z e77999699af9: Download complete
build	Build ESP32-C6 firmware	2026-09-24T10:55:49.9566306Z 996bede91559: Verifying Checksum
build	Build ESP32-C6 firmware	2026-09-24T10:55:49.9568424Z 996bede91559: Download complete
build	Build ESP32-C6 firmware	2026-09-24T10:55:49.9862140Z c275d5c9b1df: Verifying Checksum
build	Build ESP32-C6 firmware	2026-09-24T10:55:49.9864075Z c275d5c9b1df: Download complete
build	Build ESP32-C6 firmware	2026-09-24T10:55:50.0147656Z 4f4fb700ef54: Verifying Checksum
build	Build ESP32-C6 firmware	2026-09-24T10:55:50.0150940Z 4f4fb700ef54: Download complete
build	Build ESP32-C6 firmware	2026-09-24T10:55:51.1657943Z de44b265507a: Pull complete
build	Build ESP32-C6 firmware	2026-09-24T10:55:53.6818063Z a31a0a15b4ae: Verifying Checksum
build	Build ESP32-C6 firmware	2026-09-24T10:55:53.6818716Z a31a0a15b4ae: Download complete
build	Build ESP32-C6 firmware	2026-09-24T10:55:56.6307833Z 57851bba112a: Verifying Checksum
build	Build ESP32-C6 firmware	2026-09-24T10:55:56.6308763Z 57851bba112a: Download complete
build	Build ESP32-C6 firmware	2026-09-24T10:56:05.9092376Z e77999699af9: Pull complete
build	Build ESP32-C6 firmware	2026-09-24T10:56:06.5470448Z 50f1c1b63b65: Pull complete
build	Build ESP32-C6 firmware	2026-09-24T10:56:24.4183853Z 57851bba112a: Pull complete
build	Build ESP32-C6 firmware	2026-09-24T10:56:47.3632293Z a31a0a15b4ae: Pull complete
build	Build ESP32-C6 firmware	2026-09-24T10:56:47.3737685Z 996bede91559: Pull complete
build	Build ESP32-C6 firmware	2026-09-24T10:56:47.3855083Z c275d5c9b1df: Pull complete
build	Build ESP32-C6 firmware	2026-09-24T10:56:47.3943896Z 4f4fb700ef54: Pull complete
build	Build ESP32-C6 firmware	2026-09-24T10:56:47.3988718Z Digest: sha256:f1e9f69dc052b9afc7801ca884e0ef40c17e014bb05ce73d9c09d29290bd17fb
build	Build ESP32-C6 firmware	2026-09-24T10:56:47.4001585Z Status: Downloaded newer image for espressif/idf:v5.4
build	Build ESP32-C6 firmware	2026-09-24T10:56:47.6043194Z Checking "python3" ...
build	Build ESP32-C6 firmware	2026-09-24T10:56:47.6290850Z Python 3.12.3
build	Build ESP32-C6 firmware	2026-09-24T10:56:47.6292668Z "python3" has been detected
build	Build ESP32-C6 firmware	2026-09-24T10:56:47.8106945Z ^[[91mActivating ESP-IDF ^[[0m^[[1;91m5.4^[[0m
build	Build ESP32-C6 firmware	2026-09-24T10:56:47.8354492Z ^[[91m*^[[0m Checking python version ^[[33m...^[[0m ^[[1;32m3.12^[[0m^[[32m.^[[0m^[[1;32m3^[[0m
build	Build ESP32-C6 firmware	2026-09-24T10:56:48.1298670Z ^[[91m*^[[0m Checking python dependencies ^[[33m...^[[0m ^[[32mOK^[[0m
build	Build ESP32-C6 firmware	2026-09-24T10:56:48.2219156Z ^[[91m*^[[0m Deactivating the current ESP-IDF environment ^[[1m(^[[0mif any^[[1m)^[[0m ^[[33m...^[[0m ^[[32mOK^[[0m
build	Build ESP32-C6 firmware	2026-09-24T10:56:48.3757707Z ^[[91m*^[[0m Establishing a new ESP-IDF environment ^[[33m...^[[0m ^[[32mOK^[[0m
build	Build ESP32-C6 firmware	2026-09-24T10:56:48.3874849Z ^[[91m*^[[0m Identifying shell ^[[33m...^[[0m ^[[32mbash^[[0m
build	Build ESP32-C6 firmware	2026-09-24T10:56:48.4815238Z ^[[91m*^[[0m Detecting outdated tools in system ^[[33m...^[[0m ^[[32mOK - no outdated tools found^[[0m
build	Build ESP32-C6 firmware	2026-09-24T10:56:48.4828816Z ^[[91m*^[[0m Shell completion ^[[33m...^[[0m ^[[32mAutocompletion code generated^[[0m
build	Build ESP32-C6 firmware	2026-09-24T10:56:49.0743825Z 
build	Build ESP32-C6 firmware	2026-09-24T10:56:49.0744461Z Done! You can now compile ESP-IDF projects.
build	Build ESP32-C6 firmware	2026-09-24T10:56:49.0745168Z Go to the project directory and run:
build	Build ESP32-C6 firmware	2026-09-24T10:56:49.0745627Z 
build	Build ESP32-C6 firmware	2026-09-24T10:56:49.0745879Z   idf.py build
build	Build ESP32-C6 firmware	2026-09-24T10:56:49.8655177Z Executing action: all (aliases: build)
build	Build ESP32-C6 firmware	2026-09-24T10:56:49.8699695Z Running cmake in directory /app/yuanwil1y/esp32c6-Pwnagotchi/build
build	Build ESP32-C6 firmware	2026-09-24T10:56:49.8701216Z Executing "cmake -G Ninja -DPYTHON_DEPS_CHECKED=1 -DPYTHON=/opt/esp/python_env/idf5.4_py3.12_env/bin/python -DESP_PLATFORM=1 -DCCACHE_ENABLE=1 /app/yuanwil1y/esp32c6-Pwnagotchi"...
build	Build ESP32-C6 firmware	2026-09-24T10:56:49.9448219Z -- Found Git: /usr/bin/git (found version "2.43.0")
build	Build ESP32-C6 firmware	2026-09-24T10:56:52.1884723Z -- ccache will be used for faster recompilation
build	Build ESP32-C6 firmware	2026-09-24T10:56:52.2462274Z -- The C compiler identification is GNU 14.2.0
build	Build ESP32-C6 firmware	2026-09-24T10:56:52.3050281Z -- The CXX compiler identification is GNU 14.2.0
build	Build ESP32-C6 firmware	2026-09-24T10:56:52.3182984Z -- The ASM compiler identification is GNU
build	Build ESP32-C6 firmware	2026-09-24T10:56:52.3209049Z -- Found assembler: /opt/esp/tools/riscv32-esp-elf/esp-14.2.0_20241119/riscv32-esp-elf/bin/riscv32-esp-elf-gcc
build	Build ESP32-C6 firmware	2026-09-24T10:56:52.3288979Z -- Detecting C compiler ABI info
build	Build ESP32-C6 firmware	2026-09-24T10:56:52.3801436Z -- Detecting C compiler ABI info - done
build	Build ESP32-C6 firmware	2026-09-24T10:56:52.3944430Z -- Check for working C compiler: /opt/esp/tools/riscv32-esp-elf/esp-14.2.0_20241119/riscv32-esp-elf/bin/riscv32-esp-elf-gcc - skipped
build	Build ESP32-C6 firmware	2026-09-24T10:56:52.3957069Z -- Detecting C compile features
build	Build ESP32-C6 firmware	2026-09-24T10:56:52.3957594Z -- Detecting C compile features - done
build	Build ESP32-C6 firmware	2026-09-24T10:56:52.4029808Z -- Detecting CXX compiler ABI info
build	Build ESP32-C6 firmware	2026-09-24T10:56:52.4565419Z -- Detecting CXX compiler ABI info - done
build	Build ESP32-C6 firmware	2026-09-24T10:56:52.4745972Z -- Check for working CXX compiler: /opt/esp/tools/riscv32-esp-elf/esp-14.2.0_20241119/riscv32-esp-elf/bin/riscv32-esp-elf-g++ - skipped
build	Build ESP32-C6 firmware	2026-09-24T10:56:52.4757734Z -- Detecting CXX compile features
build	Build ESP32-C6 firmware	2026-09-24T10:56:52.4758295Z -- Detecting CXX compile features - done
build	Build ESP32-C6 firmware	2026-09-24T10:56:52.8595041Z -- Building ESP-IDF components for target esp32c6
build	Build ESP32-C6 firmware	2026-09-24T10:56:53.2878858Z NOTICE: Dependencies lock doesn't exist, solving dependencies.
build	Build ESP32-C6 firmware	2026-09-24T10:56:53.4992258Z ......NOTICE: Updating lock file at /app/yuanwil1y/esp32c6-Pwnagotchi/dependencies.lock
build	Build ESP32-C6 firmware	2026-09-24T10:56:53.4993396Z NOTICE: Processing 4 dependencies:
build	Build ESP32-C6 firmware	2026-09-24T10:56:53.4993964Z NOTICE: [1/4] espressif/cmake_utilities (0.5.3)
build	Build ESP32-C6 firmware	2026-09-24T10:56:53.5184135Z NOTICE: [2/4] espressif/esp_lcd_sh8601 (1.0.0)
build	Build ESP32-C6 firmware	2026-09-24T10:56:53.5338131Z NOTICE: [3/4] lvgl/lvgl (8.3.11)
build	Build ESP32-C6 firmware	2026-09-24T10:56:54.1567838Z NOTICE: [4/4] idf (5.4.0)
build	Build ESP32-C6 firmware	2026-09-24T10:56:55.3612855Z -- Project sdkconfig file /app/yuanwil1y/esp32c6-Pwnagotchi/sdkconfig
build	Build ESP32-C6 firmware	2026-09-24T10:56:55.5654786Z Loading defaults file /app/yuanwil1y/esp32c6-Pwnagotchi/sdkconfig.defaults...
build	Build ESP32-C6 firmware	2026-09-24T10:56:55.7260895Z -- Adding linker script /opt/esp/idf/components/riscv/ld/rom.api.ld
build	Build ESP32-C6 firmware	2026-09-24T10:56:55.7947624Z -- Found Python3: /opt/esp/python_env/idf5.4_py3.12_env/bin/python (found version "3.12.3") found components: Interpreter
build	Build ESP32-C6 firmware	2026-09-24T10:56:55.8376599Z -- Performing Test CMAKE_HAVE_LIBC_PTHREAD
build	Build ESP32-C6 firmware	2026-09-24T10:56:55.8974768Z -- Performing Test CMAKE_HAVE_LIBC_PTHREAD - Success
build	Build ESP32-C6 firmware	2026-09-24T10:56:55.8985642Z -- Found Threads: TRUE
build	Build ESP32-C6 firmware	2026-09-24T10:56:55.9015449Z -- Performing Test C_COMPILER_SUPPORTS_WFORMAT_SIGNEDNESS
build	Build ESP32-C6 firmware	2026-09-24T10:56:55.9496094Z -- Performing Test C_COMPILER_SUPPORTS_WFORMAT_SIGNEDNESS - Success
build	Build ESP32-C6 firmware	2026-09-24T10:56:56.1115602Z -- App "esp32c6_pwnagotchi" version: 59e83b9
build	Build ESP32-C6 firmware	2026-09-24T10:56:56.2247750Z -- Adding linker script /app/yuanwil1y/esp32c6-Pwnagotchi/build/esp-idf/esp_system/ld/memory.ld
build	Build ESP32-C6 firmware	2026-09-24T10:56:56.2257126Z -- Adding linker script /app/yuanwil1y/esp32c6-Pwnagotchi/build/esp-idf/esp_system/ld/sections.ld.in
build	Build ESP32-C6 firmware	2026-09-24T10:56:56.2362042Z -- Adding linker script /opt/esp/idf/components/esp_rom/esp32c6/ld/esp32c6.rom.ld
build	Build ESP32-C6 firmware	2026-09-24T10:56:56.2363380Z -- Adding linker script /opt/esp/idf/components/esp_rom/esp32c6/ld/esp32c6.rom.api.ld
build	Build ESP32-C6 firmware	2026-09-24T10:56:56.2364973Z -- Adding linker script /opt/esp/idf/components/esp_rom/esp32c6/ld/esp32c6.rom.rvfp.ld
build	Build ESP32-C6 firmware	2026-09-24T10:56:56.2366431Z -- Adding linker script /opt/esp/idf/components/esp_rom/esp32c6/ld/esp32c6.rom.wdt.ld
build	Build ESP32-C6 firmware	2026-09-24T10:56:56.2368415Z -- Adding linker script /opt/esp/idf/components/esp_rom/esp32c6/ld/esp32c6.rom.systimer.ld
build	Build ESP32-C6 firmware	2026-09-24T10:56:56.2370678Z -- Adding linker script /opt/esp/idf/components/esp_rom/esp32c6/ld/esp32c6.rom.version.ld
build	Build ESP32-C6 firmware	2026-09-24T10:56:56.2374567Z -- Adding linker script /opt/esp/idf/components/esp_rom/esp32c6/ld/esp32c6.rom.phy.ld
build	Build ESP32-C6 firmware	2026-09-24T10:56:56.2376813Z -- Adding linker script /opt/esp/idf/components/esp_rom/esp32c6/ld/esp32c6.rom.coexist.ld
build	Build ESP32-C6 firmware	2026-09-24T10:56:56.2378660Z -- Adding linker script /opt/esp/idf/components/esp_rom/esp32c6/ld/esp32c6.rom.net80211.ld
build	Build ESP32-C6 firmware	2026-09-24T10:56:56.2381790Z -- Adding linker script /opt/esp/idf/components/esp_rom/esp32c6/ld/esp32c6.rom.pp.ld
build	Build ESP32-C6 firmware	2026-09-24T10:56:56.2389584Z -- Adding linker script /opt/esp/idf/components/esp_rom/esp32c6/ld/esp32c6.rom.newlib.ld
build	Build ESP32-C6 firmware	2026-09-24T10:56:56.2390631Z -- Adding linker script /opt/esp/idf/components/esp_rom/esp32c6/ld/esp32c6.rom.newlib-normal.ld
build	Build ESP32-C6 firmware	2026-09-24T10:56:56.2391302Z -- Adding linker script /opt/esp/idf/components/esp_rom/esp32c6/ld/esp32c6.rom.heap.ld
build	Build ESP32-C6 firmware	2026-09-24T10:56:56.2540685Z -- Adding linker script /opt/esp/idf/components/soc/esp32c6/ld/esp32c6.peripherals.ld
build	Build ESP32-C6 firmware	2026-09-24T10:56:56.5506786Z -- ESP_LCD_SH8601: 1.0.0
build	Build ESP32-C6 firmware	2026-09-24T10:56:56.7299082Z -- Components: app_trace app_update board bootloader bootloader_support bt cmock console cxx driver efuse esp-tls esp_adc esp_app_format esp_bootloader_format esp_coex esp_common esp_driver_ana_cmpr esp_driver_cam esp_driver_dac esp_driver_gpio esp_driver_gptimer esp_driver_i2c esp_driver_i2s esp_driver_isp esp_driver_jpeg esp_driver_ledc esp_driver_mcpwm esp_driver_parlio esp_driver_pcnt esp_driver_ppa esp_driver_rmt esp_driver_sdio esp_driver_sdm esp_driver_sdmmc esp_driver_sdspi esp_driver_spi esp_driver_touch_sens esp_driver_tsens esp_driver_uart esp_driver_usb_serial_jtag esp_eth esp_event esp_gdbstub esp_hid esp_http_client esp_http_server esp_https_ota esp_https_server esp_hw_support esp_lcd esp_local_ctrl esp_mm esp_netif esp_netif_stack esp_partition esp_phy esp_pm esp_psram esp_ringbuf esp_rom esp_security esp_system esp_timer esp_vfs_console esp_wifi espcoredump espressif__cmake_utilities espressif__esp_lcd_sh8601 esptool_py fatfs freertos hal heap http_parser idf_test ieee802154 json log lvgl__lvgl lwip main mbedtls mqtt newlib nvs_flash nvs_sec_provider openthread partition_table protobuf-c protocomm pthread radio riscv rt sdmmc soc spi_flash spiffs storage tcp_transport ulp unity usb vfs wear_levelling wifi_provisioning world wpa_supplicant
build	Build ESP32-C6 firmware	2026-09-24T10:56:56.7321327Z -- Component paths: /opt/esp/idf/components/app_trace /opt/esp/idf/components/app_update /app/yuanwil1y/esp32c6-Pwnagotchi/components/board /opt/esp/idf/components/bootloader /opt/esp/idf/components/bootloader_support /opt/esp/idf/components/bt /opt/esp/idf/components/cmock /opt/esp/idf/components/console /opt/esp/idf/components/cxx /opt/esp/idf/components/driver /opt/esp/idf/components/efuse /opt/esp/idf/components/esp-tls /opt/esp/idf/components/esp_adc /opt/esp/idf/components/esp_app_format /opt/esp/idf/components/esp_bootloader_format /opt/esp/idf/components/esp_coex /opt/esp/idf/components/esp_common /opt/esp/idf/components/esp_driver_ana_cmpr /opt/esp/idf/components/esp_driver_cam /opt/esp/idf/components/esp_driver_dac /opt/esp/idf/components/esp_driver_gpio /opt/esp/idf/components/esp_driver_gptimer /opt/esp/idf/components/esp_driver_i2c /opt/esp/idf/components/esp_driver_i2s /opt/esp/idf/components/esp_driver_isp /opt/esp/idf/components/esp_driver_jpeg /opt/esp/idf/components/esp_driver_ledc /opt/esp/idf/components/esp_driver_mcpwm /opt/esp/idf/components/esp_driver_parlio /opt/esp/idf/components/esp_driver_pcnt /opt/esp/idf/components/esp_driver_ppa /opt/esp/idf/components/esp_driver_rmt /opt/esp/idf/components/esp_driver_sdio /opt/esp/idf/components/esp_driver_sdm /opt/esp/idf/components/esp_driver_sdmmc /opt/esp/idf/components/esp_driver_sdspi /opt/esp/idf/components/esp_driver_spi /opt/esp/idf/components/esp_driver_touch_sens /opt/esp/idf/components/esp_driver_tsens /opt/esp/idf/components/esp_driver_uart /opt/esp/idf/components/esp_driver_usb_serial_jtag /opt/esp/idf/components/esp_eth /opt/esp/idf/components/esp_event /opt/esp/idf/components/esp_gdbstub /opt/esp/idf/components/esp_hid /opt/esp/idf/components/esp_http_client /opt/esp/idf/components/esp_http_server /opt/esp/idf/components/esp_https_ota /opt/esp/idf/components/esp_https_server /opt/esp/idf/components/esp_hw_support /opt/esp/idf/components/esp_lcd /opt/esp/idf/components/esp_local_ctrl /opt/esp/idf/components/esp_mm /opt/esp/idf/components/esp_netif /opt/esp/idf/components/esp_netif_stack /opt/esp/idf/components/esp_partition /opt/esp/idf/components/esp_phy /opt/esp/idf/components/esp_pm /opt/esp/idf/components/esp_psram /opt/esp/idf/components/esp_ringbuf /opt/esp/idf/components/esp_rom /opt/esp/idf/components/esp_security /opt/esp/idf/components/esp_system /opt/esp/idf/components/esp_timer /opt/esp/idf/components/esp_vfs_console /opt/esp/idf/components/esp_wifi /opt/esp/idf/components/espcoredump /app/yuanwil1y/esp32c6-Pwnagotchi/managed_components/espressif__cmake_utilities /app/yuanwil1y/esp32c6-Pwnagotchi/managed_components/espressif__esp_lcd_sh8601 /opt/esp/idf/components/esptool_py /opt/esp/idf/components/fatfs /opt/esp/idf/components/freertos /opt/esp/idf/components/hal /opt/esp/idf/components/heap /opt/esp/idf/components/http_parser /opt/esp/idf/components/idf_test /opt/esp/idf/components/ieee802154 /opt/esp/idf/components/json /opt/esp/idf/components/log /app/yuanwil1y/esp32c6-Pwnagotchi/managed_components/lvgl__lvgl /opt/esp/idf/components/lwip /app/yuanwil1y/esp32c6-Pwnagotchi/main /opt/esp/idf/components/mbedtls /opt/esp/idf/components/mqtt /opt/esp/idf/components/newlib /opt/esp/idf/components/nvs_flash /opt/esp/idf/components/nvs_sec_provider /opt/esp/idf/components/openthread /opt/esp/idf/components/partition_table /opt/esp/idf/components/protobuf-c /opt/esp/idf/components/protocomm /opt/esp/idf/components/pthread /app/yuanwil1y/esp32c6-Pwnagotchi/components/radio /opt/esp/idf/components/riscv /opt/esp/idf/components/rt /opt/esp/idf/components/sdmmc /opt/esp/idf/components/soc /opt/esp/idf/components/spi_flash /opt/esp/idf/components/spiffs /app/yuanwil1y/esp32c6-Pwnagotchi/components/storage /opt/esp/idf/components/tcp_transport /opt/esp/idf/components/ulp /opt/esp/idf/components/unity /opt/esp/idf/components/usb /opt/esp/idf/components/vfs /opt/esp/idf/components/wear_levelling /opt/esp/idf/components/wifi_provisioning /app/yuanwil1y/esp32c6-Pwnagotchi/components/world /opt/esp/idf/components/wpa_supplicant
build	Build ESP32-C6 firmware	2026-09-24T10:56:56.7382364Z -- Configuring done (6.9s)
build	Build ESP32-C6 firmware	2026-09-24T10:56:57.4011600Z -- Generating done (0.7s)
build	Build ESP32-C6 firmware	2026-09-24T10:56:57.4017023Z -- Build files have been written to: /app/yuanwil1y/esp32c6-Pwnagotchi/build
build	Build ESP32-C6 firmware	2026-09-24T10:56:57.4632262Z Running ninja in directory /app/yuanwil1y/esp32c6-Pwnagotchi/build
build	Build ESP32-C6 firmware	2026-09-24T10:56:57.4633179Z Executing "ninja all"...
build	Build ESP32-C6 firmware	2026-09-24T10:56:57.5774082Z 
build	Build ESP32-C6 firmware	2026-09-24T10:56:57.5775637Z [1/1416] Generating project_elf_src_esp32c6.c^[[K
build	Build ESP32-C6 firmware	2026-09-24T10:56:57.5777088Z [2/1416] Generating /app/yuanwil1y/esp32c6-Pwnagotchi/build/esp-idf/esp_system/ld/memory.ld linker script...^[[K
build	Build ESP32-C6 firmware	2026-09-24T10:56:57.6821104Z [3/1416] Generating /app/yuanwil1y/esp32c6-Pwnagotchi/build/esp-idf/esp_system/ld/sections.ld.in linker script...^[[K
build	Build ESP32-C6 firmware	2026-09-24T10:56:57.6876566Z [4/1416] Building C object esp-idf/mbedtls/mbedtls/3rdparty/everest/CMakeFiles/everest.dir/library/x25519.c.obj^[[K
build	Build ESP32-C6 firmware	2026-09-24T10:56:57.6885443Z [5/1416] Generating ../../partition_table/partition-table.bin^[[K
build	Build ESP32-C6 firmware	2026-09-24T10:56:57.6896186Z Partition table binary generated. Contents:
build	Build ESP32-C6 firmware	2026-09-24T10:56:57.6905868Z *******************************************************************************
build	Build ESP32-C6 firmware	2026-09-24T10:56:57.6915919Z # ESP-IDF Partition Table
build	Build ESP32-C6 firmware	2026-09-24T10:56:57.6921215Z # Name, Type, SubType, Offset, Size, Flags
build	Build ESP32-C6 firmware	2026-09-24T10:56:57.6931647Z nvs,data,nvs,0x9000,24K,
build	Build ESP32-C6 firmware	2026-09-24T10:56:57.6932428Z phy_init,data,phy,0xf000,4K,
build	Build ESP32-C6 firmware	2026-09-24T10:56:57.6933400Z factory,app,factory,0x10000,4M,
build	Build ESP32-C6 firmware	2026-09-24T10:56:57.6933941Z *******************************************************************************
build	Build ESP32-C6 firmware	2026-09-24T10:56:57.6941877Z 
build	Build ESP32-C6 firmware	2026-09-24T10:56:57.7053239Z [6/1416] Building C object esp-idf/mbedtls/mbedtls/3rdparty/everest/CMakeFiles/everest.dir/library/Hacl_Curve25519_joined.c.obj^[[K
build	Build ESP32-C6 firmware	2026-09-24T10:56:57.7502322Z [7/1416] Building C object esp-idf/mbedtls/mbedtls/3rdparty/everest/CMakeFiles/everest.dir/library/everest.c.obj^[[K
build	Build ESP32-C6 firmware	2026-09-24T10:56:57.7606616Z [8/1416] Building C object esp-idf/mbedtls/mbedtls/3rdparty/p256-m/CMakeFiles/p256m.dir/p256-m/p256-m.c.obj^[[K
build	Build ESP32-C6 firmware	2026-09-24T10:56:57.8385327Z [9/1416] Building C object esp-idf/mbedtls/mbedtls/3rdparty/p256-m/CMakeFiles/p256m.dir/p256-m_driver_entrypoints.c.obj^[[K
build	Build ESP32-C6 firmware	2026-09-24T10:56:57.8669052Z [10/1416] Building C object esp-idf/mbedtls/mbedtls/library/CMakeFiles/mbedcrypto.dir/aesni.c.obj^[[K
build	Build ESP32-C6 firmware	2026-09-24T10:56:58.0177798Z [11/1416] Building C object esp-idf/mbedtls/mbedtls/library/CMakeFiles/mbedcrypto.dir/aesce.c.obj^[[K
build	Build ESP32-C6 firmware	2026-09-24T10:56:58.0179428Z [12/1416] Building C object esp-idf/mbedtls/mbedtls/library/CMakeFiles/mbedcrypto.dir/aria.c.obj^[[K
build	Build ESP32-C6 firmware	2026-09-24T10:56:58.0309611Z [13/1416] Building C object esp-idf/mbedtls/mbedtls/library/CMakeFiles/mbedcrypto.dir/asn1parse.c.obj^[[K
build	Build ESP32-C6 firmware	2026-09-24T10:56:58.0697259Z [14/1416] Building C object esp-idf/mbedtls/mbedtls/library/CMakeFiles/mbedcrypto.dir/aes.c.obj^[[K
build	Build ESP32-C6 firmware	2026-09-24T10:56:58.0919148Z [15/1416] Building C object esp-idf/mbedtls/mbedtls/library/CMakeFiles/mbedcrypto.dir/base64.c.obj^[[K
build	Build ESP32-C6 firmware	2026-09-24T10:56:58.1763755Z [16/1416] Building C object esp-idf/mbedtls/mbedtls/library/CMakeFiles/mbedcrypto.dir/asn1write.c.obj^[[K
build	Build ESP32-C6 firmware	2026-09-24T10:56:58.1892883Z [17/1416] Building C object esp-idf/mbedtls/mbedtls/library/CMakeFiles/mbedcrypto.dir/bignum_mod_raw.c.obj^[[K
build	Build ESP32-C6 firmware	2026-09-24T10:56:58.1985528Z [18/1416] Building C object esp-idf/mbedtls/mbedtls/library/CMakeFiles/mbedcrypto.dir/camellia.c.obj^[[K
build	Build ESP32-C6 firmware	2026-09-24T10:56:58.2251266Z [19/1416] Building C object esp-idf/mbedtls/mbedtls/library/CMakeFiles/mbedcrypto.dir/bignum_mod.c.obj^[[K
build	Build ESP32-C6 firmware	2026-09-24T10:56:58.3547340Z [20/1416] Building C object esp-idf/mbedtls/mbedtls/library/CMakeFiles/mbedcrypto.dir/block_cipher.c.obj^[[K
build	Build ESP32-C6 firmware	2026-09-24T10:56:58.5147314Z [21/1416] Building C object esp-idf/mbedtls/mbedtls/library/CMakeFiles/mbedcrypto.dir/chacha20.c.obj^[[K
build	Build ESP32-C6 firmware	2026-09-24T10:56:58.5163798Z [22/1416] Building C object esp-idf/mbedtls/mbedtls/library/CMakeFiles/mbedcrypto.dir/bignum.c.obj^[[K
build	Build ESP32-C6 firmware	2026-09-24T10:56:58.5273266Z [23/1416] Building C object esp-idf/mbedtls/mbedtls/library/CMakeFiles/mbedcrypto.dir/chachapoly.c.obj^[[K
build	Build ESP32-C6 firmware	2026-09-24T10:56:58.5368455Z [24/1416] Building C object esp-idf/mbedtls/mbedtls/library/CMakeFiles/mbedcrypto.dir/ccm.c.obj^[[K
build	Build ESP32-C6 firmware	2026-09-24T10:56:58.6206942Z [25/1416] Building C object esp-idf/mbedtls/mbedtls/library/CMakeFiles/mbedcrypto.dir/bignum_core.c.obj^[[K
build	Build ESP32-C6 firmware	2026-09-24T10:56:58.6489892Z [26/1416] Building C object esp-idf/mbedtls/mbedtls/library/CMakeFiles/mbedcrypto.dir/cipher_wrap.c.obj^[[K
build	Build ESP32-C6 firmware	2026-09-24T10:56:58.6997597Z [27/1416] Building C object esp-idf/mbedtls/mbedtls/library/CMakeFiles/mbedcrypto.dir/cipher.c.obj^[[K
build	Build ESP32-C6 firmware	2026-09-24T10:56:58.7195085Z [28/1416] Building C object esp-idf/mbedtls/mbedtls/library/CMakeFiles/mbedcrypto.dir/constant_time.c.obj^[[K
build	Build ESP32-C6 firmware	2026-09-24T10:56:58.7929741Z [29/1416] Building C object esp-idf/mbedtls/mbedtls/library/CMakeFiles/mbedcrypto.dir/des.c.obj^[[K
build	Build ESP32-C6 firmware	2026-09-24T10:56:58.8063652Z [30/1416] Building C object esp-idf/mbedtls/mbedtls/library/CMakeFiles/mbedcrypto.dir/ctr_drbg.c.obj^[[K
build	Build ESP32-C6 firmware	2026-09-24T10:56:58.8501837Z [31/1416] Building C object esp-idf/mbedtls/mbedtls/library/CMakeFiles/mbedcrypto.dir/dhm.c.obj^[[K
build	Build ESP32-C6 firmware	2026-09-24T10:56:58.9290229Z [32/1416] Building C object esp-idf/mbedtls/mbedtls/library/CMakeFiles/mbedcrypto.dir/ecjpake.c.obj^[[K
build	Build ESP32-C6 firmware	2026-09-24T10:56:58.9347066Z [33/1416] Building C object esp-idf/mbedtls/mbedtls/library/CMakeFiles/mbedcrypto.dir/ecdh.c.obj^[[K
build	Build ESP32-C6 firmware	2026-09-24T10:56:59.0016858Z [34/1416] Building C object esp-idf/mbedtls/mbedtls/library/CMakeFiles/mbedcrypto.dir/cmac.c.obj^[[K
build	Build ESP32-C6 firmware	2026-09-24T10:56:59.0350542Z [35/1416] Building C object esp-idf/mbedtls/mbedtls/library/CMakeFiles/mbedcrypto.dir/ecp_curves_new.c.obj^[[K
build	Build ESP32-C6 firmware	2026-09-24T10:56:59.1741342Z [36/1416] Building C object esp-idf/mbedtls/mbedtls/library/CMakeFiles/mbedcrypto.dir/ecdsa.c.obj^[[K
build	Build ESP32-C6 firmware	2026-09-24T10:56:59.2079194Z [37/1416] Building C object esp-idf/mbedtls/mbedtls/library/CMakeFiles/mbedcrypto.dir/entropy_poll.c.obj^[[K
build	Build ESP32-C6 firmware	2026-09-24T10:56:59.2799229Z [38/1416] Building C object esp-idf/mbedtls/mbedtls/library/CMakeFiles/mbedcrypto.dir/entropy.c.obj^[[K
build	Build ESP32-C6 firmware	2026-09-24T10:56:59.3758222Z [39/1416] Building C object esp-idf/mbedtls/mbedtls/library/CMakeFiles/mbedcrypto.dir/ecp_curves.c.obj^[[K
build	Build ESP32-C6 firmware	2026-09-24T10:56:59.4752423Z [40/1416] Building C object esp-idf/mbedtls/mbedtls/library/CMakeFiles/mbedcrypto.dir/hkdf.c.obj^[[K
build	Build ESP32-C6 firmware	2026-09-24T10:56:59.4776457Z [41/1416] Building C object esp-idf/mbedtls/mbedtls/library/CMakeFiles/mbedcrypto.dir/hmac_drbg.c.obj^[[K
build	Build ESP32-C6 firmware	2026-09-24T10:56:59.5231033Z [42/1416] Building C object esp-idf/mbedtls/mbedtls/library/CMakeFiles/mbedcrypto.dir/error.c.obj^[[K
build	Build ESP32-C6 firmware	2026-09-24T10:56:59.6181073Z [43/1416] Building C object esp-idf/mbedtls/mbedtls/library/CMakeFiles/mbedcrypto.dir/gcm.c.obj^[[K
build	Build ESP32-C6 firmware	2026-09-24T10:56:59.6416615Z [44/1416] Building C object esp-idf/mbedtls/mbedtls/library/CMakeFiles/mbedcrypto.dir/ecp.c.obj^[[K
build	Build ESP32-C6 firmware	2026-09-24T10:56:59.6800560Z [45/1416] Building C object esp-idf/mbedtls/mbedtls/library/CMakeFiles/mbedcrypto.dir/lmots.c.obj^[[K
build	Build ESP32-C6 firmware	2026-09-24T10:56:59.7443477Z [46/1416] Building C object esp-idf/mbedtls/mbedtls/library/CMakeFiles/mbedcrypto.dir/memory_buffer_alloc.c.obj^[[K
build	Build ESP32-C6 firmware	2026-09-24T10:56:59.7642611Z [47/1416] Building C object esp-idf/mbedtls/mbedtls/library/CMakeFiles/mbedcrypto.dir/nist_kw.c.obj^[[K
build	Build ESP32-C6 firmware	2026-09-24T10:56:59.7843588Z [48/1416] Building C object esp-idf/mbedtls/mbedtls/library/CMakeFiles/mbedcrypto.dir/md5.c.obj^[[K
build	Build ESP32-C6 firmware	2026-09-24T10:56:59.8398041Z [49/1416] Building C object esp-idf/mbedtls/mbedtls/library/CMakeFiles/mbedcrypto.dir/lms.c.obj^[[K
build	Build ESP32-C6 firmware	2026-09-24T10:56:59.8442132Z [50/1416] Building C object esp-idf/mbedtls/mbedtls/library/CMakeFiles/mbedcrypto.dir/padlock.c.obj^[[K
build	Build ESP32-C6 firmware	2026-09-24T10:57:00.0116855Z [51/1416] Building C object esp-idf/mbedtls/mbedtls/library/CMakeFiles/mbedcrypto.dir/md.c.obj^[[K
build	Build ESP32-C6 firmware	2026-09-24T10:57:00.0373565Z [52/1416] Building C object esp-idf/mbedtls/mbedtls/library/CMakeFiles/mbedcrypto.dir/pk_ecc.c.obj^[[K
build	Build ESP32-C6 firmware	2026-09-24T10:57:00.1711049Z [53/1416] Building C object esp-idf/mbedtls/mbedtls/library/CMakeFiles/mbedcrypto.dir/pem.c.obj^[[K
build	Build ESP32-C6 firmware	2026-09-24T10:57:00.1868453Z [54/1416] Building C object esp-idf/mbedtls/mbedtls/library/CMakeFiles/mbedcrypto.dir/pkcs12.c.obj^[[K
build	Build ESP32-C6 firmware	2026-09-24T10:57:00.2720335Z [55/1416] Building C object esp-idf/mbedtls/mbedtls/library/CMakeFiles/mbedcrypto.dir/oid.c.obj^[[K
build	Build ESP32-C6 firmware	2026-09-24T10:57:00.2852545Z [56/1416] Building C object esp-idf/mbedtls/mbedtls/library/CMakeFiles/mbedcrypto.dir/pk_wrap.c.obj^[[K
build	Build ESP32-C6 firmware	2026-09-24T10:57:00.3938358Z [57/1416] Building C object esp-idf/mbedtls/mbedtls/library/CMakeFiles/mbedcrypto.dir/pk.c.obj^[[K
build	Build ESP32-C6 firmware	2026-09-24T10:57:00.4350618Z [58/1416] Building C object esp-idf/mbedtls/mbedtls/library/CMakeFiles/mbedcrypto.dir/pkcs5.c.obj^[[K
build	Build ESP32-C6 firmware	2026-09-24T10:57:00.4372094Z [59/1416] Building C object esp-idf/mbedtls/mbedtls/library/CMakeFiles/mbedcrypto.dir/pkparse.c.obj^[[K
build	Build ESP32-C6 firmware	2026-09-24T10:57:00.4567483Z [60/1416] Building C object esp-idf/mbedtls/mbedtls/library/CMakeFiles/mbedcrypto.dir/platform.c.obj^[[K
build	Build ESP32-C6 firmware	2026-09-24T10:57:00.4856131Z [61/1416] Building C object esp-idf/mbedtls/mbedtls/library/CMakeFiles/mbedcrypto.dir/poly1305.c.obj^[[K
build	Build ESP32-C6 firmware	2026-09-24T10:57:00.5310021Z [62/1416] Building C object esp-idf/mbedtls/mbedtls/library/CMakeFiles/mbedcrypto.dir/platform_util.c.obj^[[K
build	Build ESP32-C6 firmware	2026-09-24T10:57:00.7711539Z [63/1416] Building C object esp-idf/mbedtls/mbedtls/library/CMakeFiles/mbedcrypto.dir/pkwrite.c.obj^[[K
build	Build ESP32-C6 firmware	2026-09-24T10:57:00.7756044Z [64/1416] Building C object esp-idf/mbedtls/mbedtls/library/CMakeFiles/mbedcrypto.dir/psa_crypto_aead.c.obj^[[K
build	Build ESP32-C6 firmware	2026-09-24T10:57:00.8042611Z [65/1416] Building C object esp-idf/mbedtls/mbedtls/library/CMakeFiles/mbedcrypto.dir/psa_crypto_cipher.c.obj^[[K
build	Build ESP32-C6 firmware	2026-09-24T10:57:00.8190969Z [66/1416] Building C object esp-idf/mbedtls/mbedtls/library/CMakeFiles/mbedcrypto.dir/psa_crypto_driver_wrappers_no_static.c.obj^[[K
build	Build ESP32-C6 firmware	2026-09-24T10:57:00.9085149Z [67/1416] Building C object esp-idf/mbedtls/mbedtls/library/CMakeFiles/mbedcrypto.dir/psa_crypto_client.c.obj^[[K
build	Build ESP32-C6 firmware	2026-09-24T10:57:01.0596285Z [68/1416] Building C object esp-idf/mbedtls/mbedtls/library/CMakeFiles/mbedcrypto.dir/psa_crypto_ecp.c.obj^[[K
build	Build ESP32-C6 firmware	2026-09-24T10:57:01.0970093Z [69/1416] Building C object esp-idf/mbedtls/mbedtls/library/CMakeFiles/mbedcrypto.dir/psa_crypto_ffdh.c.obj^[[K
build	Build ESP32-C6 firmware	2026-09-24T10:57:01.1363363Z [70/1416] Building C object esp-idf/mbedtls/mbedtls/library/CMakeFiles/mbedcrypto.dir/psa_crypto_mac.c.obj^[[K
build	Build ESP32-C6 firmware	2026-09-24T10:57:01.1391942Z [71/1416] Building C object esp-idf/mbedtls/mbedtls/library/CMakeFiles/mbedcrypto.dir/psa_crypto_pake.c.obj^[[K
build	Build ESP32-C6 firmware	2026-09-24T10:57:01.1744516Z [72/1416] Building C object esp-idf/mbedtls/mbedtls/library/CMakeFiles/mbedcrypto.dir/psa_crypto_hash.c.obj^[[K
build	Build ESP32-C6 firmware	2026-09-24T10:57:01.3025779Z [73/1416] Building C object esp-idf/mbedtls/mbedtls/library/CMakeFiles/mbedcrypto.dir/psa_crypto_se.c.obj^[[K
build	Build ESP32-C6 firmware	2026-09-24T10:57:01.4268985Z [74/1416] Building C object esp-idf/mbedtls/mbedtls/library/CMakeFiles/mbedcrypto.dir/psa_crypto_rsa.c.obj^[[K
build	Build ESP32-C6 firmware	2026-09-24T10:57:01.4640526Z [75/1416] Building C object esp-idf/mbedtls/mbedtls/library/CMakeFiles/mbedcrypto.dir/psa_crypto_storage.c.obj^[[K
build	Build ESP32-C6 firmware	2026-09-24T10:57:01.4686889Z [76/1416] Building C object esp-idf/mbedtls/mbedtls/library/CMakeFiles/mbedcrypto.dir/ripemd160.c.obj^[[K
build	Build ESP32-C6 firmware	2026-09-24T10:57:01.5245843Z [77/1416] Building C object esp-idf/mbedtls/mbedtls/library/CMakeFiles/mbedcrypto.dir/psa_its_file.c.obj^[[K
build	Build ESP32-C6 firmware	2026-09-24T10:57:01.5441538Z [78/1416] Building C object esp-idf/mbedtls/mbedtls/library/CMakeFiles/mbedcrypto.dir/psa_crypto_slot_management.c.obj^[[K
build	Build ESP32-C6 firmware	2026-09-24T10:57:01.6673894Z [79/1416] Building C object esp-idf/mbedtls/mbedtls/library/CMakeFiles/mbedcrypto.dir/psa_util.c.obj^[[K
build	Build ESP32-C6 firmware	2026-09-24T10:57:01.7822238Z [80/1416] Building C object esp-idf/mbedtls/mbedtls/library/CMakeFiles/mbedcrypto.dir/sha1.c.obj^[[K
build	Build ESP32-C6 firmware	2026-09-24T10:57:01.7937179Z [81/1416] Building C object esp-idf/mbedtls/mbedtls/library/CMakeFiles/mbedcrypto.dir/sha256.c.obj^[[K
build	Build ESP32-C6 firmware	2026-09-24T10:57:01.8284913Z [82/1416] Building C object esp-idf/mbedtls/mbedtls/library/CMakeFiles/mbedcrypto.dir/rsa_alt_helpers.c.obj^[[K
build	Build ESP32-C6 firmware	2026-09-24T10:57:01.9142095Z [83/1416] Building C object esp-idf/mbedtls/mbedtls/library/CMakeFiles/mbedcrypto.dir/sha3.c.obj^[[K
build	Build ESP32-C6 firmware	2026-09-24T10:57:01.9566593Z [84/1416] Building C object esp-idf/mbedtls/mbedtls/library/CMakeFiles/mbedcrypto.dir/timing.c.obj^[[K
build	Build ESP32-C6 firmware	2026-09-24T10:57:01.9802024Z [85/1416] Building C object esp-idf/mbedtls/mbedtls/library/CMakeFiles/mbedcrypto.dir/threading.c.obj^[[K
build	Build ESP32-C6 firmware	2026-09-24T10:57:02.0280131Z [86/1416] Building C object esp-idf/mbedtls/mbedtls/library/CMakeFiles/mbedcrypto.dir/version.c.obj^[[K
build	Build ESP32-C6 firmware	2026-09-24T10:57:02.0686354Z [87/1416] Building C object esp-idf/mbedtls/mbedtls/library/CMakeFiles/mbedcrypto.dir/psa_crypto.c.obj^[[K
build	Build ESP32-C6 firmware	2026-09-24T10:57:02.0767168Z [88/1416] Building C object esp-idf/mbedtls/mbedtls/library/CMakeFiles/mbedcrypto.dir/sha512.c.obj^[[K
build	Build ESP32-C6 firmware	2026-09-24T10:57:02.1155568Z [89/1416] Building C object esp-idf/mbedtls/mbedtls/library/CMakeFiles/mbedcrypto.dir/version_features.c.obj^[[K
build	Build ESP32-C6 firmware	2026-09-24T10:57:02.1569362Z [90/1416] Building C object esp-idf/mbedtls/mbedtls/library/CMakeFiles/mbedcrypto.dir/rsa.c.obj^[[K
build	Build ESP32-C6 firmware	2026-09-24T10:57:02.1611282Z [91/1416] Building C object esp-idf/mbedtls/mbedtls/library/CMakeFiles/mbedcrypto.dir/opt/esp/idf/components/mbedtls/port/sha/dma/esp_sha_gdma_impl.c.obj^[[K
build	Build ESP32-C6 firmware	2026-09-24T10:57:02.2302493Z [92/1416] Building C object esp-idf/mbedtls/mbedtls/library/CMakeFiles/mbedcrypto.dir/opt/esp/idf/components/mbedtls/port/aes/dma/esp_aes_gdma_impl.c.obj^[[K
build	Build ESP32-C6 firmware	2026-09-24T10:57:02.2724385Z [93/1416] Building C object esp-idf/mbedtls/mbedtls/library/CMakeFiles/mbedcrypto.dir/opt/esp/idf/components/mbedtls/port/esp_hardware.c.obj^[[K
build	Build ESP32-C6 firmware	2026-09-24T10:57:02.3770807Z [94/1416] Building C object esp-idf/mbedtls/mbedtls/library/CMakeFiles/mbedcrypto.dir/opt/esp/idf/components/mbedtls/port/esp_mem.c.obj^[[K
build	Build ESP32-C6 firmware	2026-09-24T10:57:02.3883399Z [95/1416] Building C object esp-idf/mbedtls/mbedtls/library/CMakeFiles/mbedcrypto.dir/opt/esp/idf/components/mbedtls/port/crypto_shared_gdma/esp_crypto_shared_gdma.c.obj^[[K
build	Build ESP32-C6 firmware	2026-09-24T10:57:02.4044258Z [96/1416] Building C object esp-idf/mbedtls/mbedtls/library/CMakeFiles/mbedcrypto.dir/opt/esp/idf/components/mbedtls/port/aes/esp_aes_xts.c.obj^[[K
build	Build ESP32-C6 firmware	2026-09-24T10:57:02.4547081Z [97/1416] Building C object esp-idf/mbedtls/mbedtls/library/CMakeFiles/mbedcrypto.dir/opt/esp/idf/components/mbedtls/port/esp_timing.c.obj^[[K
build	Build ESP32-C6 firmware	2026-09-24T10:57:02.4586140Z [98/1416] Building C object esp-idf/mbedtls/mbedtls/library/CMakeFiles/mbedcrypto.dir/opt/esp/idf/components/mbedtls/port/aes/esp_aes_common.c.obj^[[K
build	Build ESP32-C6 firmware	2026-09-24T10:57:02.5213676Z [99/1416] Building C object esp-idf/mbedtls/mbedtls/library/CMakeFiles/mbedcrypto.dir/opt/esp/idf/components/mbedtls/port/aes/dma/esp_aes_dma_core.c.obj^[[K
build	Build ESP32-C6 firmware	2026-09-24T10:57:02.6647797Z [100/1416] Building C object esp-idf/mbedtls/mbedtls/library/CMakeFiles/mbedcrypto.dir/opt/esp/idf/components/mbedtls/port/aes/dma/esp_aes.c.obj^[[K
build	Build ESP32-C6 firmware	2026-09-24T10:57:02.6694980Z [101/1416] Building C object esp-idf/mbedtls/mbedtls/library/CMakeFiles/mbedcrypto.dir/opt/esp/idf/components/mbedtls/port/bignum/bignum_alt.c.obj^[[K
build	Build ESP32-C6 firmware	2026-09-24T10:57:02.7202307Z [102/1416] Building C object esp-idf/mbedtls/mbedtls/library/CMakeFiles/mbedcrypto.dir/opt/esp/idf/components/mbedtls/port/sha/esp_sha.c.obj^[[K
build	Build ESP32-C6 firmware	2026-09-24T10:57:02.7610638Z [103/1416] Building C object esp-idf/mbedtls/mbedtls/library/CMakeFiles/mbedcrypto.dir/opt/esp/idf/components/mbedtls/port/bignum/esp_bignum.c.obj^[[K
build	Build ESP32-C6 firmware	2026-09-24T10:57:02.8208333Z [104/1416] Building C object esp-idf/mbedtls/mbedtls/library/CMakeFiles/mbedcrypto.dir/opt/esp/idf/components/mbedtls/port/sha/dma/esp_sha1.c.obj^[[K
build	Build ESP32-C6 firmware	2026-09-24T10:57:02.8244054Z [105/1416] Building C object esp-idf/mbedtls/mbedtls/library/CMakeFiles/mbedcrypto.dir/opt/esp/idf/components/mbedtls/port/esp_ds/esp_rsa_sign_alt.c.obj^[[K
build	Build ESP32-C6 firmware	2026-09-24T10:57:02.8324099Z [106/1416] Building C object esp-idf/mbedtls/mbedtls/library/CMakeFiles/mbedcrypto.dir/opt/esp/idf/components/mbedtls/port/sha/dma/sha.c.obj^[[K
build	Build ESP32-C6 firmware	2026-09-24T10:57:02.9634510Z [107/1416] Building C object esp-idf/mbedtls/mbedtls/library/CMakeFiles/mbedcrypto.dir/opt/esp/idf/components/mbedtls/port/sha/dma/esp_sha512.c.obj^[[K
build	Build ESP32-C6 firmware	2026-09-24T10:57:03.0123515Z [108/1416] Building C object esp-idf/mbedtls/mbedtls/library/CMakeFiles/mbedcrypto.dir/opt/esp/idf/components/mbedtls/port/sha/dma/esp_sha256.c.obj^[[K
build	Build ESP32-C6 firmware	2026-09-24T10:57:03.0287550Z [109/1416] Building C object esp-idf/mbedtls/mbedtls/library/CMakeFiles/mbedcrypto.dir/opt/esp/idf/components/mbedtls/port/ecc/esp_ecc.c.obj^[[K
build	Build ESP32-C6 firmware	2026-09-24T10:57:03.0332627Z [110/1416] Building C object esp-idf/mbedtls/mbedtls/library/CMakeFiles/mbedcrypto.dir/opt/esp/idf/components/mbedtls/port/aes/esp_aes_gcm.c.obj^[[K
build	Build ESP32-C6 firmware	2026-09-24T10:57:03.0443877Z [111/1416] Building C object esp-idf/mbedtls/mbedtls/library/CMakeFiles/mbedcrypto.dir/opt/esp/idf/components/mbedtls/port/ecc/ecc_alt.c.obj^[[K
build	Build ESP32-C6 firmware	2026-09-24T10:57:03.2962515Z [112/1416] Building C object esp-idf/mbedtls/mbedtls/library/CMakeFiles/mbedcrypto.dir/opt/esp/idf/components/mbedtls/port/md/esp_md.c.obj^[[K
build	Build ESP32-C6 firmware	2026-09-24T10:57:03.2983491Z [113/1416] Building C object esp-idf/mbedtls/mbedtls/library/CMakeFiles/mbedx509.dir/x509_create.c.obj^[[K
build	Build ESP32-C6 firmware	2026-09-24T10:57:03.3582713Z [114/1416] Building C object esp-idf/mbedtls/mbedtls/library/CMakeFiles/mbedx509.dir/pkcs7.c.obj^[[K
build	Build ESP32-C6 firmware	2026-09-24T10:57:03.4717579Z [115/1416] Building C object esp-idf/mbedtls/mbedtls/library/CMakeFiles/mbedx509.dir/x509_csr.c.obj^[[K
build	Build ESP32-C6 firmware	2026-09-24T10:57:03.5733511Z [116/1416] Building C object esp-idf/mbedtls/mbedtls/library/CMakeFiles/mbedx509.dir/x509_crl.c.obj^[[K
build	Build ESP32-C6 firmware	2026-09-24T10:57:03.6321952Z [117/1416] Building C object esp-idf/mbedtls/mbedtls/library/CMakeFiles/mbedtls.dir/debug.c.obj^[[K
build	Build ESP32-C6 firmware	2026-09-24T10:57:03.6988071Z [118/1416] Building C object esp-idf/mbedtls/mbedtls/library/CMakeFiles/mbedx509.dir/x509write.c.obj^[[K
build	Build ESP32-C6 firmware	2026-09-24T10:57:03.7095527Z [119/1416] Building C object esp-idf/mbedtls/mbedtls/library/CMakeFiles/mbedx509.dir/x509write_csr.c.obj^[[K
build	Build ESP32-C6 firmware	2026-09-24T10:57:03.7354606Z [120/1416] Building C object esp-idf/mbedtls/mbedtls/library/CMakeFiles/mbedx509.dir/x509write_crt.c.obj^[[K
build	Build ESP32-C6 firmware	2026-09-24T10:57:03.7633654Z [121/1416] Building C object esp-idf/mbedtls/mbedtls/library/CMakeFiles/mbedtls.dir/mps_reader.c.obj^[[K
build	Build ESP32-C6 firmware	2026-09-24T10:57:03.7647529Z [122/1416] Building C object esp-idf/mbedtls/mbedtls/library/CMakeFiles/mbedx509.dir/x509.c.obj^[[K
build	Build ESP32-C6 firmware	2026-09-24T10:57:03.8660400Z [123/1416] Building C object esp-idf/mbedtls/mbedtls/library/CMakeFiles/mbedtls.dir/mps_trace.c.obj^[[K
build	Build ESP32-C6 firmware	2026-09-24T10:57:03.9719700Z [124/1416] Building C object esp-idf/mbedtls/mbedtls/library/CMakeFiles/mbedtls.dir/ssl_debug_helpers_generated.c.obj^[[K
build	Build ESP32-C6 firmware	2026-09-24T10:57:04.0198224Z [125/1416] Building C object esp-idf/mbedtls/mbedtls/library/CMakeFiles/mbedtls.dir/ssl_cache.c.obj^[[K
build	Build ESP32-C6 firmware	2026-09-24T10:57:04.1016385Z [126/1416] Building C object esp-idf/mbedtls/mbedtls/library/CMakeFiles/mbedx509.dir/x509_crt.c.obj^[[K
build	Build ESP32-C6 firmware	2026-09-24T10:57:04.1184985Z [127/1416] Building C object esp-idf/mbedtls/mbedtls/library/CMakeFiles/mbedtls.dir/ssl_ciphersuites.c.obj^[[K
build	Build ESP32-C6 firmware	2026-09-24T10:57:04.2190924Z [128/1416] Building C object esp-idf/mbedtls/mbedtls/library/CMakeFiles/mbedtls.dir/ssl_cookie.c.obj^[[K
build	Build ESP32-C6 firmware	2026-09-24T10:57:04.3746979Z [129/1416] Building C object esp-idf/mbedtls/mbedtls/library/CMakeFiles/mbedtls.dir/ssl_client.c.obj^[[K
build	Build ESP32-C6 firmware	2026-09-24T10:57:04.4041852Z [130/1416] Building C object esp-idf/mbedtls/mbedtls/library/CMakeFiles/mbedtls.dir/ssl_ticket.c.obj^[[K
build	Build ESP32-C6 firmware	2026-09-24T10:57:04.5133405Z [131/1416] Building C object esp-idf/mbedtls/mbedtls/library/CMakeFiles/mbedtls.dir/ssl_tls13_keys.c.obj^[[K
build	Build ESP32-C6 firmware	2026-09-24T10:57:04.5775344Z [132/1416] Building C object esp-idf/mbedtls/mbedtls/library/CMakeFiles/mbedtls.dir/ssl_msg.c.obj^[[K
build	Build ESP32-C6 firmware	2026-09-24T10:57:04.5884980Z [133/1416] Building C object esp-idf/mbedtls/mbedtls/library/CMakeFiles/mbedtls.dir/ssl_tls13_server.c.obj^[[K
build	Build ESP32-C6 firmware	2026-09-24T10:57:04.6717302Z [134/1416] Building C object esp-idf/mbedtls/mbedtls/library/CMakeFiles/mbedtls.dir/ssl_tls13_client.c.obj^[[K
build	Build ESP32-C6 firmware	2026-09-24T10:57:04.7033671Z [135/1416] Building C object esp-idf/mbedtls/mbedtls/library/CMakeFiles/mbedtls.dir/ssl_tls12_client.c.obj^[[K
build	Build ESP32-C6 firmware	2026-09-24T10:57:04.7157396Z [136/1416] Building C object esp-idf/mbedtls/mbedtls/library/CMakeFiles/mbedtls.dir/ssl_tls13_generic.c.obj^[[K
build	Build ESP32-C6 firmware	2026-09-24T10:57:04.7237977Z [137/1416] Creating directories for 'bootloader'^[[K
build	Build ESP32-C6 firmware	2026-09-24T10:57:04.7350132Z [138/1416] No download step for 'bootloader'^[[K
build	Build ESP32-C6 firmware	2026-09-24T10:57:04.7438142Z [139/1416] No update step for 'bootloader'^[[K
build	Build ESP32-C6 firmware	2026-09-24T10:57:04.8120287Z [140/1416] No patch step for 'bootloader'^[[K
build	Build ESP32-C6 firmware	2026-09-24T10:57:04.8358984Z [141/1416] Building C object esp-idf/mbedtls/mbedtls/library/CMakeFiles/mbedtls.dir/opt/esp/idf/components/mbedtls/port/mbedtls_debug.c.obj^[[K
build	Build ESP32-C6 firmware	2026-09-24T10:57:04.8565171Z [142/1416] Building C object esp-idf/mbedtls/mbedtls/library/CMakeFiles/mbedtls.dir/opt/esp/idf/components/mbedtls/port/esp_platform_time.c.obj^[[K
build	Build ESP32-C6 firmware	2026-09-24T10:57:04.9768590Z [143/1416] Building C object esp-idf/mbedtls/mbedtls/library/CMakeFiles/mbedtls.dir/ssl_tls12_server.c.obj^[[K
build	Build ESP32-C6 firmware	2026-09-24T10:57:05.0304618Z [144/1416] Building C object esp-idf/esp_app_format/CMakeFiles/__idf_esp_app_format.dir/esp_app_desc.c.obj^[[K
build	Build ESP32-C6 firmware	2026-09-24T10:57:05.0880846Z [145/1416] Building C object esp-idf/mbedtls/mbedtls/library/CMakeFiles/mbedtls.dir/ssl_tls.c.obj^[[K
build	Build ESP32-C6 firmware	2026-09-24T10:57:05.1352992Z [146/1416] Building C object esp-idf/esp_bootloader_format/CMakeFiles/__idf_esp_bootloader_format.dir/esp_bootloader_desc.c.obj^[[K
build	Build ESP32-C6 firmware	2026-09-24T10:57:05.2650703Z [147/1416] Building C object esp-idf/app_update/CMakeFiles/__idf_app_update.dir/esp_ota_app_desc.c.obj^[[K
build	Build ESP32-C6 firmware	2026-09-24T10:57:05.2700928Z [148/1416] Building C object esp-idf/mbedtls/mbedtls/library/CMakeFiles/mbedtls.dir/opt/esp/idf/components/mbedtls/port/net_sockets.c.obj^[[K
build	Build ESP32-C6 firmware	2026-09-24T10:57:05.3382761Z [149/1416] Building C object esp-idf/app_update/CMakeFiles/__idf_app_update.dir/esp_ota_ops.c.obj^[[K
build	Build ESP32-C6 firmware	2026-09-24T10:57:05.3525687Z [150/1416] Building C object esp-idf/efuse/CMakeFiles/__idf_efuse.dir/esp32c6/esp_efuse_table.c.obj^[[K
build	Build ESP32-C6 firmware	2026-09-24T10:57:05.3925143Z [151/1416] Building C object esp-idf/esp_partition/CMakeFiles/__idf_esp_partition.dir/partition.c.obj^[[K
build	Build ESP32-C6 firmware	2026-09-24T10:57:05.4881069Z [152/1416] Building C object esp-idf/esp_partition/CMakeFiles/__idf_esp_partition.dir/partition_target.c.obj^[[K
build	Build ESP32-C6 firmware	2026-09-24T10:57:05.5321212Z [153/1416] Building C object esp-idf/efuse/CMakeFiles/__idf_efuse.dir/esp32c6/esp_efuse_fields.c.obj^[[K
build	Build ESP32-C6 firmware	2026-09-24T10:57:05.5453692Z [154/1416] Building C object esp-idf/efuse/CMakeFiles/__idf_efuse.dir/esp32c6/esp_efuse_rtc_calib.c.obj^[[K
build	Build ESP32-C6 firmware	2026-09-24T10:57:05.6254870Z [155/1416] Building C object esp-idf/efuse/CMakeFiles/__idf_efuse.dir/esp32c6/esp_efuse_utility.c.obj^[[K
build	Build ESP32-C6 firmware	2026-09-24T10:57:05.7268604Z [156/1416] Building C object esp-idf/efuse/CMakeFiles/__idf_efuse.dir/src/esp_efuse_fields.c.obj^[[K
build	Build ESP32-C6 firmware	2026-09-24T10:57:05.7458223Z [157/1416] Building C object esp-idf/efuse/CMakeFiles/__idf_efuse.dir/src/esp_efuse_api.c.obj^[[K
build	Build ESP32-C6 firmware	2026-09-24T10:57:05.8244005Z [158/1416] Building C object esp-idf/efuse/CMakeFiles/__idf_efuse.dir/src/esp_efuse_startup.c.obj^[[K
build	Build ESP32-C6 firmware	2026-09-24T10:57:05.8378543Z [159/1416] Building C object esp-idf/efuse/CMakeFiles/__idf_efuse.dir/src/efuse_controller/keys/with_key_purposes/esp_efuse_api_key.c.obj^[[K
build	Build ESP32-C6 firmware	2026-09-24T10:57:05.9668650Z [160/1416] Building C object esp-idf/efuse/CMakeFiles/__idf_efuse.dir/src/esp_efuse_utility.c.obj^[[K
build	Build ESP32-C6 firmware	2026-09-24T10:57:06.0460193Z [161/1416] Building C object esp-idf/bootloader_support/CMakeFiles/__idf_bootloader_support.dir/src/bootloader_clock_init.c.obj^[[K
build	Build ESP32-C6 firmware	2026-09-24T10:57:06.0610994Z [162/1416] Building C object esp-idf/bootloader_support/CMakeFiles/__idf_bootloader_support.dir/src/bootloader_common.c.obj^[[K
build	Build ESP32-C6 firmware	2026-09-24T10:57:06.0675541Z [163/1416] Building C object esp-idf/bootloader_support/CMakeFiles/__idf_bootloader_support.dir/src/bootloader_random.c.obj^[[K
build	Build ESP32-C6 firmware	2026-09-24T10:57:06.0901845Z [164/1416] Building C object esp-idf/bootloader_support/CMakeFiles/__idf_bootloader_support.dir/src/bootloader_mem.c.obj^[[K
build	Build ESP32-C6 firmware	2026-09-24T10:57:06.1600138Z [165/1416] Building C object esp-idf/bootloader_support/CMakeFiles/__idf_bootloader_support.dir/src/bootloader_common_loader.c.obj^[[K
build	Build ESP32-C6 firmware	2026-09-24T10:57:06.2644348Z [166/1416] Building C object esp-idf/bootloader_support/CMakeFiles/__idf_bootloader_support.dir/src/bootloader_efuse.c.obj^[[K
build	Build ESP32-C6 firmware	2026-09-24T10:57:06.2802011Z [167/1416] Building C object esp-idf/bootloader_support/CMakeFiles/__idf_bootloader_support.dir/src/secure_boot.c.obj^[[K
build	Build ESP32-C6 firmware	2026-09-24T10:57:06.3692016Z [168/1416] Building C object esp-idf/bootloader_support/CMakeFiles/__idf_bootloader_support.dir/src/bootloader_random_esp32c6.c.obj^[[K
build	Build ESP32-C6 firmware	2026-09-24T10:57:06.4301861Z [169/1416] Building C object esp-idf/bootloader_support/CMakeFiles/__idf_bootloader_support.dir/src/flash_encrypt.c.obj^[[K
build	Build ESP32-C6 firmware	2026-09-24T10:57:06.4661212Z [170/1416] Building C object esp-idf/bootloader_support/CMakeFiles/__idf_bootloader_support.dir/bootloader_flash/src/bootloader_flash.c.obj^[[K
build	Build ESP32-C6 firmware	2026-09-24T10:57:06.5950891Z [171/1416] Building C object esp-idf/bootloader_support/CMakeFiles/__idf_bootloader_support.dir/bootloader_flash/src/flash_qio_mode.c.obj^[[K
build	Build ESP32-C6 firmware	2026-09-24T10:57:06.6642864Z [172/1416] Building C object esp-idf/bootloader_support/CMakeFiles/__idf_bootloader_support.dir/src/flash_partitions.c.obj^[[K
build	Build ESP32-C6 firmware	2026-09-24T10:57:06.7512386Z [173/1416] Building C object esp-idf/bootloader_support/CMakeFiles/__idf_bootloader_support.dir/bootloader_flash/src/bootloader_flash_config_esp32c6.c.obj^[[K
build	Build ESP32-C6 firmware	2026-09-24T10:57:06.7833853Z [174/1416] Building C object esp-idf/bootloader_support/CMakeFiles/__idf_bootloader_support.dir/src/bootloader_utility.c.obj^[[K
build	Build ESP32-C6 firmware	2026-09-24T10:57:06.8457560Z [175/1416] Building C object esp-idf/bootloader_support/CMakeFiles/__idf_bootloader_support.dir/src/idf/bootloader_sha.c.obj^[[K
build	Build ESP32-C6 firmware	2026-09-24T10:57:06.8729019Z [176/1416] Building C object esp-idf/bootloader_support/CMakeFiles/__idf_bootloader_support.dir/src/esp32c6/secure_boot_secure_features.c.obj^[[K
build	Build ESP32-C6 firmware	2026-09-24T10:57:06.8755622Z [177/1416] Building C object esp-idf/esp_mm/CMakeFiles/__idf_esp_mm.dir/port/esp32c6/ext_mem_layout.c.obj^[[K
build	Build ESP32-C6 firmware	2026-09-24T10:57:07.0280705Z [178/1416] Building C object esp-idf/bootloader_support/CMakeFiles/__idf_bootloader_support.dir/src/esp_image_format.c.obj^[[K
build	Build ESP32-C6 firmware	2026-09-24T10:57:07.0320188Z [179/1416] Building C object esp-idf/esp_mm/CMakeFiles/__idf_esp_mm.dir/heap_align_hw.c.obj^[[K
build	Build ESP32-C6 firmware	2026-09-24T10:57:07.0597944Z [180/1416] Building C object esp-idf/spi_flash/CMakeFiles/__idf_spi_flash.dir/flash_brownout_hook.c.obj^[[K
build	Build ESP32-C6 firmware	2026-09-24T10:57:07.1354660Z [181/1416] Building C object esp-idf/spi_flash/CMakeFiles/__idf_spi_flash.dir/spi_flash_chip_drivers.c.obj^[[K
build	Build ESP32-C6 firmware	2026-09-24T10:57:07.1469233Z [182/1416] Building C object esp-idf/esp_mm/CMakeFiles/__idf_esp_mm.dir/esp_cache.c.obj^[[K
build	Build ESP32-C6 firmware	2026-09-24T10:57:07.1886945Z [183/1416] Building C object esp-idf/esp_mm/CMakeFiles/__idf_esp_mm.dir/esp_mmu_map.c.obj^[[K
build	Build ESP32-C6 firmware	2026-09-24T10:57:07.3182624Z [184/1416] Building C object esp-idf/spi_flash/CMakeFiles/__idf_spi_flash.dir/spi_flash_chip_issi.c.obj^[[K
build	Build ESP32-C6 firmware	2026-09-24T10:57:07.3781511Z [185/1416] Building C object esp-idf/spi_flash/CMakeFiles/__idf_spi_flash.dir/spi_flash_chip_gd.c.obj^[[K
build	Build ESP32-C6 firmware	2026-09-24T10:57:07.3878327Z [186/1416] Building C object esp-idf/spi_flash/CMakeFiles/__idf_spi_flash.dir/spi_flash_chip_mxic.c.obj^[[K
build	Build ESP32-C6 firmware	2026-09-24T10:57:07.4259527Z [187/1416] Building C object esp-idf/spi_flash/CMakeFiles/__idf_spi_flash.dir/spi_flash_chip_boya.c.obj^[[K
build	Build ESP32-C6 firmware	2026-09-24T10:57:07.4513579Z [188/1416] Building C object esp-idf/spi_flash/CMakeFiles/__idf_spi_flash.dir/spi_flash_chip_winbond.c.obj^[[K
build	Build ESP32-C6 firmware	2026-09-24T10:57:07.5998013Z [189/1416] Building C object esp-idf/spi_flash/CMakeFiles/__idf_spi_flash.dir/spi_flash_chip_generic.c.obj^[[K
build	Build ESP32-C6 firmware	2026-09-24T10:57:07.6565669Z [190/1416] Building C object esp-idf/spi_flash/CMakeFiles/__idf_spi_flash.dir/spi_flash_chip_th.c.obj^[[K
build	Build ESP32-C6 firmware	2026-09-24T10:57:07.6890357Z [191/1416] Building C object esp-idf/spi_flash/CMakeFiles/__idf_spi_flash.dir/memspi_host_driver.c.obj^[[K
build	Build ESP32-C6 firmware	2026-09-24T10:57:07.6946544Z [192/1416] Building C object esp-idf/spi_flash/CMakeFiles/__idf_spi_flash.dir/spi_flash_chip_mxic_opi.c.obj^[[K
build	Build ESP32-C6 firmware	2026-09-24T10:57:07.8708099Z [193/1416] Building C object esp-idf/spi_flash/CMakeFiles/__idf_spi_flash.dir/cache_utils.c.obj^[[K
build	Build ESP32-C6 firmware	2026-09-24T10:57:07.9048616Z [194/1416] Building C object esp-idf/spi_flash/CMakeFiles/__idf_spi_flash.dir/spi_flash_wrap.c.obj^[[K
build	Build ESP32-C6 firmware	2026-09-24T10:57:08.0284840Z [195/1416] Building C object esp-idf/spi_flash/CMakeFiles/__idf_spi_flash.dir/flash_mmap.c.obj^[[K
build	Build ESP32-C6 firmware	2026-09-24T10:57:08.0973866Z [196/1416] Building C object esp-idf/spi_flash/CMakeFiles/__idf_spi_flash.dir/flash_ops.c.obj^[[K
build	Build ESP32-C6 firmware	2026-09-24T10:57:08.1871059Z [197/1416] Building C object esp-idf/spi_flash/CMakeFiles/__idf_spi_flash.dir/spi_flash_os_func_noos.c.obj^[[K
build	Build ESP32-C6 firmware	2026-09-24T10:57:08.1963576Z [198/1416] Building C object esp-idf/spi_flash/CMakeFiles/__idf_spi_flash.dir/spi_flash_os_func_app.c.obj^[[K
build	Build ESP32-C6 firmware	2026-09-24T10:57:08.2623828Z [199/1416] Building C object esp-idf/spi_flash/CMakeFiles/__idf_spi_flash.dir/esp_flash_spi_init.c.obj^[[K
build	Build ESP32-C6 firmware	2026-09-24T10:57:08.3619668Z [200/1416] Building C object esp-idf/esp_system/CMakeFiles/__idf_esp_system.dir/esp_err.c.obj^[[K
build	Build ESP32-C6 firmware	2026-09-24T10:57:08.3943927Z [201/1416] Building C object esp-idf/spi_flash/CMakeFiles/__idf_spi_flash.dir/esp_flash_api.c.obj^[[K
build	Build ESP32-C6 firmware	2026-09-24T10:57:08.4262467Z [202/1416] Building C object esp-idf/esp_system/CMakeFiles/__idf_esp_system.dir/crosscore_int.c.obj^[[K
build	Build ESP32-C6 firmware	2026-09-24T10:57:08.4828838Z [203/1416] Building C object esp-idf/esp_system/CMakeFiles/__idf_esp_system.dir/esp_ipc.c.obj^[[K
build	Build ESP32-C6 firmware	2026-09-24T10:57:08.5345059Z [204/1416] Building C object esp-idf/esp_system/CMakeFiles/__idf_esp_system.dir/freertos_hooks.c.obj^[[K
build	Build ESP32-C6 firmware	2026-09-24T10:57:08.6173260Z [205/1416] Building C object esp-idf/esp_system/CMakeFiles/__idf_esp_system.dir/int_wdt.c.obj^[[K
build	Build ESP32-C6 firmware	2026-09-24T10:57:08.6663615Z [206/1416] Building C object esp-idf/esp_system/CMakeFiles/__idf_esp_system.dir/startup.c.obj^[[K
build	Build ESP32-C6 firmware	2026-09-24T10:57:08.7117206Z [207/1416] Building C object esp-idf/esp_system/CMakeFiles/__idf_esp_system.dir/esp_system.c.obj^[[K
build	Build ESP32-C6 firmware	2026-09-24T10:57:08.7889673Z [208/1416] Building C object esp-idf/esp_system/CMakeFiles/__idf_esp_system.dir/stack_check.c.obj^[[K
build	Build ESP32-C6 firmware	2026-09-24T10:57:08.8004664Z [209/1416] Building C object esp-idf/esp_system/CMakeFiles/__idf_esp_system.dir/panic.c.obj^[[K
build	Build ESP32-C6 firmware	2026-09-24T10:57:08.8969890Z [210/1416] Building C object esp-idf/esp_system/CMakeFiles/__idf_esp_system.dir/system_time.c.obj^[[K
build	Build ESP32-C6 firmware	2026-09-24T10:57:08.9126499Z [211/1416] Building C object esp-idf/esp_system/CMakeFiles/__idf_esp_system.dir/startup_funcs.c.obj^[[K
build	Build ESP32-C6 firmware	2026-09-24T10:57:08.9676710Z [212/1416] Building C object esp-idf/esp_system/CMakeFiles/__idf_esp_system.dir/ubsan.c.obj^[[K
build	Build ESP32-C6 firmware	2026-09-24T10:57:09.0653528Z [213/1416] Building C object esp-idf/esp_system/CMakeFiles/__idf_esp_system.dir/xt_wdt.c.obj^[[K
build	Build ESP32-C6 firmware	2026-09-24T10:57:09.1648306Z [214/1416] Building C object esp-idf/esp_system/CMakeFiles/__idf_esp_system.dir/systick_etm.c.obj^[[K
build	Build ESP32-C6 firmware	2026-09-24T10:57:09.1828040Z [215/1416] Building C object esp-idf/esp_system/CMakeFiles/__idf_esp_system.dir/hw_stack_guard.c.obj^[[K
build	Build ESP32-C6 firmware	2026-09-24T10:57:09.1944571Z [216/1416] Building C object esp-idf/esp_system/CMakeFiles/__idf_esp_system.dir/task_wdt/task_wdt_impl_timergroup.c.obj^[[K
build	Build ESP32-C6 firmware	2026-09-24T10:57:09.3515817Z [217/1416] Building C object esp-idf/esp_system/CMakeFiles/__idf_esp_system.dir/task_wdt/task_wdt.c.obj^[[K
build	Build ESP32-C6 firmware	2026-09-24T10:57:09.4729348Z [218/1416] Building C object esp-idf/esp_system/CMakeFiles/__idf_esp_system.dir/port/esp_system_chip.c.obj^[[K
build	Build ESP32-C6 firmware	2026-09-24T10:57:09.4798682Z [219/1416] Building C object esp-idf/esp_system/CMakeFiles/__idf_esp_system.dir/port/panic_handler.c.obj^[[K
build	Build ESP32-C6 firmware	2026-09-24T10:57:09.4918094Z [220/1416] Building C object esp-idf/esp_system/CMakeFiles/__idf_esp_system.dir/port/brownout.c.obj^[[K
build	Build ESP32-C6 firmware	2026-09-24T10:57:09.5751460Z [221/1416] Building C object esp-idf/esp_system/CMakeFiles/__idf_esp_system.dir/port/image_process.c.obj^[[K
build	Build ESP32-C6 firmware	2026-09-24T10:57:09.5754200Z [222/1416] Building C object esp-idf/esp_system/CMakeFiles/__idf_esp_system.dir/port/cpu_start.c.obj^[[K
build	Build ESP32-C6 firmware	2026-09-24T10:57:09.6552805Z [223/1416] Building C object esp-idf/esp_system/CMakeFiles/__idf_esp_system.dir/port/arch/riscv/expression_with_stack.c.obj^[[K
build	Build ESP32-C6 firmware	2026-09-24T10:57:09.7220951Z [224/1416] Building C object esp-idf/esp_system/CMakeFiles/__idf_esp_system.dir/port/arch/riscv/debug_helpers.c.obj^[[K
build	Build ESP32-C6 firmware	2026-09-24T10:57:09.7648795Z [225/1416] Building C object esp-idf/esp_system/CMakeFiles/__idf_esp_system.dir/port/arch/riscv/debug_stubs.c.obj^[[K
build	Build ESP32-C6 firmware	2026-09-24T10:57:09.8489198Z [226/1416] Building C object esp-idf/esp_system/CMakeFiles/__idf_esp_system.dir/port/arch/riscv/panic_arch.c.obj^[[K
build	Build ESP32-C6 firmware	2026-09-24T10:57:09.9210864Z [227/1416] Building C object esp-idf/esp_system/CMakeFiles/__idf_esp_system.dir/port/soc/esp32c6/reset_reason.c.obj^[[K
build	Build ESP32-C6 firmware	2026-09-24T10:57:09.9608478Z [228/1416] Building C object esp-idf/esp_system/CMakeFiles/__idf_esp_system.dir/port/soc/esp32c6/system_internal.c.obj^[[K
build	Build ESP32-C6 firmware	2026-09-24T10:57:10.0365252Z [229/1416] Building C object esp-idf/esp_system/CMakeFiles/__idf_esp_system.dir/port/soc/esp32c6/cache_err_int.c.obj^[[K
build	Build ESP32-C6 firmware	2026-09-24T10:57:10.0497766Z [230/1416] Building C object esp-idf/esp_rom/CMakeFiles/__idf_esp_rom.dir/patches/esp_rom_sys.c.obj^[[K
build	Build ESP32-C6 firmware	2026-09-24T10:57:10.0872007Z [231/1416] Building C object esp-idf/esp_rom/CMakeFiles/__idf_esp_rom.dir/patches/esp_rom_crc.c.obj^[[K
build	Build ESP32-C6 firmware	2026-09-24T10:57:10.2319622Z [232/1416] Building C object esp-idf/esp_rom/CMakeFiles/__idf_esp_rom.dir/patches/esp_rom_print.c.obj^[[K
build	Build ESP32-C6 firmware	2026-09-24T10:57:10.2397115Z [233/1416] Building C object esp-idf/esp_rom/CMakeFiles/__idf_esp_rom.dir/patches/esp_rom_spiflash.c.obj^[[K
build	Build ESP32-C6 firmware	2026-09-24T10:57:10.2599775Z [234/1416] Building C object esp-idf/esp_rom/CMakeFiles/__idf_esp_rom.dir/patches/esp_rom_efuse.c.obj^[[K
build	Build ESP32-C6 firmware	2026-09-24T10:57:10.3898692Z [235/1416] Building C object esp-idf/esp_rom/CMakeFiles/__idf_esp_rom.dir/patches/esp_rom_uart.c.obj^[[K
build	Build ESP32-C6 firmware	2026-09-24T10:57:10.4175420Z [236/1416] Building C object esp-idf/esp_rom/CMakeFiles/__idf_esp_rom.dir/patches/esp_rom_gpio.c.obj^[[K
build	Build ESP32-C6 firmware	2026-09-24T10:57:10.4414226Z [237/1416] Building C object esp-idf/esp_system/CMakeFiles/__idf_esp_system.dir/port/soc/esp32c6/clk.c.obj^[[K
build	Build ESP32-C6 firmware	2026-09-24T10:57:10.4431415Z [238/1416] Building C object esp-idf/esp_rom/CMakeFiles/__idf_esp_rom.dir/patches/esp_rom_hp_regi2c_esp32c6.c.obj^[[K
build	Build ESP32-C6 firmware	2026-09-24T10:57:10.4768361Z [239/1416] Building C object esp-idf/esp_common/CMakeFiles/__idf_esp_common.dir/src/esp_err_to_name.c.obj^[[K
build	Build ESP32-C6 firmware	2026-09-24T10:57:10.5434832Z [240/1416] Building C object esp-idf/esp_rom/CMakeFiles/__idf_esp_rom.dir/patches/esp_rom_tlsf.c.obj^[[K
build	Build ESP32-C6 firmware	2026-09-24T10:57:10.5800320Z [241/1416] Building C object esp-idf/esp_rom/CMakeFiles/__idf_esp_rom.dir/patches/esp_rom_systimer.c.obj^[[K
build	Build ESP32-C6 firmware	2026-09-24T10:57:10.6440879Z [242/1416] Building C object esp-idf/esp_rom/CMakeFiles/__idf_esp_rom.dir/patches/esp_rom_multi_heap.c.obj^[[K
build	Build ESP32-C6 firmware	2026-09-24T10:57:10.6506634Z [243/1416] Building C object esp-idf/esp_rom/CMakeFiles/__idf_esp_rom.dir/patches/esp_rom_wdt.c.obj^[[K
build	Build ESP32-C6 firmware	2026-09-24T10:57:10.6884439Z [244/1416] Building C object esp-idf/hal/CMakeFiles/__idf_hal.dir/hal_utils.c.obj^[[K
build	Build ESP32-C6 firmware	2026-09-24T10:57:10.7426543Z [245/1416] Building C object esp-idf/hal/CMakeFiles/__idf_hal.dir/efuse_hal.c.obj^[[K
build	Build ESP32-C6 firmware	2026-09-24T10:57:10.7602525Z [246/1416] Building C object esp-idf/hal/CMakeFiles/__idf_hal.dir/esp32c6/efuse_hal.c.obj^[[K
build	Build ESP32-C6 firmware	2026-09-24T10:57:10.7962191Z [247/1416] Building C object esp-idf/hal/CMakeFiles/__idf_hal.dir/lp_timer_hal.c.obj^[[K
build	Build ESP32-C6 firmware	2026-09-24T10:57:10.8958958Z [248/1416] Building C object esp-idf/hal/CMakeFiles/__idf_hal.dir/color_hal.c.obj^[[K
build	Build ESP32-C6 firmware	2026-09-24T10:57:10.9540028Z [249/1416] Building C object esp-idf/hal/CMakeFiles/__idf_hal.dir/mmu_hal.c.obj^[[K
build	Build ESP32-C6 firmware	2026-09-24T10:57:10.9541739Z [250/1416] Performing configure step for 'bootloader'^[[K
build	Build ESP32-C6 firmware	2026-09-24T10:57:10.9542793Z -- Found Git: /usr/bin/git (found version "2.43.0")
build	Build ESP32-C6 firmware	2026-09-24T10:57:10.9544259Z -- The C compiler identification is GNU 14.2.0
build	Build ESP32-C6 firmware	2026-09-24T10:57:10.9545156Z -- The CXX compiler identification is GNU 14.2.0
build	Build ESP32-C6 firmware	2026-09-24T10:57:10.9546006Z -- The ASM compiler identification is GNU
build	Build ESP32-C6 firmware	2026-09-24T10:57:10.9547204Z -- Found assembler: /opt/esp/tools/riscv32-esp-elf/esp-14.2.0_20241119/riscv32-esp-elf/bin/riscv32-esp-elf-gcc
build	Build ESP32-C6 firmware	2026-09-24T10:57:10.9548382Z -- Detecting C compiler ABI info
build	Build ESP32-C6 firmware	2026-09-24T10:57:10.9557526Z -- Detecting C compiler ABI info - done
build	Build ESP32-C6 firmware	2026-09-24T10:57:10.9559085Z -- Check for working C compiler: /opt/esp/tools/riscv32-esp-elf/esp-14.2.0_20241119/riscv32-esp-elf/bin/riscv32-esp-elf-gcc - skipped
build	Build ESP32-C6 firmware	2026-09-24T10:57:10.9560452Z -- Detecting C compile features
build	Build ESP32-C6 firmware	2026-09-24T10:57:10.9561151Z -- Detecting C compile features - done
build	Build ESP32-C6 firmware	2026-09-24T10:57:10.9569989Z -- Detecting CXX compiler ABI info
build	Build ESP32-C6 firmware	2026-09-24T10:57:10.9571049Z -- Detecting CXX compiler ABI info - done
build	Build ESP32-C6 firmware	2026-09-24T10:57:10.9572960Z -- Check for working CXX compiler: /opt/esp/tools/riscv32-esp-elf/esp-14.2.0_20241119/riscv32-esp-elf/bin/riscv32-esp-elf-g++ - skipped
build	Build ESP32-C6 firmware	2026-09-24T10:57:10.9574996Z -- Detecting CXX compile features
build	Build ESP32-C6 firmware	2026-09-24T10:57:10.9584416Z -- Detecting CXX compile features - done
build	Build ESP32-C6 firmware	2026-09-24T10:57:10.9585413Z -- Building ESP-IDF components for target esp32c6
build	Build ESP32-C6 firmware	2026-09-24T10:57:10.9586394Z -- Project sdkconfig file /app/yuanwil1y/esp32c6-Pwnagotchi/sdkconfig
build	Build ESP32-C6 firmware	2026-09-24T10:57:10.9587772Z -- Adding linker script /opt/esp/idf/components/riscv/ld/rom.api.ld
build	Build ESP32-C6 firmware	2026-09-24T10:57:10.9597294Z -- Adding linker script /opt/esp/idf/components/soc/esp32c6/ld/esp32c6.peripherals.ld
build	Build ESP32-C6 firmware	2026-09-24T10:57:10.9598733Z -- Bootloader project name: "bootloader" version: 1
build	Build ESP32-C6 firmware	2026-09-24T10:57:10.9599835Z -- Adding linker script /opt/esp/idf/components/esp_rom/esp32c6/ld/esp32c6.rom.ld
build	Build ESP32-C6 firmware	2026-09-24T10:57:10.9610130Z -- Adding linker script /opt/esp/idf/components/esp_rom/esp32c6/ld/esp32c6.rom.api.ld
build	Build ESP32-C6 firmware	2026-09-24T10:57:10.9611799Z -- Adding linker script /opt/esp/idf/components/esp_rom/esp32c6/ld/esp32c6.rom.rvfp.ld
build	Build ESP32-C6 firmware	2026-09-24T10:57:10.9613948Z -- Adding linker script /opt/esp/idf/components/esp_rom/esp32c6/ld/esp32c6.rom.wdt.ld
build	Build ESP32-C6 firmware	2026-09-24T10:57:10.9624159Z -- Adding linker script /opt/esp/idf/components/esp_rom/esp32c6/ld/esp32c6.rom.systimer.ld
build	Build ESP32-C6 firmware	2026-09-24T10:57:10.9625525Z -- Adding linker script /opt/esp/idf/components/esp_rom/esp32c6/ld/esp32c6.rom.version.ld
build	Build ESP32-C6 firmware	2026-09-24T10:57:10.9626904Z -- Adding linker script /opt/esp/idf/components/esp_rom/esp32c6/ld/esp32c6.rom.newlib.ld
build	Build ESP32-C6 firmware	2026-09-24T10:57:10.9636936Z -- Adding linker script /opt/esp/idf/components/bootloader/subproject/main/ld/esp32c6/bootloader.ld
build	Build ESP32-C6 firmware	2026-09-24T10:57:10.9638375Z -- Adding linker script /opt/esp/idf/components/bootloader/subproject/main/ld/esp32c6/bootloader.rom.ld
build	Build ESP32-C6 firmware	2026-09-24T10:57:10.9640641Z -- Components: bootloader bootloader_support efuse esp_app_format esp_bootloader_format esp_common esp_hw_support esp_rom esp_security esp_system esptool_py freertos hal log main micro-ecc newlib partition_table riscv soc spi_flash
build	Build ESP32-C6 firmware	2026-09-24T10:57:10.9655547Z -- Component paths: /opt/esp/idf/components/bootloader /opt/esp/idf/components/bootloader_support /opt/esp/idf/components/efuse /opt/esp/idf/components/esp_app_format /opt/esp/idf/components/esp_bootloader_format /opt/esp/idf/components/esp_common /opt/esp/idf/components/esp_hw_support /opt/esp/idf/components/esp_rom /opt/esp/idf/components/esp_security /opt/esp/idf/components/esp_system /opt/esp/idf/components/esptool_py /opt/esp/idf/components/freertos /opt/esp/idf/components/hal /opt/esp/idf/components/log /opt/esp/idf/components/bootloader/subproject/main /opt/esp/idf/components/bootloader/subproject/components/micro-ecc /opt/esp/idf/components/newlib /opt/esp/idf/components/partition_table /opt/esp/idf/components/riscv /opt/esp/idf/components/soc /opt/esp/idf/components/spi_flash
build	Build ESP32-C6 firmware	2026-09-24T10:57:10.9661037Z -- Configuring done (6.0s)
build	Build ESP32-C6 firmware	2026-09-24T10:57:10.9661773Z -- Generating done (0.2s)
build	Build ESP32-C6 firmware	2026-09-24T10:57:10.9671482Z -- Build files have been written to: /app/yuanwil1y/esp32c6-Pwnagotchi/build/bootloader
build	Build ESP32-C6 firmware	2026-09-24T10:57:11.0059811Z 
build	Build ESP32-C6 firmware	2026-09-24T10:57:11.0300062Z [251/1416] Building C object esp-idf/hal/CMakeFiles/__idf_hal.dir/spi_flash_encrypt_hal_iram.c.obj^[[K
build	Build ESP32-C6 firmware	2026-09-24T10:57:11.0338118Z [252/1416] Building C object esp-idf/hal/CMakeFiles/__idf_hal.dir/cache_hal.c.obj^[[K
build	Build ESP32-C6 firmware	2026-09-24T10:57:11.3369929Z [253/1416] Building C object esp-idf/hal/CMakeFiles/__idf_hal.dir/spi_flash_hal.c.obj^[[K
build	Build ESP32-C6 firmware	2026-09-24T10:57:11.3748650Z [254/1416] Building C object esp-idf/hal/CMakeFiles/__idf_hal.dir/spi_flash_hal_iram.c.obj^[[K
build	Build ESP32-C6 firmware	2026-09-24T10:57:11.3800040Z [255/1416] Building C object esp-idf/hal/CMakeFiles/__idf_hal.dir/gpio_hal.c.obj^[[K
build	Build ESP32-C6 firmware	2026-09-24T10:57:11.3884989Z [256/1416] Building C object esp-idf/hal/CMakeFiles/__idf_hal.dir/uart_hal_iram.c.obj^[[K
build	Build ESP32-C6 firmware	2026-09-24T10:57:11.7239185Z [257/1416] Building C object esp-idf/hal/CMakeFiles/__idf_hal.dir/esp32c6/clk_tree_hal.c.obj^[[K
build	Build ESP32-C6 firmware	2026-09-24T10:57:11.7434603Z [258/1416] Building C object esp-idf/hal/CMakeFiles/__idf_hal.dir/uart_hal.c.obj^[[K
build	Build ESP32-C6 firmware	2026-09-24T10:57:11.7701963Z [259/1416] Building C object esp-idf/hal/CMakeFiles/__idf_hal.dir/ledc_hal_iram.c.obj^[[K
build	Build ESP32-C6 firmware	2026-09-24T10:57:11.7739488Z [260/1416] Building C object esp-idf/hal/CMakeFiles/__idf_hal.dir/rtc_io_hal.c.obj^[[K
build	Build ESP32-C6 firmware	2026-09-24T10:57:11.8603987Z [261/1416] Building C object esp-idf/hal/CMakeFiles/__idf_hal.dir/timer_hal.c.obj^[[K
build	Build ESP32-C6 firmware	2026-09-24T10:57:12.0865177Z [262/1416] Building C object esp-idf/hal/CMakeFiles/__idf_hal.dir/ledc_hal.c.obj^[[K
build	Build ESP32-C6 firmware	2026-09-24T10:57:12.1164167Z [263/1416] Building C object esp-idf/hal/CMakeFiles/__idf_hal.dir/pcnt_hal.c.obj^[[K
build	Build ESP32-C6 firmware	2026-09-24T10:57:12.1514539Z [264/1416] Building C object esp-idf/hal/CMakeFiles/__idf_hal.dir/rmt_hal.c.obj^[[K
build	Build ESP32-C6 firmware	2026-09-24T10:57:12.1655243Z [265/1416] Building C object esp-idf/hal/CMakeFiles/__idf_hal.dir/i2c_hal.c.obj^[[K
build	Build ESP32-C6 firmware	2026-09-24T10:57:12.3188520Z [266/1416] Building C object esp-idf/hal/CMakeFiles/__idf_hal.dir/i2c_hal_iram.c.obj^[[K
build	Build ESP32-C6 firmware	2026-09-24T10:57:12.4313504Z [267/1416] Building C object esp-idf/hal/CMakeFiles/__idf_hal.dir/mcpwm_hal.c.obj^[[K
build	Build ESP32-C6 firmware	2026-09-24T10:57:12.4342746Z [268/1416] Building C object esp-idf/hal/CMakeFiles/__idf_hal.dir/gdma_hal_top.c.obj^[[K
build	Build ESP32-C6 firmware	2026-09-24T10:57:12.6077088Z [269/1416] Building C object esp-idf/hal/CMakeFiles/__idf_hal.dir/twai_hal_iram.c.obj^[[K
build	Build ESP32-C6 firmware	2026-09-24T10:57:12.6285061Z [270/1416] Building C object esp-idf/hal/CMakeFiles/__idf_hal.dir/gdma_hal_ahb_v1.c.obj^[[K
build	Build ESP32-C6 firmware	2026-09-24T10:57:12.6813517Z [271/1416] Building C object esp-idf/hal/CMakeFiles/__idf_hal.dir/twai_hal.c.obj^[[K
build	Build ESP32-C6 firmware	2026-09-24T10:57:12.7368933Z [272/1416] Building C object esp-idf/hal/CMakeFiles/__idf_hal.dir/sdm_hal.c.obj^[[K
build	Build ESP32-C6 firmware	2026-09-24T10:57:12.8259832Z [273/1416] Building C object esp-idf/hal/CMakeFiles/__idf_hal.dir/etm_hal.c.obj^[[K
build	Build ESP32-C6 firmware	2026-09-24T10:57:12.9439260Z [274/1416] Building C object esp-idf/hal/CMakeFiles/__idf_hal.dir/parlio_hal.c.obj^[[K
build	Build ESP32-C6 firmware	2026-09-24T10:57:13.0628766Z [275/1416] Building C object esp-idf/hal/CMakeFiles/__idf_hal.dir/i2s_hal.c.obj^[[K
build	Build ESP32-C6 firmware	2026-09-24T10:57:13.1855412Z [276/1416] Building C object esp-idf/hal/CMakeFiles/__idf_hal.dir/adc_hal.c.obj^[[K
build	Build ESP32-C6 firmware	2026-09-24T10:57:13.1940176Z [277/1416] Building C object esp-idf/hal/CMakeFiles/__idf_hal.dir/adc_hal_common.c.obj^[[K
build	Build ESP32-C6 firmware	2026-09-24T10:57:13.2725539Z [278/1416] Building C object esp-idf/hal/CMakeFiles/__idf_hal.dir/adc_oneshot_hal.c.obj^[[K
build	Build ESP32-C6 firmware	2026-09-24T10:57:13.2874381Z [279/1416] Building C object esp-idf/hal/CMakeFiles/__idf_hal.dir/sha_hal.c.obj^[[K
build	Build ESP32-C6 firmware	2026-09-24T10:57:13.3242186Z [280/1416] Building C object esp-idf/hal/CMakeFiles/__idf_hal.dir/ecc_hal.c.obj^[[K
build	Build ESP32-C6 firmware	2026-09-24T10:57:13.4953897Z [281/1416] Building C object esp-idf/hal/CMakeFiles/__idf_hal.dir/mpi_hal.c.obj^[[K
build	Build ESP32-C6 firmware	2026-09-24T10:57:13.5307365Z [282/1416] Building C object esp-idf/hal/CMakeFiles/__idf_hal.dir/brownout_hal.c.obj^[[K
build	Build ESP32-C6 firmware	2026-09-24T10:57:13.6248368Z [283/1416] Building C object esp-idf/hal/CMakeFiles/__idf_hal.dir/aes_hal.c.obj^[[K
build	Build ESP32-C6 firmware	2026-09-24T10:57:13.7566674Z [284/1416] Building C object esp-idf/hal/CMakeFiles/__idf_hal.dir/esp32c6/pau_hal.c.obj^[[K
build	Build ESP32-C6 firmware	2026-09-24T10:57:13.9020789Z [285/1416] Building C object esp-idf/hal/CMakeFiles/__idf_hal.dir/esp32c6/modem_clock_hal.c.obj^[[K
build	Build ESP32-C6 firmware	2026-09-24T10:57:13.9412478Z [286/1416] Building C object esp-idf/hal/CMakeFiles/__idf_hal.dir/spi_hal.c.obj^[[K
build	Build ESP32-C6 firmware	2026-09-24T10:57:14.0921446Z [287/1416] Building C object esp-idf/hal/CMakeFiles/__idf_hal.dir/spi_slave_hal.c.obj^[[K
build	Build ESP32-C6 firmware	2026-09-24T10:57:14.1750602Z [288/1416] Building C object esp-idf/hal/CMakeFiles/__idf_hal.dir/spi_slave_hal_iram.c.obj^[[K
build	Build ESP32-C6 firmware	2026-09-24T10:57:14.4435401Z [289/1416] Building C object esp-idf/hal/CMakeFiles/__idf_hal.dir/spi_hal_iram.c.obj^[[K
build	Build ESP32-C6 firmware	2026-09-24T10:57:14.5594949Z [290/1416] Building C object esp-idf/hal/CMakeFiles/__idf_hal.dir/esp32c6/pmu_hal.c.obj^[[K
build	Build ESP32-C6 firmware	2026-09-24T10:57:14.5676822Z [291/1416] Building C object esp-idf/hal/CMakeFiles/__idf_hal.dir/spi_flash_hal_gpspi.c.obj^[[K
build	Build ESP32-C6 firmware	2026-09-24T10:57:14.8263635Z [292/1416] Building C object esp-idf/hal/CMakeFiles/__idf_hal.dir/spi_slave_hd_hal.c.obj^[[K
build	Build ESP32-C6 firmware	2026-09-24T10:57:14.8484383Z [293/1416] Building C object esp-idf/hal/CMakeFiles/__idf_hal.dir/apm_hal.c.obj^[[K
build	Build ESP32-C6 firmware	2026-09-24T10:57:14.9058727Z [294/1416] Building C object esp-idf/hal/CMakeFiles/__idf_hal.dir/hmac_hal.c.obj^[[K
build	Build ESP32-C6 firmware	2026-09-24T10:57:14.9220385Z [295/1416] Building C object esp-idf/hal/CMakeFiles/__idf_hal.dir/sdio_slave_hal.c.obj^[[K
build	Build ESP32-C6 firmware	2026-09-24T10:57:14.9403522Z [296/1416] Building C object esp-idf/hal/CMakeFiles/__idf_hal.dir/ds_hal.c.obj^[[K
build	Build ESP32-C6 firmware	2026-09-24T10:57:15.2355875Z [297/1416] Building C object esp-idf/hal/CMakeFiles/__idf_hal.dir/usb_serial_jtag_hal.c.obj^[[K
build	Build ESP32-C6 firmware	2026-09-24T10:57:15.2560858Z [298/1416] Building C object esp-idf/log/CMakeFiles/__idf_log.dir/src/buffer/log_buffers.c.obj^[[K
build	Build ESP32-C6 firmware	2026-09-24T10:57:15.3287646Z [299/1416] Building C object esp-idf/log/CMakeFiles/__idf_log.dir/src/os/log_write.c.obj^[[K
build	Build ESP32-C6 firmware	2026-09-24T10:57:15.4053629Z [300/1416] Building C object esp-idf/log/CMakeFiles/__idf_log.dir/src/os/log_timestamp.c.obj^[[K
build	Build ESP32-C6 firmware	2026-09-24T10:57:15.4423996Z [301/1416] Building C object esp-idf/log/CMakeFiles/__idf_log.dir/src/os/log_lock.c.obj^[[K
build	Build ESP32-C6 firmware	2026-09-24T10:57:15.4663812Z [302/1416] Building C object esp-idf/log/CMakeFiles/__idf_log.dir/src/log_level/log_level.c.obj^[[K
build	Build ESP32-C6 firmware	2026-09-24T10:57:15.4965105Z [303/1416] Building C object esp-idf/log/CMakeFiles/__idf_log.dir/src/log_timestamp_common.c.obj^[[K
build	Build ESP32-C6 firmware	2026-09-24T10:57:15.6705098Z [304/1416] Building C object esp-idf/log/CMakeFiles/__idf_log.dir/src/util.c.obj^[[K
build	Build ESP32-C6 firmware	2026-09-24T10:57:15.6901942Z [305/1416] Building C object esp-idf/log/CMakeFiles/__idf_log.dir/src/log_level/tag_log_level/tag_log_level.c.obj^[[K
build	Build ESP32-C6 firmware	2026-09-24T10:57:15.7584343Z [306/1416] Building C object esp-idf/log/CMakeFiles/__idf_log.dir/src/log_level/tag_log_level/linked_list/log_linked_list.c.obj^[[K
build	Build ESP32-C6 firmware	2026-09-24T10:57:15.9012992Z [307/1416] Building C object esp-idf/log/CMakeFiles/__idf_log.dir/src/log_level/tag_log_level/cache/log_binary_heap.c.obj^[[K
build	Build ESP32-C6 firmware	2026-09-24T10:57:15.9249428Z [308/1416] Building C object esp-idf/heap/CMakeFiles/__idf_heap.dir/heap_caps_base.c.obj^[[K
build	Build ESP32-C6 firmware	2026-09-24T10:57:15.9467537Z [309/1416] Building C object esp-idf/heap/CMakeFiles/__idf_heap.dir/heap_caps.c.obj^[[K
build	Build ESP32-C6 firmware	2026-09-24T10:57:15.9721713Z [310/1416] Building C object esp-idf/heap/CMakeFiles/__idf_heap.dir/multi_heap.c.obj^[[K
build	Build ESP32-C6 firmware	2026-09-24T10:57:15.9764124Z [311/1416] Building C object esp-idf/heap/CMakeFiles/__idf_heap.dir/heap_caps_init.c.obj^[[K
build	Build ESP32-C6 firmware	2026-09-24T10:57:16.0146713Z [312/1416] Building C object esp-idf/heap/CMakeFiles/__idf_heap.dir/port/memory_layout_utils.c.obj^[[K
build	Build ESP32-C6 firmware	2026-09-24T10:57:16.0205317Z [313/1416] Building C object esp-idf/heap/CMakeFiles/__idf_heap.dir/port/esp32c6/memory_layout.c.obj^[[K
build	Build ESP32-C6 firmware	2026-09-24T10:57:16.0619544Z [314/1416] Building C object esp-idf/soc/CMakeFiles/__idf_soc.dir/lldesc.c.obj^[[K
build	Build ESP32-C6 firmware	2026-09-24T10:57:16.0666242Z [315/1416] Building C object esp-idf/soc/CMakeFiles/__idf_soc.dir/esp32c6/interrupts.c.obj^[[K
build	Build ESP32-C6 firmware	2026-09-24T10:57:16.1199451Z [316/1416] Building C object esp-idf/soc/CMakeFiles/__idf_soc.dir/dport_access_common.c.obj^[[K
build	Build ESP32-C6 firmware	2026-09-24T10:57:16.1232303Z [317/1416] Building C object esp-idf/soc/CMakeFiles/__idf_soc.dir/esp32c6/uart_periph.c.obj^[[K
build	Build ESP32-C6 firmware	2026-09-24T10:57:16.1408318Z [318/1416] Building C object esp-idf/soc/CMakeFiles/__idf_soc.dir/esp32c6/adc_periph.c.obj^[[K
build	Build ESP32-C6 firmware	2026-09-24T10:57:16.1612358Z [319/1416] Building C object esp-idf/soc/CMakeFiles/__idf_soc.dir/esp32c6/gpio_periph.c.obj^[[K
build	Build ESP32-C6 firmware	2026-09-24T10:57:16.2021335Z [320/1416] Building C object esp-idf/soc/CMakeFiles/__idf_soc.dir/esp32c6/dedic_gpio_periph.c.obj^[[K
build	Build ESP32-C6 firmware	2026-09-24T10:57:16.2251028Z [321/1416] Building C object esp-idf/soc/CMakeFiles/__idf_soc.dir/esp32c6/etm_periph.c.obj^[[K
build	Build ESP32-C6 firmware	2026-09-24T10:57:16.2792161Z [322/1416] Building C object esp-idf/soc/CMakeFiles/__idf_soc.dir/esp32c6/gdma_periph.c.obj^[[K
build	Build ESP32-C6 firmware	2026-09-24T10:57:16.2823785Z [323/1416] Building C object esp-idf/soc/CMakeFiles/__idf_soc.dir/esp32c6/ledc_periph.c.obj^[[K
build	Build ESP32-C6 firmware	2026-09-24T10:57:16.2998604Z [324/1416] Building C object esp-idf/soc/CMakeFiles/__idf_soc.dir/esp32c6/spi_periph.c.obj^[[K
build	Build ESP32-C6 firmware	2026-09-24T10:57:16.3125125Z [325/1416] Building C object esp-idf/soc/CMakeFiles/__idf_soc.dir/esp32c6/sdm_periph.c.obj^[[K
build	Build ESP32-C6 firmware	2026-09-24T10:57:16.3231396Z [326/1416] Building C object esp-idf/soc/CMakeFiles/__idf_soc.dir/esp32c6/pcnt_periph.c.obj^[[K
build	Build ESP32-C6 firmware	2026-09-24T10:57:16.3739955Z [327/1416] Building C object esp-idf/soc/CMakeFiles/__idf_soc.dir/esp32c6/rmt_periph.c.obj^[[K
build	Build ESP32-C6 firmware	2026-09-24T10:57:16.4126752Z [328/1416] Building C object esp-idf/soc/CMakeFiles/__idf_soc.dir/esp32c6/i2s_periph.c.obj^[[K
build	Build ESP32-C6 firmware	2026-09-24T10:57:16.4278339Z [329/1416] Building C object esp-idf/soc/CMakeFiles/__idf_soc.dir/esp32c6/i2c_periph.c.obj^[[K
build	Build ESP32-C6 firmware	2026-09-24T10:57:16.4283665Z [330/1416] Performing build step for 'bootloader'^[[K
build	Build ESP32-C6 firmware	2026-09-24T10:57:16.4289111Z [1/114] Generating project_elf_src_esp32c6.c^[[K
build	Build ESP32-C6 firmware	2026-09-24T10:57:16.4290419Z [2/114] Building C object CMakeFiles/bootloader.elf.dir/project_elf_src_esp32c6.c.obj^[[K
build	Build ESP32-C6 firmware	2026-09-24T10:57:16.4291708Z [3/114] Building C object esp-idf/soc/CMakeFiles/__idf_soc.dir/esp32c6/interrupts.c.obj^[[K
build	Build ESP32-C6 firmware	2026-09-24T10:57:16.4293460Z [4/114] Building C object esp-idf/soc/CMakeFiles/__idf_soc.dir/esp32c6/gpio_periph.c.obj^[[K
build	Build ESP32-C6 firmware	2026-09-24T10:57:16.4294831Z [5/114] Building C object esp-idf/soc/CMakeFiles/__idf_soc.dir/esp32c6/uart_periph.c.obj^[[K
build	Build ESP32-C6 firmware	2026-09-24T10:57:16.4296102Z [6/114] Building C object esp-idf/soc/CMakeFiles/__idf_soc.dir/esp32c6/adc_periph.c.obj^[[K
build	Build ESP32-C6 firmware	2026-09-24T10:57:16.4302534Z [7/114] Building C object esp-idf/soc/CMakeFiles/__idf_soc.dir/esp32c6/etm_periph.c.obj^[[K
build	Build ESP32-C6 firmware	2026-09-24T10:57:16.4304540Z [8/114] Building C object esp-idf/soc/CMakeFiles/__idf_soc.dir/esp32c6/gdma_periph.c.obj^[[K
build	Build ESP32-C6 firmware	2026-09-24T10:57:16.4306401Z [9/114] Building C object esp-idf/soc/CMakeFiles/__idf_soc.dir/lldesc.c.obj^[[K
build	Build ESP32-C6 firmware	2026-09-24T10:57:16.4308303Z [10/114] Building C object esp-idf/soc/CMakeFiles/__idf_soc.dir/esp32c6/dedic_gpio_periph.c.obj^[[K
build	Build ESP32-C6 firmware	2026-09-24T10:57:16.4309956Z [11/114] Building C object esp-idf/soc/CMakeFiles/__idf_soc.dir/dport_access_common.c.obj^[[K
build	Build ESP32-C6 firmware	2026-09-24T10:57:16.4311507Z [12/114] Building C object esp-idf/soc/CMakeFiles/__idf_soc.dir/esp32c6/spi_periph.c.obj^[[K
build	Build ESP32-C6 firmware	2026-09-24T10:57:16.4312979Z [13/114] Building C object esp-idf/soc/CMakeFiles/__idf_soc.dir/esp32c6/pcnt_periph.c.obj^[[K
build	Build ESP32-C6 firmware	2026-09-24T10:57:16.4314657Z [14/114] Building C object esp-idf/soc/CMakeFiles/__idf_soc.dir/esp32c6/sdm_periph.c.obj^[[K
build	Build ESP32-C6 firmware	2026-09-24T10:57:16.4316104Z [15/114] Building C object esp-idf/soc/CMakeFiles/__idf_soc.dir/esp32c6/ledc_periph.c.obj^[[K
build	Build ESP32-C6 firmware	2026-09-24T10:57:16.4317498Z [16/114] Building C object esp-idf/soc/CMakeFiles/__idf_soc.dir/esp32c6/rmt_periph.c.obj^[[K
build	Build ESP32-C6 firmware	2026-09-24T10:57:16.4318937Z [17/114] Building C object esp-idf/soc/CMakeFiles/__idf_soc.dir/esp32c6/i2s_periph.c.obj^[[K
build	Build ESP32-C6 firmware	2026-09-24T10:57:16.4320421Z [18/114] Building C object esp-idf/soc/CMakeFiles/__idf_soc.dir/esp32c6/i2c_periph.c.obj^[[K
build	Build ESP32-C6 firmware	2026-09-24T10:57:16.4322052Z [19/114] Building C object esp-idf/soc/CMakeFiles/__idf_soc.dir/esp32c6/temperature_sensor_periph.c.obj^[[K
build	Build ESP32-C6 firmware	2026-09-24T10:57:16.4325140Z [20/114] Building C object esp-idf/soc/CMakeFiles/__idf_soc.dir/esp32c6/timer_periph.c.obj^[[K
build	Build ESP32-C6 firmware	2026-09-24T10:57:16.4327486Z [21/114] Building C object esp-idf/soc/CMakeFiles/__idf_soc.dir/esp32c6/mpi_periph.c.obj^[[K
build	Build ESP32-C6 firmware	2026-09-24T10:57:16.4329193Z [22/114] Building C object esp-idf/soc/CMakeFiles/__idf_soc.dir/esp32c6/ieee802154_periph.c.obj^[[K
build	Build ESP32-C6 firmware	2026-09-24T10:57:16.4330789Z [23/114] Building C object esp-idf/soc/CMakeFiles/__idf_soc.dir/esp32c6/parlio_periph.c.obj^[[K
build	Build ESP32-C6 firmware	2026-09-24T10:57:16.4332233Z [24/114] Building C object esp-idf/soc/CMakeFiles/__idf_soc.dir/esp32c6/mcpwm_periph.c.obj^[[K
build	Build ESP32-C6 firmware	2026-09-24T10:57:16.4333957Z [25/114] Building C object esp-idf/soc/CMakeFiles/__idf_soc.dir/esp32c6/wdt_periph.c.obj^[[K
build	Build ESP32-C6 firmware	2026-09-24T10:57:16.4335412Z [26/114] Building C object esp-idf/soc/CMakeFiles/__idf_soc.dir/esp32c6/twai_periph.c.obj^[[K
build	Build ESP32-C6 firmware	2026-09-24T10:57:16.4337010Z [27/114] Building C object esp-idf/soc/CMakeFiles/__idf_soc.dir/esp32c6/rtc_io_periph.c.obj^[[K
build	Build ESP32-C6 firmware	2026-09-24T10:57:16.4338587Z [28/114] Building C object esp-idf/soc/CMakeFiles/__idf_soc.dir/esp32c6/system_retention_periph.c.obj^[[K
build	Build ESP32-C6 firmware	2026-09-24T10:57:16.4340109Z [29/114] Building C object esp-idf/soc/CMakeFiles/__idf_soc.dir/esp32c6/sdio_slave_periph.c.obj^[[K
build	Build ESP32-C6 firmware	2026-09-24T10:57:16.4341726Z [30/114] Building C object esp-idf/hal/CMakeFiles/__idf_hal.dir/hal_utils.c.obj^[[K
build	Build ESP32-C6 firmware	2026-09-24T10:57:16.4343473Z [31/114] Building C object esp-idf/hal/CMakeFiles/__idf_hal.dir/lp_timer_hal.c.obj^[[K
build	Build ESP32-C6 firmware	2026-09-24T10:57:16.4344922Z [32/114] Building C object esp-idf/hal/CMakeFiles/__idf_hal.dir/efuse_hal.c.obj^[[K
build	Build ESP32-C6 firmware	2026-09-24T10:57:16.4354075Z [33/114] Building C object esp-idf/hal/CMakeFiles/__idf_hal.dir/esp32c6/efuse_hal.c.obj^[[K
build	Build ESP32-C6 firmware	2026-09-24T10:57:16.4356213Z [34/114] Building C object esp-idf/spi_flash/CMakeFiles/__idf_spi_flash.dir/spi_flash_wrap.c.obj^[[K
build	Build ESP32-C6 firmware	2026-09-24T10:57:16.4358330Z [35/114] Building C object esp-idf/esp_bootloader_format/CMakeFiles/__idf_esp_bootloader_format.dir/esp_bootloader_desc.c.obj^[[K
build	Build ESP32-C6 firmware	2026-09-24T10:57:16.4359913Z [36/114] Building C object esp-idf/hal/CMakeFiles/__idf_hal.dir/cache_hal.c.obj^[[K
build	Build ESP32-C6 firmware	2026-09-24T10:57:16.4361217Z [37/114] Building C object esp-idf/hal/CMakeFiles/__idf_hal.dir/mmu_hal.c.obj^[[K
build	Build ESP32-C6 firmware	2026-09-24T10:57:16.4362615Z [38/114] Building C object esp-idf/bootloader_support/CMakeFiles/__idf_bootloader_support.dir/src/bootloader_common_loader.c.obj^[[K
build	Build ESP32-C6 firmware	2026-09-24T10:57:16.4364781Z [39/114] Building C object esp-idf/bootloader_support/CMakeFiles/__idf_bootloader_support.dir/src/bootloader_efuse.c.obj^[[K
build	Build ESP32-C6 firmware	2026-09-24T10:57:16.4366917Z [40/114] Building C object esp-idf/bootloader_support/CMakeFiles/__idf_bootloader_support.dir/src/bootloader_mem.c.obj^[[K
build	Build ESP32-C6 firmware	2026-09-24T10:57:16.4368776Z [41/114] Building C object esp-idf/bootloader_support/CMakeFiles/__idf_bootloader_support.dir/src/bootloader_random.c.obj^[[K
build	Build ESP32-C6 firmware	2026-09-24T10:57:16.4370872Z [42/114] Building C object esp-idf/bootloader_support/CMakeFiles/__idf_bootloader_support.dir/src/bootloader_clock_init.c.obj^[[K
build	Build ESP32-C6 firmware	2026-09-24T10:57:16.4372727Z [43/114] Building C object esp-idf/bootloader_support/CMakeFiles/__idf_bootloader_support.dir/src/bootloader_common.c.obj^[[K
build	Build ESP32-C6 firmware	2026-09-24T10:57:16.4374961Z [44/114] Building C object esp-idf/bootloader_support/CMakeFiles/__idf_bootloader_support.dir/src/secure_boot.c.obj^[[K
build	Build ESP32-C6 firmware	2026-09-24T10:57:16.4377249Z [45/114] Building C object esp-idf/bootloader_support/CMakeFiles/__idf_bootloader_support.dir/src/bootloader_random_esp32c6.c.obj^[[K
build	Build ESP32-C6 firmware	2026-09-24T10:57:16.4378735Z [46/114] Building C object esp-idf/bootloader_support/CMakeFiles/__idf_bootloader_support.dir/src/flash_encrypt.c.obj^[[K
build	Build ESP32-C6 firmware	2026-09-24T10:57:16.4379885Z [47/114] Building C object esp-idf/bootloader_support/CMakeFiles/__idf_bootloader_support.dir/bootloader_flash/src/flash_qio_mode.c.obj^[[K
build	Build ESP32-C6 firmware	2026-09-24T10:57:16.4381055Z [48/114] Building C object esp-idf/bootloader_support/CMakeFiles/__idf_bootloader_support.dir/src/flash_partitions.c.obj^[[K
build	Build ESP32-C6 firmware	2026-09-24T10:57:16.4382229Z [49/114] Building C object esp-idf/bootloader_support/CMakeFiles/__idf_bootloader_support.dir/bootloader_flash/src/bootloader_flash_config_esp32c6.c.obj^[[K
build	Build ESP32-C6 firmware	2026-09-24T10:57:16.4384166Z [50/114] Building C object esp-idf/bootloader_support/CMakeFiles/__idf_bootloader_support.dir/bootloader_flash/src/bootloader_flash.c.obj^[[K
build	Build ESP32-C6 firmware	2026-09-24T10:57:16.4386402Z [51/114] Building C object esp-idf/bootloader_support/CMakeFiles/__idf_bootloader_support.dir/src/bootloader_clock_loader.c.obj^[[K
build	Build ESP32-C6 firmware	2026-09-24T10:57:16.4388357Z [52/114] Building C object esp-idf/bootloader_support/CMakeFiles/__idf_bootloader_support.dir/src/bootloader_init.c.obj^[[K
build	Build ESP32-C6 firmware	2026-09-24T10:57:16.4390319Z [53/114] Building C object esp-idf/bootloader_support/CMakeFiles/__idf_bootloader_support.dir/src/bootloader_console_loader.c.obj^[[K
build	Build ESP32-C6 firmware	2026-09-24T10:57:16.4392169Z [54/114] Building C object esp-idf/bootloader_support/CMakeFiles/__idf_bootloader_support.dir/src/bootloader_console.c.obj^[[K
build	Build ESP32-C6 firmware	2026-09-24T10:57:16.4394263Z [55/114] Building C object esp-idf/micro-ecc/CMakeFiles/__idf_micro-ecc.dir/uECC_verify_antifault.c.obj^[[K
build	Build ESP32-C6 firmware	2026-09-24T10:57:16.4395992Z [56/114] Building C object esp-idf/bootloader_support/CMakeFiles/__idf_bootloader_support.dir/src/esp32c6/bootloader_sha.c.obj^[[K
build	Build ESP32-C6 firmware	2026-09-24T10:57:16.4397914Z [57/114] Building C object esp-idf/bootloader_support/CMakeFiles/__idf_bootloader_support.dir/src/esp32c6/bootloader_soc.c.obj^[[K
build	Build ESP32-C6 firmware	2026-09-24T10:57:16.4399759Z [58/114] Building C object esp-idf/bootloader_support/CMakeFiles/__idf_bootloader_support.dir/src/bootloader_utility.c.obj^[[K
build	Build ESP32-C6 firmware	2026-09-24T10:57:16.4401674Z [59/114] Building C object esp-idf/bootloader_support/CMakeFiles/__idf_bootloader_support.dir/src/esp32c6/bootloader_ecdsa.c.obj^[[K
build	Build ESP32-C6 firmware	2026-09-24T10:57:16.4403818Z [60/114] Building C object esp-idf/bootloader_support/CMakeFiles/__idf_bootloader_support.dir/src/bootloader_panic.c.obj^[[K
build	Build ESP32-C6 firmware	2026-09-24T10:57:16.4405665Z [61/114] Building C object esp-idf/efuse/CMakeFiles/__idf_efuse.dir/esp32c6/esp_efuse_table.c.obj^[[K
build	Build ESP32-C6 firmware	2026-09-24T10:57:16.4407666Z [62/114] Building C object esp-idf/efuse/CMakeFiles/__idf_efuse.dir/esp32c6/esp_efuse_fields.c.obj^[[K
build	Build ESP32-C6 firmware	2026-09-24T10:57:16.4409553Z [63/114] Building C object esp-idf/bootloader_support/CMakeFiles/__idf_bootloader_support.dir/src/esp32c6/bootloader_esp32c6.c.obj^[[K
build	Build ESP32-C6 firmware	2026-09-24T10:57:16.4410784Z [64/114] Building C object esp-idf/bootloader_support/CMakeFiles/__idf_bootloader_support.dir/src/esp_image_format.c.obj^[[K
build	Build ESP32-C6 firmware	2026-09-24T10:57:16.4411807Z [65/114] Building C object esp-idf/efuse/CMakeFiles/__idf_efuse.dir/esp32c6/esp_efuse_rtc_calib.c.obj^[[K
build	Build ESP32-C6 firmware	2026-09-24T10:57:16.4412944Z [66/114] Building C object esp-idf/efuse/CMakeFiles/__idf_efuse.dir/esp32c6/esp_efuse_utility.c.obj^[[K
build	Build ESP32-C6 firmware	2026-09-24T10:57:16.4414917Z [67/114] Building C object esp-idf/efuse/CMakeFiles/__idf_efuse.dir/src/esp_efuse_fields.c.obj^[[K
build	Build ESP32-C6 firmware	2026-09-24T10:57:16.4416367Z [68/114] Building C object esp-idf/esp_hw_support/CMakeFiles/__idf_esp_hw_support.dir/port/esp32c6/esp_cpu_intr.c.obj^[[K
build	Build ESP32-C6 firmware	2026-09-24T10:57:16.4417310Z [69/114] Building C object esp-idf/esp_system/CMakeFiles/__idf_esp_system.dir/esp_err.c.obj^[[K
build	Build ESP32-C6 firmware	2026-09-24T10:57:16.4418117Z [70/114] Building C object esp-idf/efuse/CMakeFiles/__idf_efuse.dir/src/esp_efuse_api.c.obj^[[K
build	Build ESP32-C6 firmware	2026-09-24T10:57:16.4418980Z [71/114] Building C object esp-idf/esp_hw_support/CMakeFiles/__idf_esp_hw_support.dir/esp_memory_utils.c.obj^[[K
build	Build ESP32-C6 firmware	2026-09-24T10:57:16.4419836Z [72/114] Building C object esp-idf/esp_hw_support/CMakeFiles/__idf_esp_hw_support.dir/cpu.c.obj^[[K
build	Build ESP32-C6 firmware	2026-09-24T10:57:16.4420638Z [73/114] Building C object esp-idf/efuse/CMakeFiles/__idf_efuse.dir/src/esp_efuse_utility.c.obj^[[K
build	Build ESP32-C6 firmware	2026-09-24T10:57:16.4421611Z [74/114] Building C object esp-idf/efuse/CMakeFiles/__idf_efuse.dir/src/efuse_controller/keys/with_key_purposes/esp_efuse_api_key.c.obj^[[K
build	Build ESP32-C6 firmware	2026-09-24T10:57:16.4422666Z [75/114] Building C object esp-idf/esp_hw_support/CMakeFiles/__idf_esp_hw_support.dir/port/esp32c6/cpu_region_protect.c.obj^[[K
build	Build ESP32-C6 firmware	2026-09-24T10:57:16.4424024Z [76/114] Building C object esp-idf/esp_hw_support/CMakeFiles/__idf_esp_hw_support.dir/port/esp32c6/pmu_init.c.obj^[[K
build	Build ESP32-C6 firmware	2026-09-24T10:57:16.4424986Z [77/114] Building C object esp-idf/esp_hw_support/CMakeFiles/__idf_esp_hw_support.dir/port/esp32c6/pmu_param.c.obj^[[K
build	Build ESP32-C6 firmware	2026-09-24T10:57:16.4425968Z [78/114] Building C object esp-idf/esp_hw_support/CMakeFiles/__idf_esp_hw_support.dir/port/esp32c6/rtc_clk_init.c.obj^[[K
build	Build ESP32-C6 firmware	2026-09-24T10:57:16.4426961Z [79/114] Building C object esp-idf/esp_hw_support/CMakeFiles/__idf_esp_hw_support.dir/port/esp32c6/chip_info.c.obj^[[K
build	Build ESP32-C6 firmware	2026-09-24T10:57:16.4427904Z [80/114] Building C object esp-idf/esp_hw_support/CMakeFiles/__idf_esp_hw_support.dir/port/esp32c6/ocode_init.c.obj^[[K
build	Build ESP32-C6 firmware	2026-09-24T10:57:16.4428848Z [81/114] Building C object esp-idf/esp_hw_support/CMakeFiles/__idf_esp_hw_support.dir/port/esp32c6/rtc_time.c.obj^[[K
build	Build ESP32-C6 firmware	2026-09-24T10:57:16.4429755Z [82/114] Building C object esp-idf/esp_common/CMakeFiles/__idf_esp_common.dir/src/esp_err_to_name.c.obj^[[K
build	Build ESP32-C6 firmware	2026-09-24T10:57:16.4430609Z [83/114] Building C object esp-idf/esp_rom/CMakeFiles/__idf_esp_rom.dir/patches/esp_rom_sys.c.obj^[[K
build	Build ESP32-C6 firmware	2026-09-24T10:57:16.4431497Z [84/114] Building C object esp-idf/esp_hw_support/CMakeFiles/__idf_esp_hw_support.dir/port/esp32c6/rtc_clk.c.obj^[[K
build	Build ESP32-C6 firmware	2026-09-24T10:57:16.4432359Z [85/114] Building C object esp-idf/esp_rom/CMakeFiles/__idf_esp_rom.dir/patches/esp_rom_crc.c.obj^[[K
build	Build ESP32-C6 firmware	2026-09-24T10:57:16.4433653Z [86/114] Building C object esp-idf/esp_rom/CMakeFiles/__idf_esp_rom.dir/patches/esp_rom_spiflash.c.obj^[[K
build	Build ESP32-C6 firmware	2026-09-24T10:57:16.4435311Z [87/114] Building C object esp-idf/esp_rom/CMakeFiles/__idf_esp_rom.dir/patches/esp_rom_gpio.c.obj^[[K
build	Build ESP32-C6 firmware	2026-09-24T10:57:16.4437074Z [88/114] Building C object esp-idf/esp_rom/CMakeFiles/__idf_esp_rom.dir/patches/esp_rom_efuse.c.obj^[[K
build	Build ESP32-C6 firmware	2026-09-24T10:57:16.4438713Z [89/114] Building C object esp-idf/esp_hw_support/CMakeFiles/__idf_esp_hw_support.dir/port/esp32c6/pmu_sleep.c.obj^[[K
build	Build ESP32-C6 firmware	2026-09-24T10:57:16.4440372Z [90/114] Building C object esp-idf/esp_rom/CMakeFiles/__idf_esp_rom.dir/patches/esp_rom_uart.c.obj^[[K
build	Build ESP32-C6 firmware	2026-09-24T10:57:16.4442072Z [91/114] Building C object esp-idf/esp_rom/CMakeFiles/__idf_esp_rom.dir/patches/esp_rom_hp_regi2c_esp32c6.c.obj^[[K
build	Build ESP32-C6 firmware	2026-09-24T10:57:16.4443955Z [92/114] Building C object esp-idf/log/CMakeFiles/__idf_log.dir/src/noos/log_timestamp.c.obj^[[K
build	Build ESP32-C6 firmware	2026-09-24T10:57:16.4447817Z [93/114] Building C object esp-idf/esp_rom/CMakeFiles/__idf_esp_rom.dir/patches/esp_rom_systimer.c.obj^[[K
build	Build ESP32-C6 firmware	2026-09-24T10:57:16.4449174Z [94/114] Building C object esp-idf/esp_rom/CMakeFiles/__idf_esp_rom.dir/patches/esp_rom_print.c.obj^[[K
build	Build ESP32-C6 firmware	2026-09-24T10:57:16.4450520Z [95/114] Building C object esp-idf/esp_rom/CMakeFiles/__idf_esp_rom.dir/patches/esp_rom_wdt.c.obj^[[K
build	Build ESP32-C6 firmware	2026-09-24T10:57:16.4452178Z [96/114] Building C object esp-idf/log/CMakeFiles/__idf_log.dir/src/log_timestamp_common.c.obj^[[K
build	Build ESP32-C6 firmware	2026-09-24T10:57:16.4453654Z [97/114] Building C object esp-idf/log/CMakeFiles/__idf_log.dir/src/noos/log_lock.c.obj^[[K
build	Build ESP32-C6 firmware	2026-09-24T10:57:16.4454856Z [98/114] Building C object esp-idf/main/CMakeFiles/__idf_main.dir/bootloader_start.c.obj^[[K
build	Build ESP32-C6 firmware	2026-09-24T10:57:16.4455863Z [99/114] Linking C static library esp-idf/log/liblog.a^[[K
build	Build ESP32-C6 firmware	2026-09-24T10:57:16.4456669Z [100/114] Linking C static library esp-idf/esp_rom/libesp_rom.a^[[K
build	Build ESP32-C6 firmware	2026-09-24T10:57:16.4457548Z [101/114] Linking C static library esp-idf/esp_common/libesp_common.a^[[K
build	Build ESP32-C6 firmware	2026-09-24T10:57:16.4458530Z [102/114] Linking C static library esp-idf/esp_hw_support/libesp_hw_support.a^[[K
build	Build ESP32-C6 firmware	2026-09-24T10:57:16.4459487Z [103/114] Linking C static library esp-idf/esp_system/libesp_system.a^[[K
build	Build ESP32-C6 firmware	2026-09-24T10:57:16.4460351Z [104/114] Linking C static library esp-idf/efuse/libefuse.a^[[K
build	Build ESP32-C6 firmware	2026-09-24T10:57:16.4461345Z [105/114] Linking C static library esp-idf/bootloader_support/libbootloader_support.a^[[K
build	Build ESP32-C6 firmware	2026-09-24T10:57:16.4462520Z [106/114] Linking C static library esp-idf/esp_bootloader_format/libesp_bootloader_format.a^[[K
build	Build ESP32-C6 firmware	2026-09-24T10:57:16.4466189Z [107/114] Linking C static library esp-idf/spi_flash/libspi_flash.a^[[K
build	Build ESP32-C6 firmware	2026-09-24T10:57:16.4467084Z [108/114] Linking C static library esp-idf/hal/libhal.a^[[K
build	Build ESP32-C6 firmware	2026-09-24T10:57:16.4467892Z [109/114] Linking C static library esp-idf/micro-ecc/libmicro-ecc.a^[[K
build	Build ESP32-C6 firmware	2026-09-24T10:57:16.4468686Z [110/114] Linking C static library esp-idf/soc/libsoc.a^[[K
build	Build ESP32-C6 firmware	2026-09-24T10:57:16.4469418Z [111/114] Linking C static library esp-idf/main/libmain.a^[[K
build	Build ESP32-C6 firmware	2026-09-24T10:57:16.4470151Z [112/114] Linking C executable bootloader.elf^[[K
build	Build ESP32-C6 firmware	2026-09-24T10:57:16.4470578Z [113/114] Generating binary image from built executable^[[K
build	Build ESP32-C6 firmware	2026-09-24T10:57:16.4471196Z esptool.py v4.8.1
build	Build ESP32-C6 firmware	2026-09-24T10:57:16.4471577Z Creating esp32c6 image...
build	Build ESP32-C6 firmware	2026-09-24T10:57:16.4471995Z Merged 2 ELF sections
build	Build ESP32-C6 firmware	2026-09-24T10:57:16.4472472Z Successfully created esp32c6 image.
build	Build ESP32-C6 firmware	2026-09-24T10:57:16.4473388Z Generated /app/yuanwil1y/esp32c6-Pwnagotchi/build/bootloader/bootloader.bin
build	Build ESP32-C6 firmware	2026-09-24T10:57:16.4473975Z 
build	Build ESP32-C6 firmware	2026-09-24T10:57:16.4476037Z [114/114] cd /app/yuanwil1y/esp32c6-Pwnagotchi/build/bootloader/esp-idf/esptool_py && /opt/esp/python_env/idf5.4_py3.12_env/bin/python /opt/esp/idf/components/partition_table/check_sizes.py --offset 0x8000 bootloader 0x0 /app/yuanwil1y/esp32c6-Pwnagotchi/build/bootloader/bootloader.bin^[[K
build	Build ESP32-C6 firmware	2026-09-24T10:57:16.4478213Z Bootloader binary size 0x55e0 bytes. 0x2a20 bytes (33%) free.
build	Build ESP32-C6 firmware	2026-09-24T10:57:16.4478662Z 
build	Build ESP32-C6 firmware	2026-09-24T10:57:16.4479431Z [331/1416] Building C object esp-idf/soc/CMakeFiles/__idf_soc.dir/esp32c6/temperature_sensor_periph.c.obj^[[K
build	Build ESP32-C6 firmware	2026-09-24T10:57:16.4480438Z [332/1416] No install step for 'bootloader'^[[K
build	Build ESP32-C6 firmware	2026-09-24T10:57:16.4507633Z [333/1416] Building C object esp-idf/soc/CMakeFiles/__idf_soc.dir/esp32c6/timer_periph.c.obj^[[K
build	Build ESP32-C6 firmware	2026-09-24T10:57:16.4710477Z [334/1416] Completed 'bootloader'^[[K
build	Build ESP32-C6 firmware	2026-09-24T10:57:16.4711904Z [335/1416] Building C object esp-idf/soc/CMakeFiles/__idf_soc.dir/esp32c6/parlio_periph.c.obj^[[K
build	Build ESP32-C6 firmware	2026-09-24T10:57:16.5159312Z [336/1416] Building C object esp-idf/soc/CMakeFiles/__idf_soc.dir/esp32c6/mcpwm_periph.c.obj^[[K
build	Build ESP32-C6 firmware	2026-09-24T10:57:16.5210219Z [337/1416] Building C object esp-idf/soc/CMakeFiles/__idf_soc.dir/esp32c6/ieee802154_periph.c.obj^[[K
build	Build ESP32-C6 firmware	2026-09-24T10:57:16.5539503Z [338/1416] Building C object esp-idf/soc/CMakeFiles/__idf_soc.dir/esp32c6/mpi_periph.c.obj^[[K
build	Build ESP32-C6 firmware	2026-09-24T10:57:16.5702769Z [339/1416] Building C object esp-idf/soc/CMakeFiles/__idf_soc.dir/esp32c6/wdt_periph.c.obj^[[K
build	Build ESP32-C6 firmware	2026-09-24T10:57:16.5855656Z [340/1416] Building C object esp-idf/soc/CMakeFiles/__idf_soc.dir/esp32c6/twai_periph.c.obj^[[K
build	Build ESP32-C6 firmware	2026-09-24T10:57:16.6379755Z [341/1416] Building C object esp-idf/soc/CMakeFiles/__idf_soc.dir/esp32c6/rtc_io_periph.c.obj^[[K
build	Build ESP32-C6 firmware	2026-09-24T10:57:16.6432390Z [342/1416] Building C object esp-idf/soc/CMakeFiles/__idf_soc.dir/esp32c6/system_retention_periph.c.obj^[[K
build	Build ESP32-C6 firmware	2026-09-24T10:57:16.6824538Z [343/1416] Building C object esp-idf/soc/CMakeFiles/__idf_soc.dir/esp32c6/sdio_slave_periph.c.obj^[[K
build	Build ESP32-C6 firmware	2026-09-24T10:57:16.7606387Z [344/1416] Building C object esp-idf/esp_security/CMakeFiles/__idf_esp_security.dir/src/init.c.obj^[[K
build	Build ESP32-C6 firmware	2026-09-24T10:57:16.7769688Z [345/1416] Building C object esp-idf/esp_security/CMakeFiles/__idf_esp_security.dir/src/esp_crypto_lock.c.obj^[[K
build	Build ESP32-C6 firmware	2026-09-24T10:57:16.8219813Z [346/1416] Building C object esp-idf/esp_security/CMakeFiles/__idf_esp_security.dir/src/esp_dpa_protection.c.obj^[[K
build	Build ESP32-C6 firmware	2026-09-24T10:57:16.8513197Z [347/1416] Building C object esp-idf/esp_hw_support/CMakeFiles/__idf_esp_hw_support.dir/cpu.c.obj^[[K
build	Build ESP32-C6 firmware	2026-09-24T10:57:16.8536029Z [348/1416] Building C object esp-idf/esp_hw_support/CMakeFiles/__idf_esp_hw_support.dir/port/esp32c6/esp_cpu_intr.c.obj^[[K
build	Build ESP32-C6 firmware	2026-09-24T10:57:16.9374373Z [349/1416] Building C object esp-idf/esp_security/CMakeFiles/__idf_esp_security.dir/src/esp_hmac.c.obj^[[K
build	Build ESP32-C6 firmware	2026-09-24T10:57:16.9448849Z [350/1416] Building C object esp-idf/esp_hw_support/CMakeFiles/__idf_esp_hw_support.dir/esp_memory_utils.c.obj^[[K
build	Build ESP32-C6 firmware	2026-09-24T10:57:16.9488292Z [351/1416] Building C object esp-idf/esp_security/CMakeFiles/__idf_esp_security.dir/src/esp_ds.c.obj^[[K
build	Build ESP32-C6 firmware	2026-09-24T10:57:17.0427275Z [352/1416] Building C object esp-idf/esp_hw_support/CMakeFiles/__idf_esp_hw_support.dir/port/esp32c6/cpu_region_protect.c.obj^[[K
build	Build ESP32-C6 firmware	2026-09-24T10:57:17.1147454Z [353/1416] Building C object esp-idf/esp_hw_support/CMakeFiles/__idf_esp_hw_support.dir/esp_clk.c.obj^[[K
build	Build ESP32-C6 firmware	2026-09-24T10:57:17.1380064Z [354/1416] Building C object esp-idf/esp_hw_support/CMakeFiles/__idf_esp_hw_support.dir/revision.c.obj^[[K
build	Build ESP32-C6 firmware	2026-09-24T10:57:17.1823697Z [355/1416] Building C object esp-idf/esp_hw_support/CMakeFiles/__idf_esp_hw_support.dir/hw_random.c.obj^[[K
build	Build ESP32-C6 firmware	2026-09-24T10:57:17.2384515Z [356/1416] Building C object esp-idf/esp_hw_support/CMakeFiles/__idf_esp_hw_support.dir/clk_ctrl_os.c.obj^[[K
build	Build ESP32-C6 firmware	2026-09-24T10:57:17.3114055Z [357/1416] Building C object esp-idf/esp_hw_support/CMakeFiles/__idf_esp_hw_support.dir/mac_addr.c.obj^[[K
build	Build ESP32-C6 firmware	2026-09-24T10:57:17.3554694Z [358/1416] Building C object esp-idf/esp_hw_support/CMakeFiles/__idf_esp_hw_support.dir/periph_ctrl.c.obj^[[K
build	Build ESP32-C6 firmware	2026-09-24T10:57:17.4135011Z [359/1416] Building C object esp-idf/esp_hw_support/CMakeFiles/__idf_esp_hw_support.dir/intr_alloc.c.obj^[[K
build	Build ESP32-C6 firmware	2026-09-24T10:57:17.4517502Z [360/1416] Building C object esp-idf/esp_hw_support/CMakeFiles/__idf_esp_hw_support.dir/sleep_modem.c.obj^[[K
build	Build ESP32-C6 firmware	2026-09-24T10:57:17.4952698Z [361/1416] Building C object esp-idf/esp_hw_support/CMakeFiles/__idf_esp_hw_support.dir/sleep_console.c.obj^[[K
build	Build ESP32-C6 firmware	2026-09-24T10:57:17.5921167Z [362/1416] Building C object esp-idf/esp_hw_support/CMakeFiles/__idf_esp_hw_support.dir/rtc_module.c.obj^[[K
build	Build ESP32-C6 firmware	2026-09-24T10:57:17.5974236Z [363/1416] Building C object esp-idf/esp_hw_support/CMakeFiles/__idf_esp_hw_support.dir/sleep_event.c.obj^[[K
build	Build ESP32-C6 firmware	2026-09-24T10:57:17.6405021Z [364/1416] Building C object esp-idf/esp_hw_support/CMakeFiles/__idf_esp_hw_support.dir/esp_gpio_reserve.c.obj^[[K
build	Build ESP32-C6 firmware	2026-09-24T10:57:17.7131651Z [365/1416] Building C object esp-idf/esp_hw_support/CMakeFiles/__idf_esp_hw_support.dir/sleep_gpio.c.obj^[[K
build	Build ESP32-C6 firmware	2026-09-24T10:57:17.8370200Z [366/1416] Building C object esp-idf/esp_hw_support/CMakeFiles/__idf_esp_hw_support.dir/regi2c_ctrl.c.obj^[[K
build	Build ESP32-C6 firmware	2026-09-24T10:57:17.8710808Z [367/1416] Building C object esp-idf/esp_hw_support/CMakeFiles/__idf_esp_hw_support.dir/sar_periph_ctrl_common.c.obj^[[K
build	Build ESP32-C6 firmware	2026-09-24T10:57:17.8909446Z [368/1416] Building C object esp-idf/esp_hw_support/CMakeFiles/__idf_esp_hw_support.dir/port/esp32c6/esp_clk_tree.c.obj^[[K
build	Build ESP32-C6 firmware	2026-09-24T10:57:17.9370250Z [369/1416] Building C object esp-idf/esp_hw_support/CMakeFiles/__idf_esp_hw_support.dir/port/esp_clk_tree_common.c.obj^[[K
build	Build ESP32-C6 firmware	2026-09-24T10:57:18.0085115Z [370/1416] Building C object esp-idf/esp_hw_support/CMakeFiles/__idf_esp_hw_support.dir/port/esp32c6/io_mux.c.obj^[[K
build	Build ESP32-C6 firmware	2026-09-24T10:57:18.0257006Z [371/1416] Building C object esp-idf/esp_hw_support/CMakeFiles/__idf_esp_hw_support.dir/sleep_modes.c.obj^[[K
build	Build ESP32-C6 firmware	2026-09-24T10:57:18.1411881Z [372/1416] Building C object esp-idf/esp_hw_support/CMakeFiles/__idf_esp_hw_support.dir/dma/esp_dma_utils.c.obj^[[K
build	Build ESP32-C6 firmware	2026-09-24T10:57:18.1938768Z [373/1416] Building C object esp-idf/esp_hw_support/CMakeFiles/__idf_esp_hw_support.dir/dma/gdma_link.c.obj^[[K
build	Build ESP32-C6 firmware	2026-09-24T10:57:18.2489928Z [374/1416] Building C object esp-idf/esp_hw_support/CMakeFiles/__idf_esp_hw_support.dir/sleep_system_peripheral.c.obj^[[K
build	Build ESP32-C6 firmware	2026-09-24T10:57:18.3727109Z [375/1416] Building C object esp-idf/esp_hw_support/CMakeFiles/__idf_esp_hw_support.dir/spi_share_hw_ctrl.c.obj^[[K
build	Build ESP32-C6 firmware	2026-09-24T10:57:18.4185669Z [376/1416] Building C object esp-idf/esp_hw_support/CMakeFiles/__idf_esp_hw_support.dir/spi_bus_lock.c.obj^[[K
build	Build ESP32-C6 firmware	2026-09-24T10:57:18.4464225Z [377/1416] Building C object esp-idf/esp_hw_support/CMakeFiles/__idf_esp_hw_support.dir/adc_share_hw_ctrl.c.obj^[[K
build	Build ESP32-C6 firmware	2026-09-24T10:57:18.4814784Z [378/1416] Building C object esp-idf/esp_hw_support/CMakeFiles/__idf_esp_hw_support.dir/dma/gdma_sleep_retention.c.obj^[[K
build	Build ESP32-C6 firmware	2026-09-24T10:57:18.5541400Z [379/1416] Building C object esp-idf/esp_hw_support/CMakeFiles/__idf_esp_hw_support.dir/sleep_retention.c.obj^[[K
build	Build ESP32-C6 firmware	2026-09-24T10:57:18.5835864Z [380/1416] Building C object esp-idf/esp_hw_support/CMakeFiles/__idf_esp_hw_support.dir/port/esp32c6/systimer.c.obj^[[K
build	Build ESP32-C6 firmware	2026-09-24T10:57:18.6046031Z [381/1416] Building C object esp-idf/esp_hw_support/CMakeFiles/__idf_esp_hw_support.dir/deprecated/gdma_legacy.c.obj^[[K
build	Build ESP32-C6 firmware	2026-09-24T10:57:18.7044828Z [382/1416] Building C object esp-idf/esp_hw_support/CMakeFiles/__idf_esp_hw_support.dir/dma/esp_async_memcpy.c.obj^[[K
build	Build ESP32-C6 firmware	2026-09-24T10:57:18.7381917Z [383/1416] Building C object esp-idf/esp_hw_support/CMakeFiles/__idf_esp_hw_support.dir/dma/gdma_etm.c.obj^[[K
build	Build ESP32-C6 firmware	2026-09-24T10:57:18.7709143Z [384/1416] Building C object esp-idf/esp_hw_support/CMakeFiles/__idf_esp_hw_support.dir/dma/gdma.c.obj^[[K
build	Build ESP32-C6 firmware	2026-09-24T10:57:18.8316224Z [385/1416] Building C object esp-idf/esp_hw_support/CMakeFiles/__idf_esp_hw_support.dir/port/pau_regdma.c.obj^[[K
build	Build ESP32-C6 firmware	2026-09-24T10:57:18.9489386Z [386/1416] Building C object esp-idf/esp_hw_support/CMakeFiles/__idf_esp_hw_support.dir/dma/async_memcpy_gdma.c.obj^[[K
build	Build ESP32-C6 firmware	2026-09-24T10:57:18.9731606Z [387/1416] Building C object esp-idf/esp_hw_support/CMakeFiles/__idf_esp_hw_support.dir/mspi_timing_tuning.c.obj^[[K
build	Build ESP32-C6 firmware	2026-09-24T10:57:19.1715121Z [388/1416] Building C object esp-idf/esp_hw_support/CMakeFiles/__idf_esp_hw_support.dir/esp_etm.c.obj^[[K
build	Build ESP32-C6 firmware	2026-09-24T10:57:19.2393448Z [389/1416] Building C object esp-idf/esp_hw_support/CMakeFiles/__idf_esp_hw_support.dir/port/regdma_link.c.obj^[[K
build	Build ESP32-C6 firmware	2026-09-24T10:57:19.2444385Z [390/1416] Building C object esp-idf/esp_hw_support/CMakeFiles/__idf_esp_hw_support.dir/modem_clock.c.obj^[[K
build	Build ESP32-C6 firmware	2026-09-24T10:57:19.2824761Z [391/1416] Building C object esp-idf/esp_hw_support/CMakeFiles/__idf_esp_hw_support.dir/sleep_wake_stub.c.obj^[[K
build	Build ESP32-C6 firmware	2026-09-24T10:57:19.2840712Z [392/1416] Building C object esp-idf/esp_hw_support/CMakeFiles/__idf_esp_hw_support.dir/esp_clock_output.c.obj^[[K
build	Build ESP32-C6 firmware	2026-09-24T10:57:19.4214158Z [393/1416] Building C object esp-idf/esp_hw_support/CMakeFiles/__idf_esp_hw_support.dir/port/esp32c6/rtc_clk_init.c.obj^[[K
build	Build ESP32-C6 firmware	2026-09-24T10:57:19.4566444Z [394/1416] Building C object esp-idf/esp_hw_support/CMakeFiles/__idf_esp_hw_support.dir/port/esp32c6/rtc_clk.c.obj^[[K
build	Build ESP32-C6 firmware	2026-09-24T10:57:19.4700576Z [395/1416] Building C object esp-idf/esp_hw_support/CMakeFiles/__idf_esp_hw_support.dir/port/esp32c6/chip_info.c.obj^[[K
build	Build ESP32-C6 firmware	2026-09-24T10:57:19.5360541Z [396/1416] Building C object esp-idf/esp_hw_support/CMakeFiles/__idf_esp_hw_support.dir/port/esp32c6/pmu_param.c.obj^[[K
build	Build ESP32-C6 firmware	2026-09-24T10:57:19.6009149Z [397/1416] Building C object esp-idf/esp_hw_support/CMakeFiles/__idf_esp_hw_support.dir/port/esp32c6/pmu_init.c.obj^[[K
build	Build ESP32-C6 firmware	2026-09-24T10:57:19.6444459Z [398/1416] Building ASM object esp-idf/esp_hw_support/CMakeFiles/__idf_esp_hw_support.dir/lowpower/port/esp32c6/sleep_cpu_asm.S.obj^[[K
build	Build ESP32-C6 firmware	2026-09-24T10:57:19.6509173Z [399/1416] Building C object esp-idf/esp_hw_support/CMakeFiles/__idf_esp_hw_support.dir/port/esp32c6/rtc_time.c.obj^[[K
build	Build ESP32-C6 firmware	2026-09-24T10:57:19.6853342Z [400/1416] Building C object esp-idf/esp_hw_support/CMakeFiles/__idf_esp_hw_support.dir/port/esp32c6/pmu_sleep.c.obj^[[K
build	Build ESP32-C6 firmware	2026-09-24T10:57:19.7272097Z [401/1416] Building C object esp-idf/esp_hw_support/CMakeFiles/__idf_esp_hw_support.dir/port/esp32c6/ocode_init.c.obj^[[K
build	Build ESP32-C6 firmware	2026-09-24T10:57:19.8369855Z [402/1416] Building C object esp-idf/esp_hw_support/CMakeFiles/__idf_esp_hw_support.dir/port/esp32c6/sar_periph_ctrl.c.obj^[[K
build	Build ESP32-C6 firmware	2026-09-24T10:57:19.8710951Z [403/1416] Building C object esp-idf/esp_hw_support/CMakeFiles/__idf_esp_hw_support.dir/lowpower/port/esp32c6/sleep_clock.c.obj^[[K
build	Build ESP32-C6 firmware	2026-09-24T10:57:19.8954260Z [404/1416] Building C object esp-idf/esp_hw_support/CMakeFiles/__idf_esp_hw_support.dir/lowpower/port/esp32c6/sleep_modem_state.c.obj^[[K
build	Build ESP32-C6 firmware	2026-09-24T10:57:19.9078472Z [405/1416] Building C object esp-idf/freertos/CMakeFiles/__idf_freertos.dir/app_startup.c.obj^[[K
build	Build ESP32-C6 firmware	2026-09-24T10:57:19.9677390Z [406/1416] Building C object esp-idf/esp_hw_support/CMakeFiles/__idf_esp_hw_support.dir/lowpower/port/esp32c6/sleep_cpu.c.obj^[[K
build	Build ESP32-C6 firmware	2026-09-24T10:57:19.9709184Z [407/1416] Building C object esp-idf/freertos/CMakeFiles/__idf_freertos.dir/port_common.c.obj^[[K
build	Build ESP32-C6 firmware	2026-09-24T10:57:20.1205749Z [408/1416] Building C object esp-idf/freertos/CMakeFiles/__idf_freertos.dir/heap_idf.c.obj^[[K
build	Build ESP32-C6 firmware	2026-09-24T10:57:20.1461651Z [409/1416] Building C object esp-idf/freertos/CMakeFiles/__idf_freertos.dir/FreeRTOS-Kernel/list.c.obj^[[K
build	Build ESP32-C6 firmware	2026-09-24T10:57:20.3144555Z [410/1416] Building C object esp-idf/freertos/CMakeFiles/__idf_freertos.dir/port_systick.c.obj^[[K
build	Build ESP32-C6 firmware	2026-09-24T10:57:20.3410334Z [411/1416] Building C object esp-idf/freertos/CMakeFiles/__idf_freertos.dir/FreeRTOS-Kernel/event_groups.c.obj^[[K
build	Build ESP32-C6 firmware	2026-09-24T10:57:20.3972158Z [412/1416] Building C object esp-idf/freertos/CMakeFiles/__idf_freertos.dir/FreeRTOS-Kernel/timers.c.obj^[[K
build	Build ESP32-C6 firmware	2026-09-24T10:57:20.4014440Z [413/1416] Building C object esp-idf/freertos/CMakeFiles/__idf_freertos.dir/FreeRTOS-Kernel/queue.c.obj^[[K
build	Build ESP32-C6 firmware	2026-09-24T10:57:20.4641199Z [414/1416] Building ASM object esp-idf/freertos/CMakeFiles/__idf_freertos.dir/FreeRTOS-Kernel/portable/riscv/portasm.S.obj^[[K
build	Build ESP32-C6 firmware	2026-09-24T10:57:20.4833443Z [415/1416] Building C object esp-idf/freertos/CMakeFiles/__idf_freertos.dir/FreeRTOS-Kernel/stream_buffer.c.obj^[[K
build	Build ESP32-C6 firmware	2026-09-24T10:57:20.5552111Z [416/1416] Building C object esp-idf/freertos/CMakeFiles/__idf_freertos.dir/FreeRTOS-Kernel/portable/riscv/port.c.obj^[[K
build	Build ESP32-C6 firmware	2026-09-24T10:57:20.6542606Z [417/1416] Building C object esp-idf/freertos/CMakeFiles/__idf_freertos.dir/esp_additions/freertos_compatibility.c.obj^[[K
build	Build ESP32-C6 firmware	2026-09-24T10:57:20.6578106Z [418/1416] Building C object esp-idf/newlib/CMakeFiles/__idf_newlib.dir/assert.c.obj^[[K
build	Build ESP32-C6 firmware	2026-09-24T10:57:20.6683415Z [419/1416] Building C object esp-idf/freertos/CMakeFiles/__idf_freertos.dir/esp_additions/idf_additions.c.obj^[[K
build	Build ESP32-C6 firmware	2026-09-24T10:57:20.6950324Z [420/1416] Building C object esp-idf/newlib/CMakeFiles/__idf_newlib.dir/abort.c.obj^[[K
build	Build ESP32-C6 firmware	2026-09-24T10:57:20.7397978Z [421/1416] Building C object esp-idf/freertos/CMakeFiles/__idf_freertos.dir/esp_additions/idf_additions_event_groups.c.obj^[[K
build	Build ESP32-C6 firmware	2026-09-24T10:57:20.7890646Z [422/1416] Building C object esp-idf/newlib/CMakeFiles/__idf_newlib.dir/heap.c.obj^[[K
build	Build ESP32-C6 firmware	2026-09-24T10:57:20.7992922Z [423/1416] Building C object esp-idf/freertos/CMakeFiles/__idf_freertos.dir/FreeRTOS-Kernel/tasks.c.obj^[[K
build	Build ESP32-C6 firmware	2026-09-24T10:57:20.8009032Z [424/1416] Building C object esp-idf/newlib/CMakeFiles/__idf_newlib.dir/flockfile.c.obj^[[K
build	Build ESP32-C6 firmware	2026-09-24T10:57:20.8867537Z [425/1416] Building C object esp-idf/newlib/CMakeFiles/__idf_newlib.dir/poll.c.obj^[[K
build	Build ESP32-C6 firmware	2026-09-24T10:57:20.9220252Z [426/1416] Building C object esp-idf/newlib/CMakeFiles/__idf_newlib.dir/pthread.c.obj^[[K
build	Build ESP32-C6 firmware	2026-09-24T10:57:20.9359417Z [427/1416] Building C object esp-idf/newlib/CMakeFiles/__idf_newlib.dir/reent_init.c.obj^[[K
build	Build ESP32-C6 firmware	2026-09-24T10:57:20.9492574Z [428/1416] Building C object esp-idf/newlib/CMakeFiles/__idf_newlib.dir/getentropy.c.obj^[[K
build	Build ESP32-C6 firmware	2026-09-24T10:57:20.9760795Z [429/1416] Building C object esp-idf/newlib/CMakeFiles/__idf_newlib.dir/random.c.obj^[[K
build	Build ESP32-C6 firmware	2026-09-24T10:57:21.0741828Z [430/1416] Building C object esp-idf/newlib/CMakeFiles/__idf_newlib.dir/locks.c.obj^[[K
build	Build ESP32-C6 firmware	2026-09-24T10:57:21.0948285Z [431/1416] Building C object esp-idf/newlib/CMakeFiles/__idf_newlib.dir/newlib_init.c.obj^[[K
build	Build ESP32-C6 firmware	2026-09-24T10:57:21.1443543Z [432/1416] Building C object esp-idf/newlib/CMakeFiles/__idf_newlib.dir/termios.c.obj^[[K
build	Build ESP32-C6 firmware	2026-09-24T10:57:21.1913321Z [433/1416] Building C object esp-idf/newlib/CMakeFiles/__idf_newlib.dir/syscalls.c.obj^[[K
build	Build ESP32-C6 firmware	2026-09-24T10:57:21.2413634Z [434/1416] Building C object esp-idf/newlib/CMakeFiles/__idf_newlib.dir/sysconf.c.obj^[[K
build	Build ESP32-C6 firmware	2026-09-24T10:57:21.2634395Z [435/1416] Building C object esp-idf/newlib/CMakeFiles/__idf_newlib.dir/realpath.c.obj^[[K
build	Build ESP32-C6 firmware	2026-09-24T10:57:21.2907982Z [436/1416] Building C object esp-idf/newlib/CMakeFiles/__idf_newlib.dir/stdatomic.c.obj^[[K
build	Build ESP32-C6 firmware	2026-09-24T10:57:21.2915681Z [437/1416] Building C object esp-idf/newlib/CMakeFiles/__idf_newlib.dir/time.c.obj^[[K
build	Build ESP32-C6 firmware	2026-09-24T10:57:21.3569120Z [438/1416] Building C object esp-idf/newlib/CMakeFiles/__idf_newlib.dir/scandir.c.obj^[[K
build	Build ESP32-C6 firmware	2026-09-24T10:57:21.5287122Z [439/1416] Building C object esp-idf/newlib/CMakeFiles/__idf_newlib.dir/port/esp_time_impl.c.obj^[[K
build	Build ESP32-C6 firmware	2026-09-24T10:57:21.5679486Z [440/1416] Building C object esp-idf/pthread/CMakeFiles/__idf_pthread.dir/pthread_cond_var.c.obj^[[K
build	Build ESP32-C6 firmware	2026-09-24T10:57:21.5710853Z [441/1416] Building C object esp-idf/pthread/CMakeFiles/__idf_pthread.dir/pthread_local_storage.c.obj^[[K
build	Build ESP32-C6 firmware	2026-09-24T10:57:21.6502578Z [442/1416] Building C object esp-idf/pthread/CMakeFiles/__idf_pthread.dir/pthread_rwlock.c.obj^[[K
build	Build ESP32-C6 firmware	2026-09-24T10:57:21.6697260Z [443/1416] Building C object esp-idf/pthread/CMakeFiles/__idf_pthread.dir/pthread_semaphore.c.obj^[[K
build	Build ESP32-C6 firmware	2026-09-24T10:57:21.7660722Z [444/1416] Building C object esp-idf/pthread/CMakeFiles/__idf_pthread.dir/pthread.c.obj^[[K
build	Build ESP32-C6 firmware	2026-09-24T10:57:21.7847666Z [445/1416] Building CXX object esp-idf/cxx/CMakeFiles/__idf_cxx.dir/cxx_init.cpp.obj^[[K
build	Build ESP32-C6 firmware	2026-09-24T10:57:21.8448063Z [446/1416] Building CXX object esp-idf/cxx/CMakeFiles/__idf_cxx.dir/cxx_exception_stubs.cpp.obj^[[K
build	Build ESP32-C6 firmware	2026-09-24T10:57:21.9415321Z [447/1416] Building C object esp-idf/esp_timer/CMakeFiles/__idf_esp_timer.dir/src/esp_timer_init.c.obj^[[K
build	Build ESP32-C6 firmware	2026-09-24T10:57:21.9534880Z [448/1416] Building C object esp-idf/esp_timer/CMakeFiles/__idf_esp_timer.dir/src/ets_timer_legacy.c.obj^[[K
build	Build ESP32-C6 firmware	2026-09-24T10:57:21.9777360Z [449/1416] Building C object esp-idf/esp_timer/CMakeFiles/__idf_esp_timer.dir/src/esp_timer_impl_common.c.obj^[[K
build	Build ESP32-C6 firmware	2026-09-24T10:57:21.9936328Z [450/1416] Building C object esp-idf/esp_timer/CMakeFiles/__idf_esp_timer.dir/src/esp_timer.c.obj^[[K
build	Build ESP32-C6 firmware	2026-09-24T10:57:22.0650412Z [451/1416] Building C object esp-idf/esp_timer/CMakeFiles/__idf_esp_timer.dir/src/system_time.c.obj^[[K
build	Build ESP32-C6 firmware	2026-09-24T10:57:22.2060556Z [452/1416] Building C object esp-idf/esp_timer/CMakeFiles/__idf_esp_timer.dir/src/esp_timer_etm.c.obj^[[K
build	Build ESP32-C6 firmware	2026-09-24T10:57:22.3988005Z [453/1416] Building C object esp-idf/esp_timer/CMakeFiles/__idf_esp_timer.dir/src/esp_timer_impl_systimer.c.obj^[[K
build	Build ESP32-C6 firmware	2026-09-24T10:57:22.4007846Z [454/1416] Building C object esp-idf/esp_driver_gptimer/CMakeFiles/__idf_esp_driver_gptimer.dir/src/gptimer_common.c.obj^[[K
build	Build ESP32-C6 firmware	2026-09-24T10:57:22.4079476Z [455/1416] Building C object esp-idf/esp_driver_gptimer/CMakeFiles/__idf_esp_driver_gptimer.dir/src/gptimer_etm.c.obj^[[K
build	Build ESP32-C6 firmware	2026-09-24T10:57:22.4957136Z [456/1416] Building C object esp-idf/esp_driver_gptimer/CMakeFiles/__idf_esp_driver_gptimer.dir/src/gptimer.c.obj^[[K
build	Build ESP32-C6 firmware	2026-09-24T10:57:22.6736768Z [457/1416] Building CXX object esp-idf/cxx/CMakeFiles/__idf_cxx.dir/cxx_guards.cpp.obj^[[K
build	Build ESP32-C6 firmware	2026-09-24T10:57:22.7219792Z [458/1416] Building C object esp-idf/esp_event/CMakeFiles/__idf_esp_event.dir/default_event_loop.c.obj^[[K
build	Build ESP32-C6 firmware	2026-09-24T10:57:22.7597418Z [459/1416] Building C object esp-idf/esp_ringbuf/CMakeFiles/__idf_esp_ringbuf.dir/ringbuf.c.obj^[[K
build	Build ESP32-C6 firmware	2026-09-24T10:57:22.8786656Z [460/1416] Building C object esp-idf/esp_event/CMakeFiles/__idf_esp_event.dir/esp_event_private.c.obj^[[K
build	Build ESP32-C6 firmware	2026-09-24T10:57:23.0240217Z [461/1416] Building C object esp-idf/esp_driver_uart/CMakeFiles/__idf_esp_driver_uart.dir/src/uart_vfs.c.obj^[[K
build	Build ESP32-C6 firmware	2026-09-24T10:57:23.2960848Z [462/1416] Building C object esp-idf/esp_event/CMakeFiles/__idf_esp_event.dir/esp_event.c.obj^[[K
build	Build ESP32-C6 firmware	2026-09-24T10:57:26.1200317Z [463/1416] Building C object esp-idf/esp_driver_uart/CMakeFiles/__idf_esp_driver_uart.dir/src/uart.c.obj^[[K
build	Build ESP32-C6 firmware	2026-09-24T10:57:26.4695761Z [464/1416] Building CXX object esp-idf/nvs_flash/CMakeFiles/__idf_nvs_flash.dir/src/nvs_item_hash_list.cpp.obj^[[K
build	Build ESP32-C6 firmware	2026-09-24T10:57:26.5493511Z [465/1416] Building CXX object esp-idf/nvs_flash/CMakeFiles/__idf_nvs_flash.dir/src/nvs_cxx_api.cpp.obj^[[K
build	Build ESP32-C6 firmware	2026-09-24T10:57:26.6826897Z [466/1416] Building CXX object esp-idf/nvs_flash/CMakeFiles/__idf_nvs_flash.dir/src/nvs_pagemanager.cpp.obj^[[K
build	Build ESP32-C6 firmware	2026-09-24T10:57:26.9924272Z [467/1416] Building CXX object esp-idf/nvs_flash/CMakeFiles/__idf_nvs_flash.dir/src/nvs_page.cpp.obj^[[K
build	Build ESP32-C6 firmware	2026-09-24T10:57:27.4943429Z [468/1416] Building CXX object esp-idf/nvs_flash/CMakeFiles/__idf_nvs_flash.dir/src/nvs_api.cpp.obj^[[K
build	Build ESP32-C6 firmware	2026-09-24T10:57:27.5588635Z [469/1416] Building CXX object esp-idf/nvs_flash/CMakeFiles/__idf_nvs_flash.dir/src/nvs_storage.cpp.obj^[[K
build	Build ESP32-C6 firmware	2026-09-24T10:57:27.5677472Z [470/1416] Building CXX object esp-idf/nvs_flash/CMakeFiles/__idf_nvs_flash.dir/src/nvs_partition_lookup.cpp.obj^[[K
build	Build ESP32-C6 firmware	2026-09-24T10:57:27.8345403Z [471/1416] Building CXX object esp-idf/nvs_flash/CMakeFiles/__idf_nvs_flash.dir/src/nvs_partition.cpp.obj^[[K
build	Build ESP32-C6 firmware	2026-09-24T10:57:28.0149910Z [472/1416] Building CXX object esp-idf/nvs_flash/CMakeFiles/__idf_nvs_flash.dir/src/nvs_platform.cpp.obj^[[K
build	Build ESP32-C6 firmware	2026-09-24T10:57:28.9067001Z [473/1416] Building C object esp-idf/nvs_flash/CMakeFiles/__idf_nvs_flash.dir/src/nvs_bootloader.c.obj^[[K
build	Build ESP32-C6 firmware	2026-09-24T10:57:29.4668960Z [474/1416] Building C object esp-idf/esp_driver_pcnt/CMakeFiles/__idf_esp_driver_pcnt.dir/src/pulse_cnt.c.obj^[[K
build	Build ESP32-C6 firmware	2026-09-24T10:57:29.6177751Z [475/1416] Building CXX object esp-idf/nvs_flash/CMakeFiles/__idf_nvs_flash.dir/src/nvs_handle_simple.cpp.obj^[[K
build	Build ESP32-C6 firmware	2026-09-24T10:57:29.7981272Z [476/1416] Building C object esp-idf/esp_driver_spi/CMakeFiles/__idf_esp_driver_spi.dir/src/gpspi/spi_common.c.obj^[[K
build	Build ESP32-C6 firmware	2026-09-24T10:57:30.0611057Z [477/1416] Building CXX object esp-idf/nvs_flash/CMakeFiles/__idf_nvs_flash.dir/src/nvs_handle_locked.cpp.obj^[[K
build	Build ESP32-C6 firmware	2026-09-24T10:57:30.2275125Z [478/1416] Building C object esp-idf/esp_driver_spi/CMakeFiles/__idf_esp_driver_spi.dir/src/gpspi/spi_dma.c.obj^[[K
build	Build ESP32-C6 firmware	2026-09-24T10:57:30.4008697Z [479/1416] Building C object esp-idf/esp_driver_spi/CMakeFiles/__idf_esp_driver_spi.dir/src/gpspi/spi_slave.c.obj^[[K
build	Build ESP32-C6 firmware	2026-09-24T10:57:30.6535573Z [480/1416] Building C object esp-idf/esp_driver_spi/CMakeFiles/__idf_esp_driver_spi.dir/src/gpspi/spi_master.c.obj^[[K
build	Build ESP32-C6 firmware	2026-09-24T10:57:30.8504943Z [481/1416] Building C object esp-idf/esp_driver_spi/CMakeFiles/__idf_esp_driver_spi.dir/src/gpspi/spi_slave_hd.c.obj^[[K
build	Build ESP32-C6 firmware	2026-09-24T10:57:30.8745484Z [482/1416] Building C object esp-idf/esp_driver_mcpwm/CMakeFiles/__idf_esp_driver_mcpwm.dir/src/mcpwm_cmpr.c.obj^[[K
build	Build ESP32-C6 firmware	2026-09-24T10:57:30.9744578Z [483/1416] Building CXX object esp-idf/nvs_flash/CMakeFiles/__idf_nvs_flash.dir/src/nvs_types.cpp.obj^[[K
build	Build ESP32-C6 firmware	2026-09-24T10:57:31.1090367Z [484/1416] Building C object esp-idf/esp_driver_mcpwm/CMakeFiles/__idf_esp_driver_mcpwm.dir/src/mcpwm_cap.c.obj^[[K
build	Build ESP32-C6 firmware	2026-09-24T10:57:31.3069194Z [485/1416] Building C object esp-idf/esp_driver_mcpwm/CMakeFiles/__idf_esp_driver_mcpwm.dir/src/mcpwm_com.c.obj^[[K
build	Build ESP32-C6 firmware	2026-09-24T10:57:31.5904302Z [486/1416] Building CXX object esp-idf/nvs_flash/CMakeFiles/__idf_nvs_flash.dir/src/nvs_partition_manager.cpp.obj^[[K
build	Build ESP32-C6 firmware	2026-09-24T10:57:31.7468575Z [487/1416] Building C object esp-idf/esp_driver_mcpwm/CMakeFiles/__idf_esp_driver_mcpwm.dir/src/mcpwm_oper.c.obj^[[K
build	Build ESP32-C6 firmware	2026-09-24T10:57:31.7727202Z [488/1416] Building C object esp-idf/esp_driver_mcpwm/CMakeFiles/__idf_esp_driver_mcpwm.dir/src/mcpwm_fault.c.obj^[[K
build	Build ESP32-C6 firmware	2026-09-24T10:57:31.8530191Z [489/1416] Building C object esp-idf/esp_driver_mcpwm/CMakeFiles/__idf_esp_driver_mcpwm.dir/src/mcpwm_sync.c.obj^[[K
build	Build ESP32-C6 firmware	2026-09-24T10:57:31.9419963Z [490/1416] Building CXX object esp-idf/nvs_flash/CMakeFiles/__idf_nvs_flash.dir/src/nvs_encrypted_partition.cpp.obj^[[K
build	Build ESP32-C6 firmware	2026-09-24T10:57:31.9574690Z [491/1416] Building C object esp-idf/esp_driver_mcpwm/CMakeFiles/__idf_esp_driver_mcpwm.dir/src/mcpwm_timer.c.obj^[[K
build	Build ESP32-C6 firmware	2026-09-24T10:57:31.9904732Z [492/1416] Building C object esp-idf/esp_driver_mcpwm/CMakeFiles/__idf_esp_driver_mcpwm.dir/src/mcpwm_gen.c.obj^[[K
build	Build ESP32-C6 firmware	2026-09-24T10:57:32.3738066Z [493/1416] Building C object esp-idf/esp_driver_mcpwm/CMakeFiles/__idf_esp_driver_mcpwm.dir/src/mcpwm_etm.c.obj^[[K
build	Build ESP32-C6 firmware	2026-09-24T10:57:32.4461428Z [494/1416] Building C object esp-idf/esp_driver_i2s/CMakeFiles/__idf_esp_driver_i2s.dir/i2s_etm.c.obj^[[K
build	Build ESP32-C6 firmware	2026-09-24T10:57:32.4890446Z [495/1416] Building C object esp-idf/esp_driver_i2s/CMakeFiles/__idf_esp_driver_i2s.dir/i2s_std.c.obj^[[K
build	Build ESP32-C6 firmware	2026-09-24T10:57:32.5010609Z [496/1416] Building C object esp-idf/esp_driver_i2s/CMakeFiles/__idf_esp_driver_i2s.dir/i2s_tdm.c.obj^[[K
build	Build ESP32-C6 firmware	2026-09-24T10:57:32.5199979Z [497/1416] Building C object esp-idf/esp_driver_i2s/CMakeFiles/__idf_esp_driver_i2s.dir/i2s_platform.c.obj^[[K
build	Build ESP32-C6 firmware	2026-09-24T10:57:32.8259622Z [498/1416] Building C object esp-idf/esp_driver_i2s/CMakeFiles/__idf_esp_driver_i2s.dir/i2s_pdm.c.obj^[[K
build	Build ESP32-C6 firmware	2026-09-24T10:57:32.8724789Z [499/1416] Building C object esp-idf/esp_driver_i2s/CMakeFiles/__idf_esp_driver_i2s.dir/i2s_common.c.obj^[[K
build	Build ESP32-C6 firmware	2026-09-24T10:57:33.0180599Z [500/1416] Building C object esp-idf/sdmmc/CMakeFiles/__idf_sdmmc.dir/sdmmc_common.c.obj^[[K
build	Build ESP32-C6 firmware	2026-09-24T10:57:33.0221918Z [501/1416] Building C object esp-idf/sdmmc/CMakeFiles/__idf_sdmmc.dir/sdmmc_io.c.obj^[[K
build	Build ESP32-C6 firmware	2026-09-24T10:57:33.0349205Z [502/1416] Building C object esp-idf/sdmmc/CMakeFiles/__idf_sdmmc.dir/sdmmc_init.c.obj^[[K
build	Build ESP32-C6 firmware	2026-09-24T10:57:33.0967082Z [503/1416] Building C object esp-idf/sdmmc/CMakeFiles/__idf_sdmmc.dir/sdmmc_cmd.c.obj^[[K
build	Build ESP32-C6 firmware	2026-09-24T10:57:33.1185429Z [504/1416] Building C object esp-idf/sdmmc/CMakeFiles/__idf_sdmmc.dir/sdmmc_mmc.c.obj^[[K
build	Build ESP32-C6 firmware	2026-09-24T10:57:33.1763816Z [505/1416] Building C object esp-idf/sdmmc/CMakeFiles/__idf_sdmmc.dir/sd_pwr_ctrl/sd_pwr_ctrl.c.obj^[[K
build	Build ESP32-C6 firmware	2026-09-24T10:57:33.3583835Z [506/1416] Building C object esp-idf/esp_driver_sdspi/CMakeFiles/__idf_esp_driver_sdspi.dir/src/sdspi_crc.c.obj^[[K
build	Build ESP32-C6 firmware	2026-09-24T10:57:33.3604160Z [507/1416] Building C object esp-idf/esp_driver_sdspi/CMakeFiles/__idf_esp_driver_sdspi.dir/src/sdspi_transaction.c.obj^[[K
build	Build ESP32-C6 firmware	2026-09-24T10:57:33.5062063Z [508/1416] Building C object esp-idf/sdmmc/CMakeFiles/__idf_sdmmc.dir/sdmmc_sd.c.obj^[[K
build	Build ESP32-C6 firmware	2026-09-24T10:57:33.5720292Z [509/1416] Building C object esp-idf/esp_driver_sdspi/CMakeFiles/__idf_esp_driver_sdspi.dir/src/sdspi_host.c.obj^[[K
build	Build ESP32-C6 firmware	2026-09-24T10:57:33.6380345Z [510/1416] Building C object esp-idf/esp_driver_rmt/CMakeFiles/__idf_esp_driver_rmt.dir/src/rmt_encoder.c.obj^[[K
build	Build ESP32-C6 firmware	2026-09-24T10:57:33.7453287Z [511/1416] Building C object esp-idf/esp_driver_rmt/CMakeFiles/__idf_esp_driver_rmt.dir/src/rmt_common.c.obj^[[K
build	Build ESP32-C6 firmware	2026-09-24T10:57:33.8574317Z [512/1416] Building C object esp-idf/esp_driver_sdio/CMakeFiles/__idf_esp_driver_sdio.dir/src/sdio_slave.c.obj^[[K
build	Build ESP32-C6 firmware	2026-09-24T10:57:33.8880537Z [513/1416] Building C object esp-idf/esp_driver_tsens/CMakeFiles/__idf_esp_driver_tsens.dir/src/temperature_sensor_etm.c.obj^[[K
build	Build ESP32-C6 firmware	2026-09-24T10:57:33.9198895Z [514/1416] Building C object esp-idf/esp_driver_rmt/CMakeFiles/__idf_esp_driver_rmt.dir/src/rmt_rx.c.obj^[[K
build	Build ESP32-C6 firmware	2026-09-24T10:57:34.0935338Z [515/1416] Building C object esp-idf/esp_driver_tsens/CMakeFiles/__idf_esp_driver_tsens.dir/src/temperature_sensor.c.obj^[[K
build	Build ESP32-C6 firmware	2026-09-24T10:57:34.1700173Z [516/1416] Building C object esp-idf/esp_driver_sdm/CMakeFiles/__idf_esp_driver_sdm.dir/src/sdm.c.obj^[[K
build	Build ESP32-C6 firmware	2026-09-24T10:57:34.3339863Z [517/1416] Building C object esp-idf/esp_driver_rmt/CMakeFiles/__idf_esp_driver_rmt.dir/src/rmt_tx.c.obj^[[K
build	Build ESP32-C6 firmware	2026-09-24T10:57:34.3874926Z [518/1416] Building C object esp-idf/esp_driver_i2c/CMakeFiles/__idf_esp_driver_i2c.dir/i2c_common.c.obj^[[K
build	Build ESP32-C6 firmware	2026-09-24T10:57:34.4900996Z [519/1416] Building C object esp-idf/esp_driver_i2c/CMakeFiles/__idf_esp_driver_i2c.dir/i2c_slave.c.obj^[[K
build	Build ESP32-C6 firmware	2026-09-24T10:57:34.7031651Z [520/1416] Building C object esp-idf/esp_driver_parlio/CMakeFiles/__idf_esp_driver_parlio.dir/src/parlio_common.c.obj^[[K
build	Build ESP32-C6 firmware	2026-09-24T10:57:34.7124060Z [521/1416] Building C object esp-idf/esp_driver_usb_serial_jtag/CMakeFiles/__idf_esp_driver_usb_serial_jtag.dir/src/usb_serial_jtag.c.obj^[[K
build	Build ESP32-C6 firmware	2026-09-24T10:57:34.7889363Z [522/1416] Building C object esp-idf/esp_driver_i2c/CMakeFiles/__idf_esp_driver_i2c.dir/i2c_master.c.obj^[[K
build	Build ESP32-C6 firmware	2026-09-24T10:57:34.8585957Z [523/1416] Building C object esp-idf/esp_driver_parlio/CMakeFiles/__idf_esp_driver_parlio.dir/src/parlio_tx.c.obj^[[K
build	Build ESP32-C6 firmware	2026-09-24T10:57:35.0022550Z [524/1416] Building C object esp-idf/esp_driver_usb_serial_jtag/CMakeFiles/__idf_esp_driver_usb_serial_jtag.dir/src/usb_serial_jtag_connection_monitor.c.obj^[[K
build	Build ESP32-C6 firmware	2026-09-24T10:57:35.0528847Z [525/1416] Building C object esp-idf/esp_driver_ledc/CMakeFiles/__idf_esp_driver_ledc.dir/src/ledc.c.obj^[[K
build	Build ESP32-C6 firmware	2026-09-24T10:57:35.1569037Z [526/1416] Building C object esp-idf/esp_driver_parlio/CMakeFiles/__idf_esp_driver_parlio.dir/src/parlio_rx.c.obj^[[K
build	Build ESP32-C6 firmware	2026-09-24T10:57:35.1600507Z [527/1416] Building C object esp-idf/esp_driver_usb_serial_jtag/CMakeFiles/__idf_esp_driver_usb_serial_jtag.dir/src/usb_serial_jtag_vfs.c.obj^[[K
build	Build ESP32-C6 firmware	2026-09-24T10:57:35.2844478Z [528/1416] Building C object esp-idf/driver/CMakeFiles/__idf_driver.dir/deprecated/adc_legacy.c.obj^[[K
build	Build ESP32-C6 firmware	2026-09-24T10:57:35.6655582Z [529/1416] Building C object esp-idf/driver/CMakeFiles/__idf_driver.dir/deprecated/adc_dma_legacy.c.obj^[[K
build	Build ESP32-C6 firmware	2026-09-24T10:57:35.7791506Z [530/1416] Building C object esp-idf/driver/CMakeFiles/__idf_driver.dir/deprecated/timer_legacy.c.obj^[[K
build	Build ESP32-C6 firmware	2026-09-24T10:57:35.8219518Z [531/1416] Building C object esp-idf/driver/CMakeFiles/__idf_driver.dir/i2c/i2c.c.obj^[[K
build	Build ESP32-C6 firmware	2026-09-24T10:57:36.0254733Z [532/1416] Building C object esp-idf/driver/CMakeFiles/__idf_driver.dir/deprecated/pcnt_legacy.c.obj^[[K
build	Build ESP32-C6 firmware	2026-09-24T10:57:36.0852413Z [533/1416] Building C object esp-idf/driver/CMakeFiles/__idf_driver.dir/deprecated/i2s_legacy.c.obj^[[K
build	Build ESP32-C6 firmware	2026-09-24T10:57:36.1642073Z [534/1416] Building C object esp-idf/driver/CMakeFiles/__idf_driver.dir/deprecated/sigma_delta_legacy.c.obj^[[K
build	Build ESP32-C6 firmware	2026-09-24T10:57:36.1711126Z [535/1416] Building C object esp-idf/driver/CMakeFiles/__idf_driver.dir/deprecated/rtc_temperature_legacy.c.obj^[[K
build	Build ESP32-C6 firmware	2026-09-24T10:57:36.2806010Z [536/1416] Building C object esp-idf/driver/CMakeFiles/__idf_driver.dir/deprecated/mcpwm_legacy.c.obj^[[K
build	Build ESP32-C6 firmware	2026-09-24T10:57:36.2876597Z [537/1416] Building C object esp-idf/esp_phy/CMakeFiles/__idf_esp_phy.dir/src/lib_printf.c.obj^[[K
build	Build ESP32-C6 firmware	2026-09-24T10:57:36.3717194Z [538/1416] Building C object esp-idf/esp_phy/CMakeFiles/__idf_esp_phy.dir/src/phy_override.c.obj^[[K
build	Build ESP32-C6 firmware	2026-09-24T10:57:36.4138956Z [539/1416] Building C object esp-idf/esp_phy/CMakeFiles/__idf_esp_phy.dir/esp32c6/phy_init_data.c.obj^[[K
build	Build ESP32-C6 firmware	2026-09-24T10:57:36.4146846Z [540/1416] Building C object esp-idf/driver/CMakeFiles/__idf_driver.dir/deprecated/rmt_legacy.c.obj^[[K
build	Build ESP32-C6 firmware	2026-09-24T10:57:36.4170843Z [541/1416] Building C object esp-idf/esp_phy/CMakeFiles/__idf_esp_phy.dir/src/phy_common.c.obj^[[K
build	Build ESP32-C6 firmware	2026-09-24T10:57:36.6037648Z [542/1416] Building C object esp-idf/driver/CMakeFiles/__idf_driver.dir/twai/twai.c.obj^[[K
build	Build ESP32-C6 firmware	2026-09-24T10:57:36.6994071Z [543/1416] Building C object esp-idf/esp_phy/CMakeFiles/__idf_esp_phy.dir/src/btbb_init.c.obj^[[K
build	Build ESP32-C6 firmware	2026-09-24T10:57:36.7237866Z [544/1416] Building C object esp-idf/esp_phy/CMakeFiles/__idf_esp_phy.dir/src/phy_init.c.obj^[[K
build	Build ESP32-C6 firmware	2026-09-24T10:57:36.8480418Z [545/1416] Building C object esp-idf/esp_vfs_console/CMakeFiles/__idf_esp_vfs_console.dir/vfs_console.c.obj^[[K
build	Build ESP32-C6 firmware	2026-09-24T10:57:36.9352247Z [546/1416] Building C object esp-idf/vfs/CMakeFiles/__idf_vfs.dir/vfs_eventfd.c.obj^[[K
build	Build ESP32-C6 firmware	2026-09-24T10:57:37.0385148Z [547/1416] Building C object esp-idf/vfs/CMakeFiles/__idf_vfs.dir/vfs_semihost.c.obj^[[K
build	Build ESP32-C6 firmware	2026-09-24T10:57:37.0596173Z [548/1416] Building C object esp-idf/lwip/CMakeFiles/__idf_lwip.dir/apps/sntp/sntp.c.obj^[[K
build	Build ESP32-C6 firmware	2026-09-24T10:57:37.1552434Z [549/1416] Building C object esp-idf/vfs/CMakeFiles/__idf_vfs.dir/nullfs.c.obj^[[K
build	Build ESP32-C6 firmware	2026-09-24T10:57:37.2515435Z [550/1416] Building C object esp-idf/lwip/CMakeFiles/__idf_lwip.dir/lwip/src/api/api_lib.c.obj^[[K
build	Build ESP32-C6 firmware	2026-09-24T10:57:37.2674649Z [551/1416] Building C object esp-idf/vfs/CMakeFiles/__idf_vfs.dir/vfs.c.obj^[[K
build	Build ESP32-C6 firmware	2026-09-24T10:57:37.3542853Z [552/1416] Building C object esp-idf/lwip/CMakeFiles/__idf_lwip.dir/lwip/src/api/err.c.obj^[[K
build	Build ESP32-C6 firmware	2026-09-24T10:57:37.4419665Z [553/1416] Building C object esp-idf/lwip/CMakeFiles/__idf_lwip.dir/lwip/src/api/if_api.c.obj^[[K
build	Build ESP32-C6 firmware	2026-09-24T10:57:37.5365719Z [554/1416] Building C object esp-idf/lwip/CMakeFiles/__idf_lwip.dir/lwip/src/api/netbuf.c.obj^[[K
build	Build ESP32-C6 firmware	2026-09-24T10:57:37.5403621Z [555/1416] Building C object esp-idf/lwip/CMakeFiles/__idf_lwip.dir/lwip/src/api/api_msg.c.obj^[[K
build	Build ESP32-C6 firmware	2026-09-24T10:57:37.6410726Z [556/1416] Building C object esp-idf/lwip/CMakeFiles/__idf_lwip.dir/lwip/src/api/netdb.c.obj^[[K
build	Build ESP32-C6 firmware	2026-09-24T10:57:37.8213548Z [557/1416] Building C object esp-idf/lwip/CMakeFiles/__idf_lwip.dir/lwip/src/api/netifapi.c.obj^[[K
build	Build ESP32-C6 firmware	2026-09-24T10:57:37.8392764Z [558/1416] Building C object esp-idf/lwip/CMakeFiles/__idf_lwip.dir/lwip/src/apps/sntp/sntp.c.obj^[[K
build	Build ESP32-C6 firmware	2026-09-24T10:57:37.8830000Z [559/1416] Building C object esp-idf/lwip/CMakeFiles/__idf_lwip.dir/lwip/src/api/tcpip.c.obj^[[K
build	Build ESP32-C6 firmware	2026-09-24T10:57:37.9460814Z [560/1416] Building C object esp-idf/lwip/CMakeFiles/__idf_lwip.dir/lwip/src/core/def.c.obj^[[K
build	Build ESP32-C6 firmware	2026-09-24T10:57:38.1426096Z [561/1416] Building C object esp-idf/lwip/CMakeFiles/__idf_lwip.dir/lwip/src/apps/netbiosns/netbiosns.c.obj^[[K
build	Build ESP32-C6 firmware	2026-09-24T10:57:38.1651106Z [562/1416] Building C object esp-idf/lwip/CMakeFiles/__idf_lwip.dir/lwip/src/core/inet_chksum.c.obj^[[K
build	Build ESP32-C6 firmware	2026-09-24T10:57:38.2029166Z [563/1416] Building C object esp-idf/lwip/CMakeFiles/__idf_lwip.dir/lwip/src/core/dns.c.obj^[[K
build	Build ESP32-C6 firmware	2026-09-24T10:57:38.2446347Z [564/1416] Building C object esp-idf/lwip/CMakeFiles/__idf_lwip.dir/lwip/src/api/sockets.c.obj^[[K
build	Build ESP32-C6 firmware	2026-09-24T10:57:38.2633620Z [565/1416] Building C object esp-idf/lwip/CMakeFiles/__idf_lwip.dir/lwip/src/core/init.c.obj^[[K
build	Build ESP32-C6 firmware	2026-09-24T10:57:38.3429552Z [566/1416] Building C object esp-idf/lwip/CMakeFiles/__idf_lwip.dir/lwip/src/core/ip.c.obj^[[K
build	Build ESP32-C6 firmware	2026-09-24T10:57:38.5294473Z [567/1416] Building C object esp-idf/lwip/CMakeFiles/__idf_lwip.dir/lwip/src/core/mem.c.obj^[[K
build	Build ESP32-C6 firmware	2026-09-24T10:57:38.6005589Z [568/1416] Building C object esp-idf/lwip/CMakeFiles/__idf_lwip.dir/lwip/src/core/memp.c.obj^[[K
build	Build ESP32-C6 firmware	2026-09-24T10:57:38.6231751Z [569/1416] Building C object esp-idf/lwip/CMakeFiles/__idf_lwip.dir/lwip/src/core/sys.c.obj^[[K
build	Build ESP32-C6 firmware	2026-09-24T10:57:38.6930909Z [570/1416] Building C object esp-idf/lwip/CMakeFiles/__idf_lwip.dir/lwip/src/core/stats.c.obj^[[K
build	Build ESP32-C6 firmware	2026-09-24T10:57:38.7326787Z [571/1416] Building C object esp-idf/lwip/CMakeFiles/__idf_lwip.dir/lwip/src/core/raw.c.obj^[[K
build	Build ESP32-C6 firmware	2026-09-24T10:57:38.7437466Z [572/1416] Building C object esp-idf/lwip/CMakeFiles/__idf_lwip.dir/lwip/src/core/netif.c.obj^[[K
build	Build ESP32-C6 firmware	2026-09-24T10:57:38.9775403Z [573/1416] Building C object esp-idf/lwip/CMakeFiles/__idf_lwip.dir/lwip/src/core/pbuf.c.obj^[[K
build	Build ESP32-C6 firmware	2026-09-24T10:57:38.9932906Z [574/1416] Building C object esp-idf/lwip/CMakeFiles/__idf_lwip.dir/lwip/src/core/ipv4/autoip.c.obj^[[K
build	Build ESP32-C6 firmware	2026-09-24T10:57:39.2292828Z [575/1416] Building C object esp-idf/lwip/CMakeFiles/__idf_lwip.dir/lwip/src/core/timeouts.c.obj^[[K
build	Build ESP32-C6 firmware	2026-09-24T10:57:39.2921529Z [576/1416] Building C object esp-idf/lwip/CMakeFiles/__idf_lwip.dir/lwip/src/core/tcp.c.obj^[[K
build	Build ESP32-C6 firmware	2026-09-24T10:57:39.3569425Z [577/1416] Building C object esp-idf/lwip/CMakeFiles/__idf_lwip.dir/lwip/src/core/tcp_out.c.obj^[[K
build	Build ESP32-C6 firmware	2026-09-24T10:57:39.3894599Z [578/1416] Building C object esp-idf/lwip/CMakeFiles/__idf_lwip.dir/lwip/src/core/udp.c.obj^[[K
build	Build ESP32-C6 firmware	2026-09-24T10:57:39.4819105Z [579/1416] Building C object esp-idf/lwip/CMakeFiles/__idf_lwip.dir/lwip/src/core/tcp_in.c.obj^[[K
build	Build ESP32-C6 firmware	2026-09-24T10:57:39.5643911Z [580/1416] Building C object esp-idf/lwip/CMakeFiles/__idf_lwip.dir/lwip/src/core/ipv4/etharp.c.obj^[[K
build	Build ESP32-C6 firmware	2026-09-24T10:57:39.6249671Z [581/1416] Building C object esp-idf/lwip/CMakeFiles/__idf_lwip.dir/lwip/src/core/ipv4/icmp.c.obj^[[K
build	Build ESP32-C6 firmware	2026-09-24T10:57:39.7136158Z [582/1416] Building C object esp-idf/lwip/CMakeFiles/__idf_lwip.dir/lwip/src/core/ipv4/dhcp.c.obj^[[K
build	Build ESP32-C6 firmware	2026-09-24T10:57:39.7369767Z [583/1416] Building C object esp-idf/lwip/CMakeFiles/__idf_lwip.dir/lwip/src/core/ipv4/ip4.c.obj^[[K
build	Build ESP32-C6 firmware	2026-09-24T10:57:39.7690110Z [584/1416] Building C object esp-idf/lwip/CMakeFiles/__idf_lwip.dir/lwip/src/core/ipv4/ip4_napt.c.obj^[[K
build	Build ESP32-C6 firmware	2026-09-24T10:57:39.8336193Z [585/1416] Building C object esp-idf/lwip/CMakeFiles/__idf_lwip.dir/lwip/src/core/ipv4/igmp.c.obj^[[K
build	Build ESP32-C6 firmware	2026-09-24T10:57:39.9543073Z [586/1416] Building C object esp-idf/lwip/CMakeFiles/__idf_lwip.dir/lwip/src/core/ipv4/ip4_addr.c.obj^[[K
build	Build ESP32-C6 firmware	2026-09-24T10:57:39.9675329Z [587/1416] Building C object esp-idf/lwip/CMakeFiles/__idf_lwip.dir/lwip/src/core/ipv4/ip4_frag.c.obj^[[K
build	Build ESP32-C6 firmware	2026-09-24T10:57:40.0166585Z [588/1416] Building C object esp-idf/lwip/CMakeFiles/__idf_lwip.dir/lwip/src/core/ipv6/dhcp6.c.obj^[[K
build	Build ESP32-C6 firmware	2026-09-24T10:57:40.0319390Z [589/1416] Building C object esp-idf/lwip/CMakeFiles/__idf_lwip.dir/lwip/src/core/ipv6/icmp6.c.obj^[[K
build	Build ESP32-C6 firmware	2026-09-24T10:57:40.0434044Z [590/1416] Building C object esp-idf/lwip/CMakeFiles/__idf_lwip.dir/lwip/src/core/ipv6/ethip6.c.obj^[[K
build	Build ESP32-C6 firmware	2026-09-24T10:57:40.3505017Z [591/1416] Building C object esp-idf/lwip/CMakeFiles/__idf_lwip.dir/lwip/src/core/ipv6/inet6.c.obj^[[K
build	Build ESP32-C6 firmware	2026-09-24T10:57:40.3840519Z [592/1416] Building C object esp-idf/lwip/CMakeFiles/__idf_lwip.dir/lwip/src/core/ipv6/ip6_addr.c.obj^[[K
build	Build ESP32-C6 firmware	2026-09-24T10:57:40.4009458Z [593/1416] Building C object esp-idf/lwip/CMakeFiles/__idf_lwip.dir/lwip/src/core/ipv6/ip6_frag.c.obj^[[K
build	Build ESP32-C6 firmware	2026-09-24T10:57:40.4137845Z [594/1416] Building C object esp-idf/lwip/CMakeFiles/__idf_lwip.dir/lwip/src/core/ipv6/ip6.c.obj^[[K
build	Build ESP32-C6 firmware	2026-09-24T10:57:40.4382310Z [595/1416] Building C object esp-idf/lwip/CMakeFiles/__idf_lwip.dir/lwip/src/netif/ethernet.c.obj^[[K
build	Build ESP32-C6 firmware	2026-09-24T10:57:40.6410700Z [596/1416] Building C object esp-idf/lwip/CMakeFiles/__idf_lwip.dir/lwip/src/core/ipv6/mld6.c.obj^[[K
build	Build ESP32-C6 firmware	2026-09-24T10:57:40.6838330Z [597/1416] Building C object esp-idf/lwip/CMakeFiles/__idf_lwip.dir/lwip/src/netif/bridgeif.c.obj^[[K
build	Build ESP32-C6 firmware	2026-09-24T10:57:40.6875819Z [598/1416] Building C object esp-idf/lwip/CMakeFiles/__idf_lwip.dir/lwip/src/netif/bridgeif_fdb.c.obj^[[K
build	Build ESP32-C6 firmware	2026-09-24T10:57:40.7960129Z [599/1416] Building C object esp-idf/lwip/CMakeFiles/__idf_lwip.dir/lwip/src/netif/ppp/auth.c.obj^[[K
build	Build ESP32-C6 firmware	2026-09-24T10:57:40.8547583Z [600/1416] Building C object esp-idf/lwip/CMakeFiles/__idf_lwip.dir/lwip/src/netif/ppp/ccp.c.obj^[[K
build	Build ESP32-C6 firmware	2026-09-24T10:57:40.8832012Z [601/1416] Building C object esp-idf/lwip/CMakeFiles/__idf_lwip.dir/lwip/src/netif/slipif.c.obj^[[K
build	Build ESP32-C6 firmware	2026-09-24T10:57:40.8889591Z [602/1416] Building C object esp-idf/lwip/CMakeFiles/__idf_lwip.dir/lwip/src/core/ipv6/nd6.c.obj^[[K
build	Build ESP32-C6 firmware	2026-09-24T10:57:40.8912614Z [603/1416] Building C object esp-idf/lwip/CMakeFiles/__idf_lwip.dir/lwip/src/netif/ppp/chap-md5.c.obj^[[K
build	Build ESP32-C6 firmware	2026-09-24T10:57:41.0599875Z [604/1416] Building C object esp-idf/lwip/CMakeFiles/__idf_lwip.dir/lwip/src/netif/ppp/chap-new.c.obj^[[K
build	Build ESP32-C6 firmware	2026-09-24T10:57:41.0924779Z [605/1416] Building C object esp-idf/lwip/CMakeFiles/__idf_lwip.dir/lwip/src/netif/ppp/chap_ms.c.obj^[[K
build	Build ESP32-C6 firmware	2026-09-24T10:57:41.0964935Z [606/1416] Building C object esp-idf/lwip/CMakeFiles/__idf_lwip.dir/lwip/src/netif/ppp/ecp.c.obj^[[K
build	Build ESP32-C6 firmware	2026-09-24T10:57:41.1193430Z [607/1416] Building C object esp-idf/lwip/CMakeFiles/__idf_lwip.dir/lwip/src/netif/ppp/demand.c.obj^[[K
build	Build ESP32-C6 firmware	2026-09-24T10:57:41.1240729Z [608/1416] Building C object esp-idf/lwip/CMakeFiles/__idf_lwip.dir/lwip/src/netif/ppp/eap.c.obj^[[K
build	Build ESP32-C6 firmware	2026-09-24T10:57:41.2183630Z [609/1416] Building C object esp-idf/lwip/CMakeFiles/__idf_lwip.dir/lwip/src/netif/ppp/fsm.c.obj^[[K
build	Build ESP32-C6 firmware	2026-09-24T10:57:41.3171207Z [610/1416] Building C object esp-idf/lwip/CMakeFiles/__idf_lwip.dir/lwip/src/netif/ppp/eui64.c.obj^[[K
build	Build ESP32-C6 firmware	2026-09-24T10:57:41.3457643Z [611/1416] Building C object esp-idf/lwip/CMakeFiles/__idf_lwip.dir/lwip/src/netif/ppp/ipv6cp.c.obj^[[K
build	Build ESP32-C6 firmware	2026-09-24T10:57:41.3483838Z [612/1416] Building C object esp-idf/lwip/CMakeFiles/__idf_lwip.dir/lwip/src/netif/ppp/lcp.c.obj^[[K
build	Build ESP32-C6 firmware	2026-09-24T10:57:41.3526318Z [613/1416] Building C object esp-idf/lwip/CMakeFiles/__idf_lwip.dir/lwip/src/netif/ppp/magic.c.obj^[[K
build	Build ESP32-C6 firmware	2026-09-24T10:57:41.4204605Z [614/1416] Building C object esp-idf/lwip/CMakeFiles/__idf_lwip.dir/lwip/src/netif/ppp/ipcp.c.obj^[[K
build	Build ESP32-C6 firmware	2026-09-24T10:57:41.5435316Z [615/1416] Building C object esp-idf/lwip/CMakeFiles/__idf_lwip.dir/lwip/src/netif/ppp/mppe.c.obj^[[K
build	Build ESP32-C6 firmware	2026-09-24T10:57:41.5785809Z [616/1416] Building C object esp-idf/lwip/CMakeFiles/__idf_lwip.dir/lwip/src/netif/ppp/pppapi.c.obj^[[K
build	Build ESP32-C6 firmware	2026-09-24T10:57:41.5855715Z [617/1416] Building C object esp-idf/lwip/CMakeFiles/__idf_lwip.dir/lwip/src/netif/ppp/multilink.c.obj^[[K
build	Build ESP32-C6 firmware	2026-09-24T10:57:41.6199870Z [618/1416] Building C object esp-idf/lwip/CMakeFiles/__idf_lwip.dir/lwip/src/netif/ppp/pppcrypt.c.obj^[[K
build	Build ESP32-C6 firmware	2026-09-24T10:57:41.6291123Z [619/1416] Building C object esp-idf/lwip/CMakeFiles/__idf_lwip.dir/lwip/src/netif/ppp/ppp.c.obj^[[K
build	Build ESP32-C6 firmware	2026-09-24T10:57:41.7219943Z [620/1416] Building C object esp-idf/lwip/CMakeFiles/__idf_lwip.dir/lwip/src/netif/ppp/pppoe.c.obj^[[K
build	Build ESP32-C6 firmware	2026-09-24T10:57:41.8322586Z [621/1416] Building C object esp-idf/lwip/CMakeFiles/__idf_lwip.dir/lwip/src/netif/ppp/pppol2tp.c.obj^[[K
build	Build ESP32-C6 firmware	2026-09-24T10:57:41.8526288Z [622/1416] Building C object esp-idf/lwip/CMakeFiles/__idf_lwip.dir/lwip/src/netif/ppp/pppos.c.obj^[[K
build	Build ESP32-C6 firmware	2026-09-24T10:57:41.8640474Z [623/1416] Building C object esp-idf/lwip/CMakeFiles/__idf_lwip.dir/lwip/src/netif/ppp/utils.c.obj^[[K
build	Build ESP32-C6 firmware	2026-09-24T10:57:41.8814621Z [624/1416] Building C object esp-idf/lwip/CMakeFiles/__idf_lwip.dir/lwip/src/netif/ppp/upap.c.obj^[[K
build	Build ESP32-C6 firmware	2026-09-24T10:57:42.0052611Z [625/1416] Building C object esp-idf/lwip/CMakeFiles/__idf_lwip.dir/lwip/src/netif/ppp/vj.c.obj^[[K
build	Build ESP32-C6 firmware	2026-09-24T10:57:42.0118027Z [626/1416] Building C object esp-idf/lwip/CMakeFiles/__idf_lwip.dir/port/hooks/lwip_default_hooks.c.obj^[[K
build	Build ESP32-C6 firmware	2026-09-24T10:57:42.1758713Z [627/1416] Building C object esp-idf/lwip/CMakeFiles/__idf_lwip.dir/port/hooks/tcp_isn_default.c.obj^[[K
build	Build ESP32-C6 firmware	2026-09-24T10:57:42.2510059Z [628/1416] Building C object esp-idf/lwip/CMakeFiles/__idf_lwip.dir/port/freertos/sys_arch.c.obj^[[K
build	Build ESP32-C6 firmware	2026-09-24T10:57:42.2651686Z [629/1416] Building C object esp-idf/lwip/CMakeFiles/__idf_lwip.dir/port/acd_dhcp_check.c.obj^[[K
build	Build ESP32-C6 firmware	2026-09-24T10:57:42.2959922Z [630/1416] Building C object esp-idf/lwip/CMakeFiles/__idf_lwip.dir/port/debug/lwip_debug.c.obj^[[K
build	Build ESP32-C6 firmware	2026-09-24T10:57:42.3335065Z [631/1416] Building C object esp-idf/lwip/CMakeFiles/__idf_lwip.dir/port/sockets_ext.c.obj^[[K
build	Build ESP32-C6 firmware	2026-09-24T10:57:42.3758474Z [632/1416] Building C object esp-idf/lwip/CMakeFiles/__idf_lwip.dir/port/esp32xx/vfs_lwip.c.obj^[[K
build	Build ESP32-C6 firmware	2026-09-24T10:57:42.5039296Z [633/1416] Building C object esp-idf/lwip/CMakeFiles/__idf_lwip.dir/apps/ping/esp_ping.c.obj^[[K
build	Build ESP32-C6 firmware	2026-09-24T10:57:42.5322457Z [634/1416] Building C object esp-idf/lwip/CMakeFiles/__idf_lwip.dir/apps/ping/ping.c.obj^[[K
build	Build ESP32-C6 firmware	2026-09-24T10:57:42.5818679Z [635/1416] Building C object esp-idf/lwip/CMakeFiles/__idf_lwip.dir/lwip/src/netif/ppp/polarssl/arc4.c.obj^[[K
build	Build ESP32-C6 firmware	2026-09-24T10:57:42.6296724Z [636/1416] Building C object esp-idf/lwip/CMakeFiles/__idf_lwip.dir/lwip/src/netif/ppp/polarssl/des.c.obj^[[K
build	Build ESP32-C6 firmware	2026-09-24T10:57:42.6780678Z [637/1416] Building C object esp-idf/lwip/CMakeFiles/__idf_lwip.dir/lwip/src/netif/ppp/polarssl/md4.c.obj^[[K
build	Build ESP32-C6 firmware	2026-09-24T10:57:42.6980240Z [638/1416] Building C object esp-idf/lwip/CMakeFiles/__idf_lwip.dir/lwip/src/netif/ppp/polarssl/md5.c.obj^[[K
build	Build ESP32-C6 firmware	2026-09-24T10:57:42.7298126Z [639/1416] Building C object esp-idf/lwip/CMakeFiles/__idf_lwip.dir/apps/ping/ping_sock.c.obj^[[K
build	Build ESP32-C6 firmware	2026-09-24T10:57:42.7755021Z [640/1416] Building C object esp-idf/lwip/CMakeFiles/__idf_lwip.dir/lwip/src/netif/ppp/polarssl/sha1.c.obj^[[K
build	Build ESP32-C6 firmware	2026-09-24T10:57:42.8202548Z [641/1416] Building C object esp-idf/esp_netif/CMakeFiles/__idf_esp_netif.dir/esp_netif_defaults.c.obj^[[K
build	Build ESP32-C6 firmware	2026-09-24T10:57:42.8812224Z [642/1416] Building C object esp-idf/esp_netif/CMakeFiles/__idf_esp_netif.dir/esp_netif_objects.c.obj^[[K
build	Build ESP32-C6 firmware	2026-09-24T10:57:43.0638948Z [643/1416] Building C object esp-idf/esp_netif/CMakeFiles/__idf_esp_netif.dir/esp_netif_handlers.c.obj^[[K
build	Build ESP32-C6 firmware	2026-09-24T10:57:43.0849086Z [644/1416] Building C object esp-idf/lwip/CMakeFiles/__idf_lwip.dir/apps/dhcpserver/dhcpserver.c.obj^[[K
build	Build ESP32-C6 firmware	2026-09-24T10:57:43.1215792Z [645/1416] Building C object esp-idf/esp_netif/CMakeFiles/__idf_esp_netif.dir/lwip/esp_netif_sntp.c.obj^[[K
build	Build ESP32-C6 firmware	2026-09-24T10:57:43.2227995Z [646/1416] Building C object esp-idf/esp_netif/CMakeFiles/__idf_esp_netif.dir/lwip/esp_netif_lwip_defaults.c.obj^[[K
build	Build ESP32-C6 firmware	2026-09-24T10:57:43.2694459Z [647/1416] Building C object esp-idf/esp_netif/CMakeFiles/__idf_esp_netif.dir/lwip/netif/wlanif.c.obj^[[K
build	Build ESP32-C6 firmware	2026-09-24T10:57:43.3738635Z [648/1416] Building C object esp-idf/esp_netif/CMakeFiles/__idf_esp_netif.dir/lwip/netif/ethernetif.c.obj^[[K
build	Build ESP32-C6 firmware	2026-09-24T10:57:43.4384148Z [649/1416] Building C object esp-idf/esp_netif/CMakeFiles/__idf_esp_netif.dir/lwip/netif/esp_pbuf_ref.c.obj^[[K
build	Build ESP32-C6 firmware	2026-09-24T10:57:43.6394691Z [650/1416] Building C object esp-idf/wpa_supplicant/CMakeFiles/__idf_wpa_supplicant.dir/port/os_xtensa.c.obj^[[K
build	Build ESP32-C6 firmware	2026-09-24T10:57:43.6469069Z [651/1416] Building C object esp-idf/wpa_supplicant/CMakeFiles/__idf_wpa_supplicant.dir/src/ap/ap_config.c.obj^[[K
build	Build ESP32-C6 firmware	2026-09-24T10:57:43.6981341Z [652/1416] Building C object esp-idf/wpa_supplicant/CMakeFiles/__idf_wpa_supplicant.dir/port/eloop.c.obj^[[K
build	Build ESP32-C6 firmware	2026-09-24T10:57:43.7516342Z [653/1416] Building C object esp-idf/wpa_supplicant/CMakeFiles/__idf_wpa_supplicant.dir/src/ap/ieee802_1x.c.obj^[[K
build	Build ESP32-C6 firmware	2026-09-24T10:57:43.9430502Z [654/1416] Building C object esp-idf/esp_netif/CMakeFiles/__idf_esp_netif.dir/lwip/esp_netif_lwip.c.obj^[[K
build	Build ESP32-C6 firmware	2026-09-24T10:57:43.9642408Z [655/1416] Building C object esp-idf/wpa_supplicant/CMakeFiles/__idf_wpa_supplicant.dir/src/ap/pmksa_cache_auth.c.obj^[[K
build	Build ESP32-C6 firmware	2026-09-24T10:57:44.1090491Z [656/1416] Building C object esp-idf/wpa_supplicant/CMakeFiles/__idf_wpa_supplicant.dir/src/ap/wpa_auth_ie.c.obj^[[K
build	Build ESP32-C6 firmware	2026-09-24T10:57:44.1420135Z [657/1416] Building C object esp-idf/wpa_supplicant/CMakeFiles/__idf_wpa_supplicant.dir/src/ap/sta_info.c.obj^[[K
build	Build ESP32-C6 firmware	2026-09-24T10:57:44.2699805Z [658/1416] Building C object esp-idf/wpa_supplicant/CMakeFiles/__idf_wpa_supplicant.dir/src/ap/comeback_token.c.obj^[[K
build	Build ESP32-C6 firmware	2026-09-24T10:57:44.2818343Z [659/1416] Building C object esp-idf/wpa_supplicant/CMakeFiles/__idf_wpa_supplicant.dir/src/ap/wpa_auth.c.obj^[[K
build	Build ESP32-C6 firmware	2026-09-24T10:57:44.3101910Z [660/1416] Building C object esp-idf/wpa_supplicant/CMakeFiles/__idf_wpa_supplicant.dir/src/common/dragonfly.c.obj^[[K
build	Build ESP32-C6 firmware	2026-09-24T10:57:44.5740792Z [661/1416] Building C object esp-idf/wpa_supplicant/CMakeFiles/__idf_wpa_supplicant.dir/src/ap/ieee802_11.c.obj^[[K
build	Build ESP32-C6 firmware	2026-09-24T10:57:44.5939166Z [662/1416] Building C object esp-idf/wpa_supplicant/CMakeFiles/__idf_wpa_supplicant.dir/src/utils/bitfield.c.obj^[[K
build	Build ESP32-C6 firmware	2026-09-24T10:57:44.6490719Z [663/1416] Building C object esp-idf/wpa_supplicant/CMakeFiles/__idf_wpa_supplicant.dir/src/common/wpa_common.c.obj^[[K
build	Build ESP32-C6 firmware	2026-09-24T10:57:44.6553805Z [664/1416] Building C object esp-idf/wpa_supplicant/CMakeFiles/__idf_wpa_supplicant.dir/src/crypto/sha256-kdf.c.obj^[[K
build	Build ESP32-C6 firmware	2026-09-24T10:57:44.7559422Z [665/1416] Building C object esp-idf/wpa_supplicant/CMakeFiles/__idf_wpa_supplicant.dir/src/crypto/aes-siv.c.obj^[[K
build	Build ESP32-C6 firmware	2026-09-24T10:57:44.9089406Z [666/1416] Building C object esp-idf/wpa_supplicant/CMakeFiles/__idf_wpa_supplicant.dir/src/crypto/ccmp.c.obj^[[K
build	Build ESP32-C6 firmware	2026-09-24T10:57:44.9534732Z [667/1416] Building C object esp-idf/wpa_supplicant/CMakeFiles/__idf_wpa_supplicant.dir/src/crypto/crypto_ops.c.obj^[[K
build	Build ESP32-C6 firmware	2026-09-24T10:57:44.9553620Z [668/1416] Building C object esp-idf/wpa_supplicant/CMakeFiles/__idf_wpa_supplicant.dir/src/crypto/aes-gcm.c.obj^[[K
build	Build ESP32-C6 firmware	2026-09-24T10:57:45.0103995Z [669/1416] Building C object esp-idf/wpa_supplicant/CMakeFiles/__idf_wpa_supplicant.dir/src/common/sae.c.obj^[[K
build	Build ESP32-C6 firmware	2026-09-24T10:57:45.0644722Z [670/1416] Building C object esp-idf/wpa_supplicant/CMakeFiles/__idf_wpa_supplicant.dir/src/crypto/dh_group5.c.obj^[[K
build	Build ESP32-C6 firmware	2026-09-24T10:57:45.2165592Z [671/1416] Building C object esp-idf/wpa_supplicant/CMakeFiles/__idf_wpa_supplicant.dir/src/crypto/dh_groups.c.obj^[[K
build	Build ESP32-C6 firmware	2026-09-24T10:57:45.2334625Z [672/1416] Building C object esp-idf/wpa_supplicant/CMakeFiles/__idf_wpa_supplicant.dir/src/crypto/ms_funcs.c.obj^[[K
build	Build ESP32-C6 firmware	2026-09-24T10:57:45.2536514Z [673/1416] Building C object esp-idf/wpa_supplicant/CMakeFiles/__idf_wpa_supplicant.dir/src/crypto/sha384-tlsprf.c.obj^[[K
build	Build ESP32-C6 firmware	2026-09-24T10:57:45.2654038Z [674/1416] Building C object esp-idf/wpa_supplicant/CMakeFiles/__idf_wpa_supplicant.dir/src/crypto/sha1-tlsprf.c.obj^[[K
build	Build ESP32-C6 firmware	2026-09-24T10:57:45.4153367Z [675/1416] Building C object esp-idf/wpa_supplicant/CMakeFiles/__idf_wpa_supplicant.dir/src/crypto/sha256-tlsprf.c.obj^[[K
build	Build ESP32-C6 firmware	2026-09-24T10:57:45.4167648Z [676/1416] Building C object esp-idf/wpa_supplicant/CMakeFiles/__idf_wpa_supplicant.dir/src/crypto/sha256-prf.c.obj^[[K
build	Build ESP32-C6 firmware	2026-09-24T10:57:45.4711566Z [677/1416] Building C object esp-idf/wpa_supplicant/CMakeFiles/__idf_wpa_supplicant.dir/src/crypto/sha1-prf.c.obj^[[K
build	Build ESP32-C6 firmware	2026-09-24T10:57:45.5904592Z [678/1416] Building C object esp-idf/wpa_supplicant/CMakeFiles/__idf_wpa_supplicant.dir/src/crypto/sha384-prf.c.obj^[[K
build	Build ESP32-C6 firmware	2026-09-24T10:57:45.6225110Z [679/1416] Building C object esp-idf/wpa_supplicant/CMakeFiles/__idf_wpa_supplicant.dir/src/crypto/sha1-tprf.c.obj^[[K
build	Build ESP32-C6 firmware	2026-09-24T10:57:45.6596001Z [680/1416] Building C object esp-idf/wpa_supplicant/CMakeFiles/__idf_wpa_supplicant.dir/src/crypto/md4-internal.c.obj^[[K
build	Build ESP32-C6 firmware	2026-09-24T10:57:45.7466716Z [681/1416] Building C object esp-idf/wpa_supplicant/CMakeFiles/__idf_wpa_supplicant.dir/src/eap_common/eap_wsc_common.c.obj^[[K
build	Build ESP32-C6 firmware	2026-09-24T10:57:45.8094079Z [682/1416] Building C object esp-idf/wpa_supplicant/CMakeFiles/__idf_wpa_supplicant.dir/src/eap_peer/chap.c.obj^[[K
build	Build ESP32-C6 firmware	2026-09-24T10:57:45.9599628Z [683/1416] Building C object esp-idf/wpa_supplicant/CMakeFiles/__idf_wpa_supplicant.dir/src/common/ieee802_11_common.c.obj^[[K
build	Build ESP32-C6 firmware	2026-09-24T10:57:46.0074579Z [684/1416] Building C object esp-idf/wpa_supplicant/CMakeFiles/__idf_wpa_supplicant.dir/src/eap_peer/eap.c.obj^[[K
build	Build ESP32-C6 firmware	2026-09-24T10:57:46.0568324Z [685/1416] Building C object esp-idf/wpa_supplicant/CMakeFiles/__idf_wpa_supplicant.dir/src/eap_peer/eap_peap_common.c.obj^[[K
build	Build ESP32-C6 firmware	2026-09-24T10:57:46.1092349Z [686/1416] Building C object esp-idf/wpa_supplicant/CMakeFiles/__idf_wpa_supplicant.dir/src/eap_peer/eap_common.c.obj^[[K
build	Build ESP32-C6 firmware	2026-09-24T10:57:46.1961111Z [687/1416] Building C object esp-idf/wpa_supplicant/CMakeFiles/__idf_wpa_supplicant.dir/src/eap_peer/eap_mschapv2.c.obj^[[K
build	Build ESP32-C6 firmware	2026-09-24T10:57:46.3391167Z [688/1416] Building C object esp-idf/wpa_supplicant/CMakeFiles/__idf_wpa_supplicant.dir/src/eap_peer/eap_tls.c.obj^[[K
build	Build ESP32-C6 firmware	2026-09-24T10:57:46.4177869Z [689/1416] Building C object esp-idf/wpa_supplicant/CMakeFiles/__idf_wpa_supplicant.dir/src/eap_peer/mschapv2.c.obj^[[K
build	Build ESP32-C6 firmware	2026-09-24T10:57:46.4769979Z [690/1416] Building C object esp-idf/wpa_supplicant/CMakeFiles/__idf_wpa_supplicant.dir/src/eap_peer/eap_peap.c.obj^[[K
build	Build ESP32-C6 firmware	2026-09-24T10:57:46.5869523Z [691/1416] Building C object esp-idf/wpa_supplicant/CMakeFiles/__idf_wpa_supplicant.dir/src/eap_peer/eap_tls_common.c.obj^[[K
build	Build ESP32-C6 firmware	2026-09-24T10:57:46.7303832Z [692/1416] Building C object esp-idf/wpa_supplicant/CMakeFiles/__idf_wpa_supplicant.dir/src/eap_peer/eap_fast_common.c.obj^[[K
build	Build ESP32-C6 firmware	2026-09-24T10:57:46.8777131Z [693/1416] Building C object esp-idf/wpa_supplicant/CMakeFiles/__idf_wpa_supplicant.dir/src/eap_peer/eap_ttls.c.obj^[[K
build	Build ESP32-C6 firmware	2026-09-24T10:57:46.9115294Z [694/1416] Building C object esp-idf/wpa_supplicant/CMakeFiles/__idf_wpa_supplicant.dir/src/rsn_supp/pmksa_cache.c.obj^[[K
build	Build ESP32-C6 firmware	2026-09-24T10:57:46.9221654Z [695/1416] Building C object esp-idf/wpa_supplicant/CMakeFiles/__idf_wpa_supplicant.dir/src/eap_peer/eap_fast_pac.c.obj^[[K
build	Build ESP32-C6 firmware	2026-09-24T10:57:46.9944542Z [696/1416] Building C object esp-idf/wpa_supplicant/CMakeFiles/__idf_wpa_supplicant.dir/src/rsn_supp/wpa_ie.c.obj^[[K
build	Build ESP32-C6 firmware	2026-09-24T10:57:47.0602547Z [697/1416] Building C object esp-idf/wpa_supplicant/CMakeFiles/__idf_wpa_supplicant.dir/src/eap_peer/eap_fast.c.obj^[[K
build	Build ESP32-C6 firmware	2026-09-24T10:57:47.2707908Z [698/1416] Building C object esp-idf/wpa_supplicant/CMakeFiles/__idf_wpa_supplicant.dir/src/utils/base64.c.obj^[[K
build	Build ESP32-C6 firmware	2026-09-24T10:57:47.3269711Z [699/1416] Building C object esp-idf/wpa_supplicant/CMakeFiles/__idf_wpa_supplicant.dir/src/utils/common.c.obj^[[K
build	Build ESP32-C6 firmware	2026-09-24T10:57:47.3271817Z [700/1416] Building C object esp-idf/wpa_supplicant/CMakeFiles/__idf_wpa_supplicant.dir/src/utils/ext_password.c.obj^[[K
build	Build ESP32-C6 firmware	2026-09-24T10:57:47.3383410Z [701/1416] Building C object esp-idf/wpa_supplicant/CMakeFiles/__idf_wpa_supplicant.dir/src/utils/uuid.c.obj^[[K
build	Build ESP32-C6 firmware	2026-09-24T10:57:47.4602727Z [702/1416] Building C object esp-idf/wpa_supplicant/CMakeFiles/__idf_wpa_supplicant.dir/src/utils/wpabuf.c.obj^[[K
build	Build ESP32-C6 firmware	2026-09-24T10:57:47.4799437Z [703/1416] Building C object esp-idf/wpa_supplicant/CMakeFiles/__idf_wpa_supplicant.dir/src/utils/wpa_debug.c.obj^[[K
build	Build ESP32-C6 firmware	2026-09-24T10:57:47.7204514Z [704/1416] Building C object esp-idf/wpa_supplicant/CMakeFiles/__idf_wpa_supplicant.dir/src/rsn_supp/wpa.c.obj^[[K
build	Build ESP32-C6 firmware	2026-09-24T10:57:47.7433631Z [705/1416] Building C object esp-idf/wpa_supplicant/CMakeFiles/__idf_wpa_supplicant.dir/src/wps/wps.c.obj^[[K
build	Build ESP32-C6 firmware	2026-09-24T10:57:47.7625074Z [706/1416] Building C object esp-idf/wpa_supplicant/CMakeFiles/__idf_wpa_supplicant.dir/src/utils/json.c.obj^[[K
build	Build ESP32-C6 firmware	2026-09-24T10:57:47.7962643Z [707/1416] Building C object esp-idf/wpa_supplicant/CMakeFiles/__idf_wpa_supplicant.dir/src/wps/wps_attr_parse.c.obj^[[K
build	Build ESP32-C6 firmware	2026-09-24T10:57:47.9354739Z [708/1416] Building C object esp-idf/wpa_supplicant/CMakeFiles/__idf_wpa_supplicant.dir/src/wps/wps_attr_process.c.obj^[[K
build	Build ESP32-C6 firmware	2026-09-24T10:57:47.9954088Z [709/1416] Building C object esp-idf/wpa_supplicant/CMakeFiles/__idf_wpa_supplicant.dir/src/wps/wps_attr_build.c.obj^[[K
build	Build ESP32-C6 firmware	2026-09-24T10:57:48.0893643Z [710/1416] Building C object esp-idf/wpa_supplicant/CMakeFiles/__idf_wpa_supplicant.dir/src/wps/wps_common.c.obj^[[K
build	Build ESP32-C6 firmware	2026-09-24T10:57:48.1563295Z [711/1416] Building C object esp-idf/wpa_supplicant/CMakeFiles/__idf_wpa_supplicant.dir/esp_supplicant/src/esp_wpa2_api_port.c.obj^[[K
build	Build ESP32-C6 firmware	2026-09-24T10:57:48.2764450Z [712/1416] Building C object esp-idf/wpa_supplicant/CMakeFiles/__idf_wpa_supplicant.dir/src/wps/wps_dev_attr.c.obj^[[K
build	Build ESP32-C6 firmware	2026-09-24T10:57:48.3724509Z [713/1416] Building C object esp-idf/wpa_supplicant/CMakeFiles/__idf_wpa_supplicant.dir/src/common/sae_pk.c.obj^[[K
build	Build ESP32-C6 firmware	2026-09-24T10:57:48.4407760Z [714/1416] Building C object esp-idf/wpa_supplicant/CMakeFiles/__idf_wpa_supplicant.dir/src/wps/wps_enrollee.c.obj^[[K
build	Build ESP32-C6 firmware	2026-09-24T10:57:48.5594019Z [715/1416] Building C object esp-idf/wpa_supplicant/CMakeFiles/__idf_wpa_supplicant.dir/esp_supplicant/src/esp_wpa_main.c.obj^[[K
build	Build ESP32-C6 firmware	2026-09-24T10:57:48.6325122Z [716/1416] Building C object esp-idf/wpa_supplicant/CMakeFiles/__idf_wpa_supplicant.dir/esp_supplicant/src/esp_wpas_glue.c.obj^[[K
build	Build ESP32-C6 firmware	2026-09-24T10:57:48.6356743Z [717/1416] Building C object esp-idf/wpa_supplicant/CMakeFiles/__idf_wpa_supplicant.dir/esp_supplicant/src/esp_eap_client.c.obj^[[K
build	Build ESP32-C6 firmware	2026-09-24T10:57:48.7863566Z [718/1416] Building C object esp-idf/wpa_supplicant/CMakeFiles/__idf_wpa_supplicant.dir/esp_supplicant/src/esp_common.c.obj^[[K
build	Build ESP32-C6 firmware	2026-09-24T10:57:48.8533561Z [719/1416] Building C object esp-idf/wpa_supplicant/CMakeFiles/__idf_wpa_supplicant.dir/esp_supplicant/src/esp_owe.c.obj^[[K
build	Build ESP32-C6 firmware	2026-09-24T10:57:48.9660509Z [720/1416] Building C object esp-idf/wpa_supplicant/CMakeFiles/__idf_wpa_supplicant.dir/esp_supplicant/src/esp_wpa3.c.obj^[[K
build	Build ESP32-C6 firmware	2026-09-24T10:57:49.0404146Z [721/1416] Building C object esp-idf/wpa_supplicant/CMakeFiles/__idf_wpa_supplicant.dir/esp_supplicant/src/esp_wps.c.obj^[[K
build	Build ESP32-C6 firmware	2026-09-24T10:57:49.1101419Z [722/1416] Building C object esp-idf/wpa_supplicant/CMakeFiles/__idf_wpa_supplicant.dir/esp_supplicant/src/esp_hostap.c.obj^[[K
build	Build ESP32-C6 firmware	2026-09-24T10:57:49.1904717Z [723/1416] Building C object esp-idf/wpa_supplicant/CMakeFiles/__idf_wpa_supplicant.dir/esp_supplicant/src/crypto/fastpbkdf2.c.obj^[[K
build	Build ESP32-C6 firmware	2026-09-24T10:57:49.3500277Z [724/1416] Building C object esp-idf/wpa_supplicant/CMakeFiles/__idf_wpa_supplicant.dir/esp_supplicant/src/crypto/crypto_mbedtls.c.obj^[[K
build	Build ESP32-C6 firmware	2026-09-24T10:57:49.3814770Z [725/1416] Building C object esp-idf/wpa_supplicant/CMakeFiles/__idf_wpa_supplicant.dir/esp_supplicant/src/crypto/tls_mbedtls.c.obj^[[K
build	Build ESP32-C6 firmware	2026-09-24T10:57:49.4343579Z [726/1416] Building C object esp-idf/wpa_supplicant/CMakeFiles/__idf_wpa_supplicant.dir/esp_supplicant/src/crypto/crypto_mbedtls-bignum.c.obj^[[K
build	Build ESP32-C6 firmware	2026-09-24T10:57:49.5912678Z [727/1416] Building C object esp-idf/wpa_supplicant/CMakeFiles/__idf_wpa_supplicant.dir/src/crypto/rc4.c.obj^[[K
build	Build ESP32-C6 firmware	2026-09-24T10:57:49.5992932Z [728/1416] Building C object esp-idf/wpa_supplicant/CMakeFiles/__idf_wpa_supplicant.dir/esp_supplicant/src/crypto/crypto_mbedtls-rsa.c.obj^[[K
build	Build ESP32-C6 firmware	2026-09-24T10:57:49.6911136Z [729/1416] Building C object esp-idf/wpa_supplicant/CMakeFiles/__idf_wpa_supplicant.dir/src/crypto/des-internal.c.obj^[[K
build	Build ESP32-C6 firmware	2026-09-24T10:57:49.7096678Z [730/1416] Building C object esp-idf/wpa_supplicant/CMakeFiles/__idf_wpa_supplicant.dir/src/crypto/aes-wrap.c.obj^[[K
build	Build ESP32-C6 firmware	2026-09-24T10:57:49.7652931Z [731/1416] Building C object esp-idf/wpa_supplicant/CMakeFiles/__idf_wpa_supplicant.dir/src/crypto/aes-unwrap.c.obj^[[K
build	Build ESP32-C6 firmware	2026-09-24T10:57:49.7793243Z [732/1416] Building C object esp-idf/esp_coex/CMakeFiles/__idf_esp_coex.dir/src/lib_printf.c.obj^[[K
build	Build ESP32-C6 firmware	2026-09-24T10:57:49.8007512Z [733/1416] Building C object esp-idf/esp_coex/CMakeFiles/__idf_esp_coex.dir/src/coexist_debug_diagram.c.obj^[[K
build	Build ESP32-C6 firmware	2026-09-24T10:57:49.8432404Z [734/1416] Building C object esp-idf/wpa_supplicant/CMakeFiles/__idf_wpa_supplicant.dir/src/crypto/aes-ccm.c.obj^[[K
build	Build ESP32-C6 firmware	2026-09-24T10:57:49.8795350Z [735/1416] Building C object esp-idf/wpa_supplicant/CMakeFiles/__idf_wpa_supplicant.dir/esp_supplicant/src/crypto/crypto_mbedtls-ec.c.obj^[[K
build	Build ESP32-C6 firmware	2026-09-24T10:57:49.9311166Z [736/1416] Building C object esp-idf/esp_coex/CMakeFiles/__idf_esp_coex.dir/src/coexist.c.obj^[[K
build	Build ESP32-C6 firmware	2026-09-24T10:57:49.9937171Z [737/1416] Building C object esp-idf/esp_wifi/CMakeFiles/__idf_esp_wifi.dir/src/lib_printf.c.obj^[[K
build	Build ESP32-C6 firmware	2026-09-24T10:57:50.0430639Z [738/1416] Building C object esp-idf/esp_coex/CMakeFiles/__idf_esp_coex.dir/src/coexist_debug.c.obj^[[K
build	Build ESP32-C6 firmware	2026-09-24T10:57:50.0462198Z [739/1416] Building C object esp-idf/esp_coex/CMakeFiles/__idf_esp_coex.dir/esp32c6/esp_coex_adapter.c.obj^[[K
build	Build ESP32-C6 firmware	2026-09-24T10:57:50.1678697Z [740/1416] Building C object esp-idf/esp_wifi/CMakeFiles/__idf_esp_wifi.dir/src/mesh_event.c.obj^[[K
build	Build ESP32-C6 firmware	2026-09-24T10:57:50.2257927Z [741/1416] Building C object esp-idf/esp_wifi/CMakeFiles/__idf_esp_wifi.dir/src/smartconfig.c.obj^[[K
build	Build ESP32-C6 firmware	2026-09-24T10:57:50.3143740Z [742/1416] Building C object esp-idf/esp_wifi/CMakeFiles/__idf_esp_wifi.dir/src/wifi_default_ap.c.obj^[[K
build	Build ESP32-C6 firmware	2026-09-24T10:57:50.3364257Z [743/1416] Building C object esp-idf/esp_wifi/CMakeFiles/__idf_esp_wifi.dir/src/wifi_netif.c.obj^[[K
build	Build ESP32-C6 firmware	2026-09-24T10:57:50.3890914Z [744/1416] Building C object esp-idf/esp_wifi/CMakeFiles/__idf_esp_wifi.dir/src/wifi_default.c.obj^[[K
build	Build ESP32-C6 firmware	2026-09-24T10:57:50.5864626Z [745/1416] Building C object esp-idf/esp_wifi/CMakeFiles/__idf_esp_wifi.dir/src/wifi_init.c.obj^[[K
build	Build ESP32-C6 firmware	2026-09-24T10:57:50.5895887Z [746/1416] Building C object esp-idf/esp_wifi/CMakeFiles/__idf_esp_wifi.dir/esp32c6/esp_adapter.c.obj^[[K
build	Build ESP32-C6 firmware	2026-09-24T10:57:50.6283544Z [747/1416] Building C object esp-idf/esp-tls/CMakeFiles/__idf_esp-tls.dir/esp-tls-crypto/esp_tls_crypto.c.obj^[[K
build	Build ESP32-C6 firmware	2026-09-24T10:57:50.6561333Z [748/1416] Building C object esp-idf/esp_wifi/CMakeFiles/__idf_esp_wifi.dir/src/smartconfig_ack.c.obj^[[K
build	Build ESP32-C6 firmware	2026-09-24T10:57:50.7180244Z [749/1416] Building C object esp-idf/esp-tls/CMakeFiles/__idf_esp-tls.dir/esp_tls_error_capture.c.obj^[[K
build	Build ESP32-C6 firmware	2026-09-24T10:57:50.9425437Z [750/1416] Building C object esp-idf/esp-tls/CMakeFiles/__idf_esp-tls.dir/esp_tls_platform_port.c.obj^[[K
build	Build ESP32-C6 firmware	2026-09-24T10:57:51.0225010Z [751/1416] Building C object esp-idf/esp_adc/CMakeFiles/__idf_esp_adc.dir/adc_cali.c.obj^[[K
build	Build ESP32-C6 firmware	2026-09-24T10:57:51.0313678Z [752/1416] Building C object esp-idf/esp_adc/CMakeFiles/__idf_esp_adc.dir/adc_oneshot.c.obj^[[K
build	Build ESP32-C6 firmware	2026-09-24T10:57:51.0943899Z [753/1416] Building C object esp-idf/http_parser/CMakeFiles/__idf_http_parser.dir/http_parser.c.obj^[[K
build	Build ESP32-C6 firmware	2026-09-24T10:57:51.1191008Z [754/1416] Building C object esp-idf/esp_adc/CMakeFiles/__idf_esp_adc.dir/adc_common.c.obj^[[K
build	Build ESP32-C6 firmware	2026-09-24T10:57:51.2074155Z [755/1416] Building C object esp-idf/esp_adc/CMakeFiles/__idf_esp_adc.dir/deprecated/esp_adc_cal_common_legacy.c.obj^[[K
build	Build ESP32-C6 firmware	2026-09-24T10:57:51.2173194Z [756/1416] Building C object esp-idf/esp-tls/CMakeFiles/__idf_esp-tls.dir/esp_tls.c.obj^[[K
build	Build ESP32-C6 firmware	2026-09-24T10:57:51.2534161Z [757/1416] Building C object esp-idf/esp_adc/CMakeFiles/__idf_esp_adc.dir/adc_cali_curve_fitting.c.obj^[[K
build	Build ESP32-C6 firmware	2026-09-24T10:57:51.3949989Z [758/1416] Building C object esp-idf/esp-tls/CMakeFiles/__idf_esp-tls.dir/esp_tls_mbedtls.c.obj^[[K
build	Build ESP32-C6 firmware	2026-09-24T10:57:51.4532916Z [759/1416] Building C object esp-idf/esp_adc/CMakeFiles/__idf_esp_adc.dir/gdma/adc_dma.c.obj^[[K
build	Build ESP32-C6 firmware	2026-09-24T10:57:51.5175822Z [760/1416] Building C object esp-idf/esp_adc/CMakeFiles/__idf_esp_adc.dir/esp32c6/curve_fitting_coefficients.c.obj^[[K
build	Build ESP32-C6 firmware	2026-09-24T10:57:51.6039764Z [761/1416] Building C object esp-idf/esp_adc/CMakeFiles/__idf_esp_adc.dir/adc_continuous.c.obj^[[K
build	Build ESP32-C6 firmware	2026-09-24T10:57:51.6455808Z [762/1416] Building C object esp-idf/esp_adc/CMakeFiles/__idf_esp_adc.dir/adc_monitor.c.obj^[[K
build	Build ESP32-C6 firmware	2026-09-24T10:57:51.6531505Z [763/1416] Building C object esp-idf/esp_adc/CMakeFiles/__idf_esp_adc.dir/adc_filter.c.obj^[[K
build	Build ESP32-C6 firmware	2026-09-24T10:57:51.6694186Z [764/1416] Building C object esp-idf/esp_gdbstub/CMakeFiles/__idf_esp_gdbstub.dir/src/gdbstub.c.obj^[[K
build	Build ESP32-C6 firmware	2026-09-24T10:57:51.7422880Z [765/1416] Building C object esp-idf/esp_gdbstub/CMakeFiles/__idf_esp_gdbstub.dir/src/gdbstub_transport.c.obj^[[K
build	Build ESP32-C6 firmware	2026-09-24T10:57:51.8236675Z [766/1416] Building C object esp-idf/esp_gdbstub/CMakeFiles/__idf_esp_gdbstub.dir/src/packet.c.obj^[[K
build	Build ESP32-C6 firmware	2026-09-24T10:57:51.8321217Z [767/1416] Building C object esp-idf/esp_gdbstub/CMakeFiles/__idf_esp_gdbstub.dir/src/port/riscv/rv_decode.c.obj^[[K
build	Build ESP32-C6 firmware	2026-09-24T10:57:52.1404988Z [768/1416] Building C object esp-idf/esp_gdbstub/CMakeFiles/__idf_esp_gdbstub.dir/src/port/riscv/gdbstub_riscv.c.obj^[[K
build	Build ESP32-C6 firmware	2026-09-24T10:57:52.1514855Z [769/1416] Building C object esp-idf/tcp_transport/CMakeFiles/__idf_tcp_transport.dir/transport_socks_proxy.c.obj^[[K
build	Build ESP32-C6 firmware	2026-09-24T10:57:52.1788828Z [770/1416] Building C object esp-idf/tcp_transport/CMakeFiles/__idf_tcp_transport.dir/transport_internal.c.obj^[[K
build	Build ESP32-C6 firmware	2026-09-24T10:57:52.4418211Z [771/1416] Building C object esp-idf/tcp_transport/CMakeFiles/__idf_tcp_transport.dir/transport.c.obj^[[K
build	Build ESP32-C6 firmware	2026-09-24T10:57:52.4544280Z [772/1416] Building C object esp-idf/tcp_transport/CMakeFiles/__idf_tcp_transport.dir/transport_ssl.c.obj^[[K
build	Build ESP32-C6 firmware	2026-09-24T10:57:52.4932772Z [773/1416] Building C object esp-idf/esp_http_client/CMakeFiles/__idf_esp_http_client.dir/lib/http_header.c.obj^[[K
build	Build ESP32-C6 firmware	2026-09-24T10:57:52.5715141Z [774/1416] Building C object esp-idf/esp_http_client/CMakeFiles/__idf_esp_http_client.dir/lib/http_utils.c.obj^[[K
build	Build ESP32-C6 firmware	2026-09-24T10:57:52.6310064Z [775/1416] Building C object esp-idf/tcp_transport/CMakeFiles/__idf_tcp_transport.dir/transport_ws.c.obj^[[K
build	Build ESP32-C6 firmware	2026-09-24T10:57:52.8134638Z [776/1416] Building C object esp-idf/esp_http_client/CMakeFiles/__idf_esp_http_client.dir/lib/http_auth.c.obj^[[K
build	Build ESP32-C6 firmware	2026-09-24T10:57:52.9501301Z [777/1416] Building C object esp-idf/esp_http_client/CMakeFiles/__idf_esp_http_client.dir/esp_http_client.c.obj^[[K
build	Build ESP32-C6 firmware	2026-09-24T10:57:52.9646670Z [778/1416] Building C object esp-idf/esp_http_server/CMakeFiles/__idf_esp_http_server.dir/src/httpd_sess.c.obj^[[K
build	Build ESP32-C6 firmware	2026-09-24T10:57:53.0701059Z [779/1416] Building C object esp-idf/esp_http_server/CMakeFiles/__idf_esp_http_server.dir/src/httpd_parse.c.obj^[[K
build	Build ESP32-C6 firmware	2026-09-24T10:57:53.0854666Z [780/1416] Building C object esp-idf/esp_http_server/CMakeFiles/__idf_esp_http_server.dir/src/httpd_main.c.obj^[[K
build	Build ESP32-C6 firmware	2026-09-24T10:57:53.0953144Z [781/1416] Building C object esp-idf/esp_http_server/CMakeFiles/__idf_esp_http_server.dir/src/httpd_txrx.c.obj^[[K
build	Build ESP32-C6 firmware	2026-09-24T10:57:53.1615096Z [782/1416] Building C object esp-idf/esp_http_server/CMakeFiles/__idf_esp_http_server.dir/src/httpd_uri.c.obj^[[K
build	Build ESP32-C6 firmware	2026-09-24T10:57:53.2113368Z [783/1416] Building C object esp-idf/esp_http_server/CMakeFiles/__idf_esp_http_server.dir/src/httpd_ws.c.obj^[[K
build	Build ESP32-C6 firmware	2026-09-24T10:57:53.2731077Z [784/1416] Building C object esp-idf/esp_http_server/CMakeFiles/__idf_esp_http_server.dir/src/util/ctrl_sock.c.obj^[[K
build	Build ESP32-C6 firmware	2026-09-24T10:57:53.2798763Z [785/1416] Building C object esp-idf/esp_https_ota/CMakeFiles/__idf_esp_https_ota.dir/src/esp_https_ota.c.obj^[[K
build	Build ESP32-C6 firmware	2026-09-24T10:57:53.2916049Z [786/1416] Linking C static library esp-idf/esp_https_ota/libesp_https_ota.a^[[K
build	Build ESP32-C6 firmware	2026-09-24T10:57:53.3016254Z [787/1416] Linking C static library esp-idf/esp_http_server/libesp_http_server.a^[[K
build	Build ESP32-C6 firmware	2026-09-24T10:57:53.3118490Z [788/1416] Linking C static library esp-idf/esp_http_client/libesp_http_client.a^[[K
build	Build ESP32-C6 firmware	2026-09-24T10:57:53.3210356Z [789/1416] Linking C static library esp-idf/tcp_transport/libtcp_transport.a^[[K
build	Build ESP32-C6 firmware	2026-09-24T10:57:53.3341524Z [790/1416] Linking C static library esp-idf/esp_gdbstub/libesp_gdbstub.a^[[K
build	Build ESP32-C6 firmware	2026-09-24T10:57:53.3437389Z [791/1416] Linking C static library esp-idf/esp_adc/libesp_adc.a^[[K
build	Build ESP32-C6 firmware	2026-09-24T10:57:53.3513424Z [792/1416] Linking C static library esp-idf/esp-tls/libesp-tls.a^[[K
build	Build ESP32-C6 firmware	2026-09-24T10:57:53.3634527Z [793/1416] Linking C static library esp-idf/http_parser/libhttp_parser.a^[[K
build	Build ESP32-C6 firmware	2026-09-24T10:57:53.3713693Z [794/1416] Linking C static library esp-idf/esp_wifi/libesp_wifi.a^[[K
build	Build ESP32-C6 firmware	2026-09-24T10:57:53.4525240Z [795/1416] Linking C static library esp-idf/esp_coex/libesp_coex.a^[[K
build	Build ESP32-C6 firmware	2026-09-24T10:57:53.4670574Z [796/1416] Linking C static library esp-idf/wpa_supplicant/libwpa_supplicant.a^[[K
build	Build ESP32-C6 firmware	2026-09-24T10:57:53.5416743Z [797/1416] Linking C static library esp-idf/esp_netif/libesp_netif.a^[[K
build	Build ESP32-C6 firmware	2026-09-24T10:57:53.5529477Z [798/1416] Linking C static library esp-idf/lwip/liblwip.a^[[K
build	Build ESP32-C6 firmware	2026-09-24T10:57:53.5587015Z [799/1416] Linking C static library esp-idf/vfs/libvfs.a^[[K
build	Build ESP32-C6 firmware	2026-09-24T10:57:53.5678551Z [800/1416] Linking C static library esp-idf/esp_vfs_console/libesp_vfs_console.a^[[K
build	Build ESP32-C6 firmware	2026-09-24T10:57:53.5931925Z [801/1416] Linking C static library esp-idf/esp_phy/libesp_phy.a^[[K
build	Build ESP32-C6 firmware	2026-09-24T10:57:53.6014136Z [802/1416] Linking C static library esp-idf/driver/libdriver.a^[[K
build	Build ESP32-C6 firmware	2026-09-24T10:57:53.6113531Z [803/1416] Linking C static library esp-idf/esp_driver_usb_serial_jtag/libesp_driver_usb_serial_jtag.a^[[K
build	Build ESP32-C6 firmware	2026-09-24T10:57:53.6204296Z [804/1416] Linking C static library esp-idf/esp_driver_parlio/libesp_driver_parlio.a^[[K
build	Build ESP32-C6 firmware	2026-09-24T10:57:53.6309874Z [805/1416] Linking C static library esp-idf/esp_driver_ledc/libesp_driver_ledc.a^[[K
build	Build ESP32-C6 firmware	2026-09-24T10:57:53.6369319Z [806/1416] Linking C static library esp-idf/esp_driver_i2c/libesp_driver_i2c.a^[[K
build	Build ESP32-C6 firmware	2026-09-24T10:57:53.6443520Z [807/1416] Linking C static library esp-idf/esp_driver_sdm/libesp_driver_sdm.a^[[K
build	Build ESP32-C6 firmware	2026-09-24T10:57:53.6550521Z [808/1416] Linking C static library esp-idf/esp_driver_tsens/libesp_driver_tsens.a^[[K
build	Build ESP32-C6 firmware	2026-09-24T10:57:53.6621616Z [809/1416] Linking C static library esp-idf/esp_driver_rmt/libesp_driver_rmt.a^[[K
build	Build ESP32-C6 firmware	2026-09-24T10:57:53.6696919Z [810/1416] Linking C static library esp-idf/esp_driver_sdio/libesp_driver_sdio.a^[[K
build	Build ESP32-C6 firmware	2026-09-24T10:57:53.6821683Z [811/1416] Linking C static library esp-idf/esp_driver_sdspi/libesp_driver_sdspi.a^[[K
build	Build ESP32-C6 firmware	2026-09-24T10:57:53.6947496Z [812/1416] Linking C static library esp-idf/sdmmc/libsdmmc.a^[[K
build	Build ESP32-C6 firmware	2026-09-24T10:57:53.7108929Z [813/1416] Linking C static library esp-idf/esp_driver_i2s/libesp_driver_i2s.a^[[K
build	Build ESP32-C6 firmware	2026-09-24T10:57:53.7235564Z [814/1416] Linking C static library esp-idf/esp_driver_mcpwm/libesp_driver_mcpwm.a^[[K
build	Build ESP32-C6 firmware	2026-09-24T10:57:53.7306724Z [815/1416] Linking C static library esp-idf/esp_driver_spi/libesp_driver_spi.a^[[K
build	Build ESP32-C6 firmware	2026-09-24T10:57:53.7540456Z [816/1416] Linking C static library esp-idf/esp_driver_pcnt/libesp_driver_pcnt.a^[[K
build	Build ESP32-C6 firmware	2026-09-24T10:57:53.7621658Z [817/1416] Linking C static library esp-idf/nvs_flash/libnvs_flash.a^[[K
build	Build ESP32-C6 firmware	2026-09-24T10:57:53.7723806Z [818/1416] Linking C static library esp-idf/esp_event/libesp_event.a^[[K
build	Build ESP32-C6 firmware	2026-09-24T10:57:53.7792063Z [819/1416] Linking C static library esp-idf/esp_driver_uart/libesp_driver_uart.a^[[K
build	Build ESP32-C6 firmware	2026-09-24T10:57:53.7876303Z [820/1416] Linking C static library esp-idf/esp_ringbuf/libesp_ringbuf.a^[[K
build	Build ESP32-C6 firmware	2026-09-24T10:57:53.7976562Z [821/1416] Linking C static library esp-idf/esp_driver_gptimer/libesp_driver_gptimer.a^[[K
build	Build ESP32-C6 firmware	2026-09-24T10:57:53.8046819Z [822/1416] Linking C static library esp-idf/esp_timer/libesp_timer.a^[[K
build	Build ESP32-C6 firmware	2026-09-24T10:57:53.8139239Z [823/1416] Linking C static library esp-idf/cxx/libcxx.a^[[K
build	Build ESP32-C6 firmware	2026-09-24T10:57:53.8311901Z [824/1416] Linking C static library esp-idf/pthread/libpthread.a^[[K
build	Build ESP32-C6 firmware	2026-09-24T10:57:53.8504053Z [825/1416] Linking C static library esp-idf/newlib/libnewlib.a^[[K
build	Build ESP32-C6 firmware	2026-09-24T10:57:53.9045401Z [826/1416] Linking C static library esp-idf/freertos/libfreertos.a^[[K
build	Build ESP32-C6 firmware	2026-09-24T10:57:53.9130331Z [827/1416] Linking C static library esp-idf/esp_hw_support/libesp_hw_support.a^[[K
build	Build ESP32-C6 firmware	2026-09-24T10:57:53.9342864Z [828/1416] Linking C static library esp-idf/esp_security/libesp_security.a^[[K
build	Build ESP32-C6 firmware	2026-09-24T10:57:53.9438318Z [829/1416] Linking C static library esp-idf/soc/libsoc.a^[[K
build	Build ESP32-C6 firmware	2026-09-24T10:57:53.9545838Z [830/1416] Linking C static library esp-idf/heap/libheap.a^[[K
build	Build ESP32-C6 firmware	2026-09-24T10:57:54.0035253Z [831/1416] Linking C static library esp-idf/log/liblog.a^[[K
build	Build ESP32-C6 firmware	2026-09-24T10:57:54.0172377Z [832/1416] Linking C static library esp-idf/hal/libhal.a^[[K
build	Build ESP32-C6 firmware	2026-09-24T10:57:54.0234497Z [833/1416] Linking C static library esp-idf/esp_rom/libesp_rom.a^[[K
build	Build ESP32-C6 firmware	2026-09-24T10:57:54.0524568Z [834/1416] Linking C static library esp-idf/esp_common/libesp_common.a^[[K
build	Build ESP32-C6 firmware	2026-09-24T10:57:54.0730005Z [835/1416] Linking C static library esp-idf/esp_system/libesp_system.a^[[K
build	Build ESP32-C6 firmware	2026-09-24T10:57:54.0816756Z [836/1416] Linking C static library esp-idf/spi_flash/libspi_flash.a^[[K
build	Build ESP32-C6 firmware	2026-09-24T10:57:54.0994639Z [837/1416] Linking C static library esp-idf/esp_mm/libesp_mm.a^[[K
build	Build ESP32-C6 firmware	2026-09-24T10:57:54.1133620Z [838/1416] Linking C static library esp-idf/bootloader_support/libbootloader_support.a^[[K
build	Build ESP32-C6 firmware	2026-09-24T10:57:54.1202108Z [839/1416] Linking C static library esp-idf/efuse/libefuse.a^[[K
build	Build ESP32-C6 firmware	2026-09-24T10:57:54.1271103Z [840/1416] Linking C static library esp-idf/esp_partition/libesp_partition.a^[[K
build	Build ESP32-C6 firmware	2026-09-24T10:57:54.1323241Z [841/1416] Linking C static library esp-idf/app_update/libapp_update.a^[[K
build	Build ESP32-C6 firmware	2026-09-24T10:57:54.1378765Z [842/1416] Linking C static library esp-idf/esp_bootloader_format/libesp_bootloader_format.a^[[K
build	Build ESP32-C6 firmware	2026-09-24T10:57:54.1636378Z [843/1416] Linking C static library esp-idf/esp_app_format/libesp_app_format.a^[[K
build	Build ESP32-C6 firmware	2026-09-24T10:57:54.1802154Z [844/1416] Linking CXX static library esp-idf/mbedtls/mbedtls/library/libmbedtls.a^[[K
build	Build ESP32-C6 firmware	2026-09-24T10:57:54.2712778Z [845/1416] Linking CXX static library esp-idf/mbedtls/mbedtls/library/libmbedx509.a^[[K
build	Build ESP32-C6 firmware	2026-09-24T10:57:54.2775806Z [846/1416] Linking CXX static library esp-idf/mbedtls/mbedtls/library/libmbedcrypto.a^[[K
build	Build ESP32-C6 firmware	2026-09-24T10:57:54.2848868Z [847/1416] Linking CXX static library esp-idf/mbedtls/mbedtls/3rdparty/p256-m/libp256m.a^[[K
build	Build ESP32-C6 firmware	2026-09-24T10:57:54.3892914Z [848/1416] Linking CXX static library esp-idf/mbedtls/mbedtls/3rdparty/everest/libeverest.a^[[K
build	Build ESP32-C6 firmware	2026-09-24T10:57:54.4996926Z [849/1416] Generating x509_crt_bundle^[[K
build	Build ESP32-C6 firmware	2026-09-24T10:57:54.5622686Z [850/1416] Generating ../../x509_crt_bundle.S^[[K
build	Build ESP32-C6 firmware	2026-09-24T10:57:54.5624422Z [851/1416] Building ASM object esp-idf/riscv/CMakeFiles/__idf_riscv.dir/vectors_intc.S.obj^[[K
build	Build ESP32-C6 firmware	2026-09-24T10:57:54.6144854Z [852/1416] Building ASM object esp-idf/riscv/CMakeFiles/__idf_riscv.dir/vectors.S.obj^[[K
build	Build ESP32-C6 firmware	2026-09-24T10:57:54.6203059Z [853/1416] Building C object esp-idf/riscv/CMakeFiles/__idf_riscv.dir/instruction_decode.c.obj^[[K
build	Build ESP32-C6 firmware	2026-09-24T10:57:54.6831994Z [854/1416] Building C object esp-idf/riscv/CMakeFiles/__idf_riscv.dir/interrupt_plic.c.obj^[[K
build	Build ESP32-C6 firmware	2026-09-24T10:57:54.7499820Z [855/1416] Building C object esp-idf/riscv/CMakeFiles/__idf_riscv.dir/interrupt.c.obj^[[K
build	Build ESP32-C6 firmware	2026-09-24T10:57:54.9018516Z [856/1416] Building C object esp-idf/esp_driver_gpio/CMakeFiles/__idf_esp_driver_gpio.dir/src/gpio_glitch_filter_ops.c.obj^[[K
build	Build ESP32-C6 firmware	2026-09-24T10:57:54.9627892Z [857/1416] Building C object esp-idf/esp_driver_gpio/CMakeFiles/__idf_esp_driver_gpio.dir/src/dedic_gpio.c.obj^[[K
build	Build ESP32-C6 firmware	2026-09-24T10:57:55.0134225Z [858/1416] Building C object esp-idf/esp_driver_gpio/CMakeFiles/__idf_esp_driver_gpio.dir/src/gpio_pin_glitch_filter.c.obj^[[K
build	Build ESP32-C6 firmware	2026-09-24T10:57:55.0184996Z [859/1416] Building C object esp-idf/esp_driver_gpio/CMakeFiles/__idf_esp_driver_gpio.dir/src/rtc_io.c.obj^[[K
build	Build ESP32-C6 firmware	2026-09-24T10:57:55.1755794Z [860/1416] Building C object esp-idf/esp_driver_gpio/CMakeFiles/__idf_esp_driver_gpio.dir/src/gpio_flex_glitch_filter.c.obj^[[K
build	Build ESP32-C6 firmware	2026-09-24T10:57:55.1763709Z [861/1416] Building C object esp-idf/esp_pm/CMakeFiles/__idf_esp_pm.dir/pm_locks.c.obj^[[K
build	Build ESP32-C6 firmware	2026-09-24T10:57:55.2124663Z [862/1416] Building C object esp-idf/esp_pm/CMakeFiles/__idf_esp_pm.dir/pm_trace.c.obj^[[K
build	Build ESP32-C6 firmware	2026-09-24T10:57:55.2530481Z [863/1416] Building C object esp-idf/esp_driver_gpio/CMakeFiles/__idf_esp_driver_gpio.dir/src/gpio_etm.c.obj^[[K
build	Build ESP32-C6 firmware	2026-09-24T10:57:55.3393394Z [864/1416] Building C object esp-idf/esp_driver_gpio/CMakeFiles/__idf_esp_driver_gpio.dir/src/gpio.c.obj^[[K
build	Build ESP32-C6 firmware	2026-09-24T10:57:55.3978224Z [865/1416] Building ASM object esp-idf/mbedtls/CMakeFiles/__idf_mbedtls.dir/__/__/x509_crt_bundle.S.obj^[[K
build	Build ESP32-C6 firmware	2026-09-24T10:57:55.4048027Z [866/1416] Building C object esp-idf/esp_pm/CMakeFiles/__idf_esp_pm.dir/pm_impl.c.obj^[[K
build	Build ESP32-C6 firmware	2026-09-24T10:57:55.4730092Z [867/1416] Building C object esp-idf/app_trace/CMakeFiles/__idf_app_trace.dir/app_trace_util.c.obj^[[K
build	Build ESP32-C6 firmware	2026-09-24T10:57:55.4929845Z [868/1416] Building C object esp-idf/app_trace/CMakeFiles/__idf_app_trace.dir/host_file_io.c.obj^[[K
build	Build ESP32-C6 firmware	2026-09-24T10:57:55.5127632Z [869/1416] Building C object esp-idf/mbedtls/CMakeFiles/__idf_mbedtls.dir/esp_crt_bundle/esp_crt_bundle.c.obj^[[K
build	Build ESP32-C6 firmware	2026-09-24T10:57:55.5340183Z [870/1416] Linking C static library esp-idf/mbedtls/libmbedtls.a^[[K
build	Build ESP32-C6 firmware	2026-09-24T10:57:55.5598335Z [871/1416] Linking C static library esp-idf/esp_pm/libesp_pm.a^[[K
build	Build ESP32-C6 firmware	2026-09-24T10:57:55.5681039Z [872/1416] Linking C static library esp-idf/esp_driver_gpio/libesp_driver_gpio.a^[[K
build	Build ESP32-C6 firmware	2026-09-24T10:57:55.5722647Z [873/1416] Building C object esp-idf/app_trace/CMakeFiles/__idf_app_trace.dir/app_trace.c.obj^[[K
build	Build ESP32-C6 firmware	2026-09-24T10:57:55.6088248Z [874/1416] Linking C static library esp-idf/riscv/libriscv.a^[[K
build	Build ESP32-C6 firmware	2026-09-24T10:57:55.6239359Z [875/1416] Building C object esp-idf/app_trace/CMakeFiles/__idf_app_trace.dir/port/port_uart.c.obj^[[K
build	Build ESP32-C6 firmware	2026-09-24T10:57:55.6329936Z [876/1416] Linking C static library esp-idf/app_trace/libapp_trace.a^[[K
build	Build ESP32-C6 firmware	2026-09-24T10:57:55.7380555Z [877/1416] Building C object esp-idf/unity/CMakeFiles/__idf_unity.dir/unity_compat.c.obj^[[K
build	Build ESP32-C6 firmware	2026-09-24T10:57:55.7582781Z [878/1416] Building C object esp-idf/unity/CMakeFiles/__idf_unity.dir/unity_runner.c.obj^[[K
build	Build ESP32-C6 firmware	2026-09-24T10:57:55.8437942Z [879/1416] Building C object esp-idf/unity/CMakeFiles/__idf_unity.dir/unity_utils_freertos.c.obj^[[K
build	Build ESP32-C6 firmware	2026-09-24T10:57:55.9069347Z [880/1416] Building C object esp-idf/unity/CMakeFiles/__idf_unity.dir/unity_utils_cache.c.obj^[[K
build	Build ESP32-C6 firmware	2026-09-24T10:57:55.9203921Z [881/1416] Building C object esp-idf/unity/CMakeFiles/__idf_unity.dir/unity_utils_memory.c.obj^[[K
build	Build ESP32-C6 firmware	2026-09-24T10:57:55.9768573Z [882/1416] Building C object esp-idf/unity/CMakeFiles/__idf_unity.dir/unity_port_esp32.c.obj^[[K
build	Build ESP32-C6 firmware	2026-09-24T10:57:55.9785037Z [883/1416] Building C object esp-idf/unity/CMakeFiles/__idf_unity.dir/port/esp/unity_utils_memory_esp.c.obj^[[K
build	Build ESP32-C6 firmware	2026-09-24T10:57:55.9966466Z [884/1416] Building C object esp-idf/cmock/CMakeFiles/__idf_cmock.dir/CMock/src/cmock.c.obj^[[K
build	Build ESP32-C6 firmware	2026-09-24T10:57:56.0349673Z [885/1416] Building C object esp-idf/unity/CMakeFiles/__idf_unity.dir/unity/src/unity.c.obj^[[K
build	Build ESP32-C6 firmware	2026-09-24T10:57:56.0448088Z [886/1416] Linking C static library esp-idf/unity/libunity.a^[[K
build	Build ESP32-C6 firmware	2026-09-24T10:57:56.0793663Z [887/1416] Linking C static library esp-idf/cmock/libcmock.a^[[K
build	Build ESP32-C6 firmware	2026-09-24T10:57:56.2030026Z [888/1416] Building C object esp-idf/console/CMakeFiles/__idf_console.dir/split_argv.c.obj^[[K
build	Build ESP32-C6 firmware	2026-09-24T10:57:56.2926325Z [889/1416] Building C object esp-idf/console/CMakeFiles/__idf_console.dir/esp_console_common.c.obj^[[K
build	Build ESP32-C6 firmware	2026-09-24T10:57:56.2928319Z [890/1416] Building C object esp-idf/console/CMakeFiles/__idf_console.dir/esp_console_repl_chip.c.obj^[[K
build	Build ESP32-C6 firmware	2026-09-24T10:57:56.3252978Z [891/1416] Building C object esp-idf/console/CMakeFiles/__idf_console.dir/commands.c.obj^[[K
build	Build ESP32-C6 firmware	2026-09-24T10:57:56.3581165Z [892/1416] Building C object esp-idf/console/CMakeFiles/__idf_console.dir/argtable3/arg_cmd.c.obj^[[K
build	Build ESP32-C6 firmware	2026-09-24T10:57:56.4054305Z [893/1416] Building C object esp-idf/console/CMakeFiles/__idf_console.dir/argtable3/arg_date.c.obj^[[K
build	Build ESP32-C6 firmware	2026-09-24T10:57:56.4337654Z [894/1416] Building C object esp-idf/console/CMakeFiles/__idf_console.dir/argtable3/arg_dbl.c.obj^[[K
build	Build ESP32-C6 firmware	2026-09-24T10:57:56.5007478Z [895/1416] Building C object esp-idf/console/CMakeFiles/__idf_console.dir/linenoise/linenoise.c.obj^[[K
build	Build ESP32-C6 firmware	2026-09-24T10:57:56.5119535Z [896/1416] Building C object esp-idf/console/CMakeFiles/__idf_console.dir/argtable3/arg_dstr.c.obj^[[K
build	Build ESP32-C6 firmware	2026-09-24T10:57:56.5166387Z [897/1416] Building C object esp-idf/console/CMakeFiles/__idf_console.dir/argtable3/arg_end.c.obj^[[K
build	Build ESP32-C6 firmware	2026-09-24T10:57:56.5854334Z [898/1416] Building C object esp-idf/console/CMakeFiles/__idf_console.dir/argtable3/arg_file.c.obj^[[K
build	Build ESP32-C6 firmware	2026-09-24T10:57:56.6029663Z [899/1416] Building C object esp-idf/console/CMakeFiles/__idf_console.dir/argtable3/arg_hashtable.c.obj^[[K
build	Build ESP32-C6 firmware	2026-09-24T10:57:56.6420004Z [900/1416] Building C object esp-idf/console/CMakeFiles/__idf_console.dir/argtable3/arg_lit.c.obj^[[K
build	Build ESP32-C6 firmware	2026-09-24T10:57:56.7021645Z [901/1416] Building C object esp-idf/console/CMakeFiles/__idf_console.dir/argtable3/arg_int.c.obj^[[K
build	Build ESP32-C6 firmware	2026-09-24T10:57:56.7031657Z [902/1416] Building C object esp-idf/console/CMakeFiles/__idf_console.dir/argtable3/arg_str.c.obj^[[K
build	Build ESP32-C6 firmware	2026-09-24T10:57:56.8566156Z [903/1416] Building C object esp-idf/console/CMakeFiles/__idf_console.dir/argtable3/arg_rem.c.obj^[[K
build	Build ESP32-C6 firmware	2026-09-24T10:57:56.8960676Z [904/1416] Building C object esp-idf/console/CMakeFiles/__idf_console.dir/argtable3/arg_utils.c.obj^[[K
build	Build ESP32-C6 firmware	2026-09-24T10:57:56.9299973Z [905/1416] Building C object esp-idf/esp_driver_cam/CMakeFiles/__idf_esp_driver_cam.dir/esp_cam_ctlr.c.obj^[[K
build	Build ESP32-C6 firmware	2026-09-24T10:57:56.9604201Z [906/1416] Building C object esp-idf/console/CMakeFiles/__idf_console.dir/argtable3/arg_rex.c.obj^[[K
build	Build ESP32-C6 firmware	2026-09-24T10:57:56.9849955Z [907/1416] Building C object esp-idf/esp_driver_cam/CMakeFiles/__idf_esp_driver_cam.dir/dvp_share_ctrl.c.obj^[[K
build	Build ESP32-C6 firmware	2026-09-24T10:57:57.0675152Z [908/1416] Linking C static library esp-idf/esp_driver_cam/libesp_driver_cam.a^[[K
build	Build ESP32-C6 firmware	2026-09-24T10:57:57.1198230Z [909/1416] Building C object esp-idf/console/CMakeFiles/__idf_console.dir/argtable3/argtable3.c.obj^[[K
build	Build ESP32-C6 firmware	2026-09-24T10:57:57.1554758Z [910/1416] Linking C static library esp-idf/console/libconsole.a^[[K
build	Build ESP32-C6 firmware	2026-09-24T10:57:57.1581578Z [911/1416] Building C object esp-idf/esp_hid/CMakeFiles/__idf_esp_hid.dir/src/esp_hidd.c.obj^[[K
build	Build ESP32-C6 firmware	2026-09-24T10:57:57.1790150Z [912/1416] Building C object esp-idf/esp_eth/CMakeFiles/__idf_esp_eth.dir/src/esp_eth_netif_glue.c.obj^[[K
build	Build ESP32-C6 firmware	2026-09-24T10:57:57.4102757Z [913/1416] Building C object esp-idf/esp_eth/CMakeFiles/__idf_esp_eth.dir/src/esp_eth.c.obj^[[K
build	Build ESP32-C6 firmware	2026-09-24T10:57:57.4176607Z [914/1416] Building C object esp-idf/esp_hid/CMakeFiles/__idf_esp_hid.dir/src/esp_hid_common.c.obj^[[K
build	Build ESP32-C6 firmware	2026-09-24T10:57:57.4383693Z [915/1416] Building C object esp-idf/esp_hid/CMakeFiles/__idf_esp_hid.dir/src/esp_hidh.c.obj^[[K
build	Build ESP32-C6 firmware	2026-09-24T10:57:57.4453537Z [916/1416] Linking C static library esp-idf/esp_hid/libesp_hid.a^[[K
build	Build ESP32-C6 firmware	2026-09-24T10:57:57.4510215Z [917/1416] Building C object esp-idf/esp_lcd/CMakeFiles/__idf_esp_lcd.dir/src/esp_lcd_common.c.obj^[[K
build	Build ESP32-C6 firmware	2026-09-24T10:57:57.5190593Z [918/1416] Building C object esp-idf/esp_lcd/CMakeFiles/__idf_esp_lcd.dir/src/esp_lcd_panel_io.c.obj^[[K
build	Build ESP32-C6 firmware	2026-09-24T10:57:57.5345423Z [919/1416] Building C object esp-idf/esp_eth/CMakeFiles/__idf_esp_eth.dir/src/phy/esp_eth_phy_802_3.c.obj^[[K
build	Build ESP32-C6 firmware	2026-09-24T10:57:57.6397411Z [920/1416] Linking C static library esp-idf/esp_eth/libesp_eth.a^[[K
build	Build ESP32-C6 firmware	2026-09-24T10:57:57.6607369Z [921/1416] Building C object esp-idf/esp_https_server/CMakeFiles/__idf_esp_https_server.dir/src/https_server.c.obj^[[K
build	Build ESP32-C6 firmware	2026-09-24T10:57:57.6863700Z [922/1416] Linking C static library esp-idf/esp_https_server/libesp_https_server.a^[[K
build	Build ESP32-C6 firmware	2026-09-24T10:57:57.7876421Z [923/1416] Building C object esp-idf/esp_lcd/CMakeFiles/__idf_esp_lcd.dir/src/esp_lcd_panel_ops.c.obj^[[K
build	Build ESP32-C6 firmware	2026-09-24T10:57:57.8130475Z [924/1416] Building C object esp-idf/esp_lcd/CMakeFiles/__idf_esp_lcd.dir/src/esp_lcd_panel_nt35510.c.obj^[[K
build	Build ESP32-C6 firmware	2026-09-24T10:57:57.8141652Z [925/1416] Building C object esp-idf/esp_lcd/CMakeFiles/__idf_esp_lcd.dir/src/esp_lcd_panel_st7789.c.obj^[[K
build	Build ESP32-C6 firmware	2026-09-24T10:57:57.9122430Z [926/1416] Building C object esp-idf/esp_lcd/CMakeFiles/__idf_esp_lcd.dir/src/esp_lcd_panel_ssd1306.c.obj^[[K
build	Build ESP32-C6 firmware	2026-09-24T10:57:57.9557941Z [927/1416] Building C object esp-idf/esp_lcd/CMakeFiles/__idf_esp_lcd.dir/i2c/esp_lcd_panel_io_i2c_v1.c.obj^[[K
build	Build ESP32-C6 firmware	2026-09-24T10:57:58.0324213Z [928/1416] Building C object esp-idf/protocomm/CMakeFiles/__idf_protocomm.dir/proto-c/constants.pb-c.c.obj^[[K
build	Build ESP32-C6 firmware	2026-09-24T10:57:58.1161048Z [929/1416] Building C object esp-idf/esp_lcd/CMakeFiles/__idf_esp_lcd.dir/i2c/esp_lcd_panel_io_i2c_v2.c.obj^[[K
build	Build ESP32-C6 firmware	2026-09-24T10:57:58.2168076Z [930/1416] Building C object esp-idf/protocomm/CMakeFiles/__idf_protocomm.dir/proto-c/sec0.pb-c.c.obj^[[K
build	Build ESP32-C6 firmware	2026-09-24T10:57:58.2242810Z [931/1416] Building C object esp-idf/protocomm/CMakeFiles/__idf_protocomm.dir/src/common/protocomm.c.obj^[[K
build	Build ESP32-C6 firmware	2026-09-24T10:57:58.2491760Z [932/1416] Building C object esp-idf/esp_lcd/CMakeFiles/__idf_esp_lcd.dir/spi/esp_lcd_panel_io_spi.c.obj^[[K
build	Build ESP32-C6 firmware	2026-09-24T10:57:58.2594669Z [933/1416] Linking C static library esp-idf/esp_lcd/libesp_lcd.a^[[K
build	Build ESP32-C6 firmware	2026-09-24T10:57:58.2611452Z [934/1416] Building C object esp-idf/protocomm/CMakeFiles/__idf_protocomm.dir/proto-c/sec2.pb-c.c.obj^[[K
build	Build ESP32-C6 firmware	2026-09-24T10:57:58.3172852Z [935/1416] Building C object esp-idf/protocomm/CMakeFiles/__idf_protocomm.dir/proto-c/sec1.pb-c.c.obj^[[K
build	Build ESP32-C6 firmware	2026-09-24T10:57:58.5007848Z [936/1416] Building C object esp-idf/protocomm/CMakeFiles/__idf_protocomm.dir/proto-c/session.pb-c.c.obj^[[K
build	Build ESP32-C6 firmware	2026-09-24T10:57:58.5252385Z [937/1416] Building C object esp-idf/protobuf-c/CMakeFiles/__idf_protobuf-c.dir/protobuf-c/protobuf-c/protobuf-c.c.obj^[[K
build	Build ESP32-C6 firmware	2026-09-24T10:57:58.5658538Z [938/1416] Linking C static library esp-idf/protobuf-c/libprotobuf-c.a^[[K
build	Build ESP32-C6 firmware	2026-09-24T10:57:58.6213153Z [939/1416] Building C object esp-idf/protocomm/CMakeFiles/__idf_protocomm.dir/src/transports/protocomm_httpd.c.obj^[[K
build	Build ESP32-C6 firmware	2026-09-24T10:57:58.6489830Z [940/1416] Building C object esp-idf/protocomm/CMakeFiles/__idf_protocomm.dir/src/transports/protocomm_console.c.obj^[[K
build	Build ESP32-C6 firmware	2026-09-24T10:57:58.6975416Z [941/1416] Building C object esp-idf/protocomm/CMakeFiles/__idf_protocomm.dir/src/security/security0.c.obj^[[K
build	Build ESP32-C6 firmware	2026-09-24T10:57:58.7958538Z [942/1416] Building C object esp-idf/protocomm/CMakeFiles/__idf_protocomm.dir/src/security/security1.c.obj^[[K
build	Build ESP32-C6 firmware	2026-09-24T10:57:58.8655069Z [943/1416] Building C object esp-idf/protocomm/CMakeFiles/__idf_protocomm.dir/src/security/security2.c.obj^[[K
build	Build ESP32-C6 firmware	2026-09-24T10:57:58.9128713Z [944/1416] Building C object esp-idf/protocomm/CMakeFiles/__idf_protocomm.dir/src/crypto/srp6a/esp_srp.c.obj^[[K
build	Build ESP32-C6 firmware	2026-09-24T10:57:58.9425466Z [945/1416] Building C object esp-idf/protocomm/CMakeFiles/__idf_protocomm.dir/src/crypto/srp6a/esp_srp_mpi.c.obj^[[K
build	Build ESP32-C6 firmware	2026-09-24T10:57:58.9586022Z [946/1416] Building C object esp-idf/espcoredump/CMakeFiles/__idf_espcoredump.dir/src/core_dump_init.c.obj^[[K
build	Build ESP32-C6 firmware	2026-09-24T10:57:58.9946526Z [947/1416] Linking C static library esp-idf/protocomm/libprotocomm.a^[[K
build	Build ESP32-C6 firmware	2026-09-24T10:57:59.0115854Z [948/1416] Building C object esp-idf/esp_local_ctrl/CMakeFiles/__idf_esp_local_ctrl.dir/src/esp_local_ctrl.c.obj^[[K
build	Build ESP32-C6 firmware	2026-09-24T10:57:59.0595445Z [949/1416] Building C object esp-idf/esp_local_ctrl/CMakeFiles/__idf_esp_local_ctrl.dir/proto-c/esp_local_ctrl.pb-c.c.obj^[[K
build	Build ESP32-C6 firmware	2026-09-24T10:57:59.1413729Z [950/1416] Building C object esp-idf/esp_local_ctrl/CMakeFiles/__idf_esp_local_ctrl.dir/src/esp_local_ctrl_handler.c.obj^[[K
build	Build ESP32-C6 firmware	2026-09-24T10:57:59.1558222Z [951/1416] Building C object esp-idf/espcoredump/CMakeFiles/__idf_espcoredump.dir/src/core_dump_common.c.obj^[[K
build	Build ESP32-C6 firmware	2026-09-24T10:57:59.1850228Z [952/1416] Building C object esp-idf/esp_local_ctrl/CMakeFiles/__idf_esp_local_ctrl.dir/src/esp_local_ctrl_transport_httpd.c.obj^[[K
build	Build ESP32-C6 firmware	2026-09-24T10:57:59.2261484Z [953/1416] Linking C static library esp-idf/esp_local_ctrl/libesp_local_ctrl.a^[[K
build	Build ESP32-C6 firmware	2026-09-24T10:57:59.2614595Z [954/1416] Building C object esp-idf/espcoredump/CMakeFiles/__idf_espcoredump.dir/src/core_dump_sha.c.obj^[[K
build	Build ESP32-C6 firmware	2026-09-24T10:57:59.2674417Z [955/1416] Building C object esp-idf/espcoredump/CMakeFiles/__idf_espcoredump.dir/src/core_dump_elf.c.obj^[[K
build	Build ESP32-C6 firmware	2026-09-24T10:57:59.3058671Z [956/1416] Building C object esp-idf/espcoredump/CMakeFiles/__idf_espcoredump.dir/src/core_dump_crc.c.obj^[[K
build	Build ESP32-C6 firmware	2026-09-24T10:57:59.3457024Z [957/1416] Building C object esp-idf/espcoredump/CMakeFiles/__idf_espcoredump.dir/src/core_dump_uart.c.obj^[[K
build	Build ESP32-C6 firmware	2026-09-24T10:57:59.3555737Z [958/1416] Building C object esp-idf/espcoredump/CMakeFiles/__idf_espcoredump.dir/src/core_dump_binary.c.obj^[[K
build	Build ESP32-C6 firmware	2026-09-24T10:57:59.4213277Z [959/1416] Building C object esp-idf/espcoredump/CMakeFiles/__idf_espcoredump.dir/src/core_dump_flash.c.obj^[[K
build	Build ESP32-C6 firmware	2026-09-24T10:57:59.4560419Z [960/1416] Building C object esp-idf/espcoredump/CMakeFiles/__idf_espcoredump.dir/src/port/riscv/core_dump_port.c.obj^[[K
build	Build ESP32-C6 firmware	2026-09-24T10:57:59.5051836Z [961/1416] Linking C static library esp-idf/espcoredump/libespcoredump.a^[[K
build	Build ESP32-C6 firmware	2026-09-24T10:57:59.5245844Z [962/1416] Building CXX object esp-idf/wear_levelling/CMakeFiles/__idf_wear_levelling.dir/Partition.cpp.obj^[[K
build	Build ESP32-C6 firmware	2026-09-24T10:57:59.5579067Z [963/1416] Building CXX object esp-idf/wear_levelling/CMakeFiles/__idf_wear_levelling.dir/SPI_Flash.cpp.obj^[[K
build	Build ESP32-C6 firmware	2026-09-24T10:57:59.6099709Z [964/1416] Building CXX object esp-idf/wear_levelling/CMakeFiles/__idf_wear_levelling.dir/crc32.cpp.obj^[[K
build	Build ESP32-C6 firmware	2026-09-24T10:57:59.6486114Z [965/1416] Building CXX object esp-idf/wear_levelling/CMakeFiles/__idf_wear_levelling.dir/WL_Ext_Perf.cpp.obj^[[K
build	Build ESP32-C6 firmware	2026-09-24T10:57:59.8124615Z [966/1416] Building CXX object esp-idf/wear_levelling/CMakeFiles/__idf_wear_levelling.dir/WL_Ext_Safe.cpp.obj^[[K
build	Build ESP32-C6 firmware	2026-09-24T10:57:59.8257954Z [967/1416] Building C object esp-idf/fatfs/CMakeFiles/__idf_fatfs.dir/diskio/diskio_wl.c.obj^[[K
build	Build ESP32-C6 firmware	2026-09-24T10:57:59.8265199Z [968/1416] Building CXX object esp-idf/wear_levelling/CMakeFiles/__idf_wear_levelling.dir/wear_levelling.cpp.obj^[[K
build	Build ESP32-C6 firmware	2026-09-24T10:57:59.9030598Z [969/1416] Building C object esp-idf/fatfs/CMakeFiles/__idf_fatfs.dir/diskio/diskio.c.obj^[[K
build	Build ESP32-C6 firmware	2026-09-24T10:57:59.9118190Z [970/1416] Building C object esp-idf/fatfs/CMakeFiles/__idf_fatfs.dir/diskio/diskio_rawflash.c.obj^[[K
build	Build ESP32-C6 firmware	2026-09-24T10:57:59.9352479Z [971/1416] Building CXX object esp-idf/wear_levelling/CMakeFiles/__idf_wear_levelling.dir/WL_Flash.cpp.obj^[[K
build	Build ESP32-C6 firmware	2026-09-24T10:58:00.0964595Z [972/1416] Linking C static library esp-idf/wear_levelling/libwear_levelling.a^[[K
build	Build ESP32-C6 firmware	2026-09-24T10:58:00.1373863Z [973/1416] Building C object esp-idf/fatfs/CMakeFiles/__idf_fatfs.dir/src/ffunicode.c.obj^[[K
build	Build ESP32-C6 firmware	2026-09-24T10:58:00.1645856Z [974/1416] Building C object esp-idf/fatfs/CMakeFiles/__idf_fatfs.dir/port/freertos/ffsystem.c.obj^[[K
build	Build ESP32-C6 firmware	2026-09-24T10:58:00.4014159Z [975/1416] Building C object esp-idf/fatfs/CMakeFiles/__idf_fatfs.dir/diskio/diskio_sdmmc.c.obj^[[K
build	Build ESP32-C6 firmware	2026-09-24T10:58:00.4415110Z [976/1416] Building C object esp-idf/ieee802154/CMakeFiles/__idf_ieee802154.dir/esp_ieee802154.c.obj^[[K
build	Build ESP32-C6 firmware	2026-09-24T10:58:00.4447367Z [977/1416] Building C object esp-idf/fatfs/CMakeFiles/__idf_fatfs.dir/vfs/vfs_fat_sdmmc.c.obj^[[K
build	Build ESP32-C6 firmware	2026-09-24T10:58:00.5423786Z [978/1416] Building C object esp-idf/ieee802154/CMakeFiles/__idf_ieee802154.dir/driver/esp_ieee802154_ack.c.obj^[[K
build	Build ESP32-C6 firmware	2026-09-24T10:58:00.6074718Z [979/1416] Building C object esp-idf/fatfs/CMakeFiles/__idf_fatfs.dir/vfs/vfs_fat_spiflash.c.obj^[[K
build	Build ESP32-C6 firmware	2026-09-24T10:58:00.6661315Z [980/1416] Building C object esp-idf/fatfs/CMakeFiles/__idf_fatfs.dir/vfs/vfs_fat.c.obj^[[K
build	Build ESP32-C6 firmware	2026-09-24T10:58:00.6870689Z [981/1416] Building C object esp-idf/ieee802154/CMakeFiles/__idf_ieee802154.dir/driver/esp_ieee802154_pib.c.obj^[[K
build	Build ESP32-C6 firmware	2026-09-24T10:58:00.7290422Z [982/1416] Building C object esp-idf/fatfs/CMakeFiles/__idf_fatfs.dir/src/ff.c.obj^[[K
build	Build ESP32-C6 firmware	2026-09-24T10:58:00.7784684Z [983/1416] Linking C static library esp-idf/fatfs/libfatfs.a^[[K
build	Build ESP32-C6 firmware	2026-09-24T10:58:00.8142045Z [984/1416] Building C object esp-idf/ieee802154/CMakeFiles/__idf_ieee802154.dir/driver/esp_ieee802154_frame.c.obj^[[K
build	Build ESP32-C6 firmware	2026-09-24T10:58:00.8222115Z [985/1416] Building C object esp-idf/ieee802154/CMakeFiles/__idf_ieee802154.dir/driver/esp_ieee802154_util.c.obj^[[K
build	Build ESP32-C6 firmware	2026-09-24T10:58:00.9038833Z [986/1416] Building C object esp-idf/ieee802154/CMakeFiles/__idf_ieee802154.dir/driver/esp_ieee802154_sec.c.obj^[[K
build	Build ESP32-C6 firmware	2026-09-24T10:58:01.0459214Z [987/1416] Building C object esp-idf/ieee802154/CMakeFiles/__idf_ieee802154.dir/driver/esp_ieee802154_timer.c.obj^[[K
build	Build ESP32-C6 firmware	2026-09-24T10:58:01.0852624Z [988/1416] Building C object esp-idf/ieee802154/CMakeFiles/__idf_ieee802154.dir/driver/esp_ieee802154_dev.c.obj^[[K
build	Build ESP32-C6 firmware	2026-09-24T10:58:01.2330436Z [989/1416] Linking C static library esp-idf/ieee802154/libieee802154.a^[[K
build	Build ESP32-C6 firmware	2026-09-24T10:58:01.2433491Z [990/1416] Building C object esp-idf/mqtt/CMakeFiles/__idf_mqtt.dir/esp-mqtt/lib/mqtt_msg.c.obj^[[K
build	Build ESP32-C6 firmware	2026-09-24T10:58:01.2513551Z [991/1416] Building C object esp-idf/mqtt/CMakeFiles/__idf_mqtt.dir/esp-mqtt/lib/mqtt_outbox.c.obj^[[K
build	Build ESP32-C6 firmware	2026-09-24T10:58:01.3411991Z [992/1416] Building C object esp-idf/json/CMakeFiles/__idf_json.dir/cJSON/cJSON_Utils.c.obj^[[K
build	Build ESP32-C6 firmware	2026-09-24T10:58:01.4593818Z [993/1416] Building C object esp-idf/mqtt/CMakeFiles/__idf_mqtt.dir/esp-mqtt/lib/platform_esp32_idf.c.obj^[[K
build	Build ESP32-C6 firmware	2026-09-24T10:58:01.4813441Z [994/1416] Building C object esp-idf/json/CMakeFiles/__idf_json.dir/cJSON/cJSON.c.obj^[[K
build	Build ESP32-C6 firmware	2026-09-24T10:58:01.4853488Z [995/1416] Building C object esp-idf/nvs_sec_provider/CMakeFiles/__idf_nvs_sec_provider.dir/nvs_sec_provider.c.obj^[[K
build	Build ESP32-C6 firmware	2026-09-24T10:58:01.4969522Z [996/1416] Linking C static library esp-idf/json/libjson.a^[[K
build	Build ESP32-C6 firmware	2026-09-24T10:58:01.5690967Z [997/1416] Linking C static library esp-idf/nvs_sec_provider/libnvs_sec_provider.a^[[K
build	Build ESP32-C6 firmware	2026-09-24T10:58:01.5935252Z [998/1416] Building C object esp-idf/rt/CMakeFiles/__idf_rt.dir/FreeRTOS_POSIX_mqueue.c.obj^[[K
build	Build ESP32-C6 firmware	2026-09-24T10:58:01.6119256Z [999/1416] Building C object esp-idf/rt/CMakeFiles/__idf_rt.dir/FreeRTOS_POSIX_utils.c.obj^[[K
build	Build ESP32-C6 firmware	2026-09-24T10:58:01.7291117Z [1000/1416] Linking C static library esp-idf/rt/librt.a^[[K
build	Build ESP32-C6 firmware	2026-09-24T10:58:01.7404886Z [1001/1416] Building C object esp-idf/spiffs/CMakeFiles/__idf_spiffs.dir/spiffs_api.c.obj^[[K
build	Build ESP32-C6 firmware	2026-09-24T10:58:01.8652228Z [1002/1416] Building C object esp-idf/spiffs/CMakeFiles/__idf_spiffs.dir/spiffs/src/spiffs_cache.c.obj^[[K
build	Build ESP32-C6 firmware	2026-09-24T10:58:02.0249526Z [1003/1416] Building C object esp-idf/spiffs/CMakeFiles/__idf_spiffs.dir/spiffs/src/spiffs_check.c.obj^[[K
build	Build ESP32-C6 firmware	2026-09-24T10:58:02.0439147Z [1004/1416] Building C object esp-idf/spiffs/CMakeFiles/__idf_spiffs.dir/spiffs/src/spiffs_gc.c.obj^[[K
build	Build ESP32-C6 firmware	2026-09-24T10:58:02.0766865Z [1005/1416] Building C object esp-idf/mqtt/CMakeFiles/__idf_mqtt.dir/esp-mqtt/mqtt_client.c.obj^[[K
build	Build ESP32-C6 firmware	2026-09-24T10:58:02.0823502Z [1006/1416] Linking C static library esp-idf/mqtt/libmqtt.a^[[K
build	Build ESP32-C6 firmware	2026-09-24T10:58:02.1824099Z [1007/1416] Building C object esp-idf/wifi_provisioning/CMakeFiles/__idf_wifi_provisioning.dir/src/wifi_config.c.obj^[[K
build	Build ESP32-C6 firmware	2026-09-24T10:58:02.2970902Z [1008/1416] Building C object esp-idf/spiffs/CMakeFiles/__idf_spiffs.dir/spiffs/src/spiffs_hydrogen.c.obj^[[K
build	Build ESP32-C6 firmware	2026-09-24T10:58:02.3436238Z [1009/1416] Building C object esp-idf/wifi_provisioning/CMakeFiles/__idf_wifi_provisioning.dir/src/wifi_scan.c.obj^[[K
build	Build ESP32-C6 firmware	2026-09-24T10:58:02.3619418Z [1010/1416] Building C object esp-idf/wifi_provisioning/CMakeFiles/__idf_wifi_provisioning.dir/src/wifi_ctrl.c.obj^[[K
build	Build ESP32-C6 firmware	2026-09-24T10:58:02.5023701Z [1011/1416] Building C object esp-idf/spiffs/CMakeFiles/__idf_spiffs.dir/esp_spiffs.c.obj^[[K
build	Build ESP32-C6 firmware	2026-09-24T10:58:02.5464253Z [1012/1416] Building C object esp-idf/spiffs/CMakeFiles/__idf_spiffs.dir/spiffs/src/spiffs_nucleus.c.obj^[[K
build	Build ESP32-C6 firmware	2026-09-24T10:58:02.5538596Z [1013/1416] Linking C static library esp-idf/spiffs/libspiffs.a^[[K
build	Build ESP32-C6 firmware	2026-09-24T10:58:02.6362926Z [1014/1416] Building C object esp-idf/wifi_provisioning/CMakeFiles/__idf_wifi_provisioning.dir/src/handlers.c.obj^[[K
build	Build ESP32-C6 firmware	2026-09-24T10:58:02.6829034Z [1015/1416] Building C object esp-idf/wifi_provisioning/CMakeFiles/__idf_wifi_provisioning.dir/proto-c/wifi_config.pb-c.c.obj^[[K
build	Build ESP32-C6 firmware	2026-09-24T10:58:02.7056606Z [1016/1416] Building C object esp-idf/wifi_provisioning/CMakeFiles/__idf_wifi_provisioning.dir/src/scheme_console.c.obj^[[K
build	Build ESP32-C6 firmware	2026-09-24T10:58:02.7106200Z [1017/1416] Building C object esp-idf/wifi_provisioning/CMakeFiles/__idf_wifi_provisioning.dir/proto-c/wifi_scan.pb-c.c.obj^[[K
build	Build ESP32-C6 firmware	2026-09-24T10:58:02.7635238Z [1018/1416] Building C object esp-idf/wifi_provisioning/CMakeFiles/__idf_wifi_provisioning.dir/proto-c/wifi_ctrl.pb-c.c.obj^[[K
build	Build ESP32-C6 firmware	2026-09-24T10:58:02.9240116Z [1019/1416] Building C object esp-idf/wifi_provisioning/CMakeFiles/__idf_wifi_provisioning.dir/proto-c/wifi_constants.pb-c.c.obj^[[K
build	Build ESP32-C6 firmware	2026-09-24T10:58:02.9400361Z [1020/1416] Building C object esp-idf/wifi_provisioning/CMakeFiles/__idf_wifi_provisioning.dir/src/manager.c.obj^[[K
build	Build ESP32-C6 firmware	2026-09-24T10:58:02.9867297Z [1021/1416] Building C object esp-idf/wifi_provisioning/CMakeFiles/__idf_wifi_provisioning.dir/src/scheme_softap.c.obj^[[K
build	Build ESP32-C6 firmware	2026-09-24T10:58:03.0022210Z [1022/1416] Linking C static library esp-idf/wifi_provisioning/libwifi_provisioning.a^[[K
build	Build ESP32-C6 firmware	2026-09-24T10:58:03.0231714Z [1023/1416] Building C object esp-idf/espressif__esp_lcd_sh8601/CMakeFiles/__idf_espressif__esp_lcd_sh8601.dir/esp_lcd_sh8601.c.obj^[[K
build	Build ESP32-C6 firmware	2026-09-24T10:58:03.1110468Z [1024/1416] Linking C static library esp-idf/espressif__esp_lcd_sh8601/libespressif__esp_lcd_sh8601.a^[[K
build	Build ESP32-C6 firmware	2026-09-24T10:58:03.1134270Z [1025/1416] Building C object esp-idf/lvgl__lvgl/CMakeFiles/__idf_lvgl__lvgl.dir/src/core/lv_disp.c.obj^[[K
build	Build ESP32-C6 firmware	2026-09-24T10:58:03.1399070Z [1026/1416] Building C object esp-idf/lvgl__lvgl/CMakeFiles/__idf_lvgl__lvgl.dir/src/core/lv_group.c.obj^[[K
build	Build ESP32-C6 firmware	2026-09-24T10:58:03.3563789Z [1027/1416] Building C object esp-idf/lvgl__lvgl/CMakeFiles/__idf_lvgl__lvgl.dir/src/core/lv_event.c.obj^[[K
build	Build ESP32-C6 firmware	2026-09-24T10:58:03.4079638Z [1028/1416] Building C object esp-idf/lvgl__lvgl/CMakeFiles/__idf_lvgl__lvgl.dir/src/core/lv_obj_class.c.obj^[[K
build	Build ESP32-C6 firmware	2026-09-24T10:58:03.5073398Z [1029/1416] Building C object esp-idf/lvgl__lvgl/CMakeFiles/__idf_lvgl__lvgl.dir/src/core/lv_indev_scroll.c.obj^[[K
build	Build ESP32-C6 firmware	2026-09-24T10:58:03.5144256Z [1030/1416] Building C object esp-idf/lvgl__lvgl/CMakeFiles/__idf_lvgl__lvgl.dir/src/core/lv_obj_draw.c.obj^[[K
build	Build ESP32-C6 firmware	2026-09-24T10:58:03.5302221Z [1031/1416] Building C object esp-idf/lvgl__lvgl/CMakeFiles/__idf_lvgl__lvgl.dir/src/core/lv_obj.c.obj^[[K
build	Build ESP32-C6 firmware	2026-09-24T10:58:03.7830317Z [1032/1416] Building C object esp-idf/lvgl__lvgl/CMakeFiles/__idf_lvgl__lvgl.dir/src/core/lv_indev.c.obj^[[K
build	Build ESP32-C6 firmware	2026-09-24T10:58:03.8632578Z [1033/1416] Building C object esp-idf/lvgl__lvgl/CMakeFiles/__idf_lvgl__lvgl.dir/src/core/lv_obj_pos.c.obj^[[K
build	Build ESP32-C6 firmware	2026-09-24T10:58:03.9068689Z [1034/1416] Building C object esp-idf/lvgl__lvgl/CMakeFiles/__idf_lvgl__lvgl.dir/src/core/lv_obj_style_gen.c.obj^[[K
build	Build ESP32-C6 firmware	2026-09-24T10:58:03.9433801Z [1035/1416] Building C object esp-idf/lvgl__lvgl/CMakeFiles/__idf_lvgl__lvgl.dir/src/core/lv_obj_style.c.obj^[[K
build	Build ESP32-C6 firmware	2026-09-24T10:58:03.9543281Z [1036/1416] Building C object esp-idf/lvgl__lvgl/CMakeFiles/__idf_lvgl__lvgl.dir/src/core/lv_obj_tree.c.obj^[[K
build	Build ESP32-C6 firmware	2026-09-24T10:58:04.0524458Z [1037/1416] Building C object esp-idf/lvgl__lvgl/CMakeFiles/__idf_lvgl__lvgl.dir/src/core/lv_obj_scroll.c.obj^[[K
build	Build ESP32-C6 firmware	2026-09-24T10:58:04.0663219Z [1038/1416] Building C object esp-idf/lvgl__lvgl/CMakeFiles/__idf_lvgl__lvgl.dir/src/core/lv_refr.c.obj^[[K
build	Build ESP32-C6 firmware	2026-09-24T10:58:04.1214376Z [1039/1416] Building C object esp-idf/lvgl__lvgl/CMakeFiles/__idf_lvgl__lvgl.dir/src/draw/arm2d/lv_gpu_arm2d.c.obj^[[K
build	Build ESP32-C6 firmware	2026-09-24T10:58:04.1239741Z [1040/1416] Building C object esp-idf/lvgl__lvgl/CMakeFiles/__idf_lvgl__lvgl.dir/src/core/lv_theme.c.obj^[[K
build	Build ESP32-C6 firmware	2026-09-24T10:58:04.2701420Z [1041/1416] Building C object esp-idf/lvgl__lvgl/CMakeFiles/__idf_lvgl__lvgl.dir/src/draw/lv_draw.c.obj^[[K
build	Build ESP32-C6 firmware	2026-09-24T10:58:04.2802435Z [1042/1416] Building C object esp-idf/lvgl__lvgl/CMakeFiles/__idf_lvgl__lvgl.dir/src/draw/lv_draw_img.c.obj^[[K
build	Build ESP32-C6 firmware	2026-09-24T10:58:04.3209003Z [1043/1416] Building C object esp-idf/lvgl__lvgl/CMakeFiles/__idf_lvgl__lvgl.dir/src/draw/lv_draw_arc.c.obj^[[K
build	Build ESP32-C6 firmware	2026-09-24T10:58:04.3694079Z [1044/1416] Building C object esp-idf/lvgl__lvgl/CMakeFiles/__idf_lvgl__lvgl.dir/src/draw/lv_draw_layer.c.obj^[[K
build	Build ESP32-C6 firmware	2026-09-24T10:58:04.3731583Z [1045/1416] Building C object esp-idf/lvgl__lvgl/CMakeFiles/__idf_lvgl__lvgl.dir/src/draw/lv_draw_line.c.obj^[[K
build	Build ESP32-C6 firmware	2026-09-24T10:58:04.4552753Z [1046/1416] Building C object esp-idf/lvgl__lvgl/CMakeFiles/__idf_lvgl__lvgl.dir/src/draw/lv_draw_label.c.obj^[[K
build	Build ESP32-C6 firmware	2026-09-24T10:58:04.5113914Z [1047/1416] Building C object esp-idf/lvgl__lvgl/CMakeFiles/__idf_lvgl__lvgl.dir/src/draw/lv_draw_transform.c.obj^[[K
build	Build ESP32-C6 firmware	2026-09-24T10:58:04.5423319Z [1048/1416] Building C object esp-idf/lvgl__lvgl/CMakeFiles/__idf_lvgl__lvgl.dir/src/draw/lv_draw_rect.c.obj^[[K
build	Build ESP32-C6 firmware	2026-09-24T10:58:04.5439696Z [1049/1416] Building C object esp-idf/lvgl__lvgl/CMakeFiles/__idf_lvgl__lvgl.dir/src/draw/lv_img_cache.c.obj^[[K
build	Build ESP32-C6 firmware	2026-09-24T10:58:04.5977016Z [1050/1416] Building C object esp-idf/lvgl__lvgl/CMakeFiles/__idf_lvgl__lvgl.dir/src/draw/lv_draw_triangle.c.obj^[[K
build	Build ESP32-C6 firmware	2026-09-24T10:58:04.6004235Z [1051/1416] Building C object esp-idf/lvgl__lvgl/CMakeFiles/__idf_lvgl__lvgl.dir/src/draw/nxp/pxp/lv_draw_pxp.c.obj^[[K
build	Build ESP32-C6 firmware	2026-09-24T10:58:04.6125748Z [1052/1416] Building C object esp-idf/lvgl__lvgl/CMakeFiles/__idf_lvgl__lvgl.dir/src/draw/nxp/pxp/lv_draw_pxp_blend.c.obj^[[K
build	Build ESP32-C6 firmware	2026-09-24T10:58:04.7052817Z [1053/1416] Building C object esp-idf/lvgl__lvgl/CMakeFiles/__idf_lvgl__lvgl.dir/src/draw/nxp/pxp/lv_gpu_nxp_pxp.c.obj^[[K
build	Build ESP32-C6 firmware	2026-09-24T10:58:04.7060694Z [1054/1416] Building C object esp-idf/lvgl__lvgl/CMakeFiles/__idf_lvgl__lvgl.dir/src/draw/nxp/vglite/lv_draw_vglite.c.obj^[[K
build	Build ESP32-C6 firmware	2026-09-24T10:58:04.7099404Z [1055/1416] Building C object esp-idf/lvgl__lvgl/CMakeFiles/__idf_lvgl__lvgl.dir/src/draw/nxp/pxp/lv_gpu_nxp_pxp_osa.c.obj^[[K
build	Build ESP32-C6 firmware	2026-09-24T10:58:04.7310115Z [1056/1416] Building C object esp-idf/lvgl__lvgl/CMakeFiles/__idf_lvgl__lvgl.dir/src/draw/nxp/vglite/lv_draw_vglite_arc.c.obj^[[K
build	Build ESP32-C6 firmware	2026-09-24T10:58:04.7521144Z [1057/1416] Building C object esp-idf/lvgl__lvgl/CMakeFiles/__idf_lvgl__lvgl.dir/src/draw/lv_img_buf.c.obj^[[K
build	Build ESP32-C6 firmware	2026-09-24T10:58:04.7726473Z [1058/1416] Building C object esp-idf/lvgl__lvgl/CMakeFiles/__idf_lvgl__lvgl.dir/src/draw/lv_img_decoder.c.obj^[[K
build	Build ESP32-C6 firmware	2026-09-24T10:58:04.7777284Z [1059/1416] Building C object esp-idf/lvgl__lvgl/CMakeFiles/__idf_lvgl__lvgl.dir/src/draw/nxp/vglite/lv_draw_vglite_rect.c.obj^[[K
build	Build ESP32-C6 firmware	2026-09-24T10:58:04.7879695Z [1060/1416] Building C object esp-idf/lvgl__lvgl/CMakeFiles/__idf_lvgl__lvgl.dir/src/draw/lv_draw_mask.c.obj^[[K
build	Build ESP32-C6 firmware	2026-09-24T10:58:04.7949615Z [1061/1416] Building C object esp-idf/lvgl__lvgl/CMakeFiles/__idf_lvgl__lvgl.dir/src/draw/nxp/vglite/lv_draw_vglite_line.c.obj^[[K
build	Build ESP32-C6 firmware	2026-09-24T10:58:04.7971019Z [1062/1416] Building C object esp-idf/lvgl__lvgl/CMakeFiles/__idf_lvgl__lvgl.dir/src/draw/nxp/vglite/lv_draw_vglite_blend.c.obj^[[K
build	Build ESP32-C6 firmware	2026-09-24T10:58:04.8319438Z [1063/1416] Building C object esp-idf/lvgl__lvgl/CMakeFiles/__idf_lvgl__lvgl.dir/src/draw/nxp/vglite/lv_vglite_buf.c.obj^[[K
build	Build ESP32-C6 firmware	2026-09-24T10:58:04.8741942Z [1064/1416] Building C object esp-idf/lvgl__lvgl/CMakeFiles/__idf_lvgl__lvgl.dir/src/draw/nxp/vglite/lv_vglite_utils.c.obj^[[K
build	Build ESP32-C6 firmware	2026-09-24T10:58:04.8750817Z [1065/1416] Building C object esp-idf/lvgl__lvgl/CMakeFiles/__idf_lvgl__lvgl.dir/src/draw/sdl/lv_draw_sdl.c.obj^[[K
build	Build ESP32-C6 firmware	2026-09-24T10:58:04.8803654Z [1066/1416] Building C object esp-idf/lvgl__lvgl/CMakeFiles/__idf_lvgl__lvgl.dir/src/draw/sdl/lv_draw_sdl_arc.c.obj^[[K
build	Build ESP32-C6 firmware	2026-09-24T10:58:04.9071175Z [1067/1416] Building C object esp-idf/lvgl__lvgl/CMakeFiles/__idf_lvgl__lvgl.dir/src/draw/sdl/lv_draw_sdl_bg.c.obj^[[K
build	Build ESP32-C6 firmware	2026-09-24T10:58:04.9521250Z [1068/1416] Building C object esp-idf/lvgl__lvgl/CMakeFiles/__idf_lvgl__lvgl.dir/src/draw/sdl/lv_draw_sdl_composite.c.obj^[[K
build	Build ESP32-C6 firmware	2026-09-24T10:58:04.9686442Z [1069/1416] Building C object esp-idf/lvgl__lvgl/CMakeFiles/__idf_lvgl__lvgl.dir/src/draw/sdl/lv_draw_sdl_img.c.obj^[[K
build	Build ESP32-C6 firmware	2026-09-24T10:58:04.9725292Z [1070/1416] Building C object esp-idf/lvgl__lvgl/CMakeFiles/__idf_lvgl__lvgl.dir/src/draw/sdl/lv_draw_sdl_label.c.obj^[[K
build	Build ESP32-C6 firmware	2026-09-24T10:58:04.9738071Z [1071/1416] Building C object esp-idf/lvgl__lvgl/CMakeFiles/__idf_lvgl__lvgl.dir/src/draw/renesas/lv_gpu_d2_draw_label.c.obj^[[K
build	Build ESP32-C6 firmware	2026-09-24T10:58:04.9848232Z [1072/1416] Building C object esp-idf/lvgl__lvgl/CMakeFiles/__idf_lvgl__lvgl.dir/src/draw/sdl/lv_draw_sdl_layer.c.obj^[[K
build	Build ESP32-C6 firmware	2026-09-24T10:58:05.0041323Z [1073/1416] Building C object esp-idf/lvgl__lvgl/CMakeFiles/__idf_lvgl__lvgl.dir/src/draw/renesas/lv_gpu_d2_ra6m3.c.obj^[[K
build	Build ESP32-C6 firmware	2026-09-24T10:58:05.0192536Z [1074/1416] Building C object esp-idf/lvgl__lvgl/CMakeFiles/__idf_lvgl__lvgl.dir/src/draw/sdl/lv_draw_sdl_line.c.obj^[[K
build	Build ESP32-C6 firmware	2026-09-24T10:58:05.0277043Z [1075/1416] Building C object esp-idf/lvgl__lvgl/CMakeFiles/__idf_lvgl__lvgl.dir/src/draw/sdl/lv_draw_sdl_mask.c.obj^[[K
build	Build ESP32-C6 firmware	2026-09-24T10:58:05.0469657Z [1076/1416] Building C object esp-idf/lvgl__lvgl/CMakeFiles/__idf_lvgl__lvgl.dir/src/draw/sdl/lv_draw_sdl_polygon.c.obj^[[K
build	Build ESP32-C6 firmware	2026-09-24T10:58:05.0649427Z [1077/1416] Building C object esp-idf/lvgl__lvgl/CMakeFiles/__idf_lvgl__lvgl.dir/src/draw/sdl/lv_draw_sdl_rect.c.obj^[[K
build	Build ESP32-C6 firmware	2026-09-24T10:58:05.0848629Z [1078/1416] Building C object esp-idf/lvgl__lvgl/CMakeFiles/__idf_lvgl__lvgl.dir/src/draw/sdl/lv_draw_sdl_texture_cache.c.obj^[[K
build	Build ESP32-C6 firmware	2026-09-24T10:58:05.0972454Z [1079/1416] Building C object esp-idf/lvgl__lvgl/CMakeFiles/__idf_lvgl__lvgl.dir/src/draw/sdl/lv_draw_sdl_utils.c.obj^[[K
build	Build ESP32-C6 firmware	2026-09-24T10:58:05.2302904Z [1080/1416] Building C object esp-idf/lvgl__lvgl/CMakeFiles/__idf_lvgl__lvgl.dir/src/draw/sdl/lv_draw_sdl_stack_blur.c.obj^[[K
build	Build ESP32-C6 firmware	2026-09-24T10:58:05.2356076Z [1081/1416] Building C object esp-idf/lvgl__lvgl/CMakeFiles/__idf_lvgl__lvgl.dir/src/draw/stm32_dma2d/lv_gpu_stm32_dma2d.c.obj^[[K
build	Build ESP32-C6 firmware	2026-09-24T10:58:05.2745073Z [1082/1416] Building C object esp-idf/lvgl__lvgl/CMakeFiles/__idf_lvgl__lvgl.dir/src/draw/sw/lv_draw_sw.c.obj^[[K
build	Build ESP32-C6 firmware	2026-09-24T10:58:05.3606060Z [1083/1416] Building C object esp-idf/lvgl__lvgl/CMakeFiles/__idf_lvgl__lvgl.dir/src/draw/sw/lv_draw_sw_dither.c.obj^[[K
build	Build ESP32-C6 firmware	2026-09-24T10:58:05.4265785Z [1084/1416] Building C object esp-idf/lvgl__lvgl/CMakeFiles/__idf_lvgl__lvgl.dir/src/draw/sw/lv_draw_sw_gradient.c.obj^[[K
build	Build ESP32-C6 firmware	2026-09-24T10:58:05.4750485Z [1085/1416] Building C object esp-idf/lvgl__lvgl/CMakeFiles/__idf_lvgl__lvgl.dir/src/draw/sw/lv_draw_sw_arc.c.obj^[[K
build	Build ESP32-C6 firmware	2026-09-24T10:58:05.5248778Z [1086/1416] Building C object esp-idf/lvgl__lvgl/CMakeFiles/__idf_lvgl__lvgl.dir/src/draw/sw/lv_draw_sw_blend.c.obj^[[K
build	Build ESP32-C6 firmware	2026-09-24T10:58:05.5470629Z [1087/1416] Building C object esp-idf/lvgl__lvgl/CMakeFiles/__idf_lvgl__lvgl.dir/src/draw/sw/lv_draw_sw_img.c.obj^[[K
build	Build ESP32-C6 firmware	2026-09-24T10:58:05.5760086Z [1088/1416] Building C object esp-idf/lvgl__lvgl/CMakeFiles/__idf_lvgl__lvgl.dir/src/draw/sw/lv_draw_sw_layer.c.obj^[[K
build	Build ESP32-C6 firmware	2026-09-24T10:58:05.6610287Z [1089/1416] Building C object esp-idf/lvgl__lvgl/CMakeFiles/__idf_lvgl__lvgl.dir/src/draw/sw/lv_draw_sw_letter.c.obj^[[K
build	Build ESP32-C6 firmware	2026-09-24T10:58:05.7450802Z [1090/1416] Building C object esp-idf/lvgl__lvgl/CMakeFiles/__idf_lvgl__lvgl.dir/src/draw/sw/lv_draw_sw_polygon.c.obj^[[K
build	Build ESP32-C6 firmware	2026-09-24T10:58:05.7765698Z [1091/1416] Building C object esp-idf/lvgl__lvgl/CMakeFiles/__idf_lvgl__lvgl.dir/src/draw/sw/lv_draw_sw_line.c.obj^[[K
build	Build ESP32-C6 firmware	2026-09-24T10:58:05.9242982Z [1092/1416] Building C object esp-idf/lvgl__lvgl/CMakeFiles/__idf_lvgl__lvgl.dir/src/draw/swm341_dma2d/lv_gpu_swm341_dma2d.c.obj^[[K
build	Build ESP32-C6 firmware	2026-09-24T10:58:05.9972331Z [1093/1416] Building C object esp-idf/lvgl__lvgl/CMakeFiles/__idf_lvgl__lvgl.dir/src/draw/sw/lv_draw_sw_transform.c.obj^[[K
build	Build ESP32-C6 firmware	2026-09-24T10:58:06.0680525Z [1094/1416] Building C object esp-idf/lvgl__lvgl/CMakeFiles/__idf_lvgl__lvgl.dir/src/extra/layouts/flex/lv_flex.c.obj^[[K
build	Build ESP32-C6 firmware	2026-09-24T10:58:06.0991579Z [1095/1416] Building C object esp-idf/lvgl__lvgl/CMakeFiles/__idf_lvgl__lvgl.dir/src/extra/libs/ffmpeg/lv_ffmpeg.c.obj^[[K
build	Build ESP32-C6 firmware	2026-09-24T10:58:06.1237761Z [1096/1416] Building C object esp-idf/lvgl__lvgl/CMakeFiles/__idf_lvgl__lvgl.dir/src/draw/sw/lv_draw_sw_rect.c.obj^[[K
build	Build ESP32-C6 firmware	2026-09-24T10:58:06.1271885Z [1097/1416] Building C object esp-idf/lvgl__lvgl/CMakeFiles/__idf_lvgl__lvgl.dir/src/extra/libs/bmp/lv_bmp.c.obj^[[K
build	Build ESP32-C6 firmware	2026-09-24T10:58:06.1892313Z [1098/1416] Building C object esp-idf/lvgl__lvgl/CMakeFiles/__idf_lvgl__lvgl.dir/src/extra/layouts/grid/lv_grid.c.obj^[[K
build	Build ESP32-C6 firmware	2026-09-24T10:58:06.2847603Z [1099/1416] Building C object esp-idf/lvgl__lvgl/CMakeFiles/__idf_lvgl__lvgl.dir/src/extra/libs/freetype/lv_freetype.c.obj^[[K
build	Build ESP32-C6 firmware	2026-09-24T10:58:06.3143493Z [1100/1416] Building C object esp-idf/lvgl__lvgl/CMakeFiles/__idf_lvgl__lvgl.dir/src/extra/libs/fsdrv/lv_fs_fatfs.c.obj^[[K
build	Build ESP32-C6 firmware	2026-09-24T10:58:06.3249669Z [1101/1416] Building C object esp-idf/lvgl__lvgl/CMakeFiles/__idf_lvgl__lvgl.dir/src/extra/libs/fsdrv/lv_fs_posix.c.obj^[[K
build	Build ESP32-C6 firmware	2026-09-24T10:58:06.3524282Z [1102/1416] Building C object esp-idf/lvgl__lvgl/CMakeFiles/__idf_lvgl__lvgl.dir/src/extra/libs/gif/gifdec.c.obj^[[K
build	Build ESP32-C6 firmware	2026-09-24T10:58:06.3959939Z [1103/1416] Building C object esp-idf/lvgl__lvgl/CMakeFiles/__idf_lvgl__lvgl.dir/src/extra/libs/fsdrv/lv_fs_littlefs.c.obj^[[K
build	Build ESP32-C6 firmware	2026-09-24T10:58:06.4656556Z [1104/1416] Building C object esp-idf/lvgl__lvgl/CMakeFiles/__idf_lvgl__lvgl.dir/src/extra/libs/fsdrv/lv_fs_stdio.c.obj^[[K
build	Build ESP32-C6 firmware	2026-09-24T10:58:06.5583920Z [1105/1416] Building C object esp-idf/lvgl__lvgl/CMakeFiles/__idf_lvgl__lvgl.dir/src/extra/libs/fsdrv/lv_fs_win32.c.obj^[[K
build	Build ESP32-C6 firmware	2026-09-24T10:58:06.5716719Z [1106/1416] Building C object esp-idf/lvgl__lvgl/CMakeFiles/__idf_lvgl__lvgl.dir/src/extra/libs/png/lodepng.c.obj^[[K
build	Build ESP32-C6 firmware	2026-09-24T10:58:06.6320047Z [1107/1416] Building C object esp-idf/lvgl__lvgl/CMakeFiles/__idf_lvgl__lvgl.dir/src/extra/libs/gif/lv_gif.c.obj^[[K
build	Build ESP32-C6 firmware	2026-09-24T10:58:06.6601171Z [1108/1416] Building C object esp-idf/lvgl__lvgl/CMakeFiles/__idf_lvgl__lvgl.dir/src/extra/libs/png/lv_png.c.obj^[[K
build	Build ESP32-C6 firmware	2026-09-24T10:58:06.6699260Z [1109/1416] Building C object esp-idf/lvgl__lvgl/CMakeFiles/__idf_lvgl__lvgl.dir/src/extra/libs/sjpg/tjpgd.c.obj^[[K
build	Build ESP32-C6 firmware	2026-09-24T10:58:06.7668857Z [1110/1416] Building C object esp-idf/lvgl__lvgl/CMakeFiles/__idf_lvgl__lvgl.dir/src/extra/libs/qrcode/lv_qrcode.c.obj^[[K
build	Build ESP32-C6 firmware	2026-09-24T10:58:06.7766116Z [1111/1416] Building C object esp-idf/lvgl__lvgl/CMakeFiles/__idf_lvgl__lvgl.dir/src/extra/others/fragment/lv_fragment.c.obj^[[K
build	Build ESP32-C6 firmware	2026-09-24T10:58:06.7942564Z [1112/1416] Building C object esp-idf/lvgl__lvgl/CMakeFiles/__idf_lvgl__lvgl.dir/src/extra/libs/qrcode/qrcodegen.c.obj^[[K
build	Build ESP32-C6 firmware	2026-09-24T10:58:06.8615101Z [1113/1416] Building C object esp-idf/lvgl__lvgl/CMakeFiles/__idf_lvgl__lvgl.dir/src/extra/libs/rlottie/lv_rlottie.c.obj^[[K
build	Build ESP32-C6 firmware	2026-09-24T10:58:06.8718057Z [1114/1416] Building C object esp-idf/lvgl__lvgl/CMakeFiles/__idf_lvgl__lvgl.dir/src/extra/libs/sjpg/lv_sjpg.c.obj^[[K
build	Build ESP32-C6 firmware	2026-09-24T10:58:06.9298276Z [1115/1416] Building C object esp-idf/lvgl__lvgl/CMakeFiles/__idf_lvgl__lvgl.dir/src/extra/others/fragment/lv_fragment_manager.c.obj^[[K
build	Build ESP32-C6 firmware	2026-09-24T10:58:06.9514640Z [1116/1416] Building C object esp-idf/lvgl__lvgl/CMakeFiles/__idf_lvgl__lvgl.dir/src/extra/lv_extra.c.obj^[[K
build	Build ESP32-C6 firmware	2026-09-24T10:58:06.9886200Z [1117/1416] Building C object esp-idf/lvgl__lvgl/CMakeFiles/__idf_lvgl__lvgl.dir/src/extra/libs/tiny_ttf/lv_tiny_ttf.c.obj^[[K
build	Build ESP32-C6 firmware	2026-09-24T10:58:07.0380349Z [1118/1416] Building C object esp-idf/lvgl__lvgl/CMakeFiles/__idf_lvgl__lvgl.dir/src/extra/others/gridnav/lv_gridnav.c.obj^[[K
build	Build ESP32-C6 firmware	2026-09-24T10:58:07.1049969Z [1119/1416] Building C object esp-idf/lvgl__lvgl/CMakeFiles/__idf_lvgl__lvgl.dir/src/extra/others/ime/lv_ime_pinyin.c.obj^[[K
build	Build ESP32-C6 firmware	2026-09-24T10:58:07.1507855Z [1120/1416] Building C object esp-idf/lvgl__lvgl/CMakeFiles/__idf_lvgl__lvgl.dir/src/extra/others/imgfont/lv_imgfont.c.obj^[[K
build	Build ESP32-C6 firmware	2026-09-24T10:58:07.1636117Z [1121/1416] Building C object esp-idf/lvgl__lvgl/CMakeFiles/__idf_lvgl__lvgl.dir/src/extra/others/monkey/lv_monkey.c.obj^[[K
build	Build ESP32-C6 firmware	2026-09-24T10:58:07.3248353Z [1122/1416] Building C object esp-idf/lvgl__lvgl/CMakeFiles/__idf_lvgl__lvgl.dir/src/extra/others/msg/lv_msg.c.obj^[[K
build	Build ESP32-C6 firmware	2026-09-24T10:58:07.3747625Z [1123/1416] Building C object esp-idf/lvgl__lvgl/CMakeFiles/__idf_lvgl__lvgl.dir/src/extra/others/snapshot/lv_snapshot.c.obj^[[K
build	Build ESP32-C6 firmware	2026-09-24T10:58:07.3792654Z [1124/1416] Building C object esp-idf/lvgl__lvgl/CMakeFiles/__idf_lvgl__lvgl.dir/src/extra/widgets/animimg/lv_animimg.c.obj^[[K
build	Build ESP32-C6 firmware	2026-09-24T10:58:07.4892512Z [1125/1416] Building C object esp-idf/lvgl__lvgl/CMakeFiles/__idf_lvgl__lvgl.dir/src/extra/themes/mono/lv_theme_mono.c.obj^[[K
build	Build ESP32-C6 firmware	2026-09-24T10:58:07.5409817Z [1126/1416] Building C object esp-idf/lvgl__lvgl/CMakeFiles/__idf_lvgl__lvgl.dir/src/extra/themes/basic/lv_theme_basic.c.obj^[[K
build	Build ESP32-C6 firmware	2026-09-24T10:58:07.6021052Z [1127/1416] Building C object esp-idf/lvgl__lvgl/CMakeFiles/__idf_lvgl__lvgl.dir/src/extra/widgets/calendar/lv_calendar_header_arrow.c.obj^[[K
build	Build ESP32-C6 firmware	2026-09-24T10:58:07.6175474Z [1128/1416] Building C object esp-idf/lvgl__lvgl/CMakeFiles/__idf_lvgl__lvgl.dir/src/extra/widgets/calendar/lv_calendar_header_dropdown.c.obj^[[K
build	Build ESP32-C6 firmware	2026-09-24T10:58:07.7610950Z [1129/1416] Building C object esp-idf/lvgl__lvgl/CMakeFiles/__idf_lvgl__lvgl.dir/src/extra/widgets/calendar/lv_calendar.c.obj^[[K
build	Build ESP32-C6 firmware	2026-09-24T10:58:07.8923915Z [1130/1416] Building C object esp-idf/lvgl__lvgl/CMakeFiles/__idf_lvgl__lvgl.dir/src/extra/themes/default/lv_theme_default.c.obj^[[K
build	Build ESP32-C6 firmware	2026-09-24T10:58:07.9222068Z [1131/1416] Building C object esp-idf/lvgl__lvgl/CMakeFiles/__idf_lvgl__lvgl.dir/src/extra/widgets/led/lv_led.c.obj^[[K
build	Build ESP32-C6 firmware	2026-09-24T10:58:07.9396963Z [1132/1416] Building C object esp-idf/lvgl__lvgl/CMakeFiles/__idf_lvgl__lvgl.dir/src/extra/widgets/imgbtn/lv_imgbtn.c.obj^[[K
build	Build ESP32-C6 firmware	2026-09-24T10:58:08.0121805Z [1133/1416] Building C object esp-idf/lvgl__lvgl/CMakeFiles/__idf_lvgl__lvgl.dir/src/extra/widgets/colorwheel/lv_colorwheel.c.obj^[[K
build	Build ESP32-C6 firmware	2026-09-24T10:58:08.0541727Z [1134/1416] Building C object esp-idf/lvgl__lvgl/CMakeFiles/__idf_lvgl__lvgl.dir/src/extra/widgets/list/lv_list.c.obj^[[K
build	Build ESP32-C6 firmware	2026-09-24T10:58:08.2231707Z [1135/1416] Building C object esp-idf/lvgl__lvgl/CMakeFiles/__idf_lvgl__lvgl.dir/src/extra/widgets/keyboard/lv_keyboard.c.obj^[[K
build	Build ESP32-C6 firmware	2026-09-24T10:58:08.2598629Z [1136/1416] Building C object esp-idf/lvgl__lvgl/CMakeFiles/__idf_lvgl__lvgl.dir/src/extra/widgets/msgbox/lv_msgbox.c.obj^[[K
build	Build ESP32-C6 firmware	2026-09-24T10:58:08.3471556Z [1137/1416] Building C object esp-idf/lvgl__lvgl/CMakeFiles/__idf_lvgl__lvgl.dir/src/extra/widgets/menu/lv_menu.c.obj^[[K
build	Build ESP32-C6 firmware	2026-09-24T10:58:08.4097185Z [1138/1416] Building C object esp-idf/lvgl__lvgl/CMakeFiles/__idf_lvgl__lvgl.dir/src/extra/widgets/chart/lv_chart.c.obj^[[K
build	Build ESP32-C6 firmware	2026-09-24T10:58:08.5187389Z [1139/1416] Building C object esp-idf/lvgl__lvgl/CMakeFiles/__idf_lvgl__lvgl.dir/src/extra/widgets/spinbox/lv_spinbox.c.obj^[[K
build	Build ESP32-C6 firmware	2026-09-24T10:58:08.5828310Z [1140/1416] Building C object esp-idf/lvgl__lvgl/CMakeFiles/__idf_lvgl__lvgl.dir/src/extra/widgets/meter/lv_meter.c.obj^[[K
build	Build ESP32-C6 firmware	2026-09-24T10:58:08.5896539Z [1141/1416] Building C object esp-idf/lvgl__lvgl/CMakeFiles/__idf_lvgl__lvgl.dir/src/extra/widgets/span/lv_span.c.obj^[[K
build	Build ESP32-C6 firmware	2026-09-24T10:58:08.6440017Z [1142/1416] Building C object esp-idf/lvgl__lvgl/CMakeFiles/__idf_lvgl__lvgl.dir/src/extra/widgets/tileview/lv_tileview.c.obj^[[K
build	Build ESP32-C6 firmware	2026-09-24T10:58:08.7130896Z [1143/1416] Building C object esp-idf/lvgl__lvgl/CMakeFiles/__idf_lvgl__lvgl.dir/src/extra/widgets/spinner/lv_spinner.c.obj^[[K
build	Build ESP32-C6 firmware	2026-09-24T10:58:08.7260646Z [1144/1416] Building C object esp-idf/lvgl__lvgl/CMakeFiles/__idf_lvgl__lvgl.dir/src/font/lv_font.c.obj^[[K
build	Build ESP32-C6 firmware	2026-09-24T10:58:08.7269171Z [1145/1416] Building C object esp-idf/lvgl__lvgl/CMakeFiles/__idf_lvgl__lvgl.dir/src/extra/widgets/tabview/lv_tabview.c.obj^[[K
build	Build ESP32-C6 firmware	2026-09-24T10:58:08.8391308Z [1146/1416] Building C object esp-idf/lvgl__lvgl/CMakeFiles/__idf_lvgl__lvgl.dir/src/extra/widgets/win/lv_win.c.obj^[[K
build	Build ESP32-C6 firmware	2026-09-24T10:58:08.8811055Z [1147/1416] Building C object esp-idf/lvgl__lvgl/CMakeFiles/__idf_lvgl__lvgl.dir/src/font/lv_font_fmt_txt.c.obj^[[K
build	Build ESP32-C6 firmware	2026-09-24T10:58:08.9987260Z [1148/1416] Building C object esp-idf/lvgl__lvgl/CMakeFiles/__idf_lvgl__lvgl.dir/src/font/lv_font_dejavu_16_persian_hebrew.c.obj^[[K
build	Build ESP32-C6 firmware	2026-09-24T10:58:09.0383624Z [1149/1416] Building C object esp-idf/lvgl__lvgl/CMakeFiles/__idf_lvgl__lvgl.dir/src/font/lv_font_montserrat_10.c.obj^[[K
build	Build ESP32-C6 firmware	2026-09-24T10:58:09.0551585Z [1150/1416] Building C object esp-idf/lvgl__lvgl/CMakeFiles/__idf_lvgl__lvgl.dir/src/font/lv_font_montserrat_12_subpx.c.obj^[[K
build	Build ESP32-C6 firmware	2026-09-24T10:58:09.0768876Z [1151/1416] Building C object esp-idf/lvgl__lvgl/CMakeFiles/__idf_lvgl__lvgl.dir/src/font/lv_font_loader.c.obj^[[K
build	Build ESP32-C6 firmware	2026-09-24T10:58:09.0811656Z [1152/1416] Building C object esp-idf/lvgl__lvgl/CMakeFiles/__idf_lvgl__lvgl.dir/src/font/lv_font_montserrat_12.c.obj^[[K
build	Build ESP32-C6 firmware	2026-09-24T10:58:09.1808508Z [1153/1416] Building C object esp-idf/lvgl__lvgl/CMakeFiles/__idf_lvgl__lvgl.dir/src/font/lv_font_montserrat_14.c.obj^[[K
build	Build ESP32-C6 firmware	2026-09-24T10:58:09.2735048Z [1154/1416] Building C object esp-idf/lvgl__lvgl/CMakeFiles/__idf_lvgl__lvgl.dir/src/font/lv_font_montserrat_16.c.obj^[[K
build	Build ESP32-C6 firmware	2026-09-24T10:58:09.2868836Z [1155/1416] Building C object esp-idf/lvgl__lvgl/CMakeFiles/__idf_lvgl__lvgl.dir/src/font/lv_font_montserrat_18.c.obj^[[K
build	Build ESP32-C6 firmware	2026-09-24T10:58:09.3623676Z [1156/1416] Building C object esp-idf/lvgl__lvgl/CMakeFiles/__idf_lvgl__lvgl.dir/src/font/lv_font_montserrat_20.c.obj^[[K
build	Build ESP32-C6 firmware	2026-09-24T10:58:09.3832792Z [1157/1416] Building C object esp-idf/lvgl__lvgl/CMakeFiles/__idf_lvgl__lvgl.dir/src/font/lv_font_montserrat_22.c.obj^[[K
build	Build ESP32-C6 firmware	2026-09-24T10:58:09.3860317Z [1158/1416] Building C object esp-idf/lvgl__lvgl/CMakeFiles/__idf_lvgl__lvgl.dir/src/font/lv_font_montserrat_24.c.obj^[[K
build	Build ESP32-C6 firmware	2026-09-24T10:58:09.4723933Z [1159/1416] Building C object esp-idf/lvgl__lvgl/CMakeFiles/__idf_lvgl__lvgl.dir/src/font/lv_font_montserrat_26.c.obj^[[K
build	Build ESP32-C6 firmware	2026-09-24T10:58:09.5530138Z [1160/1416] Building C object esp-idf/lvgl__lvgl/CMakeFiles/__idf_lvgl__lvgl.dir/src/font/lv_font_montserrat_28.c.obj^[[K
build	Build ESP32-C6 firmware	2026-09-24T10:58:09.5996102Z [1161/1416] Building C object esp-idf/lvgl__lvgl/CMakeFiles/__idf_lvgl__lvgl.dir/src/font/lv_font_montserrat_28_compressed.c.obj^[[K
build	Build ESP32-C6 firmware	2026-09-24T10:58:09.6494169Z [1162/1416] Building C object esp-idf/lvgl__lvgl/CMakeFiles/__idf_lvgl__lvgl.dir/src/font/lv_font_montserrat_32.c.obj^[[K
build	Build ESP32-C6 firmware	2026-09-24T10:58:09.6689400Z [1163/1416] Building C object esp-idf/lvgl__lvgl/CMakeFiles/__idf_lvgl__lvgl.dir/src/font/lv_font_montserrat_30.c.obj^[[K
build	Build ESP32-C6 firmware	2026-09-24T10:58:09.7257643Z [1164/1416] Building C object esp-idf/lvgl__lvgl/CMakeFiles/__idf_lvgl__lvgl.dir/src/font/lv_font_montserrat_36.c.obj^[[K
build	Build ESP32-C6 firmware	2026-09-24T10:58:09.7864068Z [1165/1416] Building C object esp-idf/lvgl__lvgl/CMakeFiles/__idf_lvgl__lvgl.dir/src/font/lv_font_montserrat_34.c.obj^[[K
build	Build ESP32-C6 firmware	2026-09-24T10:58:09.9049541Z [1166/1416] Building C object esp-idf/lvgl__lvgl/CMakeFiles/__idf_lvgl__lvgl.dir/src/font/lv_font_montserrat_38.c.obj^[[K
build	Build ESP32-C6 firmware	2026-09-24T10:58:09.9139192Z [1167/1416] Building C object esp-idf/lvgl__lvgl/CMakeFiles/__idf_lvgl__lvgl.dir/src/font/lv_font_montserrat_40.c.obj^[[K
build	Build ESP32-C6 firmware	2026-09-24T10:58:09.9402468Z [1168/1416] Building C object esp-idf/lvgl__lvgl/CMakeFiles/__idf_lvgl__lvgl.dir/src/font/lv_font_montserrat_42.c.obj^[[K
build	Build ESP32-C6 firmware	2026-09-24T10:58:09.9625597Z [1169/1416] Building C object esp-idf/lvgl__lvgl/CMakeFiles/__idf_lvgl__lvgl.dir/src/font/lv_font_montserrat_44.c.obj^[[K
build	Build ESP32-C6 firmware	2026-09-24T10:58:10.0675116Z [1170/1416] Building C object esp-idf/lvgl__lvgl/CMakeFiles/__idf_lvgl__lvgl.dir/src/font/lv_font_montserrat_46.c.obj^[[K
build	Build ESP32-C6 firmware	2026-09-24T10:58:10.1044396Z [1171/1416] Building C object esp-idf/lvgl__lvgl/CMakeFiles/__idf_lvgl__lvgl.dir/src/font/lv_font_montserrat_48.c.obj^[[K
build	Build ESP32-C6 firmware	2026-09-24T10:58:10.1740302Z [1172/1416] Building C object esp-idf/lvgl__lvgl/CMakeFiles/__idf_lvgl__lvgl.dir/src/font/lv_font_montserrat_8.c.obj^[[K
build	Build ESP32-C6 firmware	2026-09-24T10:58:10.2262016Z [1173/1416] Building C object esp-idf/lvgl__lvgl/CMakeFiles/__idf_lvgl__lvgl.dir/src/font/lv_font_unscii_16.c.obj^[[K
build	Build ESP32-C6 firmware	2026-09-24T10:58:10.2392910Z [1174/1416] Building C object esp-idf/lvgl__lvgl/CMakeFiles/__idf_lvgl__lvgl.dir/src/font/lv_font_simsun_16_cjk.c.obj^[[K
build	Build ESP32-C6 firmware	2026-09-24T10:58:10.2791702Z [1175/1416] Building C object esp-idf/lvgl__lvgl/CMakeFiles/__idf_lvgl__lvgl.dir/src/hal/lv_hal_tick.c.obj^[[K
build	Build ESP32-C6 firmware	2026-09-24T10:58:10.3674330Z [1176/1416] Building C object esp-idf/lvgl__lvgl/CMakeFiles/__idf_lvgl__lvgl.dir/src/font/lv_font_unscii_8.c.obj^[[K
build	Build ESP32-C6 firmware	2026-09-24T10:58:10.3752242Z [1177/1416] Building C object esp-idf/lvgl__lvgl/CMakeFiles/__idf_lvgl__lvgl.dir/src/hal/lv_hal_disp.c.obj^[[K
build	Build ESP32-C6 firmware	2026-09-24T10:58:10.3925024Z [1178/1416] Building C object esp-idf/lvgl__lvgl/CMakeFiles/__idf_lvgl__lvgl.dir/src/hal/lv_hal_indev.c.obj^[[K
build	Build ESP32-C6 firmware	2026-09-24T10:58:10.4606960Z [1179/1416] Building C object esp-idf/lvgl__lvgl/CMakeFiles/__idf_lvgl__lvgl.dir/src/misc/lv_anim_timeline.c.obj^[[K
build	Build ESP32-C6 firmware	2026-09-24T10:58:10.4704362Z [1180/1416] Building C object esp-idf/lvgl__lvgl/CMakeFiles/__idf_lvgl__lvgl.dir/src/misc/lv_anim.c.obj^[[K
build	Build ESP32-C6 firmware	2026-09-24T10:58:10.4971816Z [1181/1416] Building C object esp-idf/lvgl__lvgl/CMakeFiles/__idf_lvgl__lvgl.dir/src/misc/lv_async.c.obj^[[K
build	Build ESP32-C6 firmware	2026-09-24T10:58:10.5294247Z [1182/1416] Building C object esp-idf/lvgl__lvgl/CMakeFiles/__idf_lvgl__lvgl.dir/src/misc/lv_area.c.obj^[[K
build	Build ESP32-C6 firmware	2026-09-24T10:58:10.6078442Z [1183/1416] Building C object esp-idf/lvgl__lvgl/CMakeFiles/__idf_lvgl__lvgl.dir/src/misc/lv_bidi.c.obj^[[K
build	Build ESP32-C6 firmware	2026-09-24T10:58:10.6480271Z [1184/1416] Building C object esp-idf/lvgl__lvgl/CMakeFiles/__idf_lvgl__lvgl.dir/src/misc/lv_log.c.obj^[[K
build	Build ESP32-C6 firmware	2026-09-24T10:58:10.6571911Z [1185/1416] Building C object esp-idf/lvgl__lvgl/CMakeFiles/__idf_lvgl__lvgl.dir/src/misc/lv_ll.c.obj^[[K
build	Build ESP32-C6 firmware	2026-09-24T10:58:10.6799812Z [1186/1416] Building C object esp-idf/lvgl__lvgl/CMakeFiles/__idf_lvgl__lvgl.dir/src/misc/lv_color.c.obj^[[K
build	Build ESP32-C6 firmware	2026-09-24T10:58:10.6928603Z [1187/1416] Building C object esp-idf/lvgl__lvgl/CMakeFiles/__idf_lvgl__lvgl.dir/src/misc/lv_gc.c.obj^[[K
build	Build ESP32-C6 firmware	2026-09-24T10:58:10.6950495Z [1188/1416] Building C object esp-idf/lvgl__lvgl/CMakeFiles/__idf_lvgl__lvgl.dir/src/misc/lv_lru.c.obj^[[K
build	Build ESP32-C6 firmware	2026-09-24T10:58:10.7725590Z [1189/1416] Building C object esp-idf/lvgl__lvgl/CMakeFiles/__idf_lvgl__lvgl.dir/src/misc/lv_fs.c.obj^[[K
build	Build ESP32-C6 firmware	2026-09-24T10:58:10.7799855Z [1190/1416] Building C object esp-idf/lvgl__lvgl/CMakeFiles/__idf_lvgl__lvgl.dir/src/misc/lv_templ.c.obj^[[K
build	Build ESP32-C6 firmware	2026-09-24T10:58:10.8407994Z [1191/1416] Building C object esp-idf/lvgl__lvgl/CMakeFiles/__idf_lvgl__lvgl.dir/src/misc/lv_math.c.obj^[[K
build	Build ESP32-C6 firmware	2026-09-24T10:58:10.8765646Z [1192/1416] Building C object esp-idf/lvgl__lvgl/CMakeFiles/__idf_lvgl__lvgl.dir/src/misc/lv_mem.c.obj^[[K
build	Build ESP32-C6 firmware	2026-09-24T10:58:10.9047857Z [1193/1416] Building C object esp-idf/lvgl__lvgl/CMakeFiles/__idf_lvgl__lvgl.dir/src/misc/lv_tlsf.c.obj^[[K
build	Build ESP32-C6 firmware	2026-09-24T10:58:10.9143926Z [1194/1416] Building C object esp-idf/lvgl__lvgl/CMakeFiles/__idf_lvgl__lvgl.dir/src/misc/lv_printf.c.obj^[[K
build	Build ESP32-C6 firmware	2026-09-24T10:58:10.9970401Z [1195/1416] Building C object esp-idf/lvgl__lvgl/CMakeFiles/__idf_lvgl__lvgl.dir/src/misc/lv_style.c.obj^[[K
build	Build ESP32-C6 firmware	2026-09-24T10:58:11.0138592Z [1196/1416] Building C object esp-idf/lvgl__lvgl/CMakeFiles/__idf_lvgl__lvgl.dir/src/misc/lv_utils.c.obj^[[K
build	Build ESP32-C6 firmware	2026-09-24T10:58:11.0406477Z [1197/1416] Building C object esp-idf/lvgl__lvgl/CMakeFiles/__idf_lvgl__lvgl.dir/src/misc/lv_timer.c.obj^[[K
build	Build ESP32-C6 firmware	2026-09-24T10:58:11.0616845Z [1198/1416] Building C object esp-idf/lvgl__lvgl/CMakeFiles/__idf_lvgl__lvgl.dir/src/misc/lv_txt_ap.c.obj^[[K
build	Build ESP32-C6 firmware	2026-09-24T10:58:11.1996985Z [1199/1416] Building C object esp-idf/lvgl__lvgl/CMakeFiles/__idf_lvgl__lvgl.dir/src/misc/lv_style_gen.c.obj^[[K
build	Build ESP32-C6 firmware	2026-09-24T10:58:11.3223546Z [1200/1416] Building C object esp-idf/lvgl__lvgl/CMakeFiles/__idf_lvgl__lvgl.dir/src/misc/lv_txt.c.obj^[[K
build	Build ESP32-C6 firmware	2026-09-24T10:58:11.3989413Z [1201/1416] Building C object esp-idf/lvgl__lvgl/CMakeFiles/__idf_lvgl__lvgl.dir/src/widgets/lv_btn.c.obj^[[K
build	Build ESP32-C6 firmware	2026-09-24T10:58:11.4120806Z [1202/1416] Building C object esp-idf/lvgl__lvgl/CMakeFiles/__idf_lvgl__lvgl.dir/src/widgets/lv_arc.c.obj^[[K
build	Build ESP32-C6 firmware	2026-09-24T10:58:11.4861101Z [1203/1416] Building C object esp-idf/lvgl__lvgl/CMakeFiles/__idf_lvgl__lvgl.dir/src/widgets/lv_bar.c.obj^[[K
build	Build ESP32-C6 firmware	2026-09-24T10:58:11.5204698Z [1204/1416] Building C object esp-idf/lvgl__lvgl/CMakeFiles/__idf_lvgl__lvgl.dir/src/widgets/lv_canvas.c.obj^[[K
build	Build ESP32-C6 firmware	2026-09-24T10:58:11.5857382Z [1205/1416] Building C object esp-idf/lvgl__lvgl/CMakeFiles/__idf_lvgl__lvgl.dir/src/widgets/lv_checkbox.c.obj^[[K
build	Build ESP32-C6 firmware	2026-09-24T10:58:11.6009114Z [1206/1416] Building C object esp-idf/lvgl__lvgl/CMakeFiles/__idf_lvgl__lvgl.dir/src/widgets/lv_btnmatrix.c.obj^[[K
build	Build ESP32-C6 firmware	2026-09-24T10:58:11.7365472Z [1207/1416] Building C object esp-idf/lvgl__lvgl/CMakeFiles/__idf_lvgl__lvgl.dir/src/widgets/lv_objx_templ.c.obj^[[K
build	Build ESP32-C6 firmware	2026-09-24T10:58:11.7972677Z [1208/1416] Building C object esp-idf/lvgl__lvgl/CMakeFiles/__idf_lvgl__lvgl.dir/src/widgets/lv_img.c.obj^[[K
build	Build ESP32-C6 firmware	2026-09-24T10:58:11.8081752Z [1209/1416] Building C object esp-idf/lvgl__lvgl/CMakeFiles/__idf_lvgl__lvgl.dir/src/widgets/lv_dropdown.c.obj^[[K
build	Build ESP32-C6 firmware	2026-09-24T10:58:11.9572790Z [1210/1416] Building C object esp-idf/lvgl__lvgl/CMakeFiles/__idf_lvgl__lvgl.dir/src/widgets/lv_line.c.obj^[[K
build	Build ESP32-C6 firmware	2026-09-24T10:58:11.9794147Z [1211/1416] Building C object esp-idf/lvgl__lvgl/CMakeFiles/__idf_lvgl__lvgl.dir/src/widgets/lv_roller.c.obj^[[K
build	Build ESP32-C6 firmware	2026-09-24T10:58:12.0299489Z [1212/1416] Building C object esp-idf/lvgl__lvgl/CMakeFiles/__idf_lvgl__lvgl.dir/src/widgets/lv_slider.c.obj^[[K
build	Build ESP32-C6 firmware	2026-09-24T10:58:12.0436263Z [1213/1416] Building C object esp-idf/lvgl__lvgl/CMakeFiles/__idf_lvgl__lvgl.dir/src/widgets/lv_label.c.obj^[[K
build	Build ESP32-C6 firmware	2026-09-24T10:58:12.2620918Z [1214/1416] Building C object esp-idf/lvgl__lvgl/CMakeFiles/__idf_lvgl__lvgl.dir/src/widgets/lv_switch.c.obj^[[K
build	Build ESP32-C6 firmware	2026-09-24T10:58:12.2819655Z [1215/1416] Building C object esp-idf/lvgl__lvgl/CMakeFiles/__idf_lvgl__lvgl.dir/examples/anim/lv_example_anim_1.c.obj^[[K
build	Build ESP32-C6 firmware	2026-09-24T10:58:12.4184547Z [1216/1416] Building C object esp-idf/lvgl__lvgl/CMakeFiles/__idf_lvgl__lvgl.dir/examples/anim/lv_example_anim_2.c.obj^[[K
build	Build ESP32-C6 firmware	2026-09-24T10:58:12.4196454Z [1217/1416] Building C object esp-idf/lvgl__lvgl/CMakeFiles/__idf_lvgl__lvgl.dir/examples/anim/lv_example_anim_timeline_1.c.obj^[[K
build	Build ESP32-C6 firmware	2026-09-24T10:58:12.4399482Z [1218/1416] Building C object esp-idf/lvgl__lvgl/CMakeFiles/__idf_lvgl__lvgl.dir/src/widgets/lv_table.c.obj^[[K
build	Build ESP32-C6 firmware	2026-09-24T10:58:12.4815104Z [1219/1416] Building C object esp-idf/lvgl__lvgl/CMakeFiles/__idf_lvgl__lvgl.dir/src/widgets/lv_textarea.c.obj^[[K
build	Build ESP32-C6 firmware	2026-09-24T10:58:12.7375022Z [1220/1416] Building C object esp-idf/lvgl__lvgl/CMakeFiles/__idf_lvgl__lvgl.dir/examples/anim/lv_example_anim_3.c.obj^[[K
build	Build ESP32-C6 firmware	2026-09-24T10:58:12.7409256Z [1221/1416] Building C object esp-idf/lvgl__lvgl/CMakeFiles/__idf_lvgl__lvgl.dir/examples/assets/emoji/img_emoji_F617.c.obj^[[K
build	Build ESP32-C6 firmware	2026-09-24T10:58:12.8389621Z [1222/1416] Building C object esp-idf/lvgl__lvgl/CMakeFiles/__idf_lvgl__lvgl.dir/examples/assets/img_caret_down.c.obj^[[K
build	Build ESP32-C6 firmware	2026-09-24T10:58:12.8882508Z [1223/1416] Building C object esp-idf/lvgl__lvgl/CMakeFiles/__idf_lvgl__lvgl.dir/examples/assets/img_cogwheel_alpha16.c.obj^[[K
build	Build ESP32-C6 firmware	2026-09-24T10:58:12.9023554Z [1224/1416] Building C object esp-idf/lvgl__lvgl/CMakeFiles/__idf_lvgl__lvgl.dir/examples/assets/animimg002.c.obj^[[K
build	Build ESP32-C6 firmware	2026-09-24T10:58:13.1037996Z [1225/1416] Building C object esp-idf/lvgl__lvgl/CMakeFiles/__idf_lvgl__lvgl.dir/examples/assets/animimg001.c.obj^[[K
build	Build ESP32-C6 firmware	2026-09-24T10:58:13.1262171Z [1226/1416] Building C object esp-idf/lvgl__lvgl/CMakeFiles/__idf_lvgl__lvgl.dir/examples/assets/animimg003.c.obj^[[K
build	Build ESP32-C6 firmware	2026-09-24T10:58:13.1353805Z [1227/1416] Building C object esp-idf/lvgl__lvgl/CMakeFiles/__idf_lvgl__lvgl.dir/examples/assets/img_cogwheel_chroma_keyed.c.obj^[[K
build	Build ESP32-C6 firmware	2026-09-24T10:58:13.1637095Z [1228/1416] Building C object esp-idf/lvgl__lvgl/CMakeFiles/__idf_lvgl__lvgl.dir/examples/assets/img_cogwheel_argb.c.obj^[[K
build	Build ESP32-C6 firmware	2026-09-24T10:58:13.2187881Z [1229/1416] Building C object esp-idf/lvgl__lvgl/CMakeFiles/__idf_lvgl__lvgl.dir/examples/assets/img_cogwheel_indexed16.c.obj^[[K
build	Build ESP32-C6 firmware	2026-09-24T10:58:13.2206408Z [1230/1416] Building C object esp-idf/lvgl__lvgl/CMakeFiles/__idf_lvgl__lvgl.dir/examples/assets/img_cogwheel_rgb.c.obj^[[K
build	Build ESP32-C6 firmware	2026-09-24T10:58:13.3796495Z [1231/1416] Building C object esp-idf/lvgl__lvgl/CMakeFiles/__idf_lvgl__lvgl.dir/examples/assets/img_hand.c.obj^[[K
build	Build ESP32-C6 firmware	2026-09-24T10:58:13.4131525Z [1232/1416] Building C object esp-idf/lvgl__lvgl/CMakeFiles/__idf_lvgl__lvgl.dir/examples/assets/img_skew_strip.c.obj^[[K
build	Build ESP32-C6 firmware	2026-09-24T10:58:13.4384600Z [1233/1416] Building C object esp-idf/lvgl__lvgl/CMakeFiles/__idf_lvgl__lvgl.dir/examples/assets/img_star.c.obj^[[K
build	Build ESP32-C6 firmware	2026-09-24T10:58:13.4783513Z [1234/1416] Building C object esp-idf/lvgl__lvgl/CMakeFiles/__idf_lvgl__lvgl.dir/examples/assets/imgbtn_mid.c.obj^[[K
build	Build ESP32-C6 firmware	2026-09-24T10:58:13.4795482Z [1235/1416] Building C object esp-idf/lvgl__lvgl/CMakeFiles/__idf_lvgl__lvgl.dir/examples/assets/imgbtn_left.c.obj^[[K
build	Build ESP32-C6 firmware	2026-09-24T10:58:13.6095899Z [1236/1416] Building C object esp-idf/lvgl__lvgl/CMakeFiles/__idf_lvgl__lvgl.dir/examples/assets/imgbtn_right.c.obj^[[K
build	Build ESP32-C6 firmware	2026-09-24T10:58:13.7656909Z [1237/1416] Building C object esp-idf/lvgl__lvgl/CMakeFiles/__idf_lvgl__lvgl.dir/examples/event/lv_example_event_1.c.obj^[[K
build	Build ESP32-C6 firmware	2026-09-24T10:58:13.7729241Z [1238/1416] Building C object esp-idf/lvgl__lvgl/CMakeFiles/__idf_lvgl__lvgl.dir/examples/event/lv_example_event_2.c.obj^[[K
build	Build ESP32-C6 firmware	2026-09-24T10:58:13.7860143Z [1239/1416] Building C object esp-idf/lvgl__lvgl/CMakeFiles/__idf_lvgl__lvgl.dir/examples/get_started/lv_example_get_started_1.c.obj^[[K
build	Build ESP32-C6 firmware	2026-09-24T10:58:13.7900340Z [1240/1416] Building C object esp-idf/lvgl__lvgl/CMakeFiles/__idf_lvgl__lvgl.dir/examples/event/lv_example_event_3.c.obj^[[K
build	Build ESP32-C6 firmware	2026-09-24T10:58:13.8045722Z [1241/1416] Building C object esp-idf/lvgl__lvgl/CMakeFiles/__idf_lvgl__lvgl.dir/examples/get_started/lv_example_get_started_2.c.obj^[[K
build	Build ESP32-C6 firmware	2026-09-24T10:58:13.9536896Z [1242/1416] Building C object esp-idf/lvgl__lvgl/CMakeFiles/__idf_lvgl__lvgl.dir/examples/event/lv_example_event_4.c.obj^[[K
build	Build ESP32-C6 firmware	2026-09-24T10:58:14.0216134Z [1243/1416] Building C object esp-idf/lvgl__lvgl/CMakeFiles/__idf_lvgl__lvgl.dir/examples/get_started/lv_example_get_started_3.c.obj^[[K
build	Build ESP32-C6 firmware	2026-09-24T10:58:14.0334056Z [1244/1416] Building C object esp-idf/lvgl__lvgl/CMakeFiles/__idf_lvgl__lvgl.dir/examples/layouts/flex/lv_example_flex_2.c.obj^[[K
build	Build ESP32-C6 firmware	2026-09-24T10:58:14.1080178Z [1245/1416] Building C object esp-idf/lvgl__lvgl/CMakeFiles/__idf_lvgl__lvgl.dir/examples/layouts/flex/lv_example_flex_1.c.obj^[[K
build	Build ESP32-C6 firmware	2026-09-24T10:58:14.1568712Z [1246/1416] Building C object esp-idf/lvgl__lvgl/CMakeFiles/__idf_lvgl__lvgl.dir/examples/layouts/flex/lv_example_flex_3.c.obj^[[K
build	Build ESP32-C6 firmware	2026-09-24T10:58:14.1967342Z [1247/1416] Building C object esp-idf/lvgl__lvgl/CMakeFiles/__idf_lvgl__lvgl.dir/examples/layouts/flex/lv_example_flex_4.c.obj^[[K
build	Build ESP32-C6 firmware	2026-09-24T10:58:14.3277276Z [1248/1416] Building C object esp-idf/lvgl__lvgl/CMakeFiles/__idf_lvgl__lvgl.dir/examples/layouts/flex/lv_example_flex_5.c.obj^[[K
build	Build ESP32-C6 firmware	2026-09-24T10:58:14.3523253Z [1249/1416] Building C object esp-idf/lvgl__lvgl/CMakeFiles/__idf_lvgl__lvgl.dir/examples/layouts/grid/lv_example_grid_2.c.obj^[[K
build	Build ESP32-C6 firmware	2026-09-24T10:58:14.4030857Z [1250/1416] Building C object esp-idf/lvgl__lvgl/CMakeFiles/__idf_lvgl__lvgl.dir/examples/layouts/flex/lv_example_flex_6.c.obj^[[K
build	Build ESP32-C6 firmware	2026-09-24T10:58:14.4236864Z [1251/1416] Building C object esp-idf/lvgl__lvgl/CMakeFiles/__idf_lvgl__lvgl.dir/examples/layouts/grid/lv_example_grid_1.c.obj^[[K
build	Build ESP32-C6 firmware	2026-09-24T10:58:14.5086904Z [1252/1416] Building C object esp-idf/lvgl__lvgl/CMakeFiles/__idf_lvgl__lvgl.dir/examples/layouts/grid/lv_example_grid_3.c.obj^[[K
build	Build ESP32-C6 firmware	2026-09-24T10:58:14.5272136Z [1253/1416] Building C object esp-idf/lvgl__lvgl/CMakeFiles/__idf_lvgl__lvgl.dir/examples/layouts/grid/lv_example_grid_5.c.obj^[[K
build	Build ESP32-C6 firmware	2026-09-24T10:58:14.6346203Z [1254/1416] Building C object esp-idf/lvgl__lvgl/CMakeFiles/__idf_lvgl__lvgl.dir/examples/layouts/grid/lv_example_grid_4.c.obj^[[K
build	Build ESP32-C6 firmware	2026-09-24T10:58:14.6721615Z [1255/1416] Building C object esp-idf/lvgl__lvgl/CMakeFiles/__idf_lvgl__lvgl.dir/examples/libs/ffmpeg/lv_example_ffmpeg_1.c.obj^[[K
build	Build ESP32-C6 firmware	2026-09-24T10:58:14.7020746Z [1256/1416] Building C object esp-idf/lvgl__lvgl/CMakeFiles/__idf_lvgl__lvgl.dir/examples/libs/bmp/lv_example_bmp_1.c.obj^[[K
build	Build ESP32-C6 firmware	2026-09-24T10:58:14.7589883Z [1257/1416] Building C object esp-idf/lvgl__lvgl/CMakeFiles/__idf_lvgl__lvgl.dir/examples/layouts/grid/lv_example_grid_6.c.obj^[[K
build	Build ESP32-C6 firmware	2026-09-24T10:58:14.8899698Z [1258/1416] Building C object esp-idf/lvgl__lvgl/CMakeFiles/__idf_lvgl__lvgl.dir/examples/libs/ffmpeg/lv_example_ffmpeg_2.c.obj^[[K
build	Build ESP32-C6 firmware	2026-09-24T10:58:14.8910350Z [1259/1416] Building C object esp-idf/lvgl__lvgl/CMakeFiles/__idf_lvgl__lvgl.dir/examples/libs/freetype/lv_example_freetype_1.c.obj^[[K
build	Build ESP32-C6 firmware	2026-09-24T10:58:14.9087123Z [1260/1416] Building C object esp-idf/lvgl__lvgl/CMakeFiles/__idf_lvgl__lvgl.dir/examples/libs/png/img_wink_png.c.obj^[[K
build	Build ESP32-C6 firmware	2026-09-24T10:58:14.9842300Z [1261/1416] Building C object esp-idf/lvgl__lvgl/CMakeFiles/__idf_lvgl__lvgl.dir/examples/libs/gif/img_bulb_gif.c.obj^[[K
build	Build ESP32-C6 firmware	2026-09-24T10:58:15.0000590Z [1262/1416] Building C object esp-idf/lvgl__lvgl/CMakeFiles/__idf_lvgl__lvgl.dir/examples/libs/gif/lv_example_gif_1.c.obj^[[K
build	Build ESP32-C6 firmware	2026-09-24T10:58:15.0203331Z [1263/1416] Building C object esp-idf/lvgl__lvgl/CMakeFiles/__idf_lvgl__lvgl.dir/examples/libs/qrcode/lv_example_qrcode_1.c.obj^[[K
build	Build ESP32-C6 firmware	2026-09-24T10:58:15.2149653Z [1264/1416] Building C object esp-idf/lvgl__lvgl/CMakeFiles/__idf_lvgl__lvgl.dir/examples/libs/png/lv_example_png_1.c.obj^[[K
build	Build ESP32-C6 firmware	2026-09-24T10:58:15.2360420Z [1265/1416] Building C object esp-idf/lvgl__lvgl/CMakeFiles/__idf_lvgl__lvgl.dir/examples/libs/rlottie/lv_example_rlottie_approve.c.obj^[[K
build	Build ESP32-C6 firmware	2026-09-24T10:58:15.2386339Z [1266/1416] Building C object esp-idf/lvgl__lvgl/CMakeFiles/__idf_lvgl__lvgl.dir/examples/others/fragment/lv_example_fragment_1.c.obj^[[K
build	Build ESP32-C6 firmware	2026-09-24T10:58:15.2422296Z [1267/1416] Building C object esp-idf/lvgl__lvgl/CMakeFiles/__idf_lvgl__lvgl.dir/examples/libs/sjpg/lv_example_sjpg_1.c.obj^[[K
build	Build ESP32-C6 firmware	2026-09-24T10:58:15.2971050Z [1268/1416] Building C object esp-idf/lvgl__lvgl/CMakeFiles/__idf_lvgl__lvgl.dir/examples/libs/rlottie/lv_example_rlottie_1.c.obj^[[K
build	Build ESP32-C6 firmware	2026-09-24T10:58:15.2973825Z [1269/1416] Building C object esp-idf/lvgl__lvgl/CMakeFiles/__idf_lvgl__lvgl.dir/examples/libs/rlottie/lv_example_rlottie_2.c.obj^[[K
build	Build ESP32-C6 firmware	2026-09-24T10:58:15.4676547Z [1270/1416] Building C object esp-idf/lvgl__lvgl/CMakeFiles/__idf_lvgl__lvgl.dir/examples/others/fragment/lv_example_fragment_2.c.obj^[[K
build	Build ESP32-C6 firmware	2026-09-24T10:58:15.5200777Z [1271/1416] Building C object esp-idf/lvgl__lvgl/CMakeFiles/__idf_lvgl__lvgl.dir/examples/others/gridnav/lv_example_gridnav_1.c.obj^[[K
build	Build ESP32-C6 firmware	2026-09-24T10:58:15.5524149Z [1272/1416] Building C object esp-idf/lvgl__lvgl/CMakeFiles/__idf_lvgl__lvgl.dir/examples/others/ime/lv_example_ime_pinyin_2.c.obj^[[K
build	Build ESP32-C6 firmware	2026-09-24T10:58:15.5536213Z [1273/1416] Building C object esp-idf/lvgl__lvgl/CMakeFiles/__idf_lvgl__lvgl.dir/examples/others/gridnav/lv_example_gridnav_2.c.obj^[[K
build	Build ESP32-C6 firmware	2026-09-24T10:58:15.5558650Z [1274/1416] Building C object esp-idf/lvgl__lvgl/CMakeFiles/__idf_lvgl__lvgl.dir/examples/others/gridnav/lv_example_gridnav_3.c.obj^[[K
build	Build ESP32-C6 firmware	2026-09-24T10:58:15.5868859Z [1275/1416] Building C object esp-idf/lvgl__lvgl/CMakeFiles/__idf_lvgl__lvgl.dir/examples/others/gridnav/lv_example_gridnav_4.c.obj^[[K
build	Build ESP32-C6 firmware	2026-09-24T10:58:15.8025253Z [1276/1416] Building C object esp-idf/lvgl__lvgl/CMakeFiles/__idf_lvgl__lvgl.dir/examples/others/ime/lv_example_ime_pinyin_1.c.obj^[[K
build	Build ESP32-C6 firmware	2026-09-24T10:58:15.8229298Z [1277/1416] Building C object esp-idf/lvgl__lvgl/CMakeFiles/__idf_lvgl__lvgl.dir/examples/others/msg/lv_example_msg_1.c.obj^[[K
build	Build ESP32-C6 firmware	2026-09-24T10:58:15.8400527Z [1278/1416] Building C object esp-idf/lvgl__lvgl/CMakeFiles/__idf_lvgl__lvgl.dir/examples/others/monkey/lv_example_monkey_1.c.obj^[[K
build	Build ESP32-C6 firmware	2026-09-24T10:58:15.8935823Z [1279/1416] Building C object esp-idf/lvgl__lvgl/CMakeFiles/__idf_lvgl__lvgl.dir/examples/others/imgfont/lv_example_imgfont_1.c.obj^[[K
build	Build ESP32-C6 firmware	2026-09-24T10:58:15.9060655Z [1280/1416] Building C object esp-idf/lvgl__lvgl/CMakeFiles/__idf_lvgl__lvgl.dir/examples/others/monkey/lv_example_monkey_2.c.obj^[[K
build	Build ESP32-C6 firmware	2026-09-24T10:58:15.9328814Z [1281/1416] Building C object esp-idf/lvgl__lvgl/CMakeFiles/__idf_lvgl__lvgl.dir/examples/others/monkey/lv_example_monkey_3.c.obj^[[K
build	Build ESP32-C6 firmware	2026-09-24T10:58:15.9622241Z [1282/1416] Building C object esp-idf/lvgl__lvgl/CMakeFiles/__idf_lvgl__lvgl.dir/examples/porting/lv_port_disp_template.c.obj^[[K
build	Build ESP32-C6 firmware	2026-09-24T10:58:15.9625788Z [1283/1416] Building C object esp-idf/lvgl__lvgl/CMakeFiles/__idf_lvgl__lvgl.dir/examples/others/msg/lv_example_msg_2.c.obj^[[K
build	Build ESP32-C6 firmware	2026-09-24T10:58:15.9663034Z [1284/1416] Building C object esp-idf/lvgl__lvgl/CMakeFiles/__idf_lvgl__lvgl.dir/examples/porting/lv_port_fs_template.c.obj^[[K
build	Build ESP32-C6 firmware	2026-09-24T10:58:16.0270667Z [1285/1416] Building C object esp-idf/lvgl__lvgl/CMakeFiles/__idf_lvgl__lvgl.dir/examples/porting/lv_port_indev_template.c.obj^[[K
build	Build ESP32-C6 firmware	2026-09-24T10:58:16.1960577Z [1286/1416] Building C object esp-idf/lvgl__lvgl/CMakeFiles/__idf_lvgl__lvgl.dir/examples/others/msg/lv_example_msg_3.c.obj^[[K
build	Build ESP32-C6 firmware	2026-09-24T10:58:16.2549106Z [1287/1416] Building C object esp-idf/lvgl__lvgl/CMakeFiles/__idf_lvgl__lvgl.dir/examples/others/snapshot/lv_example_snapshot_1.c.obj^[[K
build	Build ESP32-C6 firmware	2026-09-24T10:58:16.2752335Z [1288/1416] Building C object esp-idf/lvgl__lvgl/CMakeFiles/__idf_lvgl__lvgl.dir/examples/scroll/lv_example_scroll_1.c.obj^[[K
build	Build ESP32-C6 firmware	2026-09-24T10:58:16.2974250Z [1289/1416] Building C object esp-idf/lvgl__lvgl/CMakeFiles/__idf_lvgl__lvgl.dir/examples/scroll/lv_example_scroll_3.c.obj^[[K
build	Build ESP32-C6 firmware	2026-09-24T10:58:16.3052347Z [1290/1416] Building C object esp-idf/lvgl__lvgl/CMakeFiles/__idf_lvgl__lvgl.dir/examples/scroll/lv_example_scroll_2.c.obj^[[K
build	Build ESP32-C6 firmware	2026-09-24T10:58:16.3644422Z [1291/1416] Building C object esp-idf/lvgl__lvgl/CMakeFiles/__idf_lvgl__lvgl.dir/examples/scroll/lv_example_scroll_5.c.obj^[[K
build	Build ESP32-C6 firmware	2026-09-24T10:58:16.5379452Z [1292/1416] Building C object esp-idf/lvgl__lvgl/CMakeFiles/__idf_lvgl__lvgl.dir/examples/scroll/lv_example_scroll_4.c.obj^[[K
build	Build ESP32-C6 firmware	2026-09-24T10:58:16.5391724Z [1293/1416] Building C object esp-idf/lvgl__lvgl/CMakeFiles/__idf_lvgl__lvgl.dir/examples/scroll/lv_example_scroll_6.c.obj^[[K
build	Build ESP32-C6 firmware	2026-09-24T10:58:16.5900948Z [1294/1416] Building C object esp-idf/lvgl__lvgl/CMakeFiles/__idf_lvgl__lvgl.dir/examples/styles/lv_example_style_1.c.obj^[[K
build	Build ESP32-C6 firmware	2026-09-24T10:58:16.6235181Z [1295/1416] Building C object esp-idf/lvgl__lvgl/CMakeFiles/__idf_lvgl__lvgl.dir/examples/styles/lv_example_style_12.c.obj^[[K
build	Build ESP32-C6 firmware	2026-09-24T10:58:16.6443866Z [1296/1416] Building C object esp-idf/lvgl__lvgl/CMakeFiles/__idf_lvgl__lvgl.dir/examples/styles/lv_example_style_10.c.obj^[[K
build	Build ESP32-C6 firmware	2026-09-24T10:58:16.7543652Z [1297/1416] Building C object esp-idf/lvgl__lvgl/CMakeFiles/__idf_lvgl__lvgl.dir/examples/styles/lv_example_style_11.c.obj^[[K
build	Build ESP32-C6 firmware	2026-09-24T10:58:16.7746718Z [1298/1416] Building C object esp-idf/lvgl__lvgl/CMakeFiles/__idf_lvgl__lvgl.dir/examples/styles/lv_example_style_13.c.obj^[[K
build	Build ESP32-C6 firmware	2026-09-24T10:58:16.8150103Z [1299/1416] Building C object esp-idf/lvgl__lvgl/CMakeFiles/__idf_lvgl__lvgl.dir/examples/styles/lv_example_style_14.c.obj^[[K
build	Build ESP32-C6 firmware	2026-09-24T10:58:16.9507338Z [1300/1416] Building C object esp-idf/lvgl__lvgl/CMakeFiles/__idf_lvgl__lvgl.dir/examples/styles/lv_example_style_15.c.obj^[[K
build	Build ESP32-C6 firmware	2026-09-24T10:58:16.9533214Z [1301/1416] Building C object esp-idf/lvgl__lvgl/CMakeFiles/__idf_lvgl__lvgl.dir/examples/styles/lv_example_style_3.c.obj^[[K
build	Build ESP32-C6 firmware	2026-09-24T10:58:16.9597821Z [1302/1416] Building C object esp-idf/lvgl__lvgl/CMakeFiles/__idf_lvgl__lvgl.dir/examples/styles/lv_example_style_2.c.obj^[[K
build	Build ESP32-C6 firmware	2026-09-24T10:58:17.1010932Z [1303/1416] Building C object esp-idf/lvgl__lvgl/CMakeFiles/__idf_lvgl__lvgl.dir/examples/styles/lv_example_style_4.c.obj^[[K
build	Build ESP32-C6 firmware	2026-09-24T10:58:17.1293776Z [1304/1416] Building C object esp-idf/lvgl__lvgl/CMakeFiles/__idf_lvgl__lvgl.dir/examples/styles/lv_example_style_5.c.obj^[[K
build	Build ESP32-C6 firmware	2026-09-24T10:58:17.1634535Z [1305/1416] Building C object esp-idf/lvgl__lvgl/CMakeFiles/__idf_lvgl__lvgl.dir/examples/styles/lv_example_style_6.c.obj^[[K
build	Build ESP32-C6 firmware	2026-09-24T10:58:17.2634989Z [1306/1416] Building C object esp-idf/lvgl__lvgl/CMakeFiles/__idf_lvgl__lvgl.dir/examples/styles/lv_example_style_7.c.obj^[[K
build	Build ESP32-C6 firmware	2026-09-24T10:58:17.2647851Z [1307/1416] Building C object esp-idf/lvgl__lvgl/CMakeFiles/__idf_lvgl__lvgl.dir/examples/styles/lv_example_style_9.c.obj^[[K
build	Build ESP32-C6 firmware	2026-09-24T10:58:17.3500250Z [1308/1416] Building C object esp-idf/lvgl__lvgl/CMakeFiles/__idf_lvgl__lvgl.dir/examples/styles/lv_example_style_8.c.obj^[[K
build	Build ESP32-C6 firmware	2026-09-24T10:58:17.3736952Z [1309/1416] Building C object esp-idf/lvgl__lvgl/CMakeFiles/__idf_lvgl__lvgl.dir/examples/widgets/arc/lv_example_arc_1.c.obj^[[K
build	Build ESP32-C6 firmware	2026-09-24T10:58:17.3846798Z [1310/1416] Building C object esp-idf/lvgl__lvgl/CMakeFiles/__idf_lvgl__lvgl.dir/examples/widgets/animimg/lv_example_animimg_1.c.obj^[[K
build	Build ESP32-C6 firmware	2026-09-24T10:58:17.5410612Z [1311/1416] Building C object esp-idf/lvgl__lvgl/CMakeFiles/__idf_lvgl__lvgl.dir/examples/widgets/arc/lv_example_arc_2.c.obj^[[K
build	Build ESP32-C6 firmware	2026-09-24T10:58:17.5529742Z [1312/1416] Building C object esp-idf/lvgl__lvgl/CMakeFiles/__idf_lvgl__lvgl.dir/examples/widgets/bar/lv_example_bar_2.c.obj^[[K
build	Build ESP32-C6 firmware	2026-09-24T10:58:17.6215290Z [1313/1416] Building C object esp-idf/lvgl__lvgl/CMakeFiles/__idf_lvgl__lvgl.dir/examples/widgets/bar/lv_example_bar_1.c.obj^[[K
build	Build ESP32-C6 firmware	2026-09-24T10:58:17.6579034Z [1314/1416] Building C object esp-idf/lvgl__lvgl/CMakeFiles/__idf_lvgl__lvgl.dir/examples/widgets/bar/lv_example_bar_5.c.obj^[[K
build	Build ESP32-C6 firmware	2026-09-24T10:58:17.7068818Z [1315/1416] Building C object esp-idf/lvgl__lvgl/CMakeFiles/__idf_lvgl__lvgl.dir/examples/widgets/bar/lv_example_bar_3.c.obj^[[K
build	Build ESP32-C6 firmware	2026-09-24T10:58:17.7248494Z [1316/1416] Building C object esp-idf/lvgl__lvgl/CMakeFiles/__idf_lvgl__lvgl.dir/examples/widgets/bar/lv_example_bar_4.c.obj^[[K
build	Build ESP32-C6 firmware	2026-09-24T10:58:17.8690128Z [1317/1416] Building C object esp-idf/lvgl__lvgl/CMakeFiles/__idf_lvgl__lvgl.dir/examples/widgets/bar/lv_example_bar_6.c.obj^[[K
build	Build ESP32-C6 firmware	2026-09-24T10:58:17.8990445Z [1318/1416] Building C object esp-idf/lvgl__lvgl/CMakeFiles/__idf_lvgl__lvgl.dir/examples/widgets/btn/lv_example_btn_3.c.obj^[[K
build	Build ESP32-C6 firmware	2026-09-24T10:58:17.9030242Z [1319/1416] Building C object esp-idf/lvgl__lvgl/CMakeFiles/__idf_lvgl__lvgl.dir/examples/widgets/btn/lv_example_btn_1.c.obj^[[K
build	Build ESP32-C6 firmware	2026-09-24T10:58:17.9529507Z [1320/1416] Building C object esp-idf/lvgl__lvgl/CMakeFiles/__idf_lvgl__lvgl.dir/examples/widgets/btnmatrix/lv_example_btnmatrix_1.c.obj^[[K
build	Build ESP32-C6 firmware	2026-09-24T10:58:18.0727011Z [1321/1416] Building C object esp-idf/lvgl__lvgl/CMakeFiles/__idf_lvgl__lvgl.dir/examples/widgets/btn/lv_example_btn_2.c.obj^[[K
build	Build ESP32-C6 firmware	2026-09-24T10:58:18.1425727Z [1322/1416] Building C object esp-idf/lvgl__lvgl/CMakeFiles/__idf_lvgl__lvgl.dir/examples/widgets/btnmatrix/lv_example_btnmatrix_2.c.obj^[[K
build	Build ESP32-C6 firmware	2026-09-24T10:58:18.1818853Z [1323/1416] Building C object esp-idf/lvgl__lvgl/CMakeFiles/__idf_lvgl__lvgl.dir/examples/widgets/btnmatrix/lv_example_btnmatrix_3.c.obj^[[K
build	Build ESP32-C6 firmware	2026-09-24T10:58:18.2135279Z [1324/1416] Building C object esp-idf/lvgl__lvgl/CMakeFiles/__idf_lvgl__lvgl.dir/examples/widgets/canvas/lv_example_canvas_1.c.obj^[[K
build	Build ESP32-C6 firmware	2026-09-24T10:58:18.2173894Z [1325/1416] Building C object esp-idf/lvgl__lvgl/CMakeFiles/__idf_lvgl__lvgl.dir/examples/widgets/canvas/lv_example_canvas_2.c.obj^[[K
build	Build ESP32-C6 firmware	2026-09-24T10:58:18.3195952Z [1326/1416] Building C object esp-idf/lvgl__lvgl/CMakeFiles/__idf_lvgl__lvgl.dir/examples/widgets/calendar/lv_example_calendar_1.c.obj^[[K
build	Build ESP32-C6 firmware	2026-09-24T10:58:18.4055548Z [1327/1416] Building C object esp-idf/lvgl__lvgl/CMakeFiles/__idf_lvgl__lvgl.dir/examples/widgets/chart/lv_example_chart_1.c.obj^[[K
build	Build ESP32-C6 firmware	2026-09-24T10:58:18.4764791Z [1328/1416] Building C object esp-idf/lvgl__lvgl/CMakeFiles/__idf_lvgl__lvgl.dir/examples/widgets/chart/lv_example_chart_3.c.obj^[[K
build	Build ESP32-C6 firmware	2026-09-24T10:58:18.5169539Z [1329/1416] Building C object esp-idf/lvgl__lvgl/CMakeFiles/__idf_lvgl__lvgl.dir/examples/widgets/chart/lv_example_chart_2.c.obj^[[K
build	Build ESP32-C6 firmware	2026-09-24T10:58:18.5492839Z [1330/1416] Building C object esp-idf/lvgl__lvgl/CMakeFiles/__idf_lvgl__lvgl.dir/examples/widgets/chart/lv_example_chart_6.c.obj^[[K
build	Build ESP32-C6 firmware	2026-09-24T10:58:18.6025847Z [1331/1416] Building C object esp-idf/lvgl__lvgl/CMakeFiles/__idf_lvgl__lvgl.dir/examples/widgets/chart/lv_example_chart_4.c.obj^[[K
build	Build ESP32-C6 firmware	2026-09-24T10:58:18.6483438Z [1332/1416] Building C object esp-idf/lvgl__lvgl/CMakeFiles/__idf_lvgl__lvgl.dir/examples/widgets/chart/lv_example_chart_5.c.obj^[[K
build	Build ESP32-C6 firmware	2026-09-24T10:58:18.7665023Z [1333/1416] Building C object esp-idf/lvgl__lvgl/CMakeFiles/__idf_lvgl__lvgl.dir/examples/widgets/chart/lv_example_chart_7.c.obj^[[K
build	Build ESP32-C6 firmware	2026-09-24T10:58:18.8339949Z [1334/1416] Building C object esp-idf/lvgl__lvgl/CMakeFiles/__idf_lvgl__lvgl.dir/examples/widgets/chart/lv_example_chart_9.c.obj^[[K
build	Build ESP32-C6 firmware	2026-09-24T10:58:18.8880590Z [1335/1416] Building C object esp-idf/lvgl__lvgl/CMakeFiles/__idf_lvgl__lvgl.dir/examples/widgets/chart/lv_example_chart_8.c.obj^[[K
build	Build ESP32-C6 firmware	2026-09-24T10:58:18.8946811Z [1336/1416] Building C object esp-idf/lvgl__lvgl/CMakeFiles/__idf_lvgl__lvgl.dir/examples/widgets/checkbox/lv_example_checkbox_1.c.obj^[[K
build	Build ESP32-C6 firmware	2026-09-24T10:58:18.8996036Z [1337/1416] Building C object esp-idf/lvgl__lvgl/CMakeFiles/__idf_lvgl__lvgl.dir/examples/widgets/colorwheel/lv_example_colorwheel_1.c.obj^[[K
build	Build ESP32-C6 firmware	2026-09-24T10:58:19.0106099Z [1338/1416] Building C object esp-idf/lvgl__lvgl/CMakeFiles/__idf_lvgl__lvgl.dir/examples/widgets/checkbox/lv_example_checkbox_2.c.obj^[[K
build	Build ESP32-C6 firmware	2026-09-24T10:58:19.1204616Z [1339/1416] Building C object esp-idf/lvgl__lvgl/CMakeFiles/__idf_lvgl__lvgl.dir/examples/widgets/dropdown/lv_example_dropdown_1.c.obj^[[K
build	Build ESP32-C6 firmware	2026-09-24T10:58:19.1447202Z [1340/1416] Building C object esp-idf/lvgl__lvgl/CMakeFiles/__idf_lvgl__lvgl.dir/examples/widgets/dropdown/lv_example_dropdown_3.c.obj^[[K
build	Build ESP32-C6 firmware	2026-09-24T10:58:19.2031717Z [1341/1416] Building C object esp-idf/lvgl__lvgl/CMakeFiles/__idf_lvgl__lvgl.dir/examples/widgets/dropdown/lv_example_dropdown_2.c.obj^[[K
build	Build ESP32-C6 firmware	2026-09-24T10:58:19.2409703Z [1342/1416] Building C object esp-idf/lvgl__lvgl/CMakeFiles/__idf_lvgl__lvgl.dir/examples/widgets/img/lv_example_img_2.c.obj^[[K
build	Build ESP32-C6 firmware	2026-09-24T10:58:19.2646409Z [1343/1416] Building C object esp-idf/lvgl__lvgl/CMakeFiles/__idf_lvgl__lvgl.dir/examples/widgets/img/lv_example_img_3.c.obj^[[K
build	Build ESP32-C6 firmware	2026-09-24T10:58:19.2794958Z [1344/1416] Building C object esp-idf/lvgl__lvgl/CMakeFiles/__idf_lvgl__lvgl.dir/examples/widgets/img/lv_example_img_4.c.obj^[[K
build	Build ESP32-C6 firmware	2026-09-24T10:58:19.4489923Z [1345/1416] Building C object esp-idf/lvgl__lvgl/CMakeFiles/__idf_lvgl__lvgl.dir/examples/widgets/img/lv_example_img_1.c.obj^[[K
build	Build ESP32-C6 firmware	2026-09-24T10:58:19.4680801Z [1346/1416] Building C object esp-idf/lvgl__lvgl/CMakeFiles/__idf_lvgl__lvgl.dir/examples/widgets/imgbtn/lv_example_imgbtn_1.c.obj^[[K
build	Build ESP32-C6 firmware	2026-09-24T10:58:19.5421381Z [1347/1416] Building C object esp-idf/lvgl__lvgl/CMakeFiles/__idf_lvgl__lvgl.dir/examples/widgets/keyboard/lv_example_keyboard_1.c.obj^[[K
build	Build ESP32-C6 firmware	2026-09-24T10:58:19.5661998Z [1348/1416] Building C object esp-idf/lvgl__lvgl/CMakeFiles/__idf_lvgl__lvgl.dir/examples/widgets/label/lv_example_label_3.c.obj^[[K
build	Build ESP32-C6 firmware	2026-09-24T10:58:19.5910088Z [1349/1416] Building C object esp-idf/lvgl__lvgl/CMakeFiles/__idf_lvgl__lvgl.dir/examples/widgets/label/lv_example_label_2.c.obj^[[K
build	Build ESP32-C6 firmware	2026-09-24T10:58:19.5929248Z [1350/1416] Building C object esp-idf/lvgl__lvgl/CMakeFiles/__idf_lvgl__lvgl.dir/examples/widgets/label/lv_example_label_4.c.obj^[[K
build	Build ESP32-C6 firmware	2026-09-24T10:58:19.7860723Z [1351/1416] Building C object esp-idf/lvgl__lvgl/CMakeFiles/__idf_lvgl__lvgl.dir/examples/widgets/label/lv_example_label_1.c.obj^[[K
build	Build ESP32-C6 firmware	2026-09-24T10:58:19.7900647Z [1352/1416] Building C object esp-idf/lvgl__lvgl/CMakeFiles/__idf_lvgl__lvgl.dir/examples/widgets/label/lv_example_label_5.c.obj^[[K
build	Build ESP32-C6 firmware	2026-09-24T10:58:19.8384216Z [1353/1416] Building C object esp-idf/lvgl__lvgl/CMakeFiles/__idf_lvgl__lvgl.dir/examples/widgets/led/lv_example_led_1.c.obj^[[K
build	Build ESP32-C6 firmware	2026-09-24T10:58:19.9263935Z [1354/1416] Building C object esp-idf/lvgl__lvgl/CMakeFiles/__idf_lvgl__lvgl.dir/examples/widgets/line/lv_example_line_1.c.obj^[[K
build	Build ESP32-C6 firmware	2026-09-24T10:58:19.9539437Z [1355/1416] Building C object esp-idf/lvgl__lvgl/CMakeFiles/__idf_lvgl__lvgl.dir/examples/widgets/list/lv_example_list_1.c.obj^[[K
build	Build ESP32-C6 firmware	2026-09-24T10:58:19.9586435Z [1356/1416] Building C object esp-idf/lvgl__lvgl/CMakeFiles/__idf_lvgl__lvgl.dir/examples/widgets/list/lv_example_list_2.c.obj^[[K
build	Build ESP32-C6 firmware	2026-09-24T10:58:20.0929981Z [1357/1416] Building C object esp-idf/lvgl__lvgl/CMakeFiles/__idf_lvgl__lvgl.dir/examples/widgets/menu/lv_example_menu_1.c.obj^[[K
build	Build ESP32-C6 firmware	2026-09-24T10:58:20.1396375Z [1358/1416] Building C object esp-idf/lvgl__lvgl/CMakeFiles/__idf_lvgl__lvgl.dir/examples/widgets/menu/lv_example_menu_3.c.obj^[[K
build	Build ESP32-C6 firmware	2026-09-24T10:58:20.1565151Z [1359/1416] Building C object esp-idf/lvgl__lvgl/CMakeFiles/__idf_lvgl__lvgl.dir/examples/widgets/menu/lv_example_menu_4.c.obj^[[K
build	Build ESP32-C6 firmware	2026-09-24T10:58:20.2920077Z [1360/1416] Building C object esp-idf/lvgl__lvgl/CMakeFiles/__idf_lvgl__lvgl.dir/examples/widgets/menu/lv_example_menu_2.c.obj^[[K
build	Build ESP32-C6 firmware	2026-09-24T10:58:20.2956375Z [1361/1416] Building C object esp-idf/lvgl__lvgl/CMakeFiles/__idf_lvgl__lvgl.dir/examples/widgets/meter/lv_example_meter_1.c.obj^[[K
build	Build ESP32-C6 firmware	2026-09-24T10:58:20.3094588Z [1362/1416] Building C object esp-idf/lvgl__lvgl/CMakeFiles/__idf_lvgl__lvgl.dir/examples/widgets/menu/lv_example_menu_5.c.obj^[[K
build	Build ESP32-C6 firmware	2026-09-24T10:58:20.4210422Z [1363/1416] Building C object esp-idf/lvgl__lvgl/CMakeFiles/__idf_lvgl__lvgl.dir/examples/widgets/meter/lv_example_meter_2.c.obj^[[K
build	Build ESP32-C6 firmware	2026-09-24T10:58:20.4314698Z [1364/1416] Building C object esp-idf/lvgl__lvgl/CMakeFiles/__idf_lvgl__lvgl.dir/examples/widgets/meter/lv_example_meter_3.c.obj^[[K
build	Build ESP32-C6 firmware	2026-09-24T10:58:20.5141080Z [1365/1416] Building C object esp-idf/lvgl__lvgl/CMakeFiles/__idf_lvgl__lvgl.dir/examples/widgets/meter/lv_example_meter_4.c.obj^[[K
build	Build ESP32-C6 firmware	2026-09-24T10:58:20.6147292Z [1366/1416] Building C object esp-idf/lvgl__lvgl/CMakeFiles/__idf_lvgl__lvgl.dir/examples/widgets/msgbox/lv_example_msgbox_1.c.obj^[[K
build	Build ESP32-C6 firmware	2026-09-24T10:58:20.6180135Z [1367/1416] Building C object esp-idf/lvgl__lvgl/CMakeFiles/__idf_lvgl__lvgl.dir/examples/widgets/roller/lv_example_roller_1.c.obj^[[K
build	Build ESP32-C6 firmware	2026-09-24T10:58:20.6754235Z [1368/1416] Building C object esp-idf/lvgl__lvgl/CMakeFiles/__idf_lvgl__lvgl.dir/examples/widgets/obj/lv_example_obj_1.c.obj^[[K
build	Build ESP32-C6 firmware	2026-09-24T10:58:20.7119971Z [1369/1416] Building C object esp-idf/lvgl__lvgl/CMakeFiles/__idf_lvgl__lvgl.dir/examples/widgets/obj/lv_example_obj_2.c.obj^[[K
build	Build ESP32-C6 firmware	2026-09-24T10:58:20.8340013Z [1370/1416] Building C object esp-idf/lvgl__lvgl/CMakeFiles/__idf_lvgl__lvgl.dir/examples/widgets/roller/lv_example_roller_2.c.obj^[[K
build	Build ESP32-C6 firmware	2026-09-24T10:58:20.8671227Z [1371/1416] Building C object esp-idf/lvgl__lvgl/CMakeFiles/__idf_lvgl__lvgl.dir/examples/widgets/roller/lv_example_roller_3.c.obj^[[K
build	Build ESP32-C6 firmware	2026-09-24T10:58:20.9469090Z [1372/1416] Building C object esp-idf/lvgl__lvgl/CMakeFiles/__idf_lvgl__lvgl.dir/examples/widgets/slider/lv_example_slider_1.c.obj^[[K
build	Build ESP32-C6 firmware	2026-09-24T10:58:20.9668204Z [1373/1416] Building C object esp-idf/lvgl__lvgl/CMakeFiles/__idf_lvgl__lvgl.dir/examples/widgets/slider/lv_example_slider_2.c.obj^[[K
build	Build ESP32-C6 firmware	2026-09-24T10:58:20.9798846Z [1374/1416] Building C object esp-idf/lvgl__lvgl/CMakeFiles/__idf_lvgl__lvgl.dir/examples/widgets/spinbox/lv_example_spinbox_1.c.obj^[[K
build	Build ESP32-C6 firmware	2026-09-24T10:58:20.9869123Z [1375/1416] Building C object esp-idf/lvgl__lvgl/CMakeFiles/__idf_lvgl__lvgl.dir/examples/widgets/slider/lv_example_slider_3.c.obj^[[K
build	Build ESP32-C6 firmware	2026-09-24T10:58:21.1320410Z [1376/1416] Building C object esp-idf/lvgl__lvgl/CMakeFiles/__idf_lvgl__lvgl.dir/examples/widgets/span/lv_example_span_1.c.obj^[[K
build	Build ESP32-C6 firmware	2026-09-24T10:58:21.2056567Z [1377/1416] Building C object esp-idf/lvgl__lvgl/CMakeFiles/__idf_lvgl__lvgl.dir/examples/widgets/switch/lv_example_switch_1.c.obj^[[K
build	Build ESP32-C6 firmware	2026-09-24T10:58:21.2789520Z [1378/1416] Building C object esp-idf/lvgl__lvgl/CMakeFiles/__idf_lvgl__lvgl.dir/examples/widgets/spinner/lv_example_spinner_1.c.obj^[[K
build	Build ESP32-C6 firmware	2026-09-24T10:58:21.2858719Z [1379/1416] Building C object esp-idf/lvgl__lvgl/CMakeFiles/__idf_lvgl__lvgl.dir/examples/widgets/tabview/lv_example_tabview_2.c.obj^[[K
build	Build ESP32-C6 firmware	2026-09-24T10:58:21.3253824Z [1380/1416] Building C object esp-idf/lvgl__lvgl/CMakeFiles/__idf_lvgl__lvgl.dir/examples/widgets/table/lv_example_table_1.c.obj^[[K
build	Build ESP32-C6 firmware	2026-09-24T10:58:21.3757623Z [1381/1416] Building C object esp-idf/lvgl__lvgl/CMakeFiles/__idf_lvgl__lvgl.dir/examples/widgets/tabview/lv_example_tabview_1.c.obj^[[K
build	Build ESP32-C6 firmware	2026-09-24T10:58:21.4119182Z [1382/1416] Building C object esp-idf/lvgl__lvgl/CMakeFiles/__idf_lvgl__lvgl.dir/examples/widgets/table/lv_example_table_2.c.obj^[[K
build	Build ESP32-C6 firmware	2026-09-24T10:58:21.5984560Z [1383/1416] Building C object esp-idf/lvgl__lvgl/CMakeFiles/__idf_lvgl__lvgl.dir/examples/widgets/textarea/lv_example_textarea_1.c.obj^[[K
build	Build ESP32-C6 firmware	2026-09-24T10:58:21.6217883Z [1384/1416] Building C object esp-idf/lvgl__lvgl/CMakeFiles/__idf_lvgl__lvgl.dir/examples/widgets/tileview/lv_example_tileview_1.c.obj^[[K
build	Build ESP32-C6 firmware	2026-09-24T10:58:21.6370409Z [1385/1416] Building C object esp-idf/lvgl__lvgl/CMakeFiles/__idf_lvgl__lvgl.dir/examples/widgets/textarea/lv_example_textarea_2.c.obj^[[K
build	Build ESP32-C6 firmware	2026-09-24T10:58:21.6439695Z [1386/1416] Building C object esp-idf/lvgl__lvgl/CMakeFiles/__idf_lvgl__lvgl.dir/examples/widgets/win/lv_example_win_1.c.obj^[[K
build	Build ESP32-C6 firmware	2026-09-24T10:58:21.6470456Z [1387/1416] Building C object esp-idf/board/CMakeFiles/__idf_board.dir/board_spi.c.obj^[[K
build	Build ESP32-C6 firmware	2026-09-24T10:58:21.6852191Z [1388/1416] Building C object esp-idf/board/CMakeFiles/__idf_board.dir/board_i2c.c.obj^[[K
build	Build ESP32-C6 firmware	2026-09-24T10:58:21.8451710Z [1389/1416] Building C object esp-idf/lvgl__lvgl/CMakeFiles/__idf_lvgl__lvgl.dir/examples/widgets/textarea/lv_example_textarea_3.c.obj^[[K
build	Build ESP32-C6 firmware	2026-09-24T10:58:21.8957243Z [1390/1416] Building C object esp-idf/board/CMakeFiles/__idf_board.dir/board_touch.c.obj^[[K
build	Build ESP32-C6 firmware	2026-09-24T10:58:21.9473597Z [1391/1416] Building C object esp-idf/board/CMakeFiles/__idf_board.dir/board_sd.c.obj^[[K
build	Build ESP32-C6 firmware	2026-09-24T10:58:22.0305041Z [1392/1416] Building C object esp-idf/board/CMakeFiles/__idf_board.dir/board_backlight.c.obj^[[K
build	Build ESP32-C6 firmware	2026-09-24T10:58:22.0870684Z [1393/1416] Building C object esp-idf/world/CMakeFiles/__idf_world.dir/world.c.obj^[[K
build	Build ESP32-C6 firmware	2026-09-24T10:58:22.1136536Z [1394/1416] Building C object esp-idf/radio/CMakeFiles/__idf_radio.dir/rx_path.c.obj^[[K
build	Build ESP32-C6 firmware	2026-09-24T10:58:22.2007474Z [1395/1416] Building C object esp-idf/radio/CMakeFiles/__idf_radio.dir/obs_cache.c.obj^[[K
build	Build ESP32-C6 firmware	2026-09-24T10:58:22.3005868Z [1396/1416] Building C object esp-idf/radio/CMakeFiles/__idf_radio.dir/hopper_policy.c.obj^[[K
build	Build ESP32-C6 firmware	2026-09-24T10:58:22.3078287Z [1397/1416] Building C object esp-idf/board/CMakeFiles/__idf_board.dir/board_display.c.obj^[[K
build	Build ESP32-C6 firmware	2026-09-24T10:58:22.3102663Z [1398/1416] Linking C static library esp-idf/lvgl__lvgl/liblvgl__lvgl.a^[[K
build	Build ESP32-C6 firmware	2026-09-24T10:58:22.3330368Z [1399/1416] Building C object esp-idf/radio/CMakeFiles/__idf_radio.dir/eapol_parser.c.obj^[[K
build	Build ESP32-C6 firmware	2026-09-24T10:58:22.3818695Z [1400/1416] Linking C static library esp-idf/board/libboard.a^[[K
build	Build ESP32-C6 firmware	2026-09-24T10:58:22.4006585Z [1401/1416] Building C object esp-idf/radio/CMakeFiles/__idf_radio.dir/wifi_sniffer.c.obj^[[K
build	Build ESP32-C6 firmware	2026-09-24T10:58:22.4489349Z [1402/1416] Building C object esp-idf/radio/CMakeFiles/__idf_radio.dir/pcap_serializer.c.obj^[[K
build	Build ESP32-C6 firmware	2026-09-24T10:58:22.5555516Z [1403/1416] Building C object esp-idf/radio/CMakeFiles/__idf_radio.dir/ieee80211_parser.c.obj^[[K
build	Build ESP32-C6 firmware	2026-09-24T10:58:22.5560339Z [1404/1416] Building C object esp-idf/storage/CMakeFiles/__idf_storage.dir/sd_logger_idf.c.obj^[[K
build	Build ESP32-C6 firmware	2026-09-24T10:58:22.5561889Z ^[[31mFAILED: ^[[0mesp-idf/storage/CMakeFiles/__idf_storage.dir/sd_logger_idf.c.obj 
build	Build ESP32-C6 firmware	2026-09-24T10:58:22.5599779Z ccache /opt/esp/tools/riscv32-esp-elf/esp-14.2.0_20241119/riscv32-esp-elf/bin/riscv32-esp-elf-gcc -DESP_PLATFORM -DIDF_VER=\"v5.4\" -DSOC_MMU_PAGE_SIZE=CONFIG_MMU_PAGE_SIZE -DSOC_XTAL_FREQ_MHZ=CONFIG_XTAL_FREQ -D_GLIBCXX_HAVE_POSIX_SEMAPHORE -D_GLIBCXX_USE_POSIX_SEMAPHORE -D_GNU_SOURCE -D_POSIX_READER_WRITER_LOCKS -I/app/yuanwil1y/esp32c6-Pwnagotchi/build/config -I/app/yuanwil1y/esp32c6-Pwnagotchi/components/storage/include -I/opt/esp/idf/components/newlib/platform_include -I/opt/esp/idf/components/freertos/config/include -I/opt/esp/idf/components/freertos/config/include/freertos -I/opt/esp/idf/components/freertos/config/riscv/include -I/opt/esp/idf/components/freertos/FreeRTOS-Kernel/include -I/opt/esp/idf/components/freertos/FreeRTOS-Kernel/portable/riscv/include -I/opt/esp/idf/components/freertos/FreeRTOS-Kernel/portable/riscv/include/freertos -I/opt/esp/idf/components/freertos/esp_additions/include -I/opt/esp/idf/components/esp_hw_support/include -I/opt/esp/idf/components/esp_hw_support/include/soc -I/opt/esp/idf/components/esp_hw_support/include/soc/esp32c6 -I/opt/esp/idf/components/esp_hw_support/dma/include -I/opt/esp/idf/components/esp_hw_support/ldo/include -I/opt/esp/idf/components/esp_hw_support/debug_probe/include -I/opt/esp/idf/components/esp_hw_support/port/esp32c6/. -I/opt/esp/idf/components/esp_hw_support/port/esp32c6/include -I/opt/esp/idf/components/esp_hw_support/port/esp32c6/private_include -I/opt/esp/idf/components/heap/include -I/opt/esp/idf/components/heap/tlsf -I/opt/esp/idf/components/log/include -I/opt/esp/idf/components/soc/include -I/opt/esp/idf/components/soc/esp32c6 -I/opt/esp/idf/components/soc/esp32c6/include -I/opt/esp/idf/components/soc/esp32c6/register -I/opt/esp/idf/components/hal/platform_port/include -I/opt/esp/idf/components/hal/esp32c6/include -I/opt/esp/idf/components/hal/include -I/opt/esp/idf/components/esp_rom/include -I/opt/esp/idf/components/esp_rom/esp32c6/include -I/opt/esp/idf/components/esp_rom/esp32c6/include/esp32c6 -I/opt/esp/idf/components/esp_rom/esp32c6 -I/opt/esp/idf/components/esp_common/include -I/opt/esp/idf/components/esp_system/include -I/opt/esp/idf/components/esp_system/port/soc -I/opt/esp/idf/components/esp_system/port/include/riscv -I/opt/esp/idf/components/esp_system/port/include/private -I/opt/esp/idf/components/riscv/include -I/opt/esp/idf/components/lwip/include -I/opt/esp/idf/components/lwip/include/apps -I/opt/esp/idf/components/lwip/include/apps/sntp -I/opt/esp/idf/components/lwip/lwip/src/include -I/opt/esp/idf/components/lwip/port/include -I/opt/esp/idf/components/lwip/port/freertos/include -I/opt/esp/idf/components/lwip/port/esp32xx/include -I/opt/esp/idf/components/lwip/port/esp32xx/include/arch -I/opt/esp/idf/components/lwip/port/esp32xx/include/sys -I/app/yuanwil1y/esp32c6-Pwnagotchi/components/board/include -I/app/yuanwil1y/esp32c6-Pwnagotchi/components/radio/include -I/opt/esp/idf/components/console -I/opt/esp/idf/components/vfs/include -I/opt/esp/idf/components/esp_vfs_console/include -I/opt/esp/idf/components/esp_timer/include -I/opt/esp/idf/components/fatfs/diskio -I/opt/esp/idf/components/fatfs/src -I/opt/esp/idf/components/fatfs/vfs -I/opt/esp/idf/components/wear_levelling/include -I/opt/esp/idf/components/esp_partition/include -I/opt/esp/idf/components/sdmmc/include -I/opt/esp/idf/components/esp_driver_sdmmc/include -I/opt/esp/idf/components/esp_driver_gpio/include -I/opt/esp/idf/components/esp_driver_sdspi/include -I/opt/esp/idf/components/esp_driver_spi/include -I/opt/esp/idf/components/esp_pm/include -march=rv32imac_zicsr_zifencei  -fdiagnostics-color=always -fdiagnostics-color=always -ffunction-sections -fdata-sections -Wall -Werror=all -Wno-error=unused-function -Wno-error=unused-variable -Wno-error=unused-but-set-variable -Wno-error=deprecated-declarations -Wextra -Wno-error=extra -Wno-unused-parameter -Wno-sign-compare -Wno-enum-conversion -gdwarf-4 -ggdb -nostartfiles -Og -fno-shrink-wrap -fmacro-prefix-map=/app/yuanwil1y/esp32c6-Pwnagotchi=. -fmacro-prefix-map=/opt/esp/idf=/IDF -fstrict-volatile-bitfields -fno-jump-tables -fno-tree-switch-conversion -std=gnu17 -Wno-old-style-declaration -MD -MT esp-idf/storage/CMakeFiles/__idf_storage.dir/sd_logger_idf.c.obj -MF esp-idf/storage/CMakeFiles/__idf_storage.dir/sd_logger_idf.c.obj.d -o esp-idf/storage/CMakeFiles/__idf_storage.dir/sd_logger_idf.c.obj -c /app/yuanwil1y/esp32c6-Pwnagotchi/components/storage/sd_logger_idf.c
build	Build ESP32-C6 firmware	2026-09-24T10:58:22.5630558Z In file included from ^[[01m^[[K/opt/esp/idf/components/log/include/esp_log.h:15^[[m^[[K,
build	Build ESP32-C6 firmware	2026-09-24T10:58:22.5631837Z                  from ^[[01m^[[K/app/yuanwil1y/esp32c6-Pwnagotchi/components/storage/sd_logger_idf.c:14^[[m^[[K:
build	Build ESP32-C6 firmware	2026-09-24T10:58:22.5633769Z ^[[01m^[[K/app/yuanwil1y/esp32c6-Pwnagotchi/components/storage/sd_logger_idf.c:^[[m^[[K In function '^[[01m^[[Klogger_task^[[m^[[K':
build	Build ESP32-C6 firmware	2026-09-24T10:58:22.5636585Z ^[[01m^[[K/opt/esp/idf/components/log/include/esp_log_color.h:98:31:^[[m^[[K ^[[01;31m^[[Kerror: ^[[m^[[Kformat '^[[01m^[[K%u^[[m^[[K' expects argument of type '^[[01m^[[Kunsigned int^[[m^[[K', but argument 28 has type '^[[01m^[[Kuint32_t^[[m^[[K' {aka '^[[01m^[[Klong unsigned int^[[m^[[K'} [^[[01;31m^[[K-Werror=format=^[[m^[[K]
build	Build ESP32-C6 firmware	2026-09-24T10:58:22.5638729Z    98 | #define LOG_COLOR_E           ^[[01;31m^[[K""^[[m^[[K
build	Build ESP32-C6 firmware	2026-09-24T10:58:22.5639433Z       |                               ^[[01;31m^[[K^~^[[m^[[K
build	Build ESP32-C6 firmware	2026-09-24T10:58:22.5640659Z ^[[01m^[[K/opt/esp/idf/components/log/include/esp_log.h:62:37:^[[m^[[K ^[[01;36m^[[Knote: ^[[m^[[Kin expansion of macro '^[[01m^[[KLOG_COLOR_E^[[m^[[K'
build	Build ESP32-C6 firmware	2026-09-24T10:58:22.5642412Z    62 | #define LOG_FORMAT(letter, format)  ^[[01;36m^[[KLOG_COLOR_^[[m^[[K ## letter #letter " (%" PRIu32 ") %s: " format LOG_RESET_COLOR "\n"
build	Build ESP32-C6 firmware	2026-09-24T10:58:22.5643862Z       |                                     ^[[01;36m^[[K^~~~~~~~~~^[[m^[[K
build	Build ESP32-C6 firmware	2026-09-24T10:58:22.5645130Z ^[[01m^[[K/opt/esp/idf/components/log/include/esp_log.h:182:86:^[[m^[[K ^[[01;36m^[[Knote: ^[[m^[[Kin expansion of macro '^[[01m^[[KLOG_FORMAT^[[m^[[K'
build	Build ESP32-C6 firmware	2026-09-24T10:58:22.5647040Z   182 |         if (level==ESP_LOG_ERROR )          { esp_log_write(ESP_LOG_ERROR,      tag, ^[[01;36m^[[KLOG_FORMAT^[[m^[[K(E, format), esp_log_timestamp(), tag, ##__VA_ARGS__); } \
build	Build ESP32-C6 firmware	2026-09-24T10:58:22.5648543Z       |                                                                                      ^[[01;36m^[[K^~~~~~~~~~^[[m^[[K
build	Build ESP32-C6 firmware	2026-09-24T10:58:22.5649949Z ^[[01m^[[K/opt/esp/idf/components/log/include/esp_log.h:205:38:^[[m^[[K ^[[01;36m^[[Knote: ^[[m^[[Kin expansion of macro '^[[01m^[[KESP_LOG_LEVEL^[[m^[[K'
build	Build ESP32-C6 firmware	2026-09-24T10:58:22.5651500Z   205 |         if (_ESP_LOG_ENABLED(level)) ^[[01;36m^[[KESP_LOG_LEVEL^[[m^[[K(level, tag, format, ##__VA_ARGS__); \
build	Build ESP32-C6 firmware	2026-09-24T10:58:22.5652520Z       |                                      ^[[01;36m^[[K^~~~~~~~~~~~~^[[m^[[K
build	Build ESP32-C6 firmware	2026-09-24T10:58:22.5654331Z ^[[01m^[[K/opt/esp/idf/components/log/include/esp_log.h:114:38:^[[m^[[K ^[[01;36m^[[Knote: ^[[m^[[Kin expansion of macro '^[[01m^[[KESP_LOG_LEVEL_LOCAL^[[m^[[K'
build	Build ESP32-C6 firmware	2026-09-24T10:58:22.5656446Z   114 | #define ESP_LOGI( tag, format, ... ) ^[[01;36m^[[KESP_LOG_LEVEL_LOCAL^[[m^[[K(ESP_LOG_INFO,    tag, format, ##__VA_ARGS__)
build	Build ESP32-C6 firmware	2026-09-24T10:58:22.5657994Z       |                                      ^[[01;36m^[[K^~~~~~~~~~~~~~~~~~~^[[m^[[K
build	Build ESP32-C6 firmware	2026-09-24T10:58:22.5659843Z ^[[01m^[[K/app/yuanwil1y/esp32c6-Pwnagotchi/components/storage/sd_logger_idf.c:215:13:^[[m^[[K ^[[01;36m^[[Knote: ^[[m^[[Kin expansion of macro '^[[01m^[[KESP_LOGI^[[m^[[K'
build	Build ESP32-C6 firmware	2026-09-24T10:58:22.5661413Z   215 |             ^[[01;36m^[[KESP_LOGI^[[m^[[K(TAG,
build	Build ESP32-C6 firmware	2026-09-24T10:58:22.5662618Z       |             ^[[01;36m^[[K^~~~~~~~^[[m^[[K
build	Build ESP32-C6 firmware	2026-09-24T10:58:22.5665245Z ^[[01m^[[K/opt/esp/idf/components/log/include/esp_log_color.h:99:31:^[[m^[[K ^[[01;31m^[[Kerror: ^[[m^[[Kformat '^[[01m^[[K%u^[[m^[[K' expects argument of type '^[[01m^[[Kunsigned int^[[m^[[K', but argument 28 has type '^[[01m^[[Kuint32_t^[[m^[[K' {aka '^[[01m^[[Klong unsigned int^[[m^[[K'} [^[[01;31m^[[K-Werror=format=^[[m^[[K]
build	Build ESP32-C6 firmware	2026-09-24T10:58:22.5667618Z    99 | #define LOG_COLOR_W           ^[[01;31m^[[K""^[[m^[[K
build	Build ESP32-C6 firmware	2026-09-24T10:58:22.5668508Z       |                               ^[[01;31m^[[K^~^[[m^[[K
build	Build ESP32-C6 firmware	2026-09-24T10:58:22.5670002Z ^[[01m^[[K/opt/esp/idf/components/log/include/esp_log.h:62:37:^[[m^[[K ^[[01;36m^[[Knote: ^[[m^[[Kin expansion of macro '^[[01m^[[KLOG_COLOR_W^[[m^[[K'
build	Build ESP32-C6 firmware	2026-09-24T10:58:22.5671951Z    62 | #define LOG_FORMAT(letter, format)  ^[[01;36m^[[KLOG_COLOR_^[[m^[[K ## letter #letter " (%" PRIu32 ") %s: " format LOG_RESET_COLOR "\n"
build	Build ESP32-C6 firmware	2026-09-24T10:58:22.5673591Z       |                                     ^[[01;36m^[[K^~~~~~~~~~^[[m^[[K
build	Build ESP32-C6 firmware	2026-09-24T10:58:22.5675092Z ^[[01m^[[K/opt/esp/idf/components/log/include/esp_log.h:183:86:^[[m^[[K ^[[01;36m^[[Knote: ^[[m^[[Kin expansion of macro '^[[01m^[[KLOG_FORMAT^[[m^[[K'
build	Build ESP32-C6 firmware	2026-09-24T10:58:22.5678088Z   183 |         else if (level==ESP_LOG_WARN )      { esp_log_write(ESP_LOG_WARN,       tag, ^[[01;36m^[[KLOG_FORMAT^[[m^[[K(W, format), esp_log_timestamp(), tag, ##__VA_ARGS__); } \
build	Build ESP32-C6 firmware	2026-09-24T10:58:22.5681496Z       |                                                                                      ^[[01;36m^[[K^~~~~~~~~~^[[m^[[K
build	Build ESP32-C6 firmware	2026-09-24T10:58:22.5685958Z ^[[01m^[[K/opt/esp/idf/components/log/include/esp_log.h:205:38:^[[m^[[K ^[[01;36m^[[Knote: ^[[m^[[Kin expansion of macro '^[[01m^[[KESP_LOG_LEVEL^[[m^[[K'
build	Build ESP32-C6 firmware	2026-09-24T10:58:22.5689354Z   205 |         if (_ESP_LOG_ENABLED(level)) ^[[01;36m^[[KESP_LOG_LEVEL^[[m^[[K(level, tag, format, ##__VA_ARGS__); \
build	Build ESP32-C6 firmware	2026-09-24T10:58:22.5692690Z       |                                      ^[[01;36m^[[K^~~~~~~~~~~~~^[[m^[[K
build	Build ESP32-C6 firmware	2026-09-24T10:58:22.5697860Z ^[[01m^[[K/opt/esp/idf/components/log/include/esp_log.h:114:38:^[[m^[[K ^[[01;36m^[[Knote: ^[[m^[[Kin expansion of macro '^[[01m^[[KESP_LOG_LEVEL_LOCAL^[[m^[[K'
build	Build ESP32-C6 firmware	2026-09-24T10:58:22.5701230Z   114 | #define ESP_LOGI( tag, format, ... ) ^[[01;36m^[[KESP_LOG_LEVEL_LOCAL^[[m^[[K(ESP_LOG_INFO,    tag, format, ##__VA_ARGS__)
build	Build ESP32-C6 firmware	2026-09-24T10:58:22.5704989Z       |                                      ^[[01;36m^[[K^~~~~~~~~~~~~~~~~~~^[[m^[[K
build	Build ESP32-C6 firmware	2026-09-24T10:58:22.5709556Z ^[[01m^[[K/app/yuanwil1y/esp32c6-Pwnagotchi/components/storage/sd_logger_idf.c:215:13:^[[m^[[K ^[[01;36m^[[Knote: ^[[m^[[Kin expansion of macro '^[[01m^[[KESP_LOGI^[[m^[[K'
build	Build ESP32-C6 firmware	2026-09-24T10:58:22.5712809Z   215 |             ^[[01;36m^[[KESP_LOGI^[[m^[[K(TAG,
build	Build ESP32-C6 firmware	2026-09-24T10:58:22.5716475Z       |             ^[[01;36m^[[K^~~~~~~~^[[m^[[K
build	Build ESP32-C6 firmware	2026-09-24T10:58:22.5721649Z ^[[01m^[[K/opt/esp/idf/components/log/include/esp_log_color.h:101:31:^[[m^[[K ^[[01;31m^[[Kerror: ^[[m^[[Kformat '^[[01m^[[K%u^[[m^[[K' expects argument of type '^[[01m^[[Kunsigned int^[[m^[[K', but argument 28 has type '^[[01m^[[Kuint32_t^[[m^[[K' {aka '^[[01m^[[Klong unsigned int^[[m^[[K'} [^[[01;31m^[[K-Werror=format=^[[m^[[K]
build	Build ESP32-C6 firmware	2026-09-24T10:58:22.5724199Z   101 | #define LOG_COLOR_D           ^[[01;31m^[[K""^[[m^[[K
build	Build ESP32-C6 firmware	2026-09-24T10:58:22.5727649Z       |                               ^[[01;31m^[[K^~^[[m^[[K
build	Build ESP32-C6 firmware	2026-09-24T10:58:22.5731935Z ^[[01m^[[K/opt/esp/idf/components/log/include/esp_log.h:62:37:^[[m^[[K ^[[01;36m^[[Knote: ^[[m^[[Kin expansion of macro '^[[01m^[[KLOG_COLOR_D^[[m^[[K'
build	Build ESP32-C6 firmware	2026-09-24T10:58:22.5735900Z    62 | #define LOG_FORMAT(letter, format)  ^[[01;36m^[[KLOG_COLOR_^[[m^[[K ## letter #letter " (%" PRIu32 ") %s: " format LOG_RESET_COLOR "\n"
build	Build ESP32-C6 firmware	2026-09-24T10:58:22.5739513Z       |                                     ^[[01;36m^[[K^~~~~~~~~~^[[m^[[K
build	Build ESP32-C6 firmware	2026-09-24T10:58:22.5743974Z ^[[01m^[[K/opt/esp/idf/components/log/include/esp_log.h:184:86:^[[m^[[K ^[[01;36m^[[Knote: ^[[m^[[Kin expansion of macro '^[[01m^[[KLOG_FORMAT^[[m^[[K'
build	Build ESP32-C6 firmware	2026-09-24T10:58:22.5747721Z   184 |         else if (level==ESP_LOG_DEBUG )     { esp_log_write(ESP_LOG_DEBUG,      tag, ^[[01;36m^[[KLOG_FORMAT^[[m^[[K(D, format), esp_log_timestamp(), tag, ##__VA_ARGS__); } \
build	Build ESP32-C6 firmware	2026-09-24T10:58:22.5750978Z       |                                                                                      ^[[01;36m^[[K^~~~~~~~~~^[[m^[[K
build	Build ESP32-C6 firmware	2026-09-24T10:58:22.5755168Z ^[[01m^[[K/opt/esp/idf/components/log/include/esp_log.h:205:38:^[[m^[[K ^[[01;36m^[[Knote: ^[[m^[[Kin expansion of macro '^[[01m^[[KESP_LOG_LEVEL^[[m^[[K'
build	Build ESP32-C6 firmware	2026-09-24T10:58:22.5760349Z   205 |         if (_ESP_LOG_ENABLED(level)) ^[[01;36m^[[KESP_LOG_LEVEL^[[m^[[K(level, tag, format, ##__VA_ARGS__); \
build	Build ESP32-C6 firmware	2026-09-24T10:58:22.5761722Z       |                                      ^[[01;36m^[[K^~~~~~~~~~~~~^[[m^[[K
build	Build ESP32-C6 firmware	2026-09-24T10:58:22.5763400Z ^[[01m^[[K/opt/esp/idf/components/log/include/esp_log.h:114:38:^[[m^[[K ^[[01;36m^[[Knote: ^[[m^[[Kin expansion of macro '^[[01m^[[KESP_LOG_LEVEL_LOCAL^[[m^[[K'
build	Build ESP32-C6 firmware	2026-09-24T10:58:22.5768398Z   114 | #define ESP_LOGI( tag, format, ... ) ^[[01;36m^[[KESP_LOG_LEVEL_LOCAL^[[m^[[K(ESP_LOG_INFO,    tag, format, ##__VA_ARGS__)
build	Build ESP32-C6 firmware	2026-09-24T10:58:22.5771617Z       |                                      ^[[01;36m^[[K^~~~~~~~~~~~~~~~~~~^[[m^[[K
build	Build ESP32-C6 firmware	2026-09-24T10:58:22.5780568Z ^[[01m^[[K/app/yuanwil1y/esp32c6-Pwnagotchi/components/storage/sd_logger_idf.c:215:13:^[[m^[[K ^[[01;36m^[[Knote: ^[[m^[[Kin expansion of macro '^[[01m^[[KESP_LOGI^[[m^[[K'
build	Build ESP32-C6 firmware	2026-09-24T10:58:22.5782239Z   215 |             ^[[01;36m^[[KESP_LOGI^[[m^[[K(TAG,
build	Build ESP32-C6 firmware	2026-09-24T10:58:22.5785543Z       |             ^[[01;36m^[[K^~~~~~~~^[[m^[[K
build	Build ESP32-C6 firmware	2026-09-24T10:58:22.5791081Z ^[[01m^[[K/opt/esp/idf/components/log/include/esp_log_color.h:102:31:^[[m^[[K ^[[01;31m^[[Kerror: ^[[m^[[Kformat '^[[01m^[[K%u^[[m^[[K' expects argument of type '^[[01m^[[Kunsigned int^[[m^[[K', but argument 28 has type '^[[01m^[[Kuint32_t^[[m^[[K' {aka '^[[01m^[[Klong unsigned int^[[m^[[K'} [^[[01;31m^[[K-Werror=format=^[[m^[[K]
build	Build ESP32-C6 firmware	2026-09-24T10:58:22.5794289Z   102 | #define LOG_COLOR_V           ^[[01;31m^[[K""^[[m^[[K
build	Build ESP32-C6 firmware	2026-09-24T10:58:22.5795260Z       |                               ^[[01;31m^[[K^~^[[m^[[K
build	Build ESP32-C6 firmware	2026-09-24T10:58:22.5798050Z ^[[01m^[[K/opt/esp/idf/components/log/include/esp_log.h:62:37:^[[m^[[K ^[[01;36m^[[Knote: ^[[m^[[Kin expansion of macro '^[[01m^[[KLOG_COLOR_V^[[m^[[K'
build	Build ESP32-C6 firmware	2026-09-24T10:58:22.5800199Z    62 | #define LOG_FORMAT(letter, format)  ^[[01;36m^[[KLOG_COLOR_^[[m^[[K ## letter #letter " (%" PRIu32 ") %s: " format LOG_RESET_COLOR "\n"
build	Build ESP32-C6 firmware	2026-09-24T10:58:22.5803666Z       |                                     ^[[01;36m^[[K^~~~~~~~~~^[[m^[[K
build	Build ESP32-C6 firmware	2026-09-24T10:58:22.5806448Z ^[[01m^[[K/opt/esp/idf/components/log/include/esp_log.h:185:86:^[[m^[[K ^[[01;36m^[[Knote: ^[[m^[[Kin expansion of macro '^[[01m^[[KLOG_FORMAT^[[m^[[K'
build	Build ESP32-C6 firmware	2026-09-24T10:58:22.5810164Z   185 |         else if (level==ESP_LOG_VERBOSE )   { esp_log_write(ESP_LOG_VERBOSE,    tag, ^[[01;36m^[[KLOG_FORMAT^[[m^[[K(V, format), esp_log_timestamp(), tag, ##__VA_ARGS__); } \
build	Build ESP32-C6 firmware	2026-09-24T10:58:22.5812015Z       |                                                                                      ^[[01;36m^[[K^~~~~~~~~~^[[m^[[K
build	Build ESP32-C6 firmware	2026-09-24T10:58:22.5813837Z ^[[01m^[[K/opt/esp/idf/components/log/include/esp_log.h:205:38:^[[m^[[K ^[[01;36m^[[Knote: ^[[m^[[Kin expansion of macro '^[[01m^[[KESP_LOG_LEVEL^[[m^[[K'
build	Build ESP32-C6 firmware	2026-09-24T10:58:22.5815765Z   205 |         if (_ESP_LOG_ENABLED(level)) ^[[01;36m^[[KESP_LOG_LEVEL^[[m^[[K(level, tag, format, ##__VA_ARGS__); \
build	Build ESP32-C6 firmware	2026-09-24T10:58:22.5816998Z       |                                      ^[[01;36m^[[K^~~~~~~~~~~~~^[[m^[[K
build	Build ESP32-C6 firmware	2026-09-24T10:58:22.5818708Z ^[[01m^[[K/opt/esp/idf/components/log/include/esp_log.h:114:38:^[[m^[[K ^[[01;36m^[[Knote: ^[[m^[[Kin expansion of macro '^[[01m^[[KESP_LOG_LEVEL_LOCAL^[[m^[[K'
build	Build ESP32-C6 firmware	2026-09-24T10:58:22.5820820Z   114 | #define ESP_LOGI( tag, format, ... ) ^[[01;36m^[[KESP_LOG_LEVEL_LOCAL^[[m^[[K(ESP_LOG_INFO,    tag, format, ##__VA_ARGS__)
build	Build ESP32-C6 firmware	2026-09-24T10:58:22.5821888Z       |                                      ^[[01;36m^[[K^~~~~~~~~~~~~~~~~~~^[[m^[[K
build	Build ESP32-C6 firmware	2026-09-24T10:58:22.5827315Z ^[[01m^[[K/app/yuanwil1y/esp32c6-Pwnagotchi/components/storage/sd_logger_idf.c:215:13:^[[m^[[K ^[[01;36m^[[Knote: ^[[m^[[Kin expansion of macro '^[[01m^[[KESP_LOGI^[[m^[[K'
build	Build ESP32-C6 firmware	2026-09-24T10:58:22.5837113Z   215 |             ^[[01;36m^[[KESP_LOGI^[[m^[[K(TAG,
build	Build ESP32-C6 firmware	2026-09-24T10:58:22.5837992Z       |             ^[[01;36m^[[K^~~~~~~~^[[m^[[K
build	Build ESP32-C6 firmware	2026-09-24T10:58:22.5840624Z ^[[01m^[[K/opt/esp/idf/components/log/include/esp_log_color.h:100:31:^[[m^[[K ^[[01;31m^[[Kerror: ^[[m^[[Kformat '^[[01m^[[K%u^[[m^[[K' expects argument of type '^[[01m^[[Kunsigned int^[[m^[[K', but argument 28 has type '^[[01m^[[Kuint32_t^[[m^[[K' {aka '^[[01m^[[Klong unsigned int^[[m^[[K'} [^[[01;31m^[[K-Werror=format=^[[m^[[K]
build	Build ESP32-C6 firmware	2026-09-24T10:58:22.5843551Z   100 | #define LOG_COLOR_I           ^[[01;31m^[[K""^[[m^[[K
build	Build ESP32-C6 firmware	2026-09-24T10:58:22.5844540Z       |                               ^[[01;31m^[[K^~^[[m^[[K
build	Build ESP32-C6 firmware	2026-09-24T10:58:22.5846079Z ^[[01m^[[K/opt/esp/idf/components/log/include/esp_log.h:62:37:^[[m^[[K ^[[01;36m^[[Knote: ^[[m^[[Kin expansion of macro '^[[01m^[[KLOG_COLOR_I^[[m^[[K'
build	Build ESP32-C6 firmware	2026-09-24T10:58:22.5848298Z    62 | #define LOG_FORMAT(letter, format)  ^[[01;36m^[[KLOG_COLOR_^[[m^[[K ## letter #letter " (%" PRIu32 ") %s: " format LOG_RESET_COLOR "\n"
build	Build ESP32-C6 firmware	2026-09-24T10:58:22.5849761Z       |                                     ^[[01;36m^[[K^~~~~~~~~~^[[m^[[K
build	Build ESP32-C6 firmware	2026-09-24T10:58:22.5852892Z ^[[01m^[[K/opt/esp/idf/components/log/include/esp_log.h:186:86:^[[m^[[K ^[[01;36m^[[Knote: ^[[m^[[Kin expansion of macro '^[[01m^[[KLOG_FORMAT^[[m^[[K'
build	Build ESP32-C6 firmware	2026-09-24T10:58:22.5858128Z   186 |         else                                { esp_log_write(ESP_LOG_INFO,       tag, ^[[01;36m^[[KLOG_FORMAT^[[m^[[K(I, format), esp_log_timestamp(), tag, ##__VA_ARGS__); } \
build	Build ESP32-C6 firmware	2026-09-24T10:58:22.5859779Z       |                                                                                      ^[[01;36m^[[K^~~~~~~~~~^[[m^[[K
build	Build ESP32-C6 firmware	2026-09-24T10:58:22.5862007Z ^[[01m^[[K/opt/esp/idf/components/log/include/esp_log.h:205:38:^[[m^[[K ^[[01;36m^[[Knote: ^[[m^[[Kin expansion of macro '^[[01m^[[KESP_LOG_LEVEL^[[m^[[K'
build	Build ESP32-C6 firmware	2026-09-24T10:58:22.5864955Z   205 |         if (_ESP_LOG_ENABLED(level)) ^[[01;36m^[[KESP_LOG_LEVEL^[[m^[[K(level, tag, format, ##__VA_ARGS__); \
build	Build ESP32-C6 firmware	2026-09-24T10:58:22.5866235Z       |                                      ^[[01;36m^[[K^~~~~~~~~~~~~^[[m^[[K
build	Build ESP32-C6 firmware	2026-09-24T10:58:22.5867910Z ^[[01m^[[K/opt/esp/idf/components/log/include/esp_log.h:114:38:^[[m^[[K ^[[01;36m^[[Knote: ^[[m^[[Kin expansion of macro '^[[01m^[[KESP_LOG_LEVEL_LOCAL^[[m^[[K'
build	Build ESP32-C6 firmware	2026-09-24T10:58:22.5869974Z   114 | #define ESP_LOGI( tag, format, ... ) ^[[01;36m^[[KESP_LOG_LEVEL_LOCAL^[[m^[[K(ESP_LOG_INFO,    tag, format, ##__VA_ARGS__)
build	Build ESP32-C6 firmware	2026-09-24T10:58:22.5871400Z       |                                      ^[[01;36m^[[K^~~~~~~~~~~~~~~~~~~^[[m^[[K
build	Build ESP32-C6 firmware	2026-09-24T10:58:22.5875913Z ^[[01m^[[K/app/yuanwil1y/esp32c6-Pwnagotchi/components/storage/sd_logger_idf.c:215:13:^[[m^[[K ^[[01;36m^[[Knote: ^[[m^[[Kin expansion of macro '^[[01m^[[KESP_LOGI^[[m^[[K'
build	Build ESP32-C6 firmware	2026-09-24T10:58:22.5877540Z   215 |             ^[[01;36m^[[KESP_LOGI^[[m^[[K(TAG,
build	Build ESP32-C6 firmware	2026-09-24T10:58:22.5878407Z       |             ^[[01;36m^[[K^~~~~~~~^[[m^[[K
build	Build ESP32-C6 firmware	2026-09-24T10:58:22.5879880Z ^[[01m^[[K/app/yuanwil1y/esp32c6-Pwnagotchi/components/storage/sd_logger_idf.c:^[[m^[[K In function '^[[01m^[[Ksd_logger_init^[[m^[[K':
build	Build ESP32-C6 firmware	2026-09-24T10:58:22.5882975Z ^[[01m^[[K/app/yuanwil1y/esp32c6-Pwnagotchi/components/storage/sd_logger_idf.c:262:19:^[[m^[[K ^[[01;31m^[[Kerror: ^[[m^[[Kimplicit declaration of function '^[[01m^[[Kesp_heap_caps_get_free_size^[[m^[[K'; did you mean '^[[01m^[[Kheap_caps_get_free_size^[[m^[[K'? [^[[01;31m^[[K-Wimplicit-function-declaration^[[m^[[K]
build	Build ESP32-C6 firmware	2026-09-24T10:58:22.5885914Z   262 |         (uint32_t)^[[01;31m^[[Kesp_heap_caps_get_free_size^[[m^[[K(MALLOC_CAP_8BIT);
build	Build ESP32-C6 firmware	2026-09-24T10:58:22.5887071Z       |                   ^[[01;31m^[[K^~~~~~~~~~~~~~~~~~~~~~~~~~~^[[m^[[K
build	Build ESP32-C6 firmware	2026-09-24T10:58:22.5888105Z       |                   ^[[32m^[[Kheap_caps_get_free_size^[[m^[[K
build	Build ESP32-C6 firmware	2026-09-24T10:58:22.5891131Z ^[[01m^[[K/app/yuanwil1y/esp32c6-Pwnagotchi/components/storage/sd_logger_idf.c:291:24:^[[m^[[K ^[[01;31m^[[Kerror: ^[[m^[[Kimplicit declaration of function '^[[01m^[[Kesp_heap_caps_get_minimum_free_size^[[m^[[K'; did you mean '^[[01m^[[Kheap_caps_get_minimum_free_size^[[m^[[K'? [^[[01;31m^[[K-Wimplicit-function-declaration^[[m^[[K]
build	Build ESP32-C6 firmware	2026-09-24T10:58:22.5894185Z   291 |              (unsigned)^[[01;31m^[[Kesp_heap_caps_get_minimum_free_size^[[m^[[K(MALLOC_CAP_8BIT));
build	Build ESP32-C6 firmware	2026-09-24T10:58:22.5895482Z       |                        ^[[01;31m^[[K^~~~~~~~~~~~~~~~~~~~~~~~~~~~~~~~~~~^[[m^[[K
build	Build ESP32-C6 firmware	2026-09-24T10:58:22.5897109Z ^[[01m^[[K/opt/esp/idf/components/log/include/esp_log.h:182:137:^[[m^[[K ^[[01;36m^[[Knote: ^[[m^[[Kin definition of macro '^[[01m^[[KESP_LOG_LEVEL^[[m^[[K'
build	Build ESP32-C6 firmware	2026-09-24T10:58:22.5906201Z   182 |         if (level==ESP_LOG_ERROR )          { esp_log_write(ESP_LOG_ERROR,      tag, LOG_FORMAT(E, format), esp_log_timestamp(), tag, ##^[[01;36m^[[K__VA_ARGS__^[[m^[[K); } \
build	Build ESP32-C6 firmware	2026-09-24T10:58:22.5908268Z       |                                                                                                                                         ^[[01;36m^[[K^~~~~~~~~~~^[[m^[[K
build	Build ESP32-C6 firmware	2026-09-24T10:58:22.5910065Z ^[[01m^[[K/opt/esp/idf/components/log/include/esp_log.h:114:38:^[[m^[[K ^[[01;36m^[[Knote: ^[[m^[[Kin expansion of macro '^[[01m^[[KESP_LOG_LEVEL_LOCAL^[[m^[[K'
build	Build ESP32-C6 firmware	2026-09-24T10:58:22.5911973Z   114 | #define ESP_LOGI( tag, format, ... ) ^[[01;36m^[[KESP_LOG_LEVEL_LOCAL^[[m^[[K(ESP_LOG_INFO,    tag, format, ##__VA_ARGS__)
build	Build ESP32-C6 firmware	2026-09-24T10:58:22.5912779Z       |                                      ^[[01;36m^[[K^~~~~~~~~~~~~~~~~~~^[[m^[[K
build	Build ESP32-C6 firmware	2026-09-24T10:58:22.5916549Z ^[[01m^[[K/app/yuanwil1y/esp32c6-Pwnagotchi/components/storage/sd_logger_idf.c:283:5:^[[m^[[K ^[[01;36m^[[Knote: ^[[m^[[Kin expansion of macro '^[[01m^[[KESP_LOGI^[[m^[[K'
build	Build ESP32-C6 firmware	2026-09-24T10:58:22.5917590Z   283 |     ^[[01;36m^[[KESP_LOGI^[[m^[[K(TAG,
build	Build ESP32-C6 firmware	2026-09-24T10:58:22.5918153Z       |     ^[[01;36m^[[K^~~~~~~~^[[m^[[K
build	Build ESP32-C6 firmware	2026-09-24T10:58:22.5919237Z ^[[01m^[[K/app/yuanwil1y/esp32c6-Pwnagotchi/components/storage/sd_logger_idf.c:^[[m^[[K In function '^[[01m^[[Ksd_logger_start^[[m^[[K':
build	Build ESP32-C6 firmware	2026-09-24T10:58:22.5921766Z ^[[01m^[[K/app/yuanwil1y/esp32c6-Pwnagotchi/components/storage/sd_logger_idf.c:318:41:^[[m^[[K ^[[01;31m^[[Kerror: ^[[m^[[Kimplicit declaration of function '^[[01m^[[Kesp_random^[[m^[[K'; did you mean '^[[01m^[[Ksrandom^[[m^[[K'? [^[[01;31m^[[K-Wimplicit-function-declaration^[[m^[[K]
build	Build ESP32-C6 firmware	2026-09-24T10:58:22.5924181Z   318 |     const uint64_t session = ((uint64_t)^[[01;31m^[[Kesp_random^[[m^[[K() << 32) |
build	Build ESP32-C6 firmware	2026-09-24T10:58:22.5924975Z       |                                         ^[[01;31m^[[K^~~~~~~~~~^[[m^[[K
build	Build ESP32-C6 firmware	2026-09-24T10:58:22.5925377Z       |                                         ^[[32m^[[Ksrandom^[[m^[[K
build	Build ESP32-C6 firmware	2026-09-24T10:58:22.5925717Z cc1: some warnings being treated as errors
build	Build ESP32-C6 firmware	2026-09-24T10:58:22.5925914Z 
build	Build ESP32-C6 firmware	2026-09-24T10:58:22.6160451Z [1405/1416] Building C object esp-idf/radio/CMakeFiles/__idf_radio.dir/channel_hopper.c.obj^[[K
build	Build ESP32-C6 firmware	2026-09-24T10:58:22.6543442Z [1406/1416] Building C object esp-idf/main/CMakeFiles/__idf_main.dir/app_main.c.obj^[[K
build	Build ESP32-C6 firmware	2026-09-24T10:58:22.6544719Z [1407/1416] Building C object esp-idf/storage/CMakeFiles/__idf_storage.dir/sd_logger_core.c.obj^[[K
build	Build ESP32-C6 firmware	2026-09-24T10:58:22.6546125Z ^[[01m^[[K/app/yuanwil1y/esp32c6-Pwnagotchi/components/storage/sd_logger_core.c:105:13:^[[m^[[K ^[[01;35m^[[Kwarning: ^[[m^[[K'^[[01m^[[Kset_state^[[m^[[K' defined but not used [^[[01;35m^[[K-Wunused-function^[[m^[[K]
build	Build ESP32-C6 firmware	2026-09-24T10:58:22.6547324Z   105 | static void ^[[01;35m^[[Kset_state^[[m^[[K(sd_logger_core_t *core, sd_logger_state_t state,
build	Build ESP32-C6 firmware	2026-09-24T10:58:22.6547892Z       |             ^[[01;35m^[[K^~~~~~~~~^[[m^[[K
build	Build ESP32-C6 firmware	2026-09-24T10:58:22.6548240Z ninja: build stopped: subcommand failed.
build	Build ESP32-C6 firmware	2026-09-24T10:58:22.6996158Z ^[[0;33mHINT: esp_random.h header file is not included by esp_system.h anymore. It shall then be manually included with #include "esp_random.h"^[[0m
build	Build ESP32-C6 firmware	2026-09-24T10:58:22.7030464Z ^[[0;33mHINT: The issue is better to resolve by replacing format specifiers to 'PRI'-family macros (include <inttypes.h> header file).^[[0m
build	Build ESP32-C6 firmware	2026-09-24T10:58:22.7142615Z ninja failed with exit code 1, output of the command is in the /app/yuanwil1y/esp32c6-Pwnagotchi/build/log/idf_py_stderr_output_319 and /app/yuanwil1y/esp32c6-Pwnagotchi/build/log/idf_py_stdout_output_319
build	Build ESP32-C6 firmware	2026-09-24T10:58:22.9794845Z ##[error]Process completed with exit code 2.
build	Build ESP32-C6 firmware	2026-09-24T10:58:22.9808325Z ##[end-action id=__espressif_esp-idf-ci-action.__run;outcome=failure;conclusion=failure;duration_ms=154435]
build	Post Checkout	﻿2026-09-24T10:58:22.9974375Z Post job cleanup.
build	Post Checkout	2026-09-24T10:58:23.0907956Z [command]/usr/bin/git version
build	Post Checkout	2026-09-24T10:58:23.0955066Z git version 2.55.0
build	Post Checkout	2026-09-24T10:58:23.0998354Z Temporarily overriding HOME='/home/runner/work/_temp/8d27fa30-5fc6-4cb5-a768-a7e3e94e614a' before making global git config changes
build	Post Checkout	2026-09-24T10:58:23.1000440Z Adding repository directory to the temporary git global config as a safe directory
build	Post Checkout	2026-09-24T10:58:23.1005035Z [command]/usr/bin/git config --global --add safe.directory /home/runner/work/esp32c6-Pwnagotchi/esp32c6-Pwnagotchi
build	Post Checkout	2026-09-24T10:58:23.1050585Z [command]/usr/bin/git config --local --name-only --get-regexp core\.sshCommand
build	Post Checkout	2026-09-24T10:58:23.1095655Z [command]/usr/bin/git submodule foreach --recursive sh -c "git config --local --name-only --get-regexp 'core\.sshCommand' && git config --local --unset-all 'core.sshCommand' || :"
build	Post Checkout	2026-09-24T10:58:23.1356704Z Entering 'vendor/waveshare'
build	Post Checkout	2026-09-24T10:58:23.1426349Z [command]/usr/bin/git config --local --name-only --get-regexp http\.https\:\/\/github\.com\/\.extraheader
build	Post Checkout	2026-09-24T10:58:23.1457195Z http.https://github.com/.extraheader
build	Post Checkout	2026-09-24T10:58:23.1469787Z [command]/usr/bin/git config --local --unset-all http.https://github.com/.extraheader
build	Post Checkout	2026-09-24T10:58:23.1508556Z [command]/usr/bin/git submodule foreach --recursive sh -c "git config --local --name-only --get-regexp 'http\.https\:\/\/github\.com\/\.extraheader' && git config --local --unset-all 'http.https://github.com/.extraheader' || :"
build	Post Checkout	2026-09-24T10:58:23.1761441Z Entering 'vendor/waveshare'
build	Post Checkout	2026-09-24T10:58:23.1786289Z http.https://github.com/.extraheader
build	Post Checkout	2026-09-24T10:58:23.1857449Z [command]/usr/bin/git config --local --name-only --get-regexp ^includeIf\.gitdir:
build	Post Checkout	2026-09-24T10:58:23.1910626Z [command]/usr/bin/git submodule foreach --recursive git config --local --show-origin --name-only --get-regexp remote.origin.url
build	Post Checkout	2026-09-24T10:58:23.2127531Z Entering 'vendor/waveshare'
build	Post Checkout	2026-09-24T10:58:23.2145109Z file:/home/runner/work/esp32c6-Pwnagotchi/esp32c6-Pwnagotchi/.git/modules/vendor/waveshare/config	remote.origin.url
build	Post Checkout	2026-09-24T10:58:23.2183967Z [command]/usr/bin/git config --file /home/runner/work/esp32c6-Pwnagotchi/esp32c6-Pwnagotchi/.git/modules/vendor/waveshare/config --name-only --get-regexp ^includeIf\.gitdir:
build	Complete job	﻿2026-09-24T10:58:23.2376772Z Cleaning up orphan processes
build	Complete job	2026-09-24T10:58:23.2717380Z ##[warning]Node.js 20 is deprecated. The following actions target Node.js 20 but are being forced to run on Node.js 24: actions/checkout@v4. For more information see: https://github.blog/changelog/2025-09-19-deprecation-of-node-20-on-github-actions-runners/
