build	Set up job	﻿2026-09-24T11:22:20.5718409Z Current runner version: '2.337.0'
build	Set up job	2026-09-24T11:22:20.5744239Z ##[group]Runner Image Provisioner
build	Set up job	2026-09-24T11:22:20.5745581Z Hosted Compute Agent
build	Set up job	2026-09-24T11:22:20.5746203Z Version: 20260828.587
build	Set up job	2026-09-24T11:22:20.5746905Z Commit: abac92662cab4cc7352de4f9f9d2e2419aad9c29
build	Set up job	2026-09-24T11:22:20.5747685Z Build Date: 2026-08-28T16:44:25Z
build	Set up job	2026-09-24T11:22:20.5748391Z Worker ID: {fa5b7a83-64a3-4bd6-b31d-05a31baa3d0b}
build	Set up job	2026-09-24T11:22:20.5749212Z Azure Region: centralus
build	Set up job	2026-09-24T11:22:20.5749825Z ##[endgroup]
build	Set up job	2026-09-24T11:22:20.5751286Z ##[group]Operating System
build	Set up job	2026-09-24T11:22:20.5752065Z Ubuntu
build	Set up job	2026-09-24T11:22:20.5752614Z 24.04.5
build	Set up job	2026-09-24T11:22:20.5753240Z LTS
build	Set up job	2026-09-24T11:22:20.5753788Z ##[endgroup]
build	Set up job	2026-09-24T11:22:20.5754352Z ##[group]Runner Image
build	Set up job	2026-09-24T11:22:20.5755376Z Image: ubuntu-24.04
build	Set up job	2026-09-24T11:22:20.5755965Z Version: 20260907.300.1
build	Set up job	2026-09-24T11:22:20.5757458Z Included Software: https://github.com/actions/runner-images/blob/ubuntu24/20260907.300/images/ubuntu/Ubuntu2404-Readme.md
build	Set up job	2026-09-24T11:22:20.5759206Z Image Release: https://github.com/actions/runner-images/releases/tag/ubuntu24%2F20260907.300
build	Set up job	2026-09-24T11:22:20.5760264Z ##[endgroup]
build	Set up job	2026-09-24T11:22:20.5761537Z ##[group]GITHUB_TOKEN Permissions
build	Set up job	2026-09-24T11:22:20.5763770Z Contents: read
build	Set up job	2026-09-24T11:22:20.5764646Z Metadata: read
build	Set up job	2026-09-24T11:22:20.5765389Z Packages: read
build	Set up job	2026-09-24T11:22:20.5766029Z ##[endgroup]
build	Set up job	2026-09-24T11:22:20.5768168Z Secret source: Actions
build	Set up job	2026-09-24T11:22:20.5769270Z Cache mode: write
build	Set up job	2026-09-24T11:22:20.5769966Z Prepare workflow directory
build	Set up job	2026-09-24T11:22:20.6109665Z Prepare all required actions
build	Set up job	2026-09-24T11:22:20.6159816Z Getting action download info
build	Set up job	2026-09-24T11:22:20.9387435Z Download action repository 'actions/checkout@v4' (SHA:11d5960a326750d5838078e36cf38b85af677262)
build	Set up job	2026-09-24T11:22:21.1097558Z Download action repository 'espressif/esp-idf-ci-action@v1' (SHA:9d38657f3d789ca759b2b37aaf5ceffbc42c4f0d)
build	Set up job	2026-09-24T11:22:21.2982413Z Download action repository 'actions/upload-artifact@v4' (SHA:ea165f8d65b6e75b540449e92b4886f43607fa02)
build	Set up job	2026-09-24T11:22:21.5990023Z Complete job name: build
build	Checkout	﻿2026-09-24T11:22:21.6778110Z ##[group]Run actions/checkout@v4
build	Checkout	2026-09-24T11:22:21.6779027Z with:
build	Checkout	2026-09-24T11:22:21.6779505Z   submodules: recursive
build	Checkout	2026-09-24T11:22:21.6780066Z   repository: yuanwil1y/esp32c6-Pwnagotchi
build	Checkout	2026-09-24T11:22:21.6784766Z   token: ***
build	Checkout	2026-09-24T11:22:21.6785243Z   ssh-strict: true
build	Checkout	2026-09-24T11:22:21.6785727Z   ssh-user: git
build	Checkout	2026-09-24T11:22:21.6786212Z   persist-credentials: true
build	Checkout	2026-09-24T11:22:21.6786747Z   clean: true
build	Checkout	2026-09-24T11:22:21.6787223Z   sparse-checkout-cone-mode: true
build	Checkout	2026-09-24T11:22:21.6787846Z   fetch-depth: 1
build	Checkout	2026-09-24T11:22:21.6788315Z   fetch-tags: false
build	Checkout	2026-09-24T11:22:21.6788798Z   show-progress: true
build	Checkout	2026-09-24T11:22:21.6789269Z   lfs: false
build	Checkout	2026-09-24T11:22:21.6789736Z   set-safe-directory: true
build	Checkout	2026-09-24T11:22:21.6790283Z   allow-unsafe-pr-checkout: false
build	Checkout	2026-09-24T11:22:21.6791091Z ##[endgroup]
build	Checkout	2026-09-24T11:22:21.7810743Z Syncing repository: yuanwil1y/esp32c6-Pwnagotchi
build	Checkout	2026-09-24T11:22:21.7813663Z ##[group]Getting Git version info
build	Checkout	2026-09-24T11:22:21.7815375Z Working directory is '/home/runner/work/esp32c6-Pwnagotchi/esp32c6-Pwnagotchi'
build	Checkout	2026-09-24T11:22:21.7817590Z [command]/usr/bin/git version
build	Checkout	2026-09-24T11:22:21.7849375Z git version 2.55.0
build	Checkout	2026-09-24T11:22:21.7869428Z ##[endgroup]
build	Checkout	2026-09-24T11:22:21.7889545Z Temporarily overriding HOME='/home/runner/work/_temp/e34b4f57-8783-4734-abb5-a43e46d2962a' before making global git config changes
build	Checkout	2026-09-24T11:22:21.7902507Z Adding repository directory to the temporary git global config as a safe directory
build	Checkout	2026-09-24T11:22:21.7905460Z [command]/usr/bin/git config --global --add safe.directory /home/runner/work/esp32c6-Pwnagotchi/esp32c6-Pwnagotchi
build	Checkout	2026-09-24T11:22:21.7946321Z Deleting the contents of '/home/runner/work/esp32c6-Pwnagotchi/esp32c6-Pwnagotchi'
build	Checkout	2026-09-24T11:22:21.7952585Z ##[group]Initializing the repository
build	Checkout	2026-09-24T11:22:21.7959384Z [command]/usr/bin/git init /home/runner/work/esp32c6-Pwnagotchi/esp32c6-Pwnagotchi
build	Checkout	2026-09-24T11:22:21.8076969Z hint: Using 'master' as the name for the initial branch. This default branch name
build	Checkout	2026-09-24T11:22:21.8078396Z hint: will change to "main" in Git 3.0. To configure the initial branch name
build	Checkout	2026-09-24T11:22:21.8079701Z hint: to use in all of your new repositories, which will suppress this warning,
build	Checkout	2026-09-24T11:22:21.8081458Z hint: call:
build	Checkout	2026-09-24T11:22:21.8082174Z hint:
build	Checkout	2026-09-24T11:22:21.8082797Z hint: 	git config --global init.defaultBranch <name>
build	Checkout	2026-09-24T11:22:21.8083491Z hint:
build	Checkout	2026-09-24T11:22:21.8084115Z hint: Names commonly chosen instead of 'master' are 'main', 'trunk' and
build	Checkout	2026-09-24T11:22:21.8085769Z hint: 'development'. The just-created branch can be renamed via this command:
build	Checkout	2026-09-24T11:22:21.8087146Z hint:
build	Checkout	2026-09-24T11:22:21.8087742Z hint: 	git branch -m <name>
build	Checkout	2026-09-24T11:22:21.8088425Z hint:
build	Checkout	2026-09-24T11:22:21.8089519Z hint: Disable this message with "git config set advice.defaultBranchName false"
build	Checkout	2026-09-24T11:22:21.8090915Z Initialized empty Git repository in /home/runner/work/esp32c6-Pwnagotchi/esp32c6-Pwnagotchi/.git/
build	Checkout	2026-09-24T11:22:21.8092988Z [command]/usr/bin/git remote add origin https://github.com/yuanwil1y/esp32c6-Pwnagotchi
build	Checkout	2026-09-24T11:22:21.8137914Z ##[endgroup]
build	Checkout	2026-09-24T11:22:21.8138797Z ##[group]Disabling automatic garbage collection
build	Checkout	2026-09-24T11:22:21.8142137Z [command]/usr/bin/git config --local gc.auto 0
build	Checkout	2026-09-24T11:22:21.8178374Z ##[endgroup]
build	Checkout	2026-09-24T11:22:21.8180245Z ##[group]Setting up auth
build	Checkout	2026-09-24T11:22:21.8185814Z [command]/usr/bin/git config --local --name-only --get-regexp core\.sshCommand
build	Checkout	2026-09-24T11:22:21.8221272Z [command]/usr/bin/git submodule foreach --recursive sh -c "git config --local --name-only --get-regexp 'core\.sshCommand' && git config --local --unset-all 'core.sshCommand' || :"
build	Checkout	2026-09-24T11:22:21.8593873Z [command]/usr/bin/git config --local --name-only --get-regexp http\.https\:\/\/github\.com\/\.extraheader
build	Checkout	2026-09-24T11:22:21.8633136Z [command]/usr/bin/git submodule foreach --recursive sh -c "git config --local --name-only --get-regexp 'http\.https\:\/\/github\.com\/\.extraheader' && git config --local --unset-all 'http.https://github.com/.extraheader' || :"
build	Checkout	2026-09-24T11:22:21.8901739Z [command]/usr/bin/git config --local --name-only --get-regexp ^includeIf\.gitdir:
build	Checkout	2026-09-24T11:22:21.8946570Z [command]/usr/bin/git submodule foreach --recursive git config --local --show-origin --name-only --get-regexp remote.origin.url
build	Checkout	2026-09-24T11:22:21.9194074Z [command]/usr/bin/git config --local http.https://github.com/.extraheader AUTHORIZATION: basic ***
build	Checkout	2026-09-24T11:22:21.9235988Z ##[endgroup]
build	Checkout	2026-09-24T11:22:21.9236905Z ##[group]Fetching the repository
build	Checkout	2026-09-24T11:22:21.9245709Z [command]/usr/bin/git -c protocol.version=2 fetch --no-tags --prune --no-recurse-submodules --depth=1 origin +6e4827cf05a3bccd165a06f68ae17de04e065e35:refs/remotes/origin/phase3c-sd-logger
build	Checkout	2026-09-24T11:22:22.4456325Z From https://github.com/yuanwil1y/esp32c6-Pwnagotchi
build	Checkout	2026-09-24T11:22:22.4459812Z  * [new ref]         6e4827cf05a3bccd165a06f68ae17de04e065e35 -> origin/phase3c-sd-logger
build	Checkout	2026-09-24T11:22:22.4465980Z ##[endgroup]
build	Checkout	2026-09-24T11:22:22.4468113Z ##[group]Determining the checkout info
build	Checkout	2026-09-24T11:22:22.4470518Z ##[endgroup]
build	Checkout	2026-09-24T11:22:22.4472337Z [command]/usr/bin/git sparse-checkout disable
build	Checkout	2026-09-24T11:22:22.4525670Z [command]/usr/bin/git config --local --unset-all extensions.worktreeConfig
build	Checkout	2026-09-24T11:22:22.4560792Z ##[group]Checking out the ref
build	Checkout	2026-09-24T11:22:22.4600321Z [command]/usr/bin/git checkout --progress --force -B phase3c-sd-logger refs/remotes/origin/phase3c-sd-logger
build	Checkout	2026-09-24T11:22:22.4790045Z Switched to a new branch 'phase3c-sd-logger'
build	Checkout	2026-09-24T11:22:22.4797141Z branch 'phase3c-sd-logger' set up to track 'origin/phase3c-sd-logger'.
build	Checkout	2026-09-24T11:22:22.4803687Z ##[endgroup]
build	Checkout	2026-09-24T11:22:22.4805621Z ##[group]Setting up auth for fetching submodules
build	Checkout	2026-09-24T11:22:22.4809369Z [command]/usr/bin/git config --global http.https://github.com/.extraheader AUTHORIZATION: basic ***
build	Checkout	2026-09-24T11:22:22.4852687Z [command]/usr/bin/git config --global --unset-all url.https://github.com/.insteadOf
build	Checkout	2026-09-24T11:22:22.4886719Z [command]/usr/bin/git config --global --add url.https://github.com/.insteadOf git@github.com:
build	Checkout	2026-09-24T11:22:22.4921486Z [command]/usr/bin/git config --global --add url.https://github.com/.insteadOf org-65474623@github.com:
build	Checkout	2026-09-24T11:22:22.4955289Z ##[endgroup]
build	Checkout	2026-09-24T11:22:22.4957792Z ##[group]Fetching submodules
build	Checkout	2026-09-24T11:22:22.4959858Z [command]/usr/bin/git submodule sync --recursive
build	Checkout	2026-09-24T11:22:22.5200496Z [command]/usr/bin/git -c protocol.version=2 submodule update --init --force --depth=1 --recursive
build	Checkout	2026-09-24T11:22:22.5518643Z Submodule 'vendor/waveshare' (https://github.com/waveshareteam/ESP32-C6-LCD-1.9.git) registered for path 'vendor/waveshare'
build	Checkout	2026-09-24T11:22:22.5550205Z Cloning into '/home/runner/work/esp32c6-Pwnagotchi/esp32c6-Pwnagotchi/vendor/waveshare'...
build	Checkout	2026-09-24T11:22:25.1004922Z Submodule path 'vendor/waveshare': checked out '1fed15e32977de11afe1f710a0f5e915bfcc35a5'
build	Checkout	2026-09-24T11:22:25.1045535Z [command]/usr/bin/git submodule foreach --recursive git config --local gc.auto 0
build	Checkout	2026-09-24T11:22:25.1282666Z Entering 'vendor/waveshare'
build	Checkout	2026-09-24T11:22:25.1436405Z ##[endgroup]
build	Checkout	2026-09-24T11:22:25.1437280Z ##[group]Persisting credentials for submodules
build	Checkout	2026-09-24T11:22:25.1443021Z [command]/usr/bin/git submodule foreach --recursive sh -c "git config --local --name-only --get-regexp 'url\.https\:\/\/github\.com\/\.insteadOf' && git config --local --unset-all 'url.https://github.com/.insteadOf' || :"
build	Checkout	2026-09-24T11:22:25.1673342Z Entering 'vendor/waveshare'
build	Checkout	2026-09-24T11:22:25.1737074Z [command]/usr/bin/git submodule foreach --recursive sh -c "git config --local 'http.https://github.com/.extraheader' 'AUTHORIZATION: basic ***' && git config --local --show-origin --name-only --get-regexp remote.origin.url"
build	Checkout	2026-09-24T11:22:25.1967178Z Entering 'vendor/waveshare'
build	Checkout	2026-09-24T11:22:25.2010244Z file:/home/runner/work/esp32c6-Pwnagotchi/esp32c6-Pwnagotchi/.git/modules/vendor/waveshare/config	remote.origin.url
build	Checkout	2026-09-24T11:22:25.2055581Z [command]/usr/bin/git submodule foreach --recursive git config --local --add 'url.https://github.com/.insteadOf' 'git@github.com:'
build	Checkout	2026-09-24T11:22:25.2285180Z Entering 'vendor/waveshare'
build	Checkout	2026-09-24T11:22:25.2343668Z [command]/usr/bin/git submodule foreach --recursive git config --local --add 'url.https://github.com/.insteadOf' 'org-65474623@github.com:'
build	Checkout	2026-09-24T11:22:25.2573715Z Entering 'vendor/waveshare'
build	Checkout	2026-09-24T11:22:25.2627611Z ##[endgroup]
build	Checkout	2026-09-24T11:22:25.2676869Z [command]/usr/bin/git log -1 --format=%H
build	Checkout	2026-09-24T11:22:25.2706492Z 6e4827cf05a3bccd165a06f68ae17de04e065e35
build	Stamp git commit into firmware	﻿2026-09-24T11:22:25.2991159Z ##[group]Run printf '#define APP_BUILD_GIT_SHA "%s"\n#define APP_BUILD_GIT_SHORT "%s"\n' \
build	Stamp git commit into firmware	2026-09-24T11:22:25.2991899Z ^[[36;1mprintf '#define APP_BUILD_GIT_SHA "%s"\n#define APP_BUILD_GIT_SHORT "%s"\n' \^[[0m
build	Stamp git commit into firmware	2026-09-24T11:22:25.2992403Z ^[[36;1m  "${GITHUB_SHA}" "${GITHUB_SHA::7}" > main/build_info.h^[[0m
build	Stamp git commit into firmware	2026-09-24T11:22:25.2992766Z ^[[36;1mcat main/build_info.h^[[0m
build	Stamp git commit into firmware	2026-09-24T11:22:25.3038478Z shell: /usr/bin/bash -e {0}
build	Stamp git commit into firmware	2026-09-24T11:22:25.3038781Z ##[endgroup]
build	Stamp git commit into firmware	2026-09-24T11:22:25.3133119Z #define APP_BUILD_GIT_SHA "6e4827cf05a3bccd165a06f68ae17de04e065e35"
build	Stamp git commit into firmware	2026-09-24T11:22:25.3133805Z #define APP_BUILD_GIT_SHORT "6e4827c"
build	Build ESP32-C6 firmware	﻿2026-09-24T11:22:25.3202332Z ##[group]Run espressif/esp-idf-ci-action@v1
build	Build ESP32-C6 firmware	2026-09-24T11:22:25.3202669Z with:
build	Build ESP32-C6 firmware	2026-09-24T11:22:25.3202881Z   esp_idf_version: v5.4
build	Build ESP32-C6 firmware	2026-09-24T11:22:25.3203110Z   target: esp32c6
build	Build ESP32-C6 firmware	2026-09-24T11:22:25.3203323Z   path: .
build	Build ESP32-C6 firmware	2026-09-24T11:22:25.3203742Z   command: idf.py build &&
build	Build ESP32-C6 firmware	idf.py size size-components size-files | tee build/phase3c-size-report.txt
build	Build ESP32-C6 firmware	
build	Build ESP32-C6 firmware	2026-09-24T11:22:25.3204237Z   esp_idf_docker_image: espressif/idf
build	Build ESP32-C6 firmware	2026-09-24T11:22:25.3204747Z ##[endgroup]
build	Build ESP32-C6 firmware	2026-09-24T11:22:25.3296510Z ##[start-action display=Run export IDF_TARGET=$(echo "esp32c6" | tr '[:upper:%5D' '[:lower:%5D' | tr -d '_-');id=__espressif_esp-idf-ci-action.__run]
build	Build ESP32-C6 firmware	2026-09-24T11:22:25.3326278Z ##[group]Run export IDF_TARGET=$(echo "esp32c6" | tr '[:upper:]' '[:lower:]' | tr -d '_-')
build	Build ESP32-C6 firmware	2026-09-24T11:22:25.3327060Z ^[[36;1mexport IDF_TARGET=$(echo "esp32c6" | tr '[:upper:]' '[:lower:]' | tr -d '_-')^[[0m
build	Build ESP32-C6 firmware	2026-09-24T11:22:25.3327478Z ^[[36;1mdocker run -t \^[[0m
build	Build ESP32-C6 firmware	2026-09-24T11:22:25.3327762Z ^[[36;1m-e IDF_TARGET="${IDF_TARGET}" \^[[0m
build	Build ESP32-C6 firmware	2026-09-24T11:22:25.3328203Z ^[[36;1m-v "${GITHUB_WORKSPACE}:/app/yuanwil1y/esp32c6-Pwnagotchi" \^[[0m
build	Build ESP32-C6 firmware	2026-09-24T11:22:25.3328618Z ^[[36;1m-w "/app/yuanwil1y/esp32c6-Pwnagotchi/." \^[[0m
build	Build ESP32-C6 firmware	2026-09-24T11:22:25.3328917Z ^[[36;1m \^[[0m
build	Build ESP32-C6 firmware	2026-09-24T11:22:25.3329141Z ^[[36;1mespressif/idf:v5.4 \^[[0m
build	Build ESP32-C6 firmware	2026-09-24T11:22:25.3329538Z ^[[36;1m/bin/bash -c 'git config --global --add safe.directory "*" && idf.py build &&^[[0m
build	Build ESP32-C6 firmware	2026-09-24T11:22:25.3330085Z ^[[36;1midf.py size size-components size-files | tee build/phase3c-size-report.txt^[[0m
build	Build ESP32-C6 firmware	2026-09-24T11:22:25.3330489Z ^[[36;1m'^[[0m
build	Build ESP32-C6 firmware	2026-09-24T11:22:25.3375566Z shell: /usr/bin/bash --noprofile --norc -e -o pipefail {0}
build	Build ESP32-C6 firmware	2026-09-24T11:22:25.3375959Z ##[endgroup]
build	Build ESP32-C6 firmware	2026-09-24T11:22:26.6135386Z Unable to find image 'espressif/idf:v5.4' locally
build	Build ESP32-C6 firmware	2026-09-24T11:22:27.1995493Z v5.4: Pulling from espressif/idf
build	Build ESP32-C6 firmware	2026-09-24T11:22:27.3769315Z de44b265507a: Pulling fs layer
build	Build ESP32-C6 firmware	2026-09-24T11:22:27.3770090Z e77999699af9: Pulling fs layer
build	Build ESP32-C6 firmware	2026-09-24T11:22:27.3770501Z 50f1c1b63b65: Pulling fs layer
build	Build ESP32-C6 firmware	2026-09-24T11:22:27.3770896Z 57851bba112a: Pulling fs layer
build	Build ESP32-C6 firmware	2026-09-24T11:22:27.3771344Z a31a0a15b4ae: Pulling fs layer
build	Build ESP32-C6 firmware	2026-09-24T11:22:27.3771744Z 996bede91559: Pulling fs layer
build	Build ESP32-C6 firmware	2026-09-24T11:22:27.3772117Z c275d5c9b1df: Pulling fs layer
build	Build ESP32-C6 firmware	2026-09-24T11:22:27.3772561Z 4f4fb700ef54: Pulling fs layer
build	Build ESP32-C6 firmware	2026-09-24T11:22:27.3772922Z 57851bba112a: Waiting
build	Build ESP32-C6 firmware	2026-09-24T11:22:27.3773257Z a31a0a15b4ae: Waiting
build	Build ESP32-C6 firmware	2026-09-24T11:22:27.3773579Z 996bede91559: Waiting
build	Build ESP32-C6 firmware	2026-09-24T11:22:27.3773892Z c275d5c9b1df: Waiting
build	Build ESP32-C6 firmware	2026-09-24T11:22:27.3774207Z 4f4fb700ef54: Waiting
build	Build ESP32-C6 firmware	2026-09-24T11:22:27.6628862Z 50f1c1b63b65: Verifying Checksum
build	Build ESP32-C6 firmware	2026-09-24T11:22:27.6630185Z 50f1c1b63b65: Download complete
build	Build ESP32-C6 firmware	2026-09-24T11:22:27.7296402Z de44b265507a: Verifying Checksum
build	Build ESP32-C6 firmware	2026-09-24T11:22:27.7296965Z de44b265507a: Download complete
build	Build ESP32-C6 firmware	2026-09-24T11:22:28.2677924Z e77999699af9: Verifying Checksum
build	Build ESP32-C6 firmware	2026-09-24T11:22:28.2678814Z e77999699af9: Download complete
build	Build ESP32-C6 firmware	2026-09-24T11:22:28.4235319Z 996bede91559: Verifying Checksum
build	Build ESP32-C6 firmware	2026-09-24T11:22:28.4236559Z 996bede91559: Download complete
build	Build ESP32-C6 firmware	2026-09-24T11:22:28.5907995Z c275d5c9b1df: Verifying Checksum
build	Build ESP32-C6 firmware	2026-09-24T11:22:28.5908710Z c275d5c9b1df: Download complete
build	Build ESP32-C6 firmware	2026-09-24T11:22:28.7180374Z 4f4fb700ef54: Verifying Checksum
build	Build ESP32-C6 firmware	2026-09-24T11:22:28.7180942Z 4f4fb700ef54: Download complete
build	Build ESP32-C6 firmware	2026-09-24T11:22:29.4058981Z de44b265507a: Pull complete
build	Build ESP32-C6 firmware	2026-09-24T11:22:32.2253832Z a31a0a15b4ae: Verifying Checksum
build	Build ESP32-C6 firmware	2026-09-24T11:22:32.2255773Z a31a0a15b4ae: Download complete
build	Build ESP32-C6 firmware	2026-09-24T11:22:35.1751115Z 57851bba112a: Verifying Checksum
build	Build ESP32-C6 firmware	2026-09-24T11:22:35.1751844Z 57851bba112a: Download complete
build	Build ESP32-C6 firmware	2026-09-24T11:22:44.3182889Z e77999699af9: Pull complete
build	Build ESP32-C6 firmware	2026-09-24T11:22:44.9575720Z 50f1c1b63b65: Pull complete
build	Build ESP32-C6 firmware	2026-09-24T11:23:02.5666956Z 57851bba112a: Pull complete
build	Build ESP32-C6 firmware	2026-09-24T11:23:26.2162864Z a31a0a15b4ae: Pull complete
build	Build ESP32-C6 firmware	2026-09-24T11:23:26.2271190Z 996bede91559: Pull complete
build	Build ESP32-C6 firmware	2026-09-24T11:23:26.2364723Z c275d5c9b1df: Pull complete
build	Build ESP32-C6 firmware	2026-09-24T11:23:26.2433930Z 4f4fb700ef54: Pull complete
build	Build ESP32-C6 firmware	2026-09-24T11:23:26.2477267Z Digest: sha256:f1e9f69dc052b9afc7801ca884e0ef40c17e014bb05ce73d9c09d29290bd17fb
build	Build ESP32-C6 firmware	2026-09-24T11:23:26.2487800Z Status: Downloaded newer image for espressif/idf:v5.4
build	Build ESP32-C6 firmware	2026-09-24T11:23:26.8177719Z Checking "python3" ...
build	Build ESP32-C6 firmware	2026-09-24T11:23:26.8419198Z Python 3.12.3
build	Build ESP32-C6 firmware	2026-09-24T11:23:26.8421602Z "python3" has been detected
build	Build ESP32-C6 firmware	2026-09-24T11:23:27.0188039Z ^[[91mActivating ESP-IDF ^[[0m^[[1;91m5.4^[[0m
build	Build ESP32-C6 firmware	2026-09-24T11:23:27.0430705Z ^[[91m*^[[0m Checking python version ^[[33m...^[[0m ^[[1;32m3.12^[[0m^[[32m.^[[0m^[[1;32m3^[[0m
build	Build ESP32-C6 firmware	2026-09-24T11:23:27.3207882Z ^[[91m*^[[0m Checking python dependencies ^[[33m...^[[0m ^[[32mOK^[[0m
build	Build ESP32-C6 firmware	2026-09-24T11:23:27.4139083Z ^[[91m*^[[0m Deactivating the current ESP-IDF environment ^[[1m(^[[0mif any^[[1m)^[[0m ^[[33m...^[[0m ^[[32mOK^[[0m
build	Build ESP32-C6 firmware	2026-09-24T11:23:27.5719786Z ^[[91m*^[[0m Establishing a new ESP-IDF environment ^[[33m...^[[0m ^[[32mOK^[[0m
build	Build ESP32-C6 firmware	2026-09-24T11:23:27.5831800Z ^[[91m*^[[0m Identifying shell ^[[33m...^[[0m ^[[32mbash^[[0m
build	Build ESP32-C6 firmware	2026-09-24T11:23:27.6775369Z ^[[91m*^[[0m Detecting outdated tools in system ^[[33m...^[[0m ^[[32mOK - no outdated tools found^[[0m
build	Build ESP32-C6 firmware	2026-09-24T11:23:27.6788754Z ^[[91m*^[[0m Shell completion ^[[33m...^[[0m ^[[32mAutocompletion code generated^[[0m
build	Build ESP32-C6 firmware	2026-09-24T11:23:28.2274012Z 
build	Build ESP32-C6 firmware	2026-09-24T11:23:28.2274798Z Done! You can now compile ESP-IDF projects.
build	Build ESP32-C6 firmware	2026-09-24T11:23:28.2275493Z Go to the project directory and run:
build	Build ESP32-C6 firmware	2026-09-24T11:23:28.2275776Z 
build	Build ESP32-C6 firmware	2026-09-24T11:23:28.2275904Z   idf.py build
build	Build ESP32-C6 firmware	2026-09-24T11:23:28.9646673Z Executing action: all (aliases: build)
build	Build ESP32-C6 firmware	2026-09-24T11:23:28.9690227Z Running cmake in directory /app/yuanwil1y/esp32c6-Pwnagotchi/build
build	Build ESP32-C6 firmware	2026-09-24T11:23:28.9691374Z Executing "cmake -G Ninja -DPYTHON_DEPS_CHECKED=1 -DPYTHON=/opt/esp/python_env/idf5.4_py3.12_env/bin/python -DESP_PLATFORM=1 -DCCACHE_ENABLE=1 /app/yuanwil1y/esp32c6-Pwnagotchi"...
build	Build ESP32-C6 firmware	2026-09-24T11:23:29.0256191Z -- Found Git: /usr/bin/git (found version "2.43.0")
build	Build ESP32-C6 firmware	2026-09-24T11:23:31.3936210Z -- ccache will be used for faster recompilation
build	Build ESP32-C6 firmware	2026-09-24T11:23:31.4533644Z -- The C compiler identification is GNU 14.2.0
build	Build ESP32-C6 firmware	2026-09-24T11:23:31.5141430Z -- The CXX compiler identification is GNU 14.2.0
build	Build ESP32-C6 firmware	2026-09-24T11:23:31.5268621Z -- The ASM compiler identification is GNU
build	Build ESP32-C6 firmware	2026-09-24T11:23:31.5296591Z -- Found assembler: /opt/esp/tools/riscv32-esp-elf/esp-14.2.0_20241119/riscv32-esp-elf/bin/riscv32-esp-elf-gcc
build	Build ESP32-C6 firmware	2026-09-24T11:23:31.5379383Z -- Detecting C compiler ABI info
build	Build ESP32-C6 firmware	2026-09-24T11:23:31.5896434Z -- Detecting C compiler ABI info - done
build	Build ESP32-C6 firmware	2026-09-24T11:23:31.6035905Z -- Check for working C compiler: /opt/esp/tools/riscv32-esp-elf/esp-14.2.0_20241119/riscv32-esp-elf/bin/riscv32-esp-elf-gcc - skipped
build	Build ESP32-C6 firmware	2026-09-24T11:23:31.6038907Z -- Detecting C compile features
build	Build ESP32-C6 firmware	2026-09-24T11:23:31.6044962Z -- Detecting C compile features - done
build	Build ESP32-C6 firmware	2026-09-24T11:23:31.6122823Z -- Detecting CXX compiler ABI info
build	Build ESP32-C6 firmware	2026-09-24T11:23:31.6669393Z -- Detecting CXX compiler ABI info - done
build	Build ESP32-C6 firmware	2026-09-24T11:23:31.6829997Z -- Check for working CXX compiler: /opt/esp/tools/riscv32-esp-elf/esp-14.2.0_20241119/riscv32-esp-elf/bin/riscv32-esp-elf-g++ - skipped
build	Build ESP32-C6 firmware	2026-09-24T11:23:31.6833408Z -- Detecting CXX compile features
build	Build ESP32-C6 firmware	2026-09-24T11:23:31.6842682Z -- Detecting CXX compile features - done
build	Build ESP32-C6 firmware	2026-09-24T11:23:31.8315080Z -- Building ESP-IDF components for target esp32c6
build	Build ESP32-C6 firmware	2026-09-24T11:23:32.2273645Z NOTICE: Dependencies lock doesn't exist, solving dependencies.
build	Build ESP32-C6 firmware	2026-09-24T11:23:33.1321321Z ......NOTICE: Updating lock file at /app/yuanwil1y/esp32c6-Pwnagotchi/dependencies.lock
build	Build ESP32-C6 firmware	2026-09-24T11:23:33.1322138Z NOTICE: Processing 4 dependencies:
build	Build ESP32-C6 firmware	2026-09-24T11:23:33.1322879Z NOTICE: [1/4] espressif/cmake_utilities (0.5.3)
build	Build ESP32-C6 firmware	2026-09-24T11:23:33.1620956Z NOTICE: [2/4] espressif/esp_lcd_sh8601 (1.0.0)
build	Build ESP32-C6 firmware	2026-09-24T11:23:33.1881603Z NOTICE: [3/4] lvgl/lvgl (8.3.11)
build	Build ESP32-C6 firmware	2026-09-24T11:23:33.9003114Z NOTICE: [4/4] idf (5.4.0)
build	Build ESP32-C6 firmware	2026-09-24T11:23:35.0407718Z -- Project sdkconfig file /app/yuanwil1y/esp32c6-Pwnagotchi/sdkconfig
build	Build ESP32-C6 firmware	2026-09-24T11:23:35.2335397Z Loading defaults file /app/yuanwil1y/esp32c6-Pwnagotchi/sdkconfig.defaults...
build	Build ESP32-C6 firmware	2026-09-24T11:23:35.3982626Z -- Adding linker script /opt/esp/idf/components/riscv/ld/rom.api.ld
build	Build ESP32-C6 firmware	2026-09-24T11:23:35.4662763Z -- Found Python3: /opt/esp/python_env/idf5.4_py3.12_env/bin/python (found version "3.12.3") found components: Interpreter
build	Build ESP32-C6 firmware	2026-09-24T11:23:35.5078094Z -- Performing Test CMAKE_HAVE_LIBC_PTHREAD
build	Build ESP32-C6 firmware	2026-09-24T11:23:35.5691548Z -- Performing Test CMAKE_HAVE_LIBC_PTHREAD - Success
build	Build ESP32-C6 firmware	2026-09-24T11:23:35.5702972Z -- Found Threads: TRUE
build	Build ESP32-C6 firmware	2026-09-24T11:23:35.5733855Z -- Performing Test C_COMPILER_SUPPORTS_WFORMAT_SIGNEDNESS
build	Build ESP32-C6 firmware	2026-09-24T11:23:35.6221536Z -- Performing Test C_COMPILER_SUPPORTS_WFORMAT_SIGNEDNESS - Success
build	Build ESP32-C6 firmware	2026-09-24T11:23:35.7875326Z -- App "esp32c6_pwnagotchi" version: 6e4827c
build	Build ESP32-C6 firmware	2026-09-24T11:23:35.9026479Z -- Adding linker script /app/yuanwil1y/esp32c6-Pwnagotchi/build/esp-idf/esp_system/ld/memory.ld
build	Build ESP32-C6 firmware	2026-09-24T11:23:35.9027870Z -- Adding linker script /app/yuanwil1y/esp32c6-Pwnagotchi/build/esp-idf/esp_system/ld/sections.ld.in
build	Build ESP32-C6 firmware	2026-09-24T11:23:35.9135128Z -- Adding linker script /opt/esp/idf/components/esp_rom/esp32c6/ld/esp32c6.rom.ld
build	Build ESP32-C6 firmware	2026-09-24T11:23:35.9136097Z -- Adding linker script /opt/esp/idf/components/esp_rom/esp32c6/ld/esp32c6.rom.api.ld
build	Build ESP32-C6 firmware	2026-09-24T11:23:35.9147309Z -- Adding linker script /opt/esp/idf/components/esp_rom/esp32c6/ld/esp32c6.rom.rvfp.ld
build	Build ESP32-C6 firmware	2026-09-24T11:23:35.9148312Z -- Adding linker script /opt/esp/idf/components/esp_rom/esp32c6/ld/esp32c6.rom.wdt.ld
build	Build ESP32-C6 firmware	2026-09-24T11:23:35.9149193Z -- Adding linker script /opt/esp/idf/components/esp_rom/esp32c6/ld/esp32c6.rom.systimer.ld
build	Build ESP32-C6 firmware	2026-09-24T11:23:35.9149857Z -- Adding linker script /opt/esp/idf/components/esp_rom/esp32c6/ld/esp32c6.rom.version.ld
build	Build ESP32-C6 firmware	2026-09-24T11:23:35.9150469Z -- Adding linker script /opt/esp/idf/components/esp_rom/esp32c6/ld/esp32c6.rom.phy.ld
build	Build ESP32-C6 firmware	2026-09-24T11:23:35.9151059Z -- Adding linker script /opt/esp/idf/components/esp_rom/esp32c6/ld/esp32c6.rom.coexist.ld
build	Build ESP32-C6 firmware	2026-09-24T11:23:35.9151662Z -- Adding linker script /opt/esp/idf/components/esp_rom/esp32c6/ld/esp32c6.rom.net80211.ld
build	Build ESP32-C6 firmware	2026-09-24T11:23:35.9152899Z -- Adding linker script /opt/esp/idf/components/esp_rom/esp32c6/ld/esp32c6.rom.pp.ld
build	Build ESP32-C6 firmware	2026-09-24T11:23:35.9154218Z -- Adding linker script /opt/esp/idf/components/esp_rom/esp32c6/ld/esp32c6.rom.newlib.ld
build	Build ESP32-C6 firmware	2026-09-24T11:23:35.9159498Z -- Adding linker script /opt/esp/idf/components/esp_rom/esp32c6/ld/esp32c6.rom.newlib-normal.ld
build	Build ESP32-C6 firmware	2026-09-24T11:23:35.9160598Z -- Adding linker script /opt/esp/idf/components/esp_rom/esp32c6/ld/esp32c6.rom.heap.ld
build	Build ESP32-C6 firmware	2026-09-24T11:23:35.9309908Z -- Adding linker script /opt/esp/idf/components/soc/esp32c6/ld/esp32c6.peripherals.ld
build	Build ESP32-C6 firmware	2026-09-24T11:23:36.2313116Z -- ESP_LCD_SH8601: 1.0.0
build	Build ESP32-C6 firmware	2026-09-24T11:23:36.4058164Z -- Components: app_trace app_update board bootloader bootloader_support bt cmock console cxx driver efuse esp-tls esp_adc esp_app_format esp_bootloader_format esp_coex esp_common esp_driver_ana_cmpr esp_driver_cam esp_driver_dac esp_driver_gpio esp_driver_gptimer esp_driver_i2c esp_driver_i2s esp_driver_isp esp_driver_jpeg esp_driver_ledc esp_driver_mcpwm esp_driver_parlio esp_driver_pcnt esp_driver_ppa esp_driver_rmt esp_driver_sdio esp_driver_sdm esp_driver_sdmmc esp_driver_sdspi esp_driver_spi esp_driver_touch_sens esp_driver_tsens esp_driver_uart esp_driver_usb_serial_jtag esp_eth esp_event esp_gdbstub esp_hid esp_http_client esp_http_server esp_https_ota esp_https_server esp_hw_support esp_lcd esp_local_ctrl esp_mm esp_netif esp_netif_stack esp_partition esp_phy esp_pm esp_psram esp_ringbuf esp_rom esp_security esp_system esp_timer esp_vfs_console esp_wifi espcoredump espressif__cmake_utilities espressif__esp_lcd_sh8601 esptool_py fatfs freertos hal heap http_parser idf_test ieee802154 json log lvgl__lvgl lwip main mbedtls mqtt newlib nvs_flash nvs_sec_provider openthread partition_table protobuf-c protocomm pthread radio riscv rt sdmmc soc spi_flash spiffs storage tcp_transport ulp unity usb vfs wear_levelling wifi_provisioning world wpa_supplicant
build	Build ESP32-C6 firmware	2026-09-24T11:23:36.4089476Z -- Component paths: /opt/esp/idf/components/app_trace /opt/esp/idf/components/app_update /app/yuanwil1y/esp32c6-Pwnagotchi/components/board /opt/esp/idf/components/bootloader /opt/esp/idf/components/bootloader_support /opt/esp/idf/components/bt /opt/esp/idf/components/cmock /opt/esp/idf/components/console /opt/esp/idf/components/cxx /opt/esp/idf/components/driver /opt/esp/idf/components/efuse /opt/esp/idf/components/esp-tls /opt/esp/idf/components/esp_adc /opt/esp/idf/components/esp_app_format /opt/esp/idf/components/esp_bootloader_format /opt/esp/idf/components/esp_coex /opt/esp/idf/components/esp_common /opt/esp/idf/components/esp_driver_ana_cmpr /opt/esp/idf/components/esp_driver_cam /opt/esp/idf/components/esp_driver_dac /opt/esp/idf/components/esp_driver_gpio /opt/esp/idf/components/esp_driver_gptimer /opt/esp/idf/components/esp_driver_i2c /opt/esp/idf/components/esp_driver_i2s /opt/esp/idf/components/esp_driver_isp /opt/esp/idf/components/esp_driver_jpeg /opt/esp/idf/components/esp_driver_ledc /opt/esp/idf/components/esp_driver_mcpwm /opt/esp/idf/components/esp_driver_parlio /opt/esp/idf/components/esp_driver_pcnt /opt/esp/idf/components/esp_driver_ppa /opt/esp/idf/components/esp_driver_rmt /opt/esp/idf/components/esp_driver_sdio /opt/esp/idf/components/esp_driver_sdm /opt/esp/idf/components/esp_driver_sdmmc /opt/esp/idf/components/esp_driver_sdspi /opt/esp/idf/components/esp_driver_spi /opt/esp/idf/components/esp_driver_touch_sens /opt/esp/idf/components/esp_driver_tsens /opt/esp/idf/components/esp_driver_uart /opt/esp/idf/components/esp_driver_usb_serial_jtag /opt/esp/idf/components/esp_eth /opt/esp/idf/components/esp_event /opt/esp/idf/components/esp_gdbstub /opt/esp/idf/components/esp_hid /opt/esp/idf/components/esp_http_client /opt/esp/idf/components/esp_http_server /opt/esp/idf/components/esp_https_ota /opt/esp/idf/components/esp_https_server /opt/esp/idf/components/esp_hw_support /opt/esp/idf/components/esp_lcd /opt/esp/idf/components/esp_local_ctrl /opt/esp/idf/components/esp_mm /opt/esp/idf/components/esp_netif /opt/esp/idf/components/esp_netif_stack /opt/esp/idf/components/esp_partition /opt/esp/idf/components/esp_phy /opt/esp/idf/components/esp_pm /opt/esp/idf/components/esp_psram /opt/esp/idf/components/esp_ringbuf /opt/esp/idf/components/esp_rom /opt/esp/idf/components/esp_security /opt/esp/idf/components/esp_system /opt/esp/idf/components/esp_timer /opt/esp/idf/components/esp_vfs_console /opt/esp/idf/components/esp_wifi /opt/esp/idf/components/espcoredump /app/yuanwil1y/esp32c6-Pwnagotchi/managed_components/espressif__cmake_utilities /app/yuanwil1y/esp32c6-Pwnagotchi/managed_components/espressif__esp_lcd_sh8601 /opt/esp/idf/components/esptool_py /opt/esp/idf/components/fatfs /opt/esp/idf/components/freertos /opt/esp/idf/components/hal /opt/esp/idf/components/heap /opt/esp/idf/components/http_parser /opt/esp/idf/components/idf_test /opt/esp/idf/components/ieee802154 /opt/esp/idf/components/json /opt/esp/idf/components/log /app/yuanwil1y/esp32c6-Pwnagotchi/managed_components/lvgl__lvgl /opt/esp/idf/components/lwip /app/yuanwil1y/esp32c6-Pwnagotchi/main /opt/esp/idf/components/mbedtls /opt/esp/idf/components/mqtt /opt/esp/idf/components/newlib /opt/esp/idf/components/nvs_flash /opt/esp/idf/components/nvs_sec_provider /opt/esp/idf/components/openthread /opt/esp/idf/components/partition_table /opt/esp/idf/components/protobuf-c /opt/esp/idf/components/protocomm /opt/esp/idf/components/pthread /app/yuanwil1y/esp32c6-Pwnagotchi/components/radio /opt/esp/idf/components/riscv /opt/esp/idf/components/rt /opt/esp/idf/components/sdmmc /opt/esp/idf/components/soc /opt/esp/idf/components/spi_flash /opt/esp/idf/components/spiffs /app/yuanwil1y/esp32c6-Pwnagotchi/components/storage /opt/esp/idf/components/tcp_transport /opt/esp/idf/components/ulp /opt/esp/idf/components/unity /opt/esp/idf/components/usb /opt/esp/idf/components/vfs /opt/esp/idf/components/wear_levelling /opt/esp/idf/components/wifi_provisioning /app/yuanwil1y/esp32c6-Pwnagotchi/components/world /opt/esp/idf/components/wpa_supplicant
build	Build ESP32-C6 firmware	2026-09-24T11:23:36.4162590Z -- Configuring done (7.4s)
build	Build ESP32-C6 firmware	2026-09-24T11:23:37.0685325Z -- Generating done (0.7s)
build	Build ESP32-C6 firmware	2026-09-24T11:23:37.0689553Z -- Build files have been written to: /app/yuanwil1y/esp32c6-Pwnagotchi/build
build	Build ESP32-C6 firmware	2026-09-24T11:23:37.1387999Z Running ninja in directory /app/yuanwil1y/esp32c6-Pwnagotchi/build
build	Build ESP32-C6 firmware	2026-09-24T11:23:37.1388787Z Executing "ninja all"...
build	Build ESP32-C6 firmware	2026-09-24T11:23:37.2138952Z 
build	Build ESP32-C6 firmware	2026-09-24T11:23:37.2139906Z [1/1416] Generating project_elf_src_esp32c6.c^[[K
build	Build ESP32-C6 firmware	2026-09-24T11:23:37.2141072Z [2/1416] Generating /app/yuanwil1y/esp32c6-Pwnagotchi/build/esp-idf/esp_system/ld/sections.ld.in linker script...^[[K
build	Build ESP32-C6 firmware	2026-09-24T11:23:37.3018324Z [3/1416] Generating /app/yuanwil1y/esp32c6-Pwnagotchi/build/esp-idf/esp_system/ld/memory.ld linker script...^[[K
build	Build ESP32-C6 firmware	2026-09-24T11:23:37.3019785Z [4/1416] Generating ../../partition_table/partition-table.bin^[[K
build	Build ESP32-C6 firmware	2026-09-24T11:23:37.3047058Z Partition table binary generated. Contents:
build	Build ESP32-C6 firmware	2026-09-24T11:23:37.3054764Z *******************************************************************************
build	Build ESP32-C6 firmware	2026-09-24T11:23:37.3062943Z # ESP-IDF Partition Table
build	Build ESP32-C6 firmware	2026-09-24T11:23:37.3076433Z # Name, Type, SubType, Offset, Size, Flags
build	Build ESP32-C6 firmware	2026-09-24T11:23:37.3077400Z nvs,data,nvs,0x9000,24K,
build	Build ESP32-C6 firmware	2026-09-24T11:23:37.3078082Z phy_init,data,phy,0xf000,4K,
build	Build ESP32-C6 firmware	2026-09-24T11:23:37.3078542Z factory,app,factory,0x10000,4M,
build	Build ESP32-C6 firmware	2026-09-24T11:23:37.3079020Z *******************************************************************************
build	Build ESP32-C6 firmware	2026-09-24T11:23:37.3550387Z 
build	Build ESP32-C6 firmware	2026-09-24T11:23:37.5222431Z [5/1416] Building C object esp-idf/mbedtls/mbedtls/3rdparty/everest/CMakeFiles/everest.dir/library/Hacl_Curve25519_joined.c.obj^[[K
build	Build ESP32-C6 firmware	2026-09-24T11:23:37.5224966Z [6/1416] Building C object esp-idf/mbedtls/mbedtls/3rdparty/p256-m/CMakeFiles/p256m.dir/p256-m/p256-m.c.obj^[[K
build	Build ESP32-C6 firmware	2026-09-24T11:23:37.5266711Z [7/1416] Building C object esp-idf/mbedtls/mbedtls/library/CMakeFiles/mbedcrypto.dir/aesni.c.obj^[[K
build	Build ESP32-C6 firmware	2026-09-24T11:23:37.5274000Z [8/1416] Building C object esp-idf/mbedtls/mbedtls/3rdparty/everest/CMakeFiles/everest.dir/library/x25519.c.obj^[[K
build	Build ESP32-C6 firmware	2026-09-24T11:23:37.5760183Z [9/1416] Building C object esp-idf/mbedtls/mbedtls/3rdparty/everest/CMakeFiles/everest.dir/library/everest.c.obj^[[K
build	Build ESP32-C6 firmware	2026-09-24T11:23:37.5773659Z [10/1416] Building C object esp-idf/mbedtls/mbedtls/library/CMakeFiles/mbedcrypto.dir/aes.c.obj^[[K
build	Build ESP32-C6 firmware	2026-09-24T11:23:37.6486455Z [11/1416] Building C object esp-idf/mbedtls/mbedtls/3rdparty/p256-m/CMakeFiles/p256m.dir/p256-m_driver_entrypoints.c.obj^[[K
build	Build ESP32-C6 firmware	2026-09-24T11:23:37.7468163Z [12/1416] Building C object esp-idf/mbedtls/mbedtls/library/CMakeFiles/mbedcrypto.dir/aesce.c.obj^[[K
build	Build ESP32-C6 firmware	2026-09-24T11:23:37.7955749Z [13/1416] Building C object esp-idf/mbedtls/mbedtls/library/CMakeFiles/mbedcrypto.dir/asn1parse.c.obj^[[K
build	Build ESP32-C6 firmware	2026-09-24T11:23:37.7998558Z [14/1416] Building C object esp-idf/mbedtls/mbedtls/library/CMakeFiles/mbedcrypto.dir/asn1write.c.obj^[[K
build	Build ESP32-C6 firmware	2026-09-24T11:23:37.8746156Z [15/1416] Building C object esp-idf/mbedtls/mbedtls/library/CMakeFiles/mbedcrypto.dir/aria.c.obj^[[K
build	Build ESP32-C6 firmware	2026-09-24T11:23:37.9090446Z [16/1416] Building C object esp-idf/mbedtls/mbedtls/library/CMakeFiles/mbedcrypto.dir/base64.c.obj^[[K
build	Build ESP32-C6 firmware	2026-09-24T11:23:37.9758647Z [17/1416] Building C object esp-idf/mbedtls/mbedtls/library/CMakeFiles/mbedcrypto.dir/bignum_mod.c.obj^[[K
build	Build ESP32-C6 firmware	2026-09-24T11:23:37.9828188Z [18/1416] Building C object esp-idf/mbedtls/mbedtls/library/CMakeFiles/mbedcrypto.dir/bignum_mod_raw.c.obj^[[K
build	Build ESP32-C6 firmware	2026-09-24T11:23:38.0013755Z [19/1416] Building C object esp-idf/mbedtls/mbedtls/library/CMakeFiles/mbedcrypto.dir/camellia.c.obj^[[K
build	Build ESP32-C6 firmware	2026-09-24T11:23:38.0295743Z [20/1416] Building C object esp-idf/mbedtls/mbedtls/library/CMakeFiles/mbedcrypto.dir/block_cipher.c.obj^[[K
build	Build ESP32-C6 firmware	2026-09-24T11:23:38.0932437Z [21/1416] Building C object esp-idf/mbedtls/mbedtls/library/CMakeFiles/mbedcrypto.dir/bignum_core.c.obj^[[K
build	Build ESP32-C6 firmware	2026-09-24T11:23:38.1366796Z [22/1416] Building C object esp-idf/mbedtls/mbedtls/library/CMakeFiles/mbedcrypto.dir/chacha20.c.obj^[[K
build	Build ESP32-C6 firmware	2026-09-24T11:23:38.2399914Z [23/1416] Building C object esp-idf/mbedtls/mbedtls/library/CMakeFiles/mbedcrypto.dir/chachapoly.c.obj^[[K
build	Build ESP32-C6 firmware	2026-09-24T11:23:38.2514354Z [24/1416] Building C object esp-idf/mbedtls/mbedtls/library/CMakeFiles/mbedcrypto.dir/ccm.c.obj^[[K
build	Build ESP32-C6 firmware	2026-09-24T11:23:38.3027736Z [25/1416] Building C object esp-idf/mbedtls/mbedtls/library/CMakeFiles/mbedcrypto.dir/bignum.c.obj^[[K
build	Build ESP32-C6 firmware	2026-09-24T11:23:38.3811837Z [26/1416] Building C object esp-idf/mbedtls/mbedtls/library/CMakeFiles/mbedcrypto.dir/constant_time.c.obj^[[K
build	Build ESP32-C6 firmware	2026-09-24T11:23:38.3830611Z [27/1416] Building C object esp-idf/mbedtls/mbedtls/library/CMakeFiles/mbedcrypto.dir/cipher_wrap.c.obj^[[K
build	Build ESP32-C6 firmware	2026-09-24T11:23:38.4116545Z [28/1416] Building C object esp-idf/mbedtls/mbedtls/library/CMakeFiles/mbedcrypto.dir/des.c.obj^[[K
build	Build ESP32-C6 firmware	2026-09-24T11:23:38.4333768Z [29/1416] Building C object esp-idf/mbedtls/mbedtls/library/CMakeFiles/mbedcrypto.dir/cipher.c.obj^[[K
build	Build ESP32-C6 firmware	2026-09-24T11:23:38.4556318Z [30/1416] Building C object esp-idf/mbedtls/mbedtls/library/CMakeFiles/mbedcrypto.dir/dhm.c.obj^[[K
build	Build ESP32-C6 firmware	2026-09-24T11:23:38.5175989Z [31/1416] Building C object esp-idf/mbedtls/mbedtls/library/CMakeFiles/mbedcrypto.dir/cmac.c.obj^[[K
build	Build ESP32-C6 firmware	2026-09-24T11:23:38.5651701Z [32/1416] Building C object esp-idf/mbedtls/mbedtls/library/CMakeFiles/mbedcrypto.dir/ecjpake.c.obj^[[K
build	Build ESP32-C6 firmware	2026-09-24T11:23:38.6294377Z [33/1416] Building C object esp-idf/mbedtls/mbedtls/library/CMakeFiles/mbedcrypto.dir/ctr_drbg.c.obj^[[K
build	Build ESP32-C6 firmware	2026-09-24T11:23:38.7197071Z [34/1416] Building C object esp-idf/mbedtls/mbedtls/library/CMakeFiles/mbedcrypto.dir/ecp_curves_new.c.obj^[[K
build	Build ESP32-C6 firmware	2026-09-24T11:23:38.7579096Z [35/1416] Building C object esp-idf/mbedtls/mbedtls/library/CMakeFiles/mbedcrypto.dir/ecdh.c.obj^[[K
build	Build ESP32-C6 firmware	2026-09-24T11:23:38.8221657Z [36/1416] Building C object esp-idf/mbedtls/mbedtls/library/CMakeFiles/mbedcrypto.dir/ecdsa.c.obj^[[K
build	Build ESP32-C6 firmware	2026-09-24T11:23:38.9005693Z [37/1416] Building C object esp-idf/mbedtls/mbedtls/library/CMakeFiles/mbedcrypto.dir/entropy_poll.c.obj^[[K
build	Build ESP32-C6 firmware	2026-09-24T11:23:38.9337894Z [38/1416] Building C object esp-idf/mbedtls/mbedtls/library/CMakeFiles/mbedcrypto.dir/entropy.c.obj^[[K
build	Build ESP32-C6 firmware	2026-09-24T11:23:38.9444527Z [39/1416] Building C object esp-idf/mbedtls/mbedtls/library/CMakeFiles/mbedcrypto.dir/hkdf.c.obj^[[K
build	Build ESP32-C6 firmware	2026-09-24T11:23:39.0436869Z [40/1416] Building C object esp-idf/mbedtls/mbedtls/library/CMakeFiles/mbedcrypto.dir/ecp_curves.c.obj^[[K
build	Build ESP32-C6 firmware	2026-09-24T11:23:39.0991346Z [41/1416] Building C object esp-idf/mbedtls/mbedtls/library/CMakeFiles/mbedcrypto.dir/ecp.c.obj^[[K
build	Build ESP32-C6 firmware	2026-09-24T11:23:39.2138667Z [42/1416] Building C object esp-idf/mbedtls/mbedtls/library/CMakeFiles/mbedcrypto.dir/gcm.c.obj^[[K
build	Build ESP32-C6 firmware	2026-09-24T11:23:39.2277955Z [43/1416] Building C object esp-idf/mbedtls/mbedtls/library/CMakeFiles/mbedcrypto.dir/error.c.obj^[[K
build	Build ESP32-C6 firmware	2026-09-24T11:23:39.2686236Z [44/1416] Building C object esp-idf/mbedtls/mbedtls/library/CMakeFiles/mbedcrypto.dir/hmac_drbg.c.obj^[[K
build	Build ESP32-C6 firmware	2026-09-24T11:23:39.3019635Z [45/1416] Building C object esp-idf/mbedtls/mbedtls/library/CMakeFiles/mbedcrypto.dir/lms.c.obj^[[K
build	Build ESP32-C6 firmware	2026-09-24T11:23:39.3412287Z [46/1416] Building C object esp-idf/mbedtls/mbedtls/library/CMakeFiles/mbedcrypto.dir/md5.c.obj^[[K
build	Build ESP32-C6 firmware	2026-09-24T11:23:39.3464552Z [47/1416] Building C object esp-idf/mbedtls/mbedtls/library/CMakeFiles/mbedcrypto.dir/lmots.c.obj^[[K
build	Build ESP32-C6 firmware	2026-09-24T11:23:39.3864153Z [48/1416] Building C object esp-idf/mbedtls/mbedtls/library/CMakeFiles/mbedcrypto.dir/memory_buffer_alloc.c.obj^[[K
build	Build ESP32-C6 firmware	2026-09-24T11:23:39.4059259Z [49/1416] Building C object esp-idf/mbedtls/mbedtls/library/CMakeFiles/mbedcrypto.dir/md.c.obj^[[K
build	Build ESP32-C6 firmware	2026-09-24T11:23:39.4575553Z [50/1416] Building C object esp-idf/mbedtls/mbedtls/library/CMakeFiles/mbedcrypto.dir/nist_kw.c.obj^[[K
build	Build ESP32-C6 firmware	2026-09-24T11:23:39.5952657Z [51/1416] Building C object esp-idf/mbedtls/mbedtls/library/CMakeFiles/mbedcrypto.dir/padlock.c.obj^[[K
build	Build ESP32-C6 firmware	2026-09-24T11:23:39.6358269Z [52/1416] Building C object esp-idf/mbedtls/mbedtls/library/CMakeFiles/mbedcrypto.dir/pem.c.obj^[[K
build	Build ESP32-C6 firmware	2026-09-24T11:23:39.7196960Z [53/1416] Building C object esp-idf/mbedtls/mbedtls/library/CMakeFiles/mbedcrypto.dir/pk_ecc.c.obj^[[K
build	Build ESP32-C6 firmware	2026-09-24T11:23:39.7384984Z [54/1416] Building C object esp-idf/mbedtls/mbedtls/library/CMakeFiles/mbedcrypto.dir/pk.c.obj^[[K
build	Build ESP32-C6 firmware	2026-09-24T11:23:39.7843925Z [55/1416] Building C object esp-idf/mbedtls/mbedtls/library/CMakeFiles/mbedcrypto.dir/pk_wrap.c.obj^[[K
build	Build ESP32-C6 firmware	2026-09-24T11:23:39.8223956Z [56/1416] Building C object esp-idf/mbedtls/mbedtls/library/CMakeFiles/mbedcrypto.dir/oid.c.obj^[[K
build	Build ESP32-C6 firmware	2026-09-24T11:23:39.9417322Z [57/1416] Building C object esp-idf/mbedtls/mbedtls/library/CMakeFiles/mbedcrypto.dir/pkcs12.c.obj^[[K
build	Build ESP32-C6 firmware	2026-09-24T11:23:39.9548269Z [58/1416] Building C object esp-idf/mbedtls/mbedtls/library/CMakeFiles/mbedcrypto.dir/platform.c.obj^[[K
build	Build ESP32-C6 firmware	2026-09-24T11:23:39.9558378Z [59/1416] Building C object esp-idf/mbedtls/mbedtls/library/CMakeFiles/mbedcrypto.dir/platform_util.c.obj^[[K
build	Build ESP32-C6 firmware	2026-09-24T11:23:39.9771415Z [60/1416] Building C object esp-idf/mbedtls/mbedtls/library/CMakeFiles/mbedcrypto.dir/pkcs5.c.obj^[[K
build	Build ESP32-C6 firmware	2026-09-24T11:23:40.0538428Z [61/1416] Building C object esp-idf/mbedtls/mbedtls/library/CMakeFiles/mbedcrypto.dir/poly1305.c.obj^[[K
build	Build ESP32-C6 firmware	2026-09-24T11:23:40.1080903Z [62/1416] Building C object esp-idf/mbedtls/mbedtls/library/CMakeFiles/mbedcrypto.dir/pkwrite.c.obj^[[K
build	Build ESP32-C6 firmware	2026-09-24T11:23:40.2595982Z [63/1416] Building C object esp-idf/mbedtls/mbedtls/library/CMakeFiles/mbedcrypto.dir/pkparse.c.obj^[[K
build	Build ESP32-C6 firmware	2026-09-24T11:23:40.2632394Z [64/1416] Building C object esp-idf/mbedtls/mbedtls/library/CMakeFiles/mbedcrypto.dir/psa_crypto_client.c.obj^[[K
build	Build ESP32-C6 firmware	2026-09-24T11:23:40.2679140Z [65/1416] Building C object esp-idf/mbedtls/mbedtls/library/CMakeFiles/mbedcrypto.dir/psa_crypto_cipher.c.obj^[[K
build	Build ESP32-C6 firmware	2026-09-24T11:23:40.3390827Z [66/1416] Building C object esp-idf/mbedtls/mbedtls/library/CMakeFiles/mbedcrypto.dir/psa_crypto_aead.c.obj^[[K
build	Build ESP32-C6 firmware	2026-09-24T11:23:40.4742053Z [67/1416] Building C object esp-idf/mbedtls/mbedtls/library/CMakeFiles/mbedcrypto.dir/psa_crypto_driver_wrappers_no_static.c.obj^[[K
build	Build ESP32-C6 firmware	2026-09-24T11:23:40.4862093Z [68/1416] Building C object esp-idf/mbedtls/mbedtls/library/CMakeFiles/mbedcrypto.dir/psa_crypto_ffdh.c.obj^[[K
build	Build ESP32-C6 firmware	2026-09-24T11:23:40.5692738Z [69/1416] Building C object esp-idf/mbedtls/mbedtls/library/CMakeFiles/mbedcrypto.dir/psa_crypto_ecp.c.obj^[[K
build	Build ESP32-C6 firmware	2026-09-24T11:23:40.5857022Z [70/1416] Building C object esp-idf/mbedtls/mbedtls/library/CMakeFiles/mbedcrypto.dir/psa_crypto_pake.c.obj^[[K
build	Build ESP32-C6 firmware	2026-09-24T11:23:40.6081757Z [71/1416] Building C object esp-idf/mbedtls/mbedtls/library/CMakeFiles/mbedcrypto.dir/psa_crypto_hash.c.obj^[[K
build	Build ESP32-C6 firmware	2026-09-24T11:23:40.6292498Z [72/1416] Building C object esp-idf/mbedtls/mbedtls/library/CMakeFiles/mbedcrypto.dir/psa_crypto_mac.c.obj^[[K
build	Build ESP32-C6 firmware	2026-09-24T11:23:40.8337387Z [73/1416] Building C object esp-idf/mbedtls/mbedtls/library/CMakeFiles/mbedcrypto.dir/psa_crypto_se.c.obj^[[K
build	Build ESP32-C6 firmware	2026-09-24T11:23:40.8750783Z [74/1416] Building C object esp-idf/mbedtls/mbedtls/library/CMakeFiles/mbedcrypto.dir/psa_its_file.c.obj^[[K
build	Build ESP32-C6 firmware	2026-09-24T11:23:40.9466574Z [75/1416] Building C object esp-idf/mbedtls/mbedtls/library/CMakeFiles/mbedcrypto.dir/psa_crypto_slot_management.c.obj^[[K
build	Build ESP32-C6 firmware	2026-09-24T11:23:40.9503016Z [76/1416] Building C object esp-idf/mbedtls/mbedtls/library/CMakeFiles/mbedcrypto.dir/psa_crypto_storage.c.obj^[[K
build	Build ESP32-C6 firmware	2026-09-24T11:23:40.9755799Z [77/1416] Building C object esp-idf/mbedtls/mbedtls/library/CMakeFiles/mbedcrypto.dir/psa_crypto_rsa.c.obj^[[K
build	Build ESP32-C6 firmware	2026-09-24T11:23:41.0130856Z [78/1416] Building C object esp-idf/mbedtls/mbedtls/library/CMakeFiles/mbedcrypto.dir/ripemd160.c.obj^[[K
build	Build ESP32-C6 firmware	2026-09-24T11:23:41.1846073Z [79/1416] Building C object esp-idf/mbedtls/mbedtls/library/CMakeFiles/mbedcrypto.dir/psa_util.c.obj^[[K
build	Build ESP32-C6 firmware	2026-09-24T11:23:41.1869578Z [80/1416] Building C object esp-idf/mbedtls/mbedtls/library/CMakeFiles/mbedcrypto.dir/rsa_alt_helpers.c.obj^[[K
build	Build ESP32-C6 firmware	2026-09-24T11:23:41.2345231Z [81/1416] Building C object esp-idf/mbedtls/mbedtls/library/CMakeFiles/mbedcrypto.dir/sha256.c.obj^[[K
build	Build ESP32-C6 firmware	2026-09-24T11:23:41.3342896Z [82/1416] Building C object esp-idf/mbedtls/mbedtls/library/CMakeFiles/mbedcrypto.dir/sha1.c.obj^[[K
build	Build ESP32-C6 firmware	2026-09-24T11:23:41.3541819Z [83/1416] Building C object esp-idf/mbedtls/mbedtls/library/CMakeFiles/mbedcrypto.dir/sha3.c.obj^[[K
build	Build ESP32-C6 firmware	2026-09-24T11:23:41.4142227Z [84/1416] Building C object esp-idf/mbedtls/mbedtls/library/CMakeFiles/mbedcrypto.dir/threading.c.obj^[[K
build	Build ESP32-C6 firmware	2026-09-24T11:23:41.4636909Z [85/1416] Building C object esp-idf/mbedtls/mbedtls/library/CMakeFiles/mbedcrypto.dir/timing.c.obj^[[K
build	Build ESP32-C6 firmware	2026-09-24T11:23:41.4720690Z [86/1416] Building C object esp-idf/mbedtls/mbedtls/library/CMakeFiles/mbedcrypto.dir/psa_crypto.c.obj^[[K
build	Build ESP32-C6 firmware	2026-09-24T11:23:41.4789863Z [87/1416] Building C object esp-idf/mbedtls/mbedtls/library/CMakeFiles/mbedcrypto.dir/sha512.c.obj^[[K
build	Build ESP32-C6 firmware	2026-09-24T11:23:41.5123170Z [88/1416] Building C object esp-idf/mbedtls/mbedtls/library/CMakeFiles/mbedcrypto.dir/version_features.c.obj^[[K
build	Build ESP32-C6 firmware	2026-09-24T11:23:41.5680233Z [89/1416] Building C object esp-idf/mbedtls/mbedtls/library/CMakeFiles/mbedcrypto.dir/version.c.obj^[[K
build	Build ESP32-C6 firmware	2026-09-24T11:23:41.6128755Z [90/1416] Building C object esp-idf/mbedtls/mbedtls/library/CMakeFiles/mbedcrypto.dir/rsa.c.obj^[[K
build	Build ESP32-C6 firmware	2026-09-24T11:23:41.6339698Z [91/1416] Building C object esp-idf/mbedtls/mbedtls/library/CMakeFiles/mbedcrypto.dir/opt/esp/idf/components/mbedtls/port/sha/dma/esp_sha_gdma_impl.c.obj^[[K
build	Build ESP32-C6 firmware	2026-09-24T11:23:41.6877820Z [92/1416] Building C object esp-idf/mbedtls/mbedtls/library/CMakeFiles/mbedcrypto.dir/opt/esp/idf/components/mbedtls/port/aes/dma/esp_aes_gdma_impl.c.obj^[[K
build	Build ESP32-C6 firmware	2026-09-24T11:23:41.7143031Z [93/1416] Building C object esp-idf/mbedtls/mbedtls/library/CMakeFiles/mbedcrypto.dir/opt/esp/idf/components/mbedtls/port/esp_hardware.c.obj^[[K
build	Build ESP32-C6 firmware	2026-09-24T11:23:41.7785600Z [94/1416] Building C object esp-idf/mbedtls/mbedtls/library/CMakeFiles/mbedcrypto.dir/opt/esp/idf/components/mbedtls/port/esp_mem.c.obj^[[K
build	Build ESP32-C6 firmware	2026-09-24T11:23:41.8005579Z [95/1416] Building C object esp-idf/mbedtls/mbedtls/library/CMakeFiles/mbedcrypto.dir/opt/esp/idf/components/mbedtls/port/esp_timing.c.obj^[[K
build	Build ESP32-C6 firmware	2026-09-24T11:23:41.8513017Z [96/1416] Building C object esp-idf/mbedtls/mbedtls/library/CMakeFiles/mbedcrypto.dir/opt/esp/idf/components/mbedtls/port/crypto_shared_gdma/esp_crypto_shared_gdma.c.obj^[[K
build	Build ESP32-C6 firmware	2026-09-24T11:23:41.8907490Z [97/1416] Building C object esp-idf/mbedtls/mbedtls/library/CMakeFiles/mbedcrypto.dir/opt/esp/idf/components/mbedtls/port/aes/dma/esp_aes_dma_core.c.obj^[[K
build	Build ESP32-C6 firmware	2026-09-24T11:23:41.9336035Z [98/1416] Building C object esp-idf/mbedtls/mbedtls/library/CMakeFiles/mbedcrypto.dir/opt/esp/idf/components/mbedtls/port/aes/esp_aes_xts.c.obj^[[K
build	Build ESP32-C6 firmware	2026-09-24T11:23:41.9420516Z [99/1416] Building C object esp-idf/mbedtls/mbedtls/library/CMakeFiles/mbedcrypto.dir/opt/esp/idf/components/mbedtls/port/sha/esp_sha.c.obj^[[K
build	Build ESP32-C6 firmware	2026-09-24T11:23:41.9790974Z [100/1416] Building C object esp-idf/mbedtls/mbedtls/library/CMakeFiles/mbedcrypto.dir/opt/esp/idf/components/mbedtls/port/aes/esp_aes_common.c.obj^[[K
build	Build ESP32-C6 firmware	2026-09-24T11:23:42.1373549Z [101/1416] Building C object esp-idf/mbedtls/mbedtls/library/CMakeFiles/mbedcrypto.dir/opt/esp/idf/components/mbedtls/port/aes/dma/esp_aes.c.obj^[[K
build	Build ESP32-C6 firmware	2026-09-24T11:23:42.1957451Z [102/1416] Building C object esp-idf/mbedtls/mbedtls/library/CMakeFiles/mbedcrypto.dir/opt/esp/idf/components/mbedtls/port/bignum/bignum_alt.c.obj^[[K
build	Build ESP32-C6 firmware	2026-09-24T11:23:42.2001683Z [103/1416] Building C object esp-idf/mbedtls/mbedtls/library/CMakeFiles/mbedcrypto.dir/opt/esp/idf/components/mbedtls/port/bignum/esp_bignum.c.obj^[[K
build	Build ESP32-C6 firmware	2026-09-24T11:23:42.2275765Z [104/1416] Building C object esp-idf/mbedtls/mbedtls/library/CMakeFiles/mbedcrypto.dir/opt/esp/idf/components/mbedtls/port/esp_ds/esp_rsa_sign_alt.c.obj^[[K
build	Build ESP32-C6 firmware	2026-09-24T11:23:42.2302361Z [105/1416] Building C object esp-idf/mbedtls/mbedtls/library/CMakeFiles/mbedcrypto.dir/opt/esp/idf/components/mbedtls/port/sha/dma/sha.c.obj^[[K
build	Build ESP32-C6 firmware	2026-09-24T11:23:42.2470063Z [106/1416] Building C object esp-idf/mbedtls/mbedtls/library/CMakeFiles/mbedcrypto.dir/opt/esp/idf/components/mbedtls/port/sha/dma/esp_sha512.c.obj^[[K
build	Build ESP32-C6 firmware	2026-09-24T11:23:42.2821604Z [107/1416] Building C object esp-idf/mbedtls/mbedtls/library/CMakeFiles/mbedcrypto.dir/opt/esp/idf/components/mbedtls/port/sha/dma/esp_sha1.c.obj^[[K
build	Build ESP32-C6 firmware	2026-09-24T11:23:42.3708719Z [108/1416] Building C object esp-idf/mbedtls/mbedtls/library/CMakeFiles/mbedcrypto.dir/opt/esp/idf/components/mbedtls/port/sha/dma/esp_sha256.c.obj^[[K
build	Build ESP32-C6 firmware	2026-09-24T11:23:42.4045252Z [109/1416] Building C object esp-idf/mbedtls/mbedtls/library/CMakeFiles/mbedcrypto.dir/opt/esp/idf/components/mbedtls/port/ecc/esp_ecc.c.obj^[[K
build	Build ESP32-C6 firmware	2026-09-24T11:23:42.4397362Z [110/1416] Building C object esp-idf/mbedtls/mbedtls/library/CMakeFiles/mbedcrypto.dir/opt/esp/idf/components/mbedtls/port/md/esp_md.c.obj^[[K
build	Build ESP32-C6 firmware	2026-09-24T11:23:42.5464674Z [111/1416] Building C object esp-idf/mbedtls/mbedtls/library/CMakeFiles/mbedcrypto.dir/opt/esp/idf/components/mbedtls/port/ecc/ecc_alt.c.obj^[[K
build	Build ESP32-C6 firmware	2026-09-24T11:23:42.6586252Z [112/1416] Building C object esp-idf/mbedtls/mbedtls/library/CMakeFiles/mbedcrypto.dir/opt/esp/idf/components/mbedtls/port/aes/esp_aes_gcm.c.obj^[[K
build	Build ESP32-C6 firmware	2026-09-24T11:23:42.7264773Z [113/1416] Building C object esp-idf/mbedtls/mbedtls/library/CMakeFiles/mbedx509.dir/pkcs7.c.obj^[[K
build	Build ESP32-C6 firmware	2026-09-24T11:23:42.8359285Z [114/1416] Building C object esp-idf/mbedtls/mbedtls/library/CMakeFiles/mbedx509.dir/x509_create.c.obj^[[K
build	Build ESP32-C6 firmware	2026-09-24T11:23:42.8568943Z [115/1416] Building C object esp-idf/mbedtls/mbedtls/library/CMakeFiles/mbedx509.dir/x509_crl.c.obj^[[K
build	Build ESP32-C6 firmware	2026-09-24T11:23:42.8688920Z [116/1416] Building C object esp-idf/mbedtls/mbedtls/library/CMakeFiles/mbedx509.dir/x509_csr.c.obj^[[K
build	Build ESP32-C6 firmware	2026-09-24T11:23:42.9859886Z [117/1416] Building C object esp-idf/mbedtls/mbedtls/library/CMakeFiles/mbedx509.dir/x509.c.obj^[[K
build	Build ESP32-C6 firmware	2026-09-24T11:23:43.0136051Z [118/1416] Building C object esp-idf/mbedtls/mbedtls/library/CMakeFiles/mbedx509.dir/x509write.c.obj^[[K
build	Build ESP32-C6 firmware	2026-09-24T11:23:43.0271390Z [119/1416] Building C object esp-idf/mbedtls/mbedtls/library/CMakeFiles/mbedtls.dir/mps_reader.c.obj^[[K
build	Build ESP32-C6 firmware	2026-09-24T11:23:43.0931453Z [120/1416] Building C object esp-idf/mbedtls/mbedtls/library/CMakeFiles/mbedtls.dir/debug.c.obj^[[K
build	Build ESP32-C6 firmware	2026-09-24T11:23:43.1352463Z [121/1416] Building C object esp-idf/mbedtls/mbedtls/library/CMakeFiles/mbedx509.dir/x509write_csr.c.obj^[[K
build	Build ESP32-C6 firmware	2026-09-24T11:23:43.2272486Z [122/1416] Building C object esp-idf/mbedtls/mbedtls/library/CMakeFiles/mbedtls.dir/mps_trace.c.obj^[[K
build	Build ESP32-C6 firmware	2026-09-24T11:23:43.2760194Z [123/1416] Building C object esp-idf/mbedtls/mbedtls/library/CMakeFiles/mbedx509.dir/x509write_crt.c.obj^[[K
build	Build ESP32-C6 firmware	2026-09-24T11:23:43.3307440Z [124/1416] Building C object esp-idf/mbedtls/mbedtls/library/CMakeFiles/mbedx509.dir/x509_crt.c.obj^[[K
build	Build ESP32-C6 firmware	2026-09-24T11:23:43.3735479Z [125/1416] Building C object esp-idf/mbedtls/mbedtls/library/CMakeFiles/mbedtls.dir/ssl_ciphersuites.c.obj^[[K
build	Build ESP32-C6 firmware	2026-09-24T11:23:43.4074060Z [126/1416] Building C object esp-idf/mbedtls/mbedtls/library/CMakeFiles/mbedtls.dir/ssl_cache.c.obj^[[K
build	Build ESP32-C6 firmware	2026-09-24T11:23:43.4570148Z [127/1416] Building C object esp-idf/mbedtls/mbedtls/library/CMakeFiles/mbedtls.dir/ssl_debug_helpers_generated.c.obj^[[K
build	Build ESP32-C6 firmware	2026-09-24T11:23:43.4844716Z [128/1416] Building C object esp-idf/mbedtls/mbedtls/library/CMakeFiles/mbedtls.dir/ssl_client.c.obj^[[K
build	Build ESP32-C6 firmware	2026-09-24T11:23:43.6277118Z [129/1416] Building C object esp-idf/mbedtls/mbedtls/library/CMakeFiles/mbedtls.dir/ssl_cookie.c.obj^[[K
build	Build ESP32-C6 firmware	2026-09-24T11:23:43.7182474Z [130/1416] Building C object esp-idf/mbedtls/mbedtls/library/CMakeFiles/mbedtls.dir/ssl_tls13_keys.c.obj^[[K
build	Build ESP32-C6 firmware	2026-09-24T11:23:43.7937916Z [131/1416] Building C object esp-idf/mbedtls/mbedtls/library/CMakeFiles/mbedtls.dir/ssl_ticket.c.obj^[[K
build	Build ESP32-C6 firmware	2026-09-24T11:23:43.8324079Z [132/1416] Building C object esp-idf/mbedtls/mbedtls/library/CMakeFiles/mbedtls.dir/ssl_msg.c.obj^[[K
build	Build ESP32-C6 firmware	2026-09-24T11:23:43.8533515Z [133/1416] Building C object esp-idf/mbedtls/mbedtls/library/CMakeFiles/mbedtls.dir/ssl_tls13_server.c.obj^[[K
build	Build ESP32-C6 firmware	2026-09-24T11:23:43.9641441Z [134/1416] Building C object esp-idf/mbedtls/mbedtls/library/CMakeFiles/mbedtls.dir/ssl_tls13_client.c.obj^[[K
build	Build ESP32-C6 firmware	2026-09-24T11:23:44.0106276Z [135/1416] Building C object esp-idf/mbedtls/mbedtls/library/CMakeFiles/mbedtls.dir/ssl_tls13_generic.c.obj^[[K
build	Build ESP32-C6 firmware	2026-09-24T11:23:44.0232580Z [136/1416] Building C object esp-idf/mbedtls/mbedtls/library/CMakeFiles/mbedtls.dir/ssl_tls12_client.c.obj^[[K
build	Build ESP32-C6 firmware	2026-09-24T11:23:44.0334120Z [137/1416] Creating directories for 'bootloader'^[[K
build	Build ESP32-C6 firmware	2026-09-24T11:23:44.0430367Z [138/1416] No download step for 'bootloader'^[[K
build	Build ESP32-C6 firmware	2026-09-24T11:23:44.0547613Z [139/1416] No update step for 'bootloader'^[[K
build	Build ESP32-C6 firmware	2026-09-24T11:23:44.0635854Z [140/1416] No patch step for 'bootloader'^[[K
build	Build ESP32-C6 firmware	2026-09-24T11:23:44.0927039Z [141/1416] Building C object esp-idf/mbedtls/mbedtls/library/CMakeFiles/mbedtls.dir/opt/esp/idf/components/mbedtls/port/esp_platform_time.c.obj^[[K
build	Build ESP32-C6 firmware	2026-09-24T11:23:44.1072410Z [142/1416] Building C object esp-idf/mbedtls/mbedtls/library/CMakeFiles/mbedtls.dir/ssl_tls12_server.c.obj^[[K
build	Build ESP32-C6 firmware	2026-09-24T11:23:44.2340338Z [143/1416] Building C object esp-idf/mbedtls/mbedtls/library/CMakeFiles/mbedtls.dir/opt/esp/idf/components/mbedtls/port/mbedtls_debug.c.obj^[[K
build	Build ESP32-C6 firmware	2026-09-24T11:23:44.3410802Z [144/1416] Building C object esp-idf/esp_bootloader_format/CMakeFiles/__idf_esp_bootloader_format.dir/esp_bootloader_desc.c.obj^[[K
build	Build ESP32-C6 firmware	2026-09-24T11:23:44.4264782Z [145/1416] Building C object esp-idf/esp_app_format/CMakeFiles/__idf_esp_app_format.dir/esp_app_desc.c.obj^[[K
build	Build ESP32-C6 firmware	2026-09-24T11:23:44.4273732Z [146/1416] Building C object esp-idf/mbedtls/mbedtls/library/CMakeFiles/mbedtls.dir/ssl_tls.c.obj^[[K
build	Build ESP32-C6 firmware	2026-09-24T11:23:44.5205671Z [147/1416] Building C object esp-idf/app_update/CMakeFiles/__idf_app_update.dir/esp_ota_app_desc.c.obj^[[K
build	Build ESP32-C6 firmware	2026-09-24T11:23:44.5288241Z [148/1416] Building C object esp-idf/app_update/CMakeFiles/__idf_app_update.dir/esp_ota_ops.c.obj^[[K
build	Build ESP32-C6 firmware	2026-09-24T11:23:44.6020143Z [149/1416] Building C object esp-idf/mbedtls/mbedtls/library/CMakeFiles/mbedtls.dir/opt/esp/idf/components/mbedtls/port/net_sockets.c.obj^[[K
build	Build ESP32-C6 firmware	2026-09-24T11:23:44.6668696Z [150/1416] Building C object esp-idf/efuse/CMakeFiles/__idf_efuse.dir/esp32c6/esp_efuse_table.c.obj^[[K
build	Build ESP32-C6 firmware	2026-09-24T11:23:44.7017090Z [151/1416] Building C object esp-idf/esp_partition/CMakeFiles/__idf_esp_partition.dir/partition.c.obj^[[K
build	Build ESP32-C6 firmware	2026-09-24T11:23:44.7273999Z [152/1416] Building C object esp-idf/esp_partition/CMakeFiles/__idf_esp_partition.dir/partition_target.c.obj^[[K
build	Build ESP32-C6 firmware	2026-09-24T11:23:44.7801578Z [153/1416] Building C object esp-idf/efuse/CMakeFiles/__idf_efuse.dir/esp32c6/esp_efuse_fields.c.obj^[[K
build	Build ESP32-C6 firmware	2026-09-24T11:23:44.7881733Z [154/1416] Building C object esp-idf/efuse/CMakeFiles/__idf_efuse.dir/esp32c6/esp_efuse_rtc_calib.c.obj^[[K
build	Build ESP32-C6 firmware	2026-09-24T11:23:44.9067934Z [155/1416] Building C object esp-idf/efuse/CMakeFiles/__idf_efuse.dir/esp32c6/esp_efuse_utility.c.obj^[[K
build	Build ESP32-C6 firmware	2026-09-24T11:23:44.9835502Z [156/1416] Building C object esp-idf/efuse/CMakeFiles/__idf_efuse.dir/src/esp_efuse_fields.c.obj^[[K
build	Build ESP32-C6 firmware	2026-09-24T11:23:44.9939948Z [157/1416] Building C object esp-idf/efuse/CMakeFiles/__idf_efuse.dir/src/efuse_controller/keys/with_key_purposes/esp_efuse_api_key.c.obj^[[K
build	Build ESP32-C6 firmware	2026-09-24T11:23:45.0373666Z [158/1416] Building C object esp-idf/efuse/CMakeFiles/__idf_efuse.dir/src/esp_efuse_startup.c.obj^[[K
build	Build ESP32-C6 firmware	2026-09-24T11:23:45.0752920Z [159/1416] Building C object esp-idf/efuse/CMakeFiles/__idf_efuse.dir/src/esp_efuse_api.c.obj^[[K
build	Build ESP32-C6 firmware	2026-09-24T11:23:45.2202953Z [160/1416] Building C object esp-idf/efuse/CMakeFiles/__idf_efuse.dir/src/esp_efuse_utility.c.obj^[[K
build	Build ESP32-C6 firmware	2026-09-24T11:23:45.2332086Z [161/1416] Building C object esp-idf/bootloader_support/CMakeFiles/__idf_bootloader_support.dir/src/bootloader_random.c.obj^[[K
build	Build ESP32-C6 firmware	2026-09-24T11:23:45.2514967Z [162/1416] Building C object esp-idf/bootloader_support/CMakeFiles/__idf_bootloader_support.dir/src/bootloader_common.c.obj^[[K
build	Build ESP32-C6 firmware	2026-09-24T11:23:45.2791403Z [163/1416] Building C object esp-idf/bootloader_support/CMakeFiles/__idf_bootloader_support.dir/src/bootloader_mem.c.obj^[[K
build	Build ESP32-C6 firmware	2026-09-24T11:23:45.4130608Z [164/1416] Building C object esp-idf/bootloader_support/CMakeFiles/__idf_bootloader_support.dir/src/bootloader_clock_init.c.obj^[[K
build	Build ESP32-C6 firmware	2026-09-24T11:23:45.4380824Z [165/1416] Building C object esp-idf/bootloader_support/CMakeFiles/__idf_bootloader_support.dir/src/bootloader_common_loader.c.obj^[[K
build	Build ESP32-C6 firmware	2026-09-24T11:23:45.4395019Z [166/1416] Building C object esp-idf/bootloader_support/CMakeFiles/__idf_bootloader_support.dir/src/bootloader_efuse.c.obj^[[K
build	Build ESP32-C6 firmware	2026-09-24T11:23:45.4855513Z [167/1416] Building C object esp-idf/bootloader_support/CMakeFiles/__idf_bootloader_support.dir/src/bootloader_random_esp32c6.c.obj^[[K
build	Build ESP32-C6 firmware	2026-09-24T11:23:45.4903897Z [168/1416] Building C object esp-idf/bootloader_support/CMakeFiles/__idf_bootloader_support.dir/src/flash_encrypt.c.obj^[[K
build	Build ESP32-C6 firmware	2026-09-24T11:23:45.6902696Z [169/1416] Building C object esp-idf/bootloader_support/CMakeFiles/__idf_bootloader_support.dir/src/secure_boot.c.obj^[[K
build	Build ESP32-C6 firmware	2026-09-24T11:23:45.7266576Z [170/1416] Building C object esp-idf/bootloader_support/CMakeFiles/__idf_bootloader_support.dir/bootloader_flash/src/flash_qio_mode.c.obj^[[K
build	Build ESP32-C6 firmware	2026-09-24T11:23:45.7646107Z [171/1416] Building C object esp-idf/bootloader_support/CMakeFiles/__idf_bootloader_support.dir/src/flash_partitions.c.obj^[[K
build	Build ESP32-C6 firmware	2026-09-24T11:23:45.7902939Z [172/1416] Building C object esp-idf/bootloader_support/CMakeFiles/__idf_bootloader_support.dir/bootloader_flash/src/bootloader_flash.c.obj^[[K
build	Build ESP32-C6 firmware	2026-09-24T11:23:45.9696751Z [173/1416] Building C object esp-idf/bootloader_support/CMakeFiles/__idf_bootloader_support.dir/bootloader_flash/src/bootloader_flash_config_esp32c6.c.obj^[[K
build	Build ESP32-C6 firmware	2026-09-24T11:23:46.0519913Z [174/1416] Building C object esp-idf/bootloader_support/CMakeFiles/__idf_bootloader_support.dir/src/esp32c6/secure_boot_secure_features.c.obj^[[K
build	Build ESP32-C6 firmware	2026-09-24T11:23:46.0675660Z [175/1416] Building C object esp-idf/bootloader_support/CMakeFiles/__idf_bootloader_support.dir/src/idf/bootloader_sha.c.obj^[[K
build	Build ESP32-C6 firmware	2026-09-24T11:23:46.0840215Z [176/1416] Building C object esp-idf/bootloader_support/CMakeFiles/__idf_bootloader_support.dir/src/bootloader_utility.c.obj^[[K
build	Build ESP32-C6 firmware	2026-09-24T11:23:46.1070215Z [177/1416] Building C object esp-idf/esp_mm/CMakeFiles/__idf_esp_mm.dir/port/esp32c6/ext_mem_layout.c.obj^[[K
build	Build ESP32-C6 firmware	2026-09-24T11:23:46.1879386Z [178/1416] Building C object esp-idf/bootloader_support/CMakeFiles/__idf_bootloader_support.dir/src/esp_image_format.c.obj^[[K
build	Build ESP32-C6 firmware	2026-09-24T11:23:46.1993762Z [179/1416] Building C object esp-idf/spi_flash/CMakeFiles/__idf_spi_flash.dir/flash_brownout_hook.c.obj^[[K
build	Build ESP32-C6 firmware	2026-09-24T11:23:46.2644167Z [180/1416] Building C object esp-idf/esp_mm/CMakeFiles/__idf_esp_mm.dir/esp_mmu_map.c.obj^[[K
build	Build ESP32-C6 firmware	2026-09-24T11:23:46.2869254Z [181/1416] Building C object esp-idf/esp_mm/CMakeFiles/__idf_esp_mm.dir/heap_align_hw.c.obj^[[K
build	Build ESP32-C6 firmware	2026-09-24T11:23:46.3205746Z [182/1416] Building C object esp-idf/spi_flash/CMakeFiles/__idf_spi_flash.dir/spi_flash_chip_drivers.c.obj^[[K
build	Build ESP32-C6 firmware	2026-09-24T11:23:46.3681480Z [183/1416] Building C object esp-idf/esp_mm/CMakeFiles/__idf_esp_mm.dir/esp_cache.c.obj^[[K
build	Build ESP32-C6 firmware	2026-09-24T11:23:46.4619752Z [184/1416] Building C object esp-idf/spi_flash/CMakeFiles/__idf_spi_flash.dir/spi_flash_chip_issi.c.obj^[[K
build	Build ESP32-C6 firmware	2026-09-24T11:23:46.5073644Z [185/1416] Building C object esp-idf/spi_flash/CMakeFiles/__idf_spi_flash.dir/spi_flash_chip_gd.c.obj^[[K
build	Build ESP32-C6 firmware	2026-09-24T11:23:46.5234772Z [186/1416] Building C object esp-idf/spi_flash/CMakeFiles/__idf_spi_flash.dir/spi_flash_chip_mxic.c.obj^[[K
build	Build ESP32-C6 firmware	2026-09-24T11:23:46.5385329Z [187/1416] Building C object esp-idf/spi_flash/CMakeFiles/__idf_spi_flash.dir/spi_flash_chip_winbond.c.obj^[[K
build	Build ESP32-C6 firmware	2026-09-24T11:23:46.6240273Z [188/1416] Building C object esp-idf/spi_flash/CMakeFiles/__idf_spi_flash.dir/spi_flash_chip_boya.c.obj^[[K
build	Build ESP32-C6 firmware	2026-09-24T11:23:46.6894750Z [189/1416] Building C object esp-idf/spi_flash/CMakeFiles/__idf_spi_flash.dir/spi_flash_chip_generic.c.obj^[[K
build	Build ESP32-C6 firmware	2026-09-24T11:23:46.7889167Z [190/1416] Building C object esp-idf/spi_flash/CMakeFiles/__idf_spi_flash.dir/spi_flash_chip_th.c.obj^[[K
build	Build ESP32-C6 firmware	2026-09-24T11:23:46.8108626Z [191/1416] Building C object esp-idf/spi_flash/CMakeFiles/__idf_spi_flash.dir/spi_flash_chip_mxic_opi.c.obj^[[K
build	Build ESP32-C6 firmware	2026-09-24T11:23:46.9065371Z [192/1416] Building C object esp-idf/spi_flash/CMakeFiles/__idf_spi_flash.dir/cache_utils.c.obj^[[K
build	Build ESP32-C6 firmware	2026-09-24T11:23:46.9193818Z [193/1416] Building C object esp-idf/spi_flash/CMakeFiles/__idf_spi_flash.dir/memspi_host_driver.c.obj^[[K
build	Build ESP32-C6 firmware	2026-09-24T11:23:47.0244758Z [194/1416] Building C object esp-idf/spi_flash/CMakeFiles/__idf_spi_flash.dir/flash_mmap.c.obj^[[K
build	Build ESP32-C6 firmware	2026-09-24T11:23:47.0793537Z [195/1416] Building C object esp-idf/spi_flash/CMakeFiles/__idf_spi_flash.dir/spi_flash_wrap.c.obj^[[K
build	Build ESP32-C6 firmware	2026-09-24T11:23:47.1369061Z [196/1416] Building C object esp-idf/spi_flash/CMakeFiles/__idf_spi_flash.dir/flash_ops.c.obj^[[K
build	Build ESP32-C6 firmware	2026-09-24T11:23:47.2947223Z [197/1416] Building C object esp-idf/spi_flash/CMakeFiles/__idf_spi_flash.dir/spi_flash_os_func_noos.c.obj^[[K
build	Build ESP32-C6 firmware	2026-09-24T11:23:47.3000894Z [198/1416] Building C object esp-idf/esp_system/CMakeFiles/__idf_esp_system.dir/esp_err.c.obj^[[K
build	Build ESP32-C6 firmware	2026-09-24T11:23:47.3563700Z [199/1416] Building C object esp-idf/spi_flash/CMakeFiles/__idf_spi_flash.dir/spi_flash_os_func_app.c.obj^[[K
build	Build ESP32-C6 firmware	2026-09-24T11:23:47.4376146Z [200/1416] Building C object esp-idf/esp_system/CMakeFiles/__idf_esp_system.dir/crosscore_int.c.obj^[[K
build	Build ESP32-C6 firmware	2026-09-24T11:23:47.4769977Z [201/1416] Building C object esp-idf/spi_flash/CMakeFiles/__idf_spi_flash.dir/esp_flash_api.c.obj^[[K
build	Build ESP32-C6 firmware	2026-09-24T11:23:47.5212207Z [202/1416] Building C object esp-idf/spi_flash/CMakeFiles/__idf_spi_flash.dir/esp_flash_spi_init.c.obj^[[K
build	Build ESP32-C6 firmware	2026-09-24T11:23:47.5746723Z [203/1416] Building C object esp-idf/esp_system/CMakeFiles/__idf_esp_system.dir/freertos_hooks.c.obj^[[K
build	Build ESP32-C6 firmware	2026-09-24T11:23:47.6281723Z [204/1416] Building C object esp-idf/esp_system/CMakeFiles/__idf_esp_system.dir/esp_ipc.c.obj^[[K
build	Build ESP32-C6 firmware	2026-09-24T11:23:47.6740769Z [205/1416] Building C object esp-idf/esp_system/CMakeFiles/__idf_esp_system.dir/int_wdt.c.obj^[[K
build	Build ESP32-C6 firmware	2026-09-24T11:23:47.7580512Z [206/1416] Building C object esp-idf/esp_system/CMakeFiles/__idf_esp_system.dir/startup.c.obj^[[K
build	Build ESP32-C6 firmware	2026-09-24T11:23:47.7680488Z [207/1416] Building C object esp-idf/esp_system/CMakeFiles/__idf_esp_system.dir/esp_system.c.obj^[[K
build	Build ESP32-C6 firmware	2026-09-24T11:23:47.8016517Z [208/1416] Building C object esp-idf/esp_system/CMakeFiles/__idf_esp_system.dir/stack_check.c.obj^[[K
build	Build ESP32-C6 firmware	2026-09-24T11:23:47.8355449Z [209/1416] Building C object esp-idf/esp_system/CMakeFiles/__idf_esp_system.dir/panic.c.obj^[[K
build	Build ESP32-C6 firmware	2026-09-24T11:23:48.0332355Z [210/1416] Building C object esp-idf/esp_system/CMakeFiles/__idf_esp_system.dir/system_time.c.obj^[[K
build	Build ESP32-C6 firmware	2026-09-24T11:23:48.0363136Z [211/1416] Building C object esp-idf/esp_system/CMakeFiles/__idf_esp_system.dir/ubsan.c.obj^[[K
build	Build ESP32-C6 firmware	2026-09-24T11:23:48.0663326Z [212/1416] Building C object esp-idf/esp_system/CMakeFiles/__idf_esp_system.dir/xt_wdt.c.obj^[[K
build	Build ESP32-C6 firmware	2026-09-24T11:23:48.1120811Z [213/1416] Building C object esp-idf/esp_system/CMakeFiles/__idf_esp_system.dir/startup_funcs.c.obj^[[K
build	Build ESP32-C6 firmware	2026-09-24T11:23:48.2477214Z [214/1416] Building C object esp-idf/esp_system/CMakeFiles/__idf_esp_system.dir/task_wdt/task_wdt.c.obj^[[K
build	Build ESP32-C6 firmware	2026-09-24T11:23:48.2752106Z [215/1416] Building C object esp-idf/esp_system/CMakeFiles/__idf_esp_system.dir/systick_etm.c.obj^[[K
build	Build ESP32-C6 firmware	2026-09-24T11:23:48.2983899Z [216/1416] Building C object esp-idf/esp_system/CMakeFiles/__idf_esp_system.dir/task_wdt/task_wdt_impl_timergroup.c.obj^[[K
build	Build ESP32-C6 firmware	2026-09-24T11:23:48.3273520Z [217/1416] Building C object esp-idf/esp_system/CMakeFiles/__idf_esp_system.dir/hw_stack_guard.c.obj^[[K
build	Build ESP32-C6 firmware	2026-09-24T11:23:48.4548691Z [218/1416] Building C object esp-idf/esp_system/CMakeFiles/__idf_esp_system.dir/port/panic_handler.c.obj^[[K
build	Build ESP32-C6 firmware	2026-09-24T11:23:48.4736870Z [219/1416] Building C object esp-idf/esp_system/CMakeFiles/__idf_esp_system.dir/port/esp_system_chip.c.obj^[[K
build	Build ESP32-C6 firmware	2026-09-24T11:23:48.5404098Z [220/1416] Building C object esp-idf/esp_system/CMakeFiles/__idf_esp_system.dir/port/image_process.c.obj^[[K
build	Build ESP32-C6 firmware	2026-09-24T11:23:48.6425379Z [221/1416] Building C object esp-idf/esp_system/CMakeFiles/__idf_esp_system.dir/port/cpu_start.c.obj^[[K
build	Build ESP32-C6 firmware	2026-09-24T11:23:48.6685857Z [222/1416] Building C object esp-idf/esp_system/CMakeFiles/__idf_esp_system.dir/port/arch/riscv/expression_with_stack.c.obj^[[K
build	Build ESP32-C6 firmware	2026-09-24T11:23:48.6854205Z [223/1416] Building C object esp-idf/esp_system/CMakeFiles/__idf_esp_system.dir/port/brownout.c.obj^[[K
build	Build ESP32-C6 firmware	2026-09-24T11:23:48.7223797Z [224/1416] Building C object esp-idf/esp_system/CMakeFiles/__idf_esp_system.dir/port/arch/riscv/panic_arch.c.obj^[[K
build	Build ESP32-C6 firmware	2026-09-24T11:23:48.7473660Z [225/1416] Building C object esp-idf/esp_system/CMakeFiles/__idf_esp_system.dir/port/arch/riscv/debug_stubs.c.obj^[[K
build	Build ESP32-C6 firmware	2026-09-24T11:23:48.8625657Z [226/1416] Building C object esp-idf/esp_system/CMakeFiles/__idf_esp_system.dir/port/arch/riscv/debug_helpers.c.obj^[[K
build	Build ESP32-C6 firmware	2026-09-24T11:23:48.9125098Z [227/1416] Building C object esp-idf/esp_system/CMakeFiles/__idf_esp_system.dir/port/soc/esp32c6/reset_reason.c.obj^[[K
build	Build ESP32-C6 firmware	2026-09-24T11:23:49.0565569Z [228/1416] Building C object esp-idf/esp_system/CMakeFiles/__idf_esp_system.dir/port/soc/esp32c6/cache_err_int.c.obj^[[K
build	Build ESP32-C6 firmware	2026-09-24T11:23:49.0961401Z [229/1416] Building C object esp-idf/esp_rom/CMakeFiles/__idf_esp_rom.dir/patches/esp_rom_sys.c.obj^[[K
build	Build ESP32-C6 firmware	2026-09-24T11:23:49.1109429Z [230/1416] Building C object esp-idf/esp_system/CMakeFiles/__idf_esp_system.dir/port/soc/esp32c6/system_internal.c.obj^[[K
build	Build ESP32-C6 firmware	2026-09-24T11:23:49.1591860Z [231/1416] Building C object esp-idf/esp_rom/CMakeFiles/__idf_esp_rom.dir/patches/esp_rom_crc.c.obj^[[K
build	Build ESP32-C6 firmware	2026-09-24T11:23:49.2453291Z [232/1416] Building C object esp-idf/esp_rom/CMakeFiles/__idf_esp_rom.dir/patches/esp_rom_print.c.obj^[[K
build	Build ESP32-C6 firmware	2026-09-24T11:23:49.2835168Z [233/1416] Building C object esp-idf/esp_rom/CMakeFiles/__idf_esp_rom.dir/patches/esp_rom_efuse.c.obj^[[K
build	Build ESP32-C6 firmware	2026-09-24T11:23:49.3118045Z [234/1416] Building C object esp-idf/esp_rom/CMakeFiles/__idf_esp_rom.dir/patches/esp_rom_spiflash.c.obj^[[K
build	Build ESP32-C6 firmware	2026-09-24T11:23:49.3612955Z [235/1416] Building C object esp-idf/esp_rom/CMakeFiles/__idf_esp_rom.dir/patches/esp_rom_uart.c.obj^[[K
build	Build ESP32-C6 firmware	2026-09-24T11:23:49.3910402Z [236/1416] Building C object esp-idf/esp_rom/CMakeFiles/__idf_esp_rom.dir/patches/esp_rom_gpio.c.obj^[[K
build	Build ESP32-C6 firmware	2026-09-24T11:23:49.3979099Z [237/1416] Building C object esp-idf/esp_common/CMakeFiles/__idf_esp_common.dir/src/esp_err_to_name.c.obj^[[K
build	Build ESP32-C6 firmware	2026-09-24T11:23:49.4574933Z [238/1416] Building C object esp-idf/esp_system/CMakeFiles/__idf_esp_system.dir/port/soc/esp32c6/clk.c.obj^[[K
build	Build ESP32-C6 firmware	2026-09-24T11:23:49.4943304Z [239/1416] Building C object esp-idf/esp_rom/CMakeFiles/__idf_esp_rom.dir/patches/esp_rom_hp_regi2c_esp32c6.c.obj^[[K
build	Build ESP32-C6 firmware	2026-09-24T11:23:49.5201536Z [240/1416] Building C object esp-idf/esp_rom/CMakeFiles/__idf_esp_rom.dir/patches/esp_rom_multi_heap.c.obj^[[K
build	Build ESP32-C6 firmware	2026-09-24T11:23:49.5203104Z [241/1416] Performing configure step for 'bootloader'^[[K
build	Build ESP32-C6 firmware	2026-09-24T11:23:49.5206529Z -- Found Git: /usr/bin/git (found version "2.43.0")
build	Build ESP32-C6 firmware	2026-09-24T11:23:49.5210670Z -- The C compiler identification is GNU 14.2.0
build	Build ESP32-C6 firmware	2026-09-24T11:23:49.5239379Z -- The CXX compiler identification is GNU 14.2.0
build	Build ESP32-C6 firmware	2026-09-24T11:23:49.5242529Z -- The ASM compiler identification is GNU
build	Build ESP32-C6 firmware	2026-09-24T11:23:49.5243765Z -- Found assembler: /opt/esp/tools/riscv32-esp-elf/esp-14.2.0_20241119/riscv32-esp-elf/bin/riscv32-esp-elf-gcc
build	Build ESP32-C6 firmware	2026-09-24T11:23:49.5245051Z -- Detecting C compiler ABI info
build	Build ESP32-C6 firmware	2026-09-24T11:23:49.5245697Z -- Detecting C compiler ABI info - done
build	Build ESP32-C6 firmware	2026-09-24T11:23:49.5246860Z -- Check for working C compiler: /opt/esp/tools/riscv32-esp-elf/esp-14.2.0_20241119/riscv32-esp-elf/bin/riscv32-esp-elf-gcc - skipped
build	Build ESP32-C6 firmware	2026-09-24T11:23:49.5248018Z -- Detecting C compile features
build	Build ESP32-C6 firmware	2026-09-24T11:23:49.5248635Z -- Detecting C compile features - done
build	Build ESP32-C6 firmware	2026-09-24T11:23:49.5249235Z -- Detecting CXX compiler ABI info
build	Build ESP32-C6 firmware	2026-09-24T11:23:49.5249900Z -- Detecting CXX compiler ABI info - done
build	Build ESP32-C6 firmware	2026-09-24T11:23:49.5251042Z -- Check for working CXX compiler: /opt/esp/tools/riscv32-esp-elf/esp-14.2.0_20241119/riscv32-esp-elf/bin/riscv32-esp-elf-g++ - skipped
build	Build ESP32-C6 firmware	2026-09-24T11:23:49.5252189Z -- Detecting CXX compile features
build	Build ESP32-C6 firmware	2026-09-24T11:23:49.5268694Z -- Detecting CXX compile features - done
build	Build ESP32-C6 firmware	2026-09-24T11:23:49.5269428Z -- Building ESP-IDF components for target esp32c6
build	Build ESP32-C6 firmware	2026-09-24T11:23:49.5270310Z -- Project sdkconfig file /app/yuanwil1y/esp32c6-Pwnagotchi/sdkconfig
build	Build ESP32-C6 firmware	2026-09-24T11:23:49.5271293Z -- Adding linker script /opt/esp/idf/components/riscv/ld/rom.api.ld
build	Build ESP32-C6 firmware	2026-09-24T11:23:49.5272296Z -- Adding linker script /opt/esp/idf/components/soc/esp32c6/ld/esp32c6.peripherals.ld
build	Build ESP32-C6 firmware	2026-09-24T11:23:49.5273237Z -- Bootloader project name: "bootloader" version: 1
build	Build ESP32-C6 firmware	2026-09-24T11:23:49.5274115Z -- Adding linker script /opt/esp/idf/components/esp_rom/esp32c6/ld/esp32c6.rom.ld
build	Build ESP32-C6 firmware	2026-09-24T11:23:49.5275342Z -- Adding linker script /opt/esp/idf/components/esp_rom/esp32c6/ld/esp32c6.rom.api.ld
build	Build ESP32-C6 firmware	2026-09-24T11:23:49.5276427Z -- Adding linker script /opt/esp/idf/components/esp_rom/esp32c6/ld/esp32c6.rom.rvfp.ld
build	Build ESP32-C6 firmware	2026-09-24T11:23:49.5277506Z -- Adding linker script /opt/esp/idf/components/esp_rom/esp32c6/ld/esp32c6.rom.wdt.ld
build	Build ESP32-C6 firmware	2026-09-24T11:23:49.5278595Z -- Adding linker script /opt/esp/idf/components/esp_rom/esp32c6/ld/esp32c6.rom.systimer.ld
build	Build ESP32-C6 firmware	2026-09-24T11:23:49.5279726Z -- Adding linker script /opt/esp/idf/components/esp_rom/esp32c6/ld/esp32c6.rom.version.ld
build	Build ESP32-C6 firmware	2026-09-24T11:23:49.5281142Z -- Adding linker script /opt/esp/idf/components/esp_rom/esp32c6/ld/esp32c6.rom.newlib.ld
build	Build ESP32-C6 firmware	2026-09-24T11:23:49.5282323Z -- Adding linker script /opt/esp/idf/components/bootloader/subproject/main/ld/esp32c6/bootloader.ld
build	Build ESP32-C6 firmware	2026-09-24T11:23:49.5283607Z -- Adding linker script /opt/esp/idf/components/bootloader/subproject/main/ld/esp32c6/bootloader.rom.ld
build	Build ESP32-C6 firmware	2026-09-24T11:23:49.5285836Z -- Components: bootloader bootloader_support efuse esp_app_format esp_bootloader_format esp_common esp_hw_support esp_rom esp_security esp_system esptool_py freertos hal log main micro-ecc newlib partition_table riscv soc spi_flash
build	Build ESP32-C6 firmware	2026-09-24T11:23:49.5291527Z -- Component paths: /opt/esp/idf/components/bootloader /opt/esp/idf/components/bootloader_support /opt/esp/idf/components/efuse /opt/esp/idf/components/esp_app_format /opt/esp/idf/components/esp_bootloader_format /opt/esp/idf/components/esp_common /opt/esp/idf/components/esp_hw_support /opt/esp/idf/components/esp_rom /opt/esp/idf/components/esp_security /opt/esp/idf/components/esp_system /opt/esp/idf/components/esptool_py /opt/esp/idf/components/freertos /opt/esp/idf/components/hal /opt/esp/idf/components/log /opt/esp/idf/components/bootloader/subproject/main /opt/esp/idf/components/bootloader/subproject/components/micro-ecc /opt/esp/idf/components/newlib /opt/esp/idf/components/partition_table /opt/esp/idf/components/riscv /opt/esp/idf/components/soc /opt/esp/idf/components/spi_flash
build	Build ESP32-C6 firmware	2026-09-24T11:23:49.5296966Z -- Configuring done (5.4s)
build	Build ESP32-C6 firmware	2026-09-24T11:23:49.5297541Z -- Generating done (0.1s)
build	Build ESP32-C6 firmware	2026-09-24T11:23:49.5298311Z -- Build files have been written to: /app/yuanwil1y/esp32c6-Pwnagotchi/build/bootloader
build	Build ESP32-C6 firmware	2026-09-24T11:23:49.5621021Z 
build	Build ESP32-C6 firmware	2026-09-24T11:23:49.5916682Z [242/1416] Building C object esp-idf/esp_rom/CMakeFiles/__idf_esp_rom.dir/patches/esp_rom_systimer.c.obj^[[K
build	Build ESP32-C6 firmware	2026-09-24T11:23:49.5985736Z [243/1416] Building C object esp-idf/esp_rom/CMakeFiles/__idf_esp_rom.dir/patches/esp_rom_tlsf.c.obj^[[K
build	Build ESP32-C6 firmware	2026-09-24T11:23:49.7841319Z [244/1416] Building C object esp-idf/hal/CMakeFiles/__idf_hal.dir/hal_utils.c.obj^[[K
build	Build ESP32-C6 firmware	2026-09-24T11:23:49.8255907Z [245/1416] Building C object esp-idf/esp_rom/CMakeFiles/__idf_esp_rom.dir/patches/esp_rom_wdt.c.obj^[[K
build	Build ESP32-C6 firmware	2026-09-24T11:23:49.8895080Z [246/1416] Building C object esp-idf/hal/CMakeFiles/__idf_hal.dir/lp_timer_hal.c.obj^[[K
build	Build ESP32-C6 firmware	2026-09-24T11:23:49.9721430Z [247/1416] Building C object esp-idf/hal/CMakeFiles/__idf_hal.dir/efuse_hal.c.obj^[[K
build	Build ESP32-C6 firmware	2026-09-24T11:23:50.0363510Z [248/1416] Building C object esp-idf/hal/CMakeFiles/__idf_hal.dir/esp32c6/efuse_hal.c.obj^[[K
build	Build ESP32-C6 firmware	2026-09-24T11:23:50.1280362Z [249/1416] Building C object esp-idf/hal/CMakeFiles/__idf_hal.dir/color_hal.c.obj^[[K
build	Build ESP32-C6 firmware	2026-09-24T11:23:50.2021997Z [250/1416] Building C object esp-idf/hal/CMakeFiles/__idf_hal.dir/mmu_hal.c.obj^[[K
build	Build ESP32-C6 firmware	2026-09-24T11:23:50.3331425Z [251/1416] Building C object esp-idf/hal/CMakeFiles/__idf_hal.dir/cache_hal.c.obj^[[K
build	Build ESP32-C6 firmware	2026-09-24T11:23:50.5499379Z [252/1416] Building C object esp-idf/hal/CMakeFiles/__idf_hal.dir/spi_flash_encrypt_hal_iram.c.obj^[[K
build	Build ESP32-C6 firmware	2026-09-24T11:23:50.6135380Z [253/1416] Building C object esp-idf/hal/CMakeFiles/__idf_hal.dir/spi_flash_hal.c.obj^[[K
build	Build ESP32-C6 firmware	2026-09-24T11:23:50.7387710Z [254/1416] Building C object esp-idf/hal/CMakeFiles/__idf_hal.dir/spi_flash_hal_iram.c.obj^[[K
build	Build ESP32-C6 firmware	2026-09-24T11:23:50.8762812Z [255/1416] Building C object esp-idf/hal/CMakeFiles/__idf_hal.dir/gpio_hal.c.obj^[[K
build	Build ESP32-C6 firmware	2026-09-24T11:23:50.8790391Z [256/1416] Building C object esp-idf/hal/CMakeFiles/__idf_hal.dir/uart_hal_iram.c.obj^[[K
build	Build ESP32-C6 firmware	2026-09-24T11:23:50.8842613Z [257/1416] Building C object esp-idf/hal/CMakeFiles/__idf_hal.dir/esp32c6/clk_tree_hal.c.obj^[[K
build	Build ESP32-C6 firmware	2026-09-24T11:23:50.9206278Z [258/1416] Building C object esp-idf/hal/CMakeFiles/__idf_hal.dir/uart_hal.c.obj^[[K
build	Build ESP32-C6 firmware	2026-09-24T11:23:50.9429933Z [259/1416] Building C object esp-idf/hal/CMakeFiles/__idf_hal.dir/rtc_io_hal.c.obj^[[K
build	Build ESP32-C6 firmware	2026-09-24T11:23:51.1145719Z [260/1416] Building C object esp-idf/hal/CMakeFiles/__idf_hal.dir/timer_hal.c.obj^[[K
build	Build ESP32-C6 firmware	2026-09-24T11:23:51.2416722Z [261/1416] Building C object esp-idf/hal/CMakeFiles/__idf_hal.dir/i2c_hal_iram.c.obj^[[K
build	Build ESP32-C6 firmware	2026-09-24T11:23:51.2425027Z [262/1416] Building C object esp-idf/hal/CMakeFiles/__idf_hal.dir/ledc_hal_iram.c.obj^[[K
build	Build ESP32-C6 firmware	2026-09-24T11:23:51.2699442Z [263/1416] Building C object esp-idf/hal/CMakeFiles/__idf_hal.dir/ledc_hal.c.obj^[[K
build	Build ESP32-C6 firmware	2026-09-24T11:23:51.2873760Z [264/1416] Building C object esp-idf/hal/CMakeFiles/__idf_hal.dir/rmt_hal.c.obj^[[K
build	Build ESP32-C6 firmware	2026-09-24T11:23:51.3205592Z [265/1416] Building C object esp-idf/hal/CMakeFiles/__idf_hal.dir/i2c_hal.c.obj^[[K
build	Build ESP32-C6 firmware	2026-09-24T11:23:51.5574017Z [266/1416] Building C object esp-idf/hal/CMakeFiles/__idf_hal.dir/pcnt_hal.c.obj^[[K
build	Build ESP32-C6 firmware	2026-09-24T11:23:51.5848184Z [267/1416] Building C object esp-idf/hal/CMakeFiles/__idf_hal.dir/gdma_hal_top.c.obj^[[K
build	Build ESP32-C6 firmware	2026-09-24T11:23:51.6102942Z [268/1416] Building C object esp-idf/hal/CMakeFiles/__idf_hal.dir/mcpwm_hal.c.obj^[[K
build	Build ESP32-C6 firmware	2026-09-24T11:23:51.7176664Z [269/1416] Building C object esp-idf/hal/CMakeFiles/__idf_hal.dir/twai_hal_iram.c.obj^[[K
build	Build ESP32-C6 firmware	2026-09-24T11:23:51.7466457Z [270/1416] Building C object esp-idf/hal/CMakeFiles/__idf_hal.dir/twai_hal.c.obj^[[K
build	Build ESP32-C6 firmware	2026-09-24T11:23:51.8275105Z [271/1416] Building C object esp-idf/hal/CMakeFiles/__idf_hal.dir/gdma_hal_ahb_v1.c.obj^[[K
build	Build ESP32-C6 firmware	2026-09-24T11:23:51.8721648Z [272/1416] Building C object esp-idf/hal/CMakeFiles/__idf_hal.dir/etm_hal.c.obj^[[K
build	Build ESP32-C6 firmware	2026-09-24T11:23:52.0067831Z [273/1416] Building C object esp-idf/hal/CMakeFiles/__idf_hal.dir/sdm_hal.c.obj^[[K
build	Build ESP32-C6 firmware	2026-09-24T11:23:52.1296094Z [274/1416] Building C object esp-idf/hal/CMakeFiles/__idf_hal.dir/parlio_hal.c.obj^[[K
build	Build ESP32-C6 firmware	2026-09-24T11:23:52.1335636Z [275/1416] Building C object esp-idf/hal/CMakeFiles/__idf_hal.dir/adc_hal_common.c.obj^[[K
build	Build ESP32-C6 firmware	2026-09-24T11:23:52.3107077Z [276/1416] Building C object esp-idf/hal/CMakeFiles/__idf_hal.dir/i2s_hal.c.obj^[[K
build	Build ESP32-C6 firmware	2026-09-24T11:23:52.3264864Z [277/1416] Building C object esp-idf/hal/CMakeFiles/__idf_hal.dir/adc_oneshot_hal.c.obj^[[K
build	Build ESP32-C6 firmware	2026-09-24T11:23:52.4836742Z [278/1416] Building C object esp-idf/hal/CMakeFiles/__idf_hal.dir/ecc_hal.c.obj^[[K
build	Build ESP32-C6 firmware	2026-09-24T11:23:52.4963777Z [279/1416] Building C object esp-idf/hal/CMakeFiles/__idf_hal.dir/adc_hal.c.obj^[[K
build	Build ESP32-C6 firmware	2026-09-24T11:23:52.5165765Z [280/1416] Building C object esp-idf/hal/CMakeFiles/__idf_hal.dir/sha_hal.c.obj^[[K
build	Build ESP32-C6 firmware	2026-09-24T11:23:52.6968074Z [281/1416] Building C object esp-idf/hal/CMakeFiles/__idf_hal.dir/mpi_hal.c.obj^[[K
build	Build ESP32-C6 firmware	2026-09-24T11:23:52.7555437Z [282/1416] Building C object esp-idf/hal/CMakeFiles/__idf_hal.dir/aes_hal.c.obj^[[K
build	Build ESP32-C6 firmware	2026-09-24T11:23:52.8022140Z [283/1416] Building C object esp-idf/hal/CMakeFiles/__idf_hal.dir/brownout_hal.c.obj^[[K
build	Build ESP32-C6 firmware	2026-09-24T11:23:52.8285865Z [284/1416] Building C object esp-idf/hal/CMakeFiles/__idf_hal.dir/esp32c6/modem_clock_hal.c.obj^[[K
build	Build ESP32-C6 firmware	2026-09-24T11:23:53.1453962Z [285/1416] Building C object esp-idf/hal/CMakeFiles/__idf_hal.dir/esp32c6/pau_hal.c.obj^[[K
build	Build ESP32-C6 firmware	2026-09-24T11:23:53.1831578Z [286/1416] Building C object esp-idf/hal/CMakeFiles/__idf_hal.dir/spi_slave_hal_iram.c.obj^[[K
build	Build ESP32-C6 firmware	2026-09-24T11:23:53.2463016Z [287/1416] Building C object esp-idf/hal/CMakeFiles/__idf_hal.dir/spi_slave_hal.c.obj^[[K
build	Build ESP32-C6 firmware	2026-09-24T11:23:53.4666275Z [288/1416] Building C object esp-idf/hal/CMakeFiles/__idf_hal.dir/spi_hal.c.obj^[[K
build	Build ESP32-C6 firmware	2026-09-24T11:23:53.5484301Z [289/1416] Building C object esp-idf/hal/CMakeFiles/__idf_hal.dir/spi_hal_iram.c.obj^[[K
build	Build ESP32-C6 firmware	2026-09-24T11:23:53.6155343Z [290/1416] Building C object esp-idf/hal/CMakeFiles/__idf_hal.dir/esp32c6/pmu_hal.c.obj^[[K
build	Build ESP32-C6 firmware	2026-09-24T11:23:53.7911708Z [291/1416] Building C object esp-idf/hal/CMakeFiles/__idf_hal.dir/spi_slave_hd_hal.c.obj^[[K
build	Build ESP32-C6 firmware	2026-09-24T11:23:53.8436124Z [292/1416] Building C object esp-idf/hal/CMakeFiles/__idf_hal.dir/spi_flash_hal_gpspi.c.obj^[[K
build	Build ESP32-C6 firmware	2026-09-24T11:23:53.9297168Z [293/1416] Building C object esp-idf/hal/CMakeFiles/__idf_hal.dir/hmac_hal.c.obj^[[K
build	Build ESP32-C6 firmware	2026-09-24T11:23:53.9604645Z [294/1416] Building C object esp-idf/hal/CMakeFiles/__idf_hal.dir/apm_hal.c.obj^[[K
build	Build ESP32-C6 firmware	2026-09-24T11:23:54.0511904Z [295/1416] Building C object esp-idf/hal/CMakeFiles/__idf_hal.dir/ds_hal.c.obj^[[K
build	Build ESP32-C6 firmware	2026-09-24T11:23:54.0533624Z [296/1416] Building C object esp-idf/hal/CMakeFiles/__idf_hal.dir/usb_serial_jtag_hal.c.obj^[[K
build	Build ESP32-C6 firmware	2026-09-24T11:23:54.0819863Z [297/1416] Building C object esp-idf/log/CMakeFiles/__idf_log.dir/src/os/log_timestamp.c.obj^[[K
build	Build ESP32-C6 firmware	2026-09-24T11:23:54.1599889Z [298/1416] Building C object esp-idf/hal/CMakeFiles/__idf_hal.dir/sdio_slave_hal.c.obj^[[K
build	Build ESP32-C6 firmware	2026-09-24T11:23:54.1799016Z [299/1416] Building C object esp-idf/log/CMakeFiles/__idf_log.dir/src/os/log_write.c.obj^[[K
build	Build ESP32-C6 firmware	2026-09-24T11:23:54.1883838Z [300/1416] Building C object esp-idf/log/CMakeFiles/__idf_log.dir/src/os/log_lock.c.obj^[[K
build	Build ESP32-C6 firmware	2026-09-24T11:23:54.1921389Z [301/1416] Building C object esp-idf/log/CMakeFiles/__idf_log.dir/src/util.c.obj^[[K
build	Build ESP32-C6 firmware	2026-09-24T11:23:54.2355948Z [302/1416] Building C object esp-idf/log/CMakeFiles/__idf_log.dir/src/log_timestamp_common.c.obj^[[K
build	Build ESP32-C6 firmware	2026-09-24T11:23:54.2830108Z [303/1416] Building C object esp-idf/log/CMakeFiles/__idf_log.dir/src/buffer/log_buffers.c.obj^[[K
build	Build ESP32-C6 firmware	2026-09-24T11:23:54.3049604Z [304/1416] Building C object esp-idf/log/CMakeFiles/__idf_log.dir/src/log_level/log_level.c.obj^[[K
build	Build ESP32-C6 firmware	2026-09-24T11:23:54.3292511Z [305/1416] Building C object esp-idf/log/CMakeFiles/__idf_log.dir/src/log_level/tag_log_level/tag_log_level.c.obj^[[K
build	Build ESP32-C6 firmware	2026-09-24T11:23:54.3511830Z [306/1416] Building C object esp-idf/log/CMakeFiles/__idf_log.dir/src/log_level/tag_log_level/linked_list/log_linked_list.c.obj^[[K
build	Build ESP32-C6 firmware	2026-09-24T11:23:54.5555216Z [307/1416] Building C object esp-idf/log/CMakeFiles/__idf_log.dir/src/log_level/tag_log_level/cache/log_binary_heap.c.obj^[[K
build	Build ESP32-C6 firmware	2026-09-24T11:23:54.5683470Z [308/1416] Building C object esp-idf/heap/CMakeFiles/__idf_heap.dir/multi_heap.c.obj^[[K
build	Build ESP32-C6 firmware	2026-09-24T11:23:54.5785886Z [309/1416] Building C object esp-idf/heap/CMakeFiles/__idf_heap.dir/port/memory_layout_utils.c.obj^[[K
build	Build ESP32-C6 firmware	2026-09-24T11:23:54.5819676Z [310/1416] Building C object esp-idf/heap/CMakeFiles/__idf_heap.dir/heap_caps_init.c.obj^[[K
build	Build ESP32-C6 firmware	2026-09-24T11:23:54.6249664Z [311/1416] Building C object esp-idf/heap/CMakeFiles/__idf_heap.dir/heap_caps_base.c.obj^[[K
build	Build ESP32-C6 firmware	2026-09-24T11:23:54.6648017Z [312/1416] Building C object esp-idf/heap/CMakeFiles/__idf_heap.dir/heap_caps.c.obj^[[K
build	Build ESP32-C6 firmware	2026-09-24T11:23:54.6701197Z [313/1416] Building C object esp-idf/soc/CMakeFiles/__idf_soc.dir/lldesc.c.obj^[[K
build	Build ESP32-C6 firmware	2026-09-24T11:23:54.6780436Z [314/1416] Building C object esp-idf/soc/CMakeFiles/__idf_soc.dir/esp32c6/interrupts.c.obj^[[K
build	Build ESP32-C6 firmware	2026-09-24T11:23:54.6787266Z [315/1416] Performing build step for 'bootloader'^[[K
build	Build ESP32-C6 firmware	2026-09-24T11:23:54.6788424Z [1/114] Generating project_elf_src_esp32c6.c^[[K
build	Build ESP32-C6 firmware	2026-09-24T11:23:54.6789657Z [2/114] Building C object esp-idf/soc/CMakeFiles/__idf_soc.dir/esp32c6/gpio_periph.c.obj^[[K
build	Build ESP32-C6 firmware	2026-09-24T11:23:54.6790777Z [3/114] Building C object esp-idf/soc/CMakeFiles/__idf_soc.dir/lldesc.c.obj^[[K
build	Build ESP32-C6 firmware	2026-09-24T11:23:54.6791760Z [4/114] Building C object esp-idf/soc/CMakeFiles/__idf_soc.dir/esp32c6/interrupts.c.obj^[[K
build	Build ESP32-C6 firmware	2026-09-24T11:23:54.6792912Z [5/114] Building C object CMakeFiles/bootloader.elf.dir/project_elf_src_esp32c6.c.obj^[[K
build	Build ESP32-C6 firmware	2026-09-24T11:23:54.6793983Z [6/114] Building C object esp-idf/soc/CMakeFiles/__idf_soc.dir/dport_access_common.c.obj^[[K
build	Build ESP32-C6 firmware	2026-09-24T11:23:54.6795924Z [7/114] Building C object esp-idf/soc/CMakeFiles/__idf_soc.dir/esp32c6/adc_periph.c.obj^[[K
build	Build ESP32-C6 firmware	2026-09-24T11:23:54.6797018Z [8/114] Building C object esp-idf/soc/CMakeFiles/__idf_soc.dir/esp32c6/uart_periph.c.obj^[[K
build	Build ESP32-C6 firmware	2026-09-24T11:23:54.6798065Z [9/114] Building C object esp-idf/soc/CMakeFiles/__idf_soc.dir/esp32c6/etm_periph.c.obj^[[K
build	Build ESP32-C6 firmware	2026-09-24T11:23:54.6799126Z [10/114] Building C object esp-idf/soc/CMakeFiles/__idf_soc.dir/esp32c6/gdma_periph.c.obj^[[K
build	Build ESP32-C6 firmware	2026-09-24T11:23:54.6800222Z [11/114] Building C object esp-idf/soc/CMakeFiles/__idf_soc.dir/esp32c6/dedic_gpio_periph.c.obj^[[K
build	Build ESP32-C6 firmware	2026-09-24T11:23:54.6801287Z [12/114] Building C object esp-idf/soc/CMakeFiles/__idf_soc.dir/esp32c6/rmt_periph.c.obj^[[K
build	Build ESP32-C6 firmware	2026-09-24T11:23:54.6802317Z [13/114] Building C object esp-idf/soc/CMakeFiles/__idf_soc.dir/esp32c6/sdm_periph.c.obj^[[K
build	Build ESP32-C6 firmware	2026-09-24T11:23:54.6803386Z [14/114] Building C object esp-idf/soc/CMakeFiles/__idf_soc.dir/esp32c6/ledc_periph.c.obj^[[K
build	Build ESP32-C6 firmware	2026-09-24T11:23:54.6804560Z [15/114] Building C object esp-idf/soc/CMakeFiles/__idf_soc.dir/esp32c6/spi_periph.c.obj^[[K
build	Build ESP32-C6 firmware	2026-09-24T11:23:54.6806009Z [16/114] Building C object esp-idf/soc/CMakeFiles/__idf_soc.dir/esp32c6/pcnt_periph.c.obj^[[K
build	Build ESP32-C6 firmware	2026-09-24T11:23:54.6807073Z [17/114] Building C object esp-idf/soc/CMakeFiles/__idf_soc.dir/esp32c6/i2s_periph.c.obj^[[K
build	Build ESP32-C6 firmware	2026-09-24T11:23:54.6808237Z [18/114] Building C object esp-idf/soc/CMakeFiles/__idf_soc.dir/esp32c6/temperature_sensor_periph.c.obj^[[K
build	Build ESP32-C6 firmware	2026-09-24T11:23:54.6809387Z [19/114] Building C object esp-idf/soc/CMakeFiles/__idf_soc.dir/esp32c6/timer_periph.c.obj^[[K
build	Build ESP32-C6 firmware	2026-09-24T11:23:54.6810431Z [20/114] Building C object esp-idf/soc/CMakeFiles/__idf_soc.dir/esp32c6/i2c_periph.c.obj^[[K
build	Build ESP32-C6 firmware	2026-09-24T11:23:54.6811475Z [21/114] Building C object esp-idf/soc/CMakeFiles/__idf_soc.dir/esp32c6/mcpwm_periph.c.obj^[[K
build	Build ESP32-C6 firmware	2026-09-24T11:23:54.6812803Z [22/114] Building C object esp-idf/soc/CMakeFiles/__idf_soc.dir/esp32c6/mpi_periph.c.obj^[[K
build	Build ESP32-C6 firmware	2026-09-24T11:23:54.6813852Z [23/114] Building C object esp-idf/soc/CMakeFiles/__idf_soc.dir/esp32c6/parlio_periph.c.obj^[[K
build	Build ESP32-C6 firmware	2026-09-24T11:23:54.6815069Z [24/114] Building C object esp-idf/soc/CMakeFiles/__idf_soc.dir/esp32c6/twai_periph.c.obj^[[K
build	Build ESP32-C6 firmware	2026-09-24T11:23:54.6816182Z [25/114] Building C object esp-idf/soc/CMakeFiles/__idf_soc.dir/esp32c6/ieee802154_periph.c.obj^[[K
build	Build ESP32-C6 firmware	2026-09-24T11:23:54.6817242Z [26/114] Building C object esp-idf/soc/CMakeFiles/__idf_soc.dir/esp32c6/wdt_periph.c.obj^[[K
build	Build ESP32-C6 firmware	2026-09-24T11:23:54.6818267Z [27/114] Building C object esp-idf/soc/CMakeFiles/__idf_soc.dir/esp32c6/rtc_io_periph.c.obj^[[K
build	Build ESP32-C6 firmware	2026-09-24T11:23:54.6819387Z [28/114] Building C object esp-idf/soc/CMakeFiles/__idf_soc.dir/esp32c6/sdio_slave_periph.c.obj^[[K
build	Build ESP32-C6 firmware	2026-09-24T11:23:54.6820556Z [29/114] Building C object esp-idf/soc/CMakeFiles/__idf_soc.dir/esp32c6/system_retention_periph.c.obj^[[K
build	Build ESP32-C6 firmware	2026-09-24T11:23:54.6821601Z [30/114] Building C object esp-idf/hal/CMakeFiles/__idf_hal.dir/hal_utils.c.obj^[[K
build	Build ESP32-C6 firmware	2026-09-24T11:23:54.6822512Z [31/114] Building C object esp-idf/hal/CMakeFiles/__idf_hal.dir/efuse_hal.c.obj^[[K
build	Build ESP32-C6 firmware	2026-09-24T11:23:54.6823415Z [32/114] Building C object esp-idf/hal/CMakeFiles/__idf_hal.dir/lp_timer_hal.c.obj^[[K
build	Build ESP32-C6 firmware	2026-09-24T11:23:54.6824817Z [33/114] Building C object esp-idf/hal/CMakeFiles/__idf_hal.dir/esp32c6/efuse_hal.c.obj^[[K
build	Build ESP32-C6 firmware	2026-09-24T11:23:54.6826120Z [34/114] Building C object esp-idf/esp_bootloader_format/CMakeFiles/__idf_esp_bootloader_format.dir/esp_bootloader_desc.c.obj^[[K
build	Build ESP32-C6 firmware	2026-09-24T11:23:54.6827435Z [35/114] Building C object esp-idf/spi_flash/CMakeFiles/__idf_spi_flash.dir/spi_flash_wrap.c.obj^[[K
build	Build ESP32-C6 firmware	2026-09-24T11:23:54.6828448Z [36/114] Building C object esp-idf/hal/CMakeFiles/__idf_hal.dir/mmu_hal.c.obj^[[K
build	Build ESP32-C6 firmware	2026-09-24T11:23:54.6829667Z [37/114] Building C object esp-idf/bootloader_support/CMakeFiles/__idf_bootloader_support.dir/src/bootloader_clock_init.c.obj^[[K
build	Build ESP32-C6 firmware	2026-09-24T11:23:54.6830863Z [38/114] Building C object esp-idf/hal/CMakeFiles/__idf_hal.dir/cache_hal.c.obj^[[K
build	Build ESP32-C6 firmware	2026-09-24T11:23:54.6832060Z [39/114] Building C object esp-idf/bootloader_support/CMakeFiles/__idf_bootloader_support.dir/src/bootloader_random.c.obj^[[K
build	Build ESP32-C6 firmware	2026-09-24T11:23:54.6833429Z [40/114] Building C object esp-idf/bootloader_support/CMakeFiles/__idf_bootloader_support.dir/src/bootloader_mem.c.obj^[[K
build	Build ESP32-C6 firmware	2026-09-24T11:23:54.6834939Z [41/114] Building C object esp-idf/bootloader_support/CMakeFiles/__idf_bootloader_support.dir/src/bootloader_efuse.c.obj^[[K
build	Build ESP32-C6 firmware	2026-09-24T11:23:54.6836428Z [42/114] Building C object esp-idf/bootloader_support/CMakeFiles/__idf_bootloader_support.dir/src/bootloader_common.c.obj^[[K
build	Build ESP32-C6 firmware	2026-09-24T11:23:54.6837859Z [43/114] Building C object esp-idf/bootloader_support/CMakeFiles/__idf_bootloader_support.dir/src/flash_encrypt.c.obj^[[K
build	Build ESP32-C6 firmware	2026-09-24T11:23:54.6839261Z [44/114] Building C object esp-idf/bootloader_support/CMakeFiles/__idf_bootloader_support.dir/src/secure_boot.c.obj^[[K
build	Build ESP32-C6 firmware	2026-09-24T11:23:54.6840684Z [45/114] Building C object esp-idf/bootloader_support/CMakeFiles/__idf_bootloader_support.dir/src/bootloader_common_loader.c.obj^[[K
build	Build ESP32-C6 firmware	2026-09-24T11:23:54.6842242Z [46/114] Building C object esp-idf/bootloader_support/CMakeFiles/__idf_bootloader_support.dir/src/bootloader_random_esp32c6.c.obj^[[K
build	Build ESP32-C6 firmware	2026-09-24T11:23:54.6844046Z [47/114] Building C object esp-idf/bootloader_support/CMakeFiles/__idf_bootloader_support.dir/src/flash_partitions.c.obj^[[K
build	Build ESP32-C6 firmware	2026-09-24T11:23:54.6845887Z [48/114] Building C object esp-idf/bootloader_support/CMakeFiles/__idf_bootloader_support.dir/bootloader_flash/src/flash_qio_mode.c.obj^[[K
build	Build ESP32-C6 firmware	2026-09-24T11:23:54.6847615Z [49/114] Building C object esp-idf/bootloader_support/CMakeFiles/__idf_bootloader_support.dir/bootloader_flash/src/bootloader_flash_config_esp32c6.c.obj^[[K
build	Build ESP32-C6 firmware	2026-09-24T11:23:54.6849302Z [50/114] Building C object esp-idf/bootloader_support/CMakeFiles/__idf_bootloader_support.dir/src/bootloader_clock_loader.c.obj^[[K
build	Build ESP32-C6 firmware	2026-09-24T11:23:54.6851146Z [51/114] Building C object esp-idf/bootloader_support/CMakeFiles/__idf_bootloader_support.dir/bootloader_flash/src/bootloader_flash.c.obj^[[K
build	Build ESP32-C6 firmware	2026-09-24T11:23:54.6852743Z [52/114] Building C object esp-idf/bootloader_support/CMakeFiles/__idf_bootloader_support.dir/src/bootloader_utility.c.obj^[[K
build	Build ESP32-C6 firmware	2026-09-24T11:23:54.6854333Z [53/114] Building C object esp-idf/bootloader_support/CMakeFiles/__idf_bootloader_support.dir/src/bootloader_console_loader.c.obj^[[K
build	Build ESP32-C6 firmware	2026-09-24T11:23:54.6856047Z [54/114] Building C object esp-idf/bootloader_support/CMakeFiles/__idf_bootloader_support.dir/src/bootloader_init.c.obj^[[K
build	Build ESP32-C6 firmware	2026-09-24T11:23:54.6857495Z [55/114] Building C object esp-idf/bootloader_support/CMakeFiles/__idf_bootloader_support.dir/src/bootloader_console.c.obj^[[K
build	Build ESP32-C6 firmware	2026-09-24T11:23:54.6858989Z [56/114] Building C object esp-idf/bootloader_support/CMakeFiles/__idf_bootloader_support.dir/src/esp32c6/bootloader_sha.c.obj^[[K
build	Build ESP32-C6 firmware	2026-09-24T11:23:54.6860487Z [57/114] Building C object esp-idf/bootloader_support/CMakeFiles/__idf_bootloader_support.dir/src/esp32c6/bootloader_soc.c.obj^[[K
build	Build ESP32-C6 firmware	2026-09-24T11:23:54.6861851Z [58/114] Building C object esp-idf/micro-ecc/CMakeFiles/__idf_micro-ecc.dir/uECC_verify_antifault.c.obj^[[K
build	Build ESP32-C6 firmware	2026-09-24T11:23:54.6863048Z [59/114] Building C object esp-idf/efuse/CMakeFiles/__idf_efuse.dir/esp32c6/esp_efuse_table.c.obj^[[K
build	Build ESP32-C6 firmware	2026-09-24T11:23:54.6864546Z [60/114] Building C object esp-idf/bootloader_support/CMakeFiles/__idf_bootloader_support.dir/src/esp32c6/bootloader_ecdsa.c.obj^[[K
build	Build ESP32-C6 firmware	2026-09-24T11:23:54.6865892Z [61/114] Building C object esp-idf/efuse/CMakeFiles/__idf_efuse.dir/esp32c6/esp_efuse_fields.c.obj^[[K
build	Build ESP32-C6 firmware	2026-09-24T11:23:54.6867223Z [62/114] Building C object esp-idf/bootloader_support/CMakeFiles/__idf_bootloader_support.dir/src/bootloader_panic.c.obj^[[K
build	Build ESP32-C6 firmware	2026-09-24T11:23:54.6868801Z [63/114] Building C object esp-idf/bootloader_support/CMakeFiles/__idf_bootloader_support.dir/src/esp_image_format.c.obj^[[K
build	Build ESP32-C6 firmware	2026-09-24T11:23:54.6870093Z [64/114] Building C object esp-idf/efuse/CMakeFiles/__idf_efuse.dir/esp32c6/esp_efuse_rtc_calib.c.obj^[[K
build	Build ESP32-C6 firmware	2026-09-24T11:23:54.6871481Z [65/114] Building C object esp-idf/bootloader_support/CMakeFiles/__idf_bootloader_support.dir/src/esp32c6/bootloader_esp32c6.c.obj^[[K
build	Build ESP32-C6 firmware	2026-09-24T11:23:54.6872854Z [66/114] Building C object esp-idf/efuse/CMakeFiles/__idf_efuse.dir/esp32c6/esp_efuse_utility.c.obj^[[K
build	Build ESP32-C6 firmware	2026-09-24T11:23:54.6874005Z [67/114] Building C object esp-idf/efuse/CMakeFiles/__idf_efuse.dir/src/esp_efuse_fields.c.obj^[[K
build	Build ESP32-C6 firmware	2026-09-24T11:23:54.6875366Z [68/114] Building C object esp-idf/efuse/CMakeFiles/__idf_efuse.dir/src/esp_efuse_api.c.obj^[[K
build	Build ESP32-C6 firmware	2026-09-24T11:23:54.6876516Z [69/114] Building C object esp-idf/esp_hw_support/CMakeFiles/__idf_esp_hw_support.dir/cpu.c.obj^[[K
build	Build ESP32-C6 firmware	2026-09-24T11:23:54.6877618Z [70/114] Building C object esp-idf/esp_system/CMakeFiles/__idf_esp_system.dir/esp_err.c.obj^[[K
build	Build ESP32-C6 firmware	2026-09-24T11:23:54.6878721Z [71/114] Building C object esp-idf/efuse/CMakeFiles/__idf_efuse.dir/src/esp_efuse_utility.c.obj^[[K
build	Build ESP32-C6 firmware	2026-09-24T11:23:54.6880026Z [72/114] Building C object esp-idf/esp_hw_support/CMakeFiles/__idf_esp_hw_support.dir/port/esp32c6/esp_cpu_intr.c.obj^[[K
build	Build ESP32-C6 firmware	2026-09-24T11:23:54.6881377Z [73/114] Building C object esp-idf/esp_hw_support/CMakeFiles/__idf_esp_hw_support.dir/esp_memory_utils.c.obj^[[K
build	Build ESP32-C6 firmware	2026-09-24T11:23:54.6882766Z [74/114] Building C object esp-idf/esp_hw_support/CMakeFiles/__idf_esp_hw_support.dir/port/esp32c6/cpu_region_protect.c.obj^[[K
build	Build ESP32-C6 firmware	2026-09-24T11:23:54.6884830Z [75/114] Building C object esp-idf/efuse/CMakeFiles/__idf_efuse.dir/src/efuse_controller/keys/with_key_purposes/esp_efuse_api_key.c.obj^[[K
build	Build ESP32-C6 firmware	2026-09-24T11:23:54.6886307Z [76/114] Building C object esp-idf/esp_hw_support/CMakeFiles/__idf_esp_hw_support.dir/port/esp32c6/rtc_clk_init.c.obj^[[K
build	Build ESP32-C6 firmware	2026-09-24T11:23:54.6887930Z [77/114] Building C object esp-idf/esp_hw_support/CMakeFiles/__idf_esp_hw_support.dir/port/esp32c6/pmu_param.c.obj^[[K
build	Build ESP32-C6 firmware	2026-09-24T11:23:54.6889235Z [78/114] Building C object esp-idf/esp_hw_support/CMakeFiles/__idf_esp_hw_support.dir/port/esp32c6/pmu_init.c.obj^[[K
build	Build ESP32-C6 firmware	2026-09-24T11:23:54.6890810Z [79/114] Building C object esp-idf/esp_hw_support/CMakeFiles/__idf_esp_hw_support.dir/port/esp32c6/chip_info.c.obj^[[K
build	Build ESP32-C6 firmware	2026-09-24T11:23:54.6892172Z [80/114] Building C object esp-idf/esp_hw_support/CMakeFiles/__idf_esp_hw_support.dir/port/esp32c6/ocode_init.c.obj^[[K
build	Build ESP32-C6 firmware	2026-09-24T11:23:54.6893607Z [81/114] Building C object esp-idf/esp_hw_support/CMakeFiles/__idf_esp_hw_support.dir/port/esp32c6/rtc_clk.c.obj^[[K
build	Build ESP32-C6 firmware	2026-09-24T11:23:54.6897981Z [82/114] Building C object esp-idf/esp_common/CMakeFiles/__idf_esp_common.dir/src/esp_err_to_name.c.obj^[[K
build	Build ESP32-C6 firmware	2026-09-24T11:23:54.6899284Z [83/114] Building C object esp-idf/esp_rom/CMakeFiles/__idf_esp_rom.dir/patches/esp_rom_crc.c.obj^[[K
build	Build ESP32-C6 firmware	2026-09-24T11:23:54.6900587Z [84/114] Building C object esp-idf/esp_hw_support/CMakeFiles/__idf_esp_hw_support.dir/port/esp32c6/rtc_time.c.obj^[[K
build	Build ESP32-C6 firmware	2026-09-24T11:23:54.6901849Z [85/114] Building C object esp-idf/esp_rom/CMakeFiles/__idf_esp_rom.dir/patches/esp_rom_uart.c.obj^[[K
build	Build ESP32-C6 firmware	2026-09-24T11:23:54.6903023Z [86/114] Building C object esp-idf/esp_rom/CMakeFiles/__idf_esp_rom.dir/patches/esp_rom_sys.c.obj^[[K
build	Build ESP32-C6 firmware	2026-09-24T11:23:54.6904219Z [87/114] Building C object esp-idf/esp_rom/CMakeFiles/__idf_esp_rom.dir/patches/esp_rom_spiflash.c.obj^[[K
build	Build ESP32-C6 firmware	2026-09-24T11:23:54.6905653Z [88/114] Building C object esp-idf/esp_rom/CMakeFiles/__idf_esp_rom.dir/patches/esp_rom_efuse.c.obj^[[K
build	Build ESP32-C6 firmware	2026-09-24T11:23:54.6906789Z [89/114] Building C object esp-idf/esp_rom/CMakeFiles/__idf_esp_rom.dir/patches/esp_rom_gpio.c.obj^[[K
build	Build ESP32-C6 firmware	2026-09-24T11:23:54.6907933Z [90/114] Building C object esp-idf/esp_hw_support/CMakeFiles/__idf_esp_hw_support.dir/port/esp32c6/pmu_sleep.c.obj^[[K
build	Build ESP32-C6 firmware	2026-09-24T11:23:54.6909164Z [91/114] Building C object esp-idf/esp_rom/CMakeFiles/__idf_esp_rom.dir/patches/esp_rom_print.c.obj^[[K
build	Build ESP32-C6 firmware	2026-09-24T11:23:54.6910324Z [92/114] Building C object esp-idf/esp_rom/CMakeFiles/__idf_esp_rom.dir/patches/esp_rom_systimer.c.obj^[[K
build	Build ESP32-C6 firmware	2026-09-24T11:23:54.6911541Z [93/114] Building C object esp-idf/esp_rom/CMakeFiles/__idf_esp_rom.dir/patches/esp_rom_hp_regi2c_esp32c6.c.obj^[[K
build	Build ESP32-C6 firmware	2026-09-24T11:23:54.6912670Z [94/114] Building C object esp-idf/esp_rom/CMakeFiles/__idf_esp_rom.dir/patches/esp_rom_wdt.c.obj^[[K
build	Build ESP32-C6 firmware	2026-09-24T11:23:54.6913794Z [95/114] Building C object esp-idf/log/CMakeFiles/__idf_log.dir/src/noos/log_timestamp.c.obj^[[K
build	Build ESP32-C6 firmware	2026-09-24T11:23:54.6914989Z [96/114] Building C object esp-idf/log/CMakeFiles/__idf_log.dir/src/noos/log_lock.c.obj^[[K
build	Build ESP32-C6 firmware	2026-09-24T11:23:54.6916022Z [97/114] Building C object esp-idf/log/CMakeFiles/__idf_log.dir/src/log_timestamp_common.c.obj^[[K
build	Build ESP32-C6 firmware	2026-09-24T11:23:54.6916882Z [98/114] Linking C static library esp-idf/log/liblog.a^[[K
build	Build ESP32-C6 firmware	2026-09-24T11:23:54.6917711Z [99/114] Building C object esp-idf/main/CMakeFiles/__idf_main.dir/bootloader_start.c.obj^[[K
build	Build ESP32-C6 firmware	2026-09-24T11:23:54.6918594Z [100/114] Linking C static library esp-idf/esp_rom/libesp_rom.a^[[K
build	Build ESP32-C6 firmware	2026-09-24T11:23:54.6919347Z [101/114] Linking C static library esp-idf/esp_common/libesp_common.a^[[K
build	Build ESP32-C6 firmware	2026-09-24T11:23:54.6920173Z [102/114] Linking C static library esp-idf/esp_hw_support/libesp_hw_support.a^[[K
build	Build ESP32-C6 firmware	2026-09-24T11:23:54.6920997Z [103/114] Linking C static library esp-idf/esp_system/libesp_system.a^[[K
build	Build ESP32-C6 firmware	2026-09-24T11:23:54.6921730Z [104/114] Linking C static library esp-idf/efuse/libefuse.a^[[K
build	Build ESP32-C6 firmware	2026-09-24T11:23:54.6922570Z [105/114] Linking C static library esp-idf/bootloader_support/libbootloader_support.a^[[K
build	Build ESP32-C6 firmware	2026-09-24T11:23:54.6923840Z [106/114] Linking C static library esp-idf/esp_bootloader_format/libesp_bootloader_format.a^[[K
build	Build ESP32-C6 firmware	2026-09-24T11:23:54.6924966Z [107/114] Linking C static library esp-idf/spi_flash/libspi_flash.a^[[K
build	Build ESP32-C6 firmware	2026-09-24T11:23:54.6925685Z [108/114] Linking C static library esp-idf/hal/libhal.a^[[K
build	Build ESP32-C6 firmware	2026-09-24T11:23:54.6926412Z [109/114] Linking C static library esp-idf/micro-ecc/libmicro-ecc.a^[[K
build	Build ESP32-C6 firmware	2026-09-24T11:23:54.6927113Z [110/114] Linking C static library esp-idf/soc/libsoc.a^[[K
build	Build ESP32-C6 firmware	2026-09-24T11:23:54.6927779Z [111/114] Linking C static library esp-idf/main/libmain.a^[[K
build	Build ESP32-C6 firmware	2026-09-24T11:23:54.6928397Z [112/114] Linking C executable bootloader.elf^[[K
build	Build ESP32-C6 firmware	2026-09-24T11:23:54.6929192Z [113/114] Generating binary image from built executable^[[K
build	Build ESP32-C6 firmware	2026-09-24T11:23:54.6929677Z esptool.py v4.8.1
build	Build ESP32-C6 firmware	2026-09-24T11:23:54.6930013Z Creating esp32c6 image...
build	Build ESP32-C6 firmware	2026-09-24T11:23:54.6930380Z Merged 2 ELF sections
build	Build ESP32-C6 firmware	2026-09-24T11:23:54.6930740Z Successfully created esp32c6 image.
build	Build ESP32-C6 firmware	2026-09-24T11:23:54.6931350Z Generated /app/yuanwil1y/esp32c6-Pwnagotchi/build/bootloader/bootloader.bin
build	Build ESP32-C6 firmware	2026-09-24T11:23:54.6931859Z 
build	Build ESP32-C6 firmware	2026-09-24T11:23:54.6933718Z [114/114] cd /app/yuanwil1y/esp32c6-Pwnagotchi/build/bootloader/esp-idf/esptool_py && /opt/esp/python_env/idf5.4_py3.12_env/bin/python /opt/esp/idf/components/partition_table/check_sizes.py --offset 0x8000 bootloader 0x0 /app/yuanwil1y/esp32c6-Pwnagotchi/build/bootloader/bootloader.bin^[[K
build	Build ESP32-C6 firmware	2026-09-24T11:23:54.6935868Z Bootloader binary size 0x55e0 bytes. 0x2a20 bytes (33%) free.
build	Build ESP32-C6 firmware	2026-09-24T11:23:54.6946743Z 
build	Build ESP32-C6 firmware	2026-09-24T11:23:54.7071257Z [316/1416] No install step for 'bootloader'^[[K
build	Build ESP32-C6 firmware	2026-09-24T11:23:54.7079250Z [317/1416] Completed 'bootloader'^[[K
build	Build ESP32-C6 firmware	2026-09-24T11:23:54.7089866Z [318/1416] Building C object esp-idf/soc/CMakeFiles/__idf_soc.dir/dport_access_common.c.obj^[[K
build	Build ESP32-C6 firmware	2026-09-24T11:23:54.7586840Z [319/1416] Building C object esp-idf/heap/CMakeFiles/__idf_heap.dir/port/esp32c6/memory_layout.c.obj^[[K
build	Build ESP32-C6 firmware	2026-09-24T11:23:54.7831686Z [320/1416] Building C object esp-idf/soc/CMakeFiles/__idf_soc.dir/esp32c6/uart_periph.c.obj^[[K
build	Build ESP32-C6 firmware	2026-09-24T11:23:54.7832989Z [321/1416] Building C object esp-idf/soc/CMakeFiles/__idf_soc.dir/esp32c6/gpio_periph.c.obj^[[K
build	Build ESP32-C6 firmware	2026-09-24T11:23:54.8072687Z [322/1416] Building C object esp-idf/soc/CMakeFiles/__idf_soc.dir/esp32c6/etm_periph.c.obj^[[K
build	Build ESP32-C6 firmware	2026-09-24T11:23:54.8305476Z [323/1416] Building C object esp-idf/soc/CMakeFiles/__idf_soc.dir/esp32c6/adc_periph.c.obj^[[K
build	Build ESP32-C6 firmware	2026-09-24T11:23:54.8472774Z [324/1416] Building C object esp-idf/soc/CMakeFiles/__idf_soc.dir/esp32c6/gdma_periph.c.obj^[[K
build	Build ESP32-C6 firmware	2026-09-24T11:23:54.8687173Z [325/1416] Building C object esp-idf/soc/CMakeFiles/__idf_soc.dir/esp32c6/dedic_gpio_periph.c.obj^[[K
build	Build ESP32-C6 firmware	2026-09-24T11:23:54.8894088Z [326/1416] Building C object esp-idf/soc/CMakeFiles/__idf_soc.dir/esp32c6/pcnt_periph.c.obj^[[K
build	Build ESP32-C6 firmware	2026-09-24T11:23:54.8922322Z [327/1416] Building C object esp-idf/soc/CMakeFiles/__idf_soc.dir/esp32c6/sdm_periph.c.obj^[[K
build	Build ESP32-C6 firmware	2026-09-24T11:23:54.9052142Z [328/1416] Building C object esp-idf/soc/CMakeFiles/__idf_soc.dir/esp32c6/rmt_periph.c.obj^[[K
build	Build ESP32-C6 firmware	2026-09-24T11:23:54.9152655Z [329/1416] Building C object esp-idf/soc/CMakeFiles/__idf_soc.dir/esp32c6/ledc_periph.c.obj^[[K
build	Build ESP32-C6 firmware	2026-09-24T11:23:54.9698275Z [330/1416] Building C object esp-idf/soc/CMakeFiles/__idf_soc.dir/esp32c6/spi_periph.c.obj^[[K
build	Build ESP32-C6 firmware	2026-09-24T11:23:54.9765768Z [331/1416] Building C object esp-idf/soc/CMakeFiles/__idf_soc.dir/esp32c6/i2c_periph.c.obj^[[K
build	Build ESP32-C6 firmware	2026-09-24T11:23:54.9915671Z [332/1416] Building C object esp-idf/soc/CMakeFiles/__idf_soc.dir/esp32c6/i2s_periph.c.obj^[[K
build	Build ESP32-C6 firmware	2026-09-24T11:23:54.9991432Z [333/1416] Building C object esp-idf/soc/CMakeFiles/__idf_soc.dir/esp32c6/temperature_sensor_periph.c.obj^[[K
build	Build ESP32-C6 firmware	2026-09-24T11:23:55.0225501Z [334/1416] Building C object esp-idf/soc/CMakeFiles/__idf_soc.dir/esp32c6/timer_periph.c.obj^[[K
build	Build ESP32-C6 firmware	2026-09-24T11:23:55.0375516Z [335/1416] Building C object esp-idf/soc/CMakeFiles/__idf_soc.dir/esp32c6/parlio_periph.c.obj^[[K
build	Build ESP32-C6 firmware	2026-09-24T11:23:55.0532359Z [336/1416] Building C object esp-idf/soc/CMakeFiles/__idf_soc.dir/esp32c6/mcpwm_periph.c.obj^[[K
build	Build ESP32-C6 firmware	2026-09-24T11:23:55.0652683Z [337/1416] Building C object esp-idf/soc/CMakeFiles/__idf_soc.dir/esp32c6/ieee802154_periph.c.obj^[[K
build	Build ESP32-C6 firmware	2026-09-24T11:23:55.0940299Z [338/1416] Building C object esp-idf/soc/CMakeFiles/__idf_soc.dir/esp32c6/mpi_periph.c.obj^[[K
build	Build ESP32-C6 firmware	2026-09-24T11:23:55.1032979Z [339/1416] Building C object esp-idf/soc/CMakeFiles/__idf_soc.dir/esp32c6/twai_periph.c.obj^[[K
build	Build ESP32-C6 firmware	2026-09-24T11:23:55.1481288Z [340/1416] Building C object esp-idf/soc/CMakeFiles/__idf_soc.dir/esp32c6/wdt_periph.c.obj^[[K
build	Build ESP32-C6 firmware	2026-09-24T11:23:55.1684978Z [341/1416] Building C object esp-idf/soc/CMakeFiles/__idf_soc.dir/esp32c6/rtc_io_periph.c.obj^[[K
build	Build ESP32-C6 firmware	2026-09-24T11:23:55.1826622Z [342/1416] Building C object esp-idf/soc/CMakeFiles/__idf_soc.dir/esp32c6/system_retention_periph.c.obj^[[K
build	Build ESP32-C6 firmware	2026-09-24T11:23:55.2500231Z [343/1416] Building C object esp-idf/soc/CMakeFiles/__idf_soc.dir/esp32c6/sdio_slave_periph.c.obj^[[K
build	Build ESP32-C6 firmware	2026-09-24T11:23:55.2828918Z [344/1416] Building C object esp-idf/esp_security/CMakeFiles/__idf_esp_security.dir/src/esp_crypto_lock.c.obj^[[K
build	Build ESP32-C6 firmware	2026-09-24T11:23:55.2950317Z [345/1416] Building C object esp-idf/esp_security/CMakeFiles/__idf_esp_security.dir/src/init.c.obj^[[K
build	Build ESP32-C6 firmware	2026-09-24T11:23:55.3095213Z [346/1416] Building C object esp-idf/esp_security/CMakeFiles/__idf_esp_security.dir/src/esp_dpa_protection.c.obj^[[K
build	Build ESP32-C6 firmware	2026-09-24T11:23:55.3976306Z [347/1416] Building C object esp-idf/esp_security/CMakeFiles/__idf_esp_security.dir/src/esp_hmac.c.obj^[[K
build	Build ESP32-C6 firmware	2026-09-24T11:23:55.3998593Z [348/1416] Building C object esp-idf/esp_hw_support/CMakeFiles/__idf_esp_hw_support.dir/cpu.c.obj^[[K
build	Build ESP32-C6 firmware	2026-09-24T11:23:55.4218271Z [349/1416] Building C object esp-idf/esp_security/CMakeFiles/__idf_esp_security.dir/src/esp_ds.c.obj^[[K
build	Build ESP32-C6 firmware	2026-09-24T11:23:55.4390619Z [350/1416] Building C object esp-idf/esp_hw_support/CMakeFiles/__idf_esp_hw_support.dir/esp_memory_utils.c.obj^[[K
build	Build ESP32-C6 firmware	2026-09-24T11:23:55.5271919Z [351/1416] Building C object esp-idf/esp_hw_support/CMakeFiles/__idf_esp_hw_support.dir/port/esp32c6/esp_cpu_intr.c.obj^[[K
build	Build ESP32-C6 firmware	2026-09-24T11:23:55.5398281Z [352/1416] Building C object esp-idf/esp_hw_support/CMakeFiles/__idf_esp_hw_support.dir/port/esp32c6/cpu_region_protect.c.obj^[[K
build	Build ESP32-C6 firmware	2026-09-24T11:23:55.6495595Z [353/1416] Building C object esp-idf/esp_hw_support/CMakeFiles/__idf_esp_hw_support.dir/hw_random.c.obj^[[K
build	Build ESP32-C6 firmware	2026-09-24T11:23:55.6753113Z [354/1416] Building C object esp-idf/esp_hw_support/CMakeFiles/__idf_esp_hw_support.dir/clk_ctrl_os.c.obj^[[K
build	Build ESP32-C6 firmware	2026-09-24T11:23:55.6792109Z [355/1416] Building C object esp-idf/esp_hw_support/CMakeFiles/__idf_esp_hw_support.dir/revision.c.obj^[[K
build	Build ESP32-C6 firmware	2026-09-24T11:23:55.6923931Z [356/1416] Building C object esp-idf/esp_hw_support/CMakeFiles/__idf_esp_hw_support.dir/mac_addr.c.obj^[[K
build	Build ESP32-C6 firmware	2026-09-24T11:23:55.8513885Z [357/1416] Building C object esp-idf/esp_hw_support/CMakeFiles/__idf_esp_hw_support.dir/esp_clk.c.obj^[[K
build	Build ESP32-C6 firmware	2026-09-24T11:23:55.8727252Z [358/1416] Building C object esp-idf/esp_hw_support/CMakeFiles/__idf_esp_hw_support.dir/intr_alloc.c.obj^[[K
build	Build ESP32-C6 firmware	2026-09-24T11:23:55.9118511Z [359/1416] Building C object esp-idf/esp_hw_support/CMakeFiles/__idf_esp_hw_support.dir/sleep_console.c.obj^[[K
build	Build ESP32-C6 firmware	2026-09-24T11:23:55.9120760Z [360/1416] Building C object esp-idf/esp_hw_support/CMakeFiles/__idf_esp_hw_support.dir/periph_ctrl.c.obj^[[K
build	Build ESP32-C6 firmware	2026-09-24T11:23:55.9735797Z [361/1416] Building C object esp-idf/esp_hw_support/CMakeFiles/__idf_esp_hw_support.dir/rtc_module.c.obj^[[K
build	Build ESP32-C6 firmware	2026-09-24T11:23:56.0575833Z [362/1416] Building C object esp-idf/esp_hw_support/CMakeFiles/__idf_esp_hw_support.dir/sleep_modem.c.obj^[[K
build	Build ESP32-C6 firmware	2026-09-24T11:23:56.1262270Z [363/1416] Building C object esp-idf/esp_hw_support/CMakeFiles/__idf_esp_hw_support.dir/esp_gpio_reserve.c.obj^[[K
build	Build ESP32-C6 firmware	2026-09-24T11:23:56.2457081Z [364/1416] Building C object esp-idf/esp_hw_support/CMakeFiles/__idf_esp_hw_support.dir/sleep_event.c.obj^[[K
build	Build ESP32-C6 firmware	2026-09-24T11:23:56.2458573Z [365/1416] Building C object esp-idf/esp_hw_support/CMakeFiles/__idf_esp_hw_support.dir/sleep_gpio.c.obj^[[K
build	Build ESP32-C6 firmware	2026-09-24T11:23:56.2574369Z [366/1416] Building C object esp-idf/esp_hw_support/CMakeFiles/__idf_esp_hw_support.dir/sar_periph_ctrl_common.c.obj^[[K
build	Build ESP32-C6 firmware	2026-09-24T11:23:56.3245686Z [367/1416] Building C object esp-idf/esp_hw_support/CMakeFiles/__idf_esp_hw_support.dir/regi2c_ctrl.c.obj^[[K
build	Build ESP32-C6 firmware	2026-09-24T11:23:56.3776075Z [368/1416] Building C object esp-idf/esp_hw_support/CMakeFiles/__idf_esp_hw_support.dir/port/esp32c6/esp_clk_tree.c.obj^[[K
build	Build ESP32-C6 firmware	2026-09-24T11:23:56.3830275Z [369/1416] Building C object esp-idf/esp_hw_support/CMakeFiles/__idf_esp_hw_support.dir/port/esp32c6/io_mux.c.obj^[[K
build	Build ESP32-C6 firmware	2026-09-24T11:23:56.4631788Z [370/1416] Building C object esp-idf/esp_hw_support/CMakeFiles/__idf_esp_hw_support.dir/sleep_modes.c.obj^[[K
build	Build ESP32-C6 firmware	2026-09-24T11:23:56.4842080Z [371/1416] Building C object esp-idf/esp_hw_support/CMakeFiles/__idf_esp_hw_support.dir/port/esp_clk_tree_common.c.obj^[[K
build	Build ESP32-C6 firmware	2026-09-24T11:23:56.6211523Z [372/1416] Building C object esp-idf/esp_hw_support/CMakeFiles/__idf_esp_hw_support.dir/dma/esp_dma_utils.c.obj^[[K
build	Build ESP32-C6 firmware	2026-09-24T11:23:56.6725557Z [373/1416] Building C object esp-idf/esp_hw_support/CMakeFiles/__idf_esp_hw_support.dir/dma/gdma_link.c.obj^[[K
build	Build ESP32-C6 firmware	2026-09-24T11:23:56.7216907Z [374/1416] Building C object esp-idf/esp_hw_support/CMakeFiles/__idf_esp_hw_support.dir/adc_share_hw_ctrl.c.obj^[[K
build	Build ESP32-C6 firmware	2026-09-24T11:23:56.7601170Z [375/1416] Building C object esp-idf/esp_hw_support/CMakeFiles/__idf_esp_hw_support.dir/spi_share_hw_ctrl.c.obj^[[K
build	Build ESP32-C6 firmware	2026-09-24T11:23:56.8084738Z [376/1416] Building C object esp-idf/esp_hw_support/CMakeFiles/__idf_esp_hw_support.dir/spi_bus_lock.c.obj^[[K
build	Build ESP32-C6 firmware	2026-09-24T11:23:56.8944947Z [377/1416] Building C object esp-idf/esp_hw_support/CMakeFiles/__idf_esp_hw_support.dir/sleep_system_peripheral.c.obj^[[K
build	Build ESP32-C6 firmware	2026-09-24T11:23:56.9367815Z [378/1416] Building C object esp-idf/esp_hw_support/CMakeFiles/__idf_esp_hw_support.dir/sleep_retention.c.obj^[[K
build	Build ESP32-C6 firmware	2026-09-24T11:23:56.9532470Z [379/1416] Building C object esp-idf/esp_hw_support/CMakeFiles/__idf_esp_hw_support.dir/dma/gdma_sleep_retention.c.obj^[[K
build	Build ESP32-C6 firmware	2026-09-24T11:23:57.0175777Z [380/1416] Building C object esp-idf/esp_hw_support/CMakeFiles/__idf_esp_hw_support.dir/deprecated/gdma_legacy.c.obj^[[K
build	Build ESP32-C6 firmware	2026-09-24T11:23:57.0492118Z [381/1416] Building C object esp-idf/esp_hw_support/CMakeFiles/__idf_esp_hw_support.dir/dma/esp_async_memcpy.c.obj^[[K
build	Build ESP32-C6 firmware	2026-09-24T11:23:57.0812307Z [382/1416] Building C object esp-idf/esp_hw_support/CMakeFiles/__idf_esp_hw_support.dir/port/esp32c6/systimer.c.obj^[[K
build	Build ESP32-C6 firmware	2026-09-24T11:23:57.1038910Z [383/1416] Building C object esp-idf/esp_hw_support/CMakeFiles/__idf_esp_hw_support.dir/dma/gdma.c.obj^[[K
build	Build ESP32-C6 firmware	2026-09-24T11:23:57.1926777Z [384/1416] Building C object esp-idf/esp_hw_support/CMakeFiles/__idf_esp_hw_support.dir/dma/gdma_etm.c.obj^[[K
build	Build ESP32-C6 firmware	2026-09-24T11:23:57.3025431Z [385/1416] Building C object esp-idf/esp_hw_support/CMakeFiles/__idf_esp_hw_support.dir/port/pau_regdma.c.obj^[[K
build	Build ESP32-C6 firmware	2026-09-24T11:23:57.3245250Z [386/1416] Building C object esp-idf/esp_hw_support/CMakeFiles/__idf_esp_hw_support.dir/mspi_timing_tuning.c.obj^[[K
build	Build ESP32-C6 firmware	2026-09-24T11:23:57.3583756Z [387/1416] Building C object esp-idf/esp_hw_support/CMakeFiles/__idf_esp_hw_support.dir/dma/async_memcpy_gdma.c.obj^[[K
build	Build ESP32-C6 firmware	2026-09-24T11:23:57.4915678Z [388/1416] Building C object esp-idf/esp_hw_support/CMakeFiles/__idf_esp_hw_support.dir/esp_etm.c.obj^[[K
build	Build ESP32-C6 firmware	2026-09-24T11:23:57.5081071Z [389/1416] Building C object esp-idf/esp_hw_support/CMakeFiles/__idf_esp_hw_support.dir/sleep_wake_stub.c.obj^[[K
build	Build ESP32-C6 firmware	2026-09-24T11:23:57.6275360Z [390/1416] Building C object esp-idf/esp_hw_support/CMakeFiles/__idf_esp_hw_support.dir/port/regdma_link.c.obj^[[K
build	Build ESP32-C6 firmware	2026-09-24T11:23:57.7089578Z [391/1416] Building C object esp-idf/esp_hw_support/CMakeFiles/__idf_esp_hw_support.dir/modem_clock.c.obj^[[K
build	Build ESP32-C6 firmware	2026-09-24T11:23:57.7257603Z [392/1416] Building C object esp-idf/esp_hw_support/CMakeFiles/__idf_esp_hw_support.dir/port/esp32c6/rtc_clk.c.obj^[[K
build	Build ESP32-C6 firmware	2026-09-24T11:23:57.7434593Z [393/1416] Building C object esp-idf/esp_hw_support/CMakeFiles/__idf_esp_hw_support.dir/port/esp32c6/rtc_clk_init.c.obj^[[K
build	Build ESP32-C6 firmware	2026-09-24T11:23:57.7655770Z [394/1416] Building C object esp-idf/esp_hw_support/CMakeFiles/__idf_esp_hw_support.dir/esp_clock_output.c.obj^[[K
build	Build ESP32-C6 firmware	2026-09-24T11:23:57.8071715Z [395/1416] Building C object esp-idf/esp_hw_support/CMakeFiles/__idf_esp_hw_support.dir/port/esp32c6/pmu_init.c.obj^[[K
build	Build ESP32-C6 firmware	2026-09-24T11:23:57.8867990Z [396/1416] Building C object esp-idf/esp_hw_support/CMakeFiles/__idf_esp_hw_support.dir/port/esp32c6/pmu_param.c.obj^[[K
build	Build ESP32-C6 firmware	2026-09-24T11:23:57.9479796Z [397/1416] Building C object esp-idf/esp_hw_support/CMakeFiles/__idf_esp_hw_support.dir/port/esp32c6/chip_info.c.obj^[[K
build	Build ESP32-C6 firmware	2026-09-24T11:23:57.9501059Z [398/1416] Building ASM object esp-idf/esp_hw_support/CMakeFiles/__idf_esp_hw_support.dir/lowpower/port/esp32c6/sleep_cpu_asm.S.obj^[[K
build	Build ESP32-C6 firmware	2026-09-24T11:23:57.9551569Z [399/1416] Building C object esp-idf/esp_hw_support/CMakeFiles/__idf_esp_hw_support.dir/port/esp32c6/ocode_init.c.obj^[[K
build	Build ESP32-C6 firmware	2026-09-24T11:23:58.0306182Z [400/1416] Building C object esp-idf/esp_hw_support/CMakeFiles/__idf_esp_hw_support.dir/port/esp32c6/rtc_time.c.obj^[[K
build	Build ESP32-C6 firmware	2026-09-24T11:23:58.0847843Z [401/1416] Building C object esp-idf/esp_hw_support/CMakeFiles/__idf_esp_hw_support.dir/port/esp32c6/pmu_sleep.c.obj^[[K
build	Build ESP32-C6 firmware	2026-09-24T11:23:58.1478032Z [402/1416] Building C object esp-idf/esp_hw_support/CMakeFiles/__idf_esp_hw_support.dir/port/esp32c6/sar_periph_ctrl.c.obj^[[K
build	Build ESP32-C6 firmware	2026-09-24T11:23:58.1572573Z [403/1416] Building C object esp-idf/esp_hw_support/CMakeFiles/__idf_esp_hw_support.dir/lowpower/port/esp32c6/sleep_cpu.c.obj^[[K
build	Build ESP32-C6 firmware	2026-09-24T11:23:58.1588016Z [404/1416] Building C object esp-idf/esp_hw_support/CMakeFiles/__idf_esp_hw_support.dir/lowpower/port/esp32c6/sleep_clock.c.obj^[[K
build	Build ESP32-C6 firmware	2026-09-24T11:23:58.1902346Z [405/1416] Building C object esp-idf/esp_hw_support/CMakeFiles/__idf_esp_hw_support.dir/lowpower/port/esp32c6/sleep_modem_state.c.obj^[[K
build	Build ESP32-C6 firmware	2026-09-24T11:23:58.2887226Z [406/1416] Building C object esp-idf/freertos/CMakeFiles/__idf_freertos.dir/heap_idf.c.obj^[[K
build	Build ESP32-C6 firmware	2026-09-24T11:23:58.3182266Z [407/1416] Building C object esp-idf/freertos/CMakeFiles/__idf_freertos.dir/port_common.c.obj^[[K
build	Build ESP32-C6 firmware	2026-09-24T11:23:58.4047925Z [408/1416] Building C object esp-idf/freertos/CMakeFiles/__idf_freertos.dir/app_startup.c.obj^[[K
build	Build ESP32-C6 firmware	2026-09-24T11:23:58.4084017Z [409/1416] Building C object esp-idf/freertos/CMakeFiles/__idf_freertos.dir/FreeRTOS-Kernel/list.c.obj^[[K
build	Build ESP32-C6 firmware	2026-09-24T11:23:58.5915166Z [410/1416] Building C object esp-idf/freertos/CMakeFiles/__idf_freertos.dir/port_systick.c.obj^[[K
build	Build ESP32-C6 firmware	2026-09-24T11:23:58.6234677Z [411/1416] Building C object esp-idf/freertos/CMakeFiles/__idf_freertos.dir/FreeRTOS-Kernel/queue.c.obj^[[K
build	Build ESP32-C6 firmware	2026-09-24T11:23:58.6328339Z [412/1416] Building C object esp-idf/freertos/CMakeFiles/__idf_freertos.dir/FreeRTOS-Kernel/event_groups.c.obj^[[K
build	Build ESP32-C6 firmware	2026-09-24T11:23:58.6783357Z [413/1416] Building C object esp-idf/freertos/CMakeFiles/__idf_freertos.dir/FreeRTOS-Kernel/timers.c.obj^[[K
build	Build ESP32-C6 firmware	2026-09-24T11:23:58.7783472Z [414/1416] Building ASM object esp-idf/freertos/CMakeFiles/__idf_freertos.dir/FreeRTOS-Kernel/portable/riscv/portasm.S.obj^[[K
build	Build ESP32-C6 firmware	2026-09-24T11:23:58.7960295Z [415/1416] Building C object esp-idf/freertos/CMakeFiles/__idf_freertos.dir/FreeRTOS-Kernel/portable/riscv/port.c.obj^[[K
build	Build ESP32-C6 firmware	2026-09-24T11:23:58.8322509Z [416/1416] Building C object esp-idf/freertos/CMakeFiles/__idf_freertos.dir/FreeRTOS-Kernel/stream_buffer.c.obj^[[K
build	Build ESP32-C6 firmware	2026-09-24T11:23:58.8703750Z [417/1416] Building C object esp-idf/freertos/CMakeFiles/__idf_freertos.dir/esp_additions/freertos_compatibility.c.obj^[[K
build	Build ESP32-C6 firmware	2026-09-24T11:23:58.8856220Z [418/1416] Building C object esp-idf/freertos/CMakeFiles/__idf_freertos.dir/FreeRTOS-Kernel/tasks.c.obj^[[K
build	Build ESP32-C6 firmware	2026-09-24T11:23:58.9472224Z [419/1416] Building C object esp-idf/freertos/CMakeFiles/__idf_freertos.dir/esp_additions/idf_additions_event_groups.c.obj^[[K
build	Build ESP32-C6 firmware	2026-09-24T11:23:58.9694102Z [420/1416] Building C object esp-idf/freertos/CMakeFiles/__idf_freertos.dir/esp_additions/idf_additions.c.obj^[[K
build	Build ESP32-C6 firmware	2026-09-24T11:23:58.9880625Z [421/1416] Building C object esp-idf/newlib/CMakeFiles/__idf_newlib.dir/assert.c.obj^[[K
build	Build ESP32-C6 firmware	2026-09-24T11:23:59.0301628Z [422/1416] Building C object esp-idf/newlib/CMakeFiles/__idf_newlib.dir/abort.c.obj^[[K
build	Build ESP32-C6 firmware	2026-09-24T11:23:59.0323260Z [423/1416] Building C object esp-idf/newlib/CMakeFiles/__idf_newlib.dir/heap.c.obj^[[K
build	Build ESP32-C6 firmware	2026-09-24T11:23:59.0961927Z [424/1416] Building C object esp-idf/newlib/CMakeFiles/__idf_newlib.dir/flockfile.c.obj^[[K
build	Build ESP32-C6 firmware	2026-09-24T11:23:59.1376145Z [425/1416] Building C object esp-idf/newlib/CMakeFiles/__idf_newlib.dir/pthread.c.obj^[[K
build	Build ESP32-C6 firmware	2026-09-24T11:23:59.1624679Z [426/1416] Building C object esp-idf/newlib/CMakeFiles/__idf_newlib.dir/getentropy.c.obj^[[K
build	Build ESP32-C6 firmware	2026-09-24T11:23:59.1771306Z [427/1416] Building C object esp-idf/newlib/CMakeFiles/__idf_newlib.dir/poll.c.obj^[[K
build	Build ESP32-C6 firmware	2026-09-24T11:23:59.1900270Z [428/1416] Building C object esp-idf/newlib/CMakeFiles/__idf_newlib.dir/random.c.obj^[[K
build	Build ESP32-C6 firmware	2026-09-24T11:23:59.1937795Z [429/1416] Building C object esp-idf/newlib/CMakeFiles/__idf_newlib.dir/locks.c.obj^[[K
build	Build ESP32-C6 firmware	2026-09-24T11:23:59.3086352Z [430/1416] Building C object esp-idf/newlib/CMakeFiles/__idf_newlib.dir/reent_init.c.obj^[[K
build	Build ESP32-C6 firmware	2026-09-24T11:23:59.3109113Z [431/1416] Building C object esp-idf/newlib/CMakeFiles/__idf_newlib.dir/newlib_init.c.obj^[[K
build	Build ESP32-C6 firmware	2026-09-24T11:23:59.3805716Z [432/1416] Building C object esp-idf/newlib/CMakeFiles/__idf_newlib.dir/termios.c.obj^[[K
build	Build ESP32-C6 firmware	2026-09-24T11:23:59.4126917Z [433/1416] Building C object esp-idf/newlib/CMakeFiles/__idf_newlib.dir/syscalls.c.obj^[[K
build	Build ESP32-C6 firmware	2026-09-24T11:23:59.4598796Z [434/1416] Building C object esp-idf/newlib/CMakeFiles/__idf_newlib.dir/sysconf.c.obj^[[K
build	Build ESP32-C6 firmware	2026-09-24T11:23:59.4765196Z [435/1416] Building C object esp-idf/newlib/CMakeFiles/__idf_newlib.dir/stdatomic.c.obj^[[K
build	Build ESP32-C6 firmware	2026-09-24T11:23:59.5081151Z [436/1416] Building C object esp-idf/newlib/CMakeFiles/__idf_newlib.dir/realpath.c.obj^[[K
build	Build ESP32-C6 firmware	2026-09-24T11:23:59.5137921Z [437/1416] Building C object esp-idf/newlib/CMakeFiles/__idf_newlib.dir/scandir.c.obj^[[K
build	Build ESP32-C6 firmware	2026-09-24T11:23:59.6274808Z [438/1416] Building C object esp-idf/newlib/CMakeFiles/__idf_newlib.dir/time.c.obj^[[K
build	Build ESP32-C6 firmware	2026-09-24T11:23:59.7062356Z [439/1416] Building C object esp-idf/newlib/CMakeFiles/__idf_newlib.dir/port/esp_time_impl.c.obj^[[K
build	Build ESP32-C6 firmware	2026-09-24T11:23:59.7192966Z [440/1416] Building C object esp-idf/pthread/CMakeFiles/__idf_pthread.dir/pthread_local_storage.c.obj^[[K
build	Build ESP32-C6 firmware	2026-09-24T11:23:59.8212819Z [441/1416] Building C object esp-idf/pthread/CMakeFiles/__idf_pthread.dir/pthread_cond_var.c.obj^[[K
build	Build ESP32-C6 firmware	2026-09-24T11:23:59.8646151Z [442/1416] Building C object esp-idf/pthread/CMakeFiles/__idf_pthread.dir/pthread_rwlock.c.obj^[[K
build	Build ESP32-C6 firmware	2026-09-24T11:23:59.8810111Z [443/1416] Building CXX object esp-idf/cxx/CMakeFiles/__idf_cxx.dir/cxx_exception_stubs.cpp.obj^[[K
build	Build ESP32-C6 firmware	2026-09-24T11:23:59.9265555Z [444/1416] Building C object esp-idf/pthread/CMakeFiles/__idf_pthread.dir/pthread_semaphore.c.obj^[[K
build	Build ESP32-C6 firmware	2026-09-24T11:23:59.9887173Z [445/1416] Building C object esp-idf/pthread/CMakeFiles/__idf_pthread.dir/pthread.c.obj^[[K
build	Build ESP32-C6 firmware	2026-09-24T11:24:00.0196936Z [446/1416] Building CXX object esp-idf/cxx/CMakeFiles/__idf_cxx.dir/cxx_init.cpp.obj^[[K
build	Build ESP32-C6 firmware	2026-09-24T11:24:00.0980078Z [447/1416] Building C object esp-idf/esp_timer/CMakeFiles/__idf_esp_timer.dir/src/esp_timer_init.c.obj^[[K
build	Build ESP32-C6 firmware	2026-09-24T11:24:00.1222810Z [448/1416] Building C object esp-idf/esp_timer/CMakeFiles/__idf_esp_timer.dir/src/ets_timer_legacy.c.obj^[[K
build	Build ESP32-C6 firmware	2026-09-24T11:24:00.2046810Z [449/1416] Building C object esp-idf/esp_timer/CMakeFiles/__idf_esp_timer.dir/src/system_time.c.obj^[[K
build	Build ESP32-C6 firmware	2026-09-24T11:24:00.2278999Z [450/1416] Building C object esp-idf/esp_timer/CMakeFiles/__idf_esp_timer.dir/src/esp_timer_etm.c.obj^[[K
build	Build ESP32-C6 firmware	2026-09-24T11:24:00.2596585Z [451/1416] Building C object esp-idf/esp_timer/CMakeFiles/__idf_esp_timer.dir/src/esp_timer.c.obj^[[K
build	Build ESP32-C6 firmware	2026-09-24T11:24:00.3939618Z [452/1416] Building C object esp-idf/esp_timer/CMakeFiles/__idf_esp_timer.dir/src/esp_timer_impl_common.c.obj^[[K
build	Build ESP32-C6 firmware	2026-09-24T11:24:00.5248888Z [453/1416] Building C object esp-idf/esp_timer/CMakeFiles/__idf_esp_timer.dir/src/esp_timer_impl_systimer.c.obj^[[K
build	Build ESP32-C6 firmware	2026-09-24T11:24:00.5311400Z [454/1416] Building C object esp-idf/esp_driver_gptimer/CMakeFiles/__idf_esp_driver_gptimer.dir/src/gptimer_common.c.obj^[[K
build	Build ESP32-C6 firmware	2026-09-24T11:24:00.5590782Z [455/1416] Building C object esp-idf/esp_driver_gptimer/CMakeFiles/__idf_esp_driver_gptimer.dir/src/gptimer_etm.c.obj^[[K
build	Build ESP32-C6 firmware	2026-09-24T11:24:00.6720608Z [456/1416] Building C object esp-idf/esp_driver_gptimer/CMakeFiles/__idf_esp_driver_gptimer.dir/src/gptimer.c.obj^[[K
build	Build ESP32-C6 firmware	2026-09-24T11:24:00.8293114Z [457/1416] Building CXX object esp-idf/cxx/CMakeFiles/__idf_cxx.dir/cxx_guards.cpp.obj^[[K
build	Build ESP32-C6 firmware	2026-09-24T11:24:00.8729027Z [458/1416] Building C object esp-idf/esp_event/CMakeFiles/__idf_esp_event.dir/esp_event_private.c.obj^[[K
build	Build ESP32-C6 firmware	2026-09-24T11:24:00.9422165Z [459/1416] Building C object esp-idf/esp_event/CMakeFiles/__idf_esp_event.dir/default_event_loop.c.obj^[[K
build	Build ESP32-C6 firmware	2026-09-24T11:24:00.9616829Z [460/1416] Building C object esp-idf/esp_event/CMakeFiles/__idf_esp_event.dir/esp_event.c.obj^[[K
build	Build ESP32-C6 firmware	2026-09-24T11:24:00.9794818Z [461/1416] Building C object esp-idf/esp_ringbuf/CMakeFiles/__idf_esp_ringbuf.dir/ringbuf.c.obj^[[K
build	Build ESP32-C6 firmware	2026-09-24T11:24:01.5447065Z [462/1416] Building C object esp-idf/esp_driver_uart/CMakeFiles/__idf_esp_driver_uart.dir/src/uart_vfs.c.obj^[[K
build	Build ESP32-C6 firmware	2026-09-24T11:24:04.1922612Z [463/1416] Building C object esp-idf/esp_driver_uart/CMakeFiles/__idf_esp_driver_uart.dir/src/uart.c.obj^[[K
build	Build ESP32-C6 firmware	2026-09-24T11:24:04.2158522Z [464/1416] Building CXX object esp-idf/nvs_flash/CMakeFiles/__idf_nvs_flash.dir/src/nvs_pagemanager.cpp.obj^[[K
build	Build ESP32-C6 firmware	2026-09-24T11:24:04.2413551Z [465/1416] Building CXX object esp-idf/nvs_flash/CMakeFiles/__idf_nvs_flash.dir/src/nvs_api.cpp.obj^[[K
build	Build ESP32-C6 firmware	2026-09-24T11:24:04.2503698Z [466/1416] Building CXX object esp-idf/nvs_flash/CMakeFiles/__idf_nvs_flash.dir/src/nvs_item_hash_list.cpp.obj^[[K
build	Build ESP32-C6 firmware	2026-09-24T11:24:04.6058945Z [467/1416] Building CXX object esp-idf/nvs_flash/CMakeFiles/__idf_nvs_flash.dir/src/nvs_cxx_api.cpp.obj^[[K
build	Build ESP32-C6 firmware	2026-09-24T11:24:04.9318898Z [468/1416] Building CXX object esp-idf/nvs_flash/CMakeFiles/__idf_nvs_flash.dir/src/nvs_page.cpp.obj^[[K
build	Build ESP32-C6 firmware	2026-09-24T11:24:05.0169115Z [469/1416] Building CXX object esp-idf/nvs_flash/CMakeFiles/__idf_nvs_flash.dir/src/nvs_storage.cpp.obj^[[K
build	Build ESP32-C6 firmware	2026-09-24T11:24:05.1554590Z [470/1416] Building CXX object esp-idf/nvs_flash/CMakeFiles/__idf_nvs_flash.dir/src/nvs_partition_lookup.cpp.obj^[[K
build	Build ESP32-C6 firmware	2026-09-24T11:24:05.2613187Z [471/1416] Building CXX object esp-idf/nvs_flash/CMakeFiles/__idf_nvs_flash.dir/src/nvs_partition.cpp.obj^[[K
build	Build ESP32-C6 firmware	2026-09-24T11:24:05.5163615Z [472/1416] Building CXX object esp-idf/nvs_flash/CMakeFiles/__idf_nvs_flash.dir/src/nvs_platform.cpp.obj^[[K
build	Build ESP32-C6 firmware	2026-09-24T11:24:06.2554011Z [473/1416] Building C object esp-idf/nvs_flash/CMakeFiles/__idf_nvs_flash.dir/src/nvs_bootloader.c.obj^[[K
build	Build ESP32-C6 firmware	2026-09-24T11:24:06.6350818Z [474/1416] Building C object esp-idf/esp_driver_pcnt/CMakeFiles/__idf_esp_driver_pcnt.dir/src/pulse_cnt.c.obj^[[K
build	Build ESP32-C6 firmware	2026-09-24T11:24:07.5012636Z [475/1416] Building C object esp-idf/esp_driver_spi/CMakeFiles/__idf_esp_driver_spi.dir/src/gpspi/spi_common.c.obj^[[K
build	Build ESP32-C6 firmware	2026-09-24T11:24:07.7607138Z [476/1416] Building C object esp-idf/esp_driver_spi/CMakeFiles/__idf_esp_driver_spi.dir/src/gpspi/spi_master.c.obj^[[K
build	Build ESP32-C6 firmware	2026-09-24T11:24:07.9043646Z [477/1416] Building CXX object esp-idf/nvs_flash/CMakeFiles/__idf_nvs_flash.dir/src/nvs_handle_locked.cpp.obj^[[K
build	Build ESP32-C6 firmware	2026-09-24T11:24:07.9708843Z [478/1416] Building C object esp-idf/esp_driver_spi/CMakeFiles/__idf_esp_driver_spi.dir/src/gpspi/spi_dma.c.obj^[[K
build	Build ESP32-C6 firmware	2026-09-24T11:24:08.1814872Z [479/1416] Building CXX object esp-idf/nvs_flash/CMakeFiles/__idf_nvs_flash.dir/src/nvs_partition_manager.cpp.obj^[[K
build	Build ESP32-C6 firmware	2026-09-24T11:24:08.4488700Z [480/1416] Building C object esp-idf/esp_driver_spi/CMakeFiles/__idf_esp_driver_spi.dir/src/gpspi/spi_slave.c.obj^[[K
build	Build ESP32-C6 firmware	2026-09-24T11:24:08.5056949Z [481/1416] Building CXX object esp-idf/nvs_flash/CMakeFiles/__idf_nvs_flash.dir/src/nvs_handle_simple.cpp.obj^[[K
build	Build ESP32-C6 firmware	2026-09-24T11:24:08.6563076Z [482/1416] Building C object esp-idf/esp_driver_spi/CMakeFiles/__idf_esp_driver_spi.dir/src/gpspi/spi_slave_hd.c.obj^[[K
build	Build ESP32-C6 firmware	2026-09-24T11:24:08.7206706Z [483/1416] Building C object esp-idf/esp_driver_mcpwm/CMakeFiles/__idf_esp_driver_mcpwm.dir/src/mcpwm_cmpr.c.obj^[[K
build	Build ESP32-C6 firmware	2026-09-24T11:24:08.9096739Z [484/1416] Building C object esp-idf/esp_driver_mcpwm/CMakeFiles/__idf_esp_driver_mcpwm.dir/src/mcpwm_cap.c.obj^[[K
build	Build ESP32-C6 firmware	2026-09-24T11:24:08.9766733Z [485/1416] Building C object esp-idf/esp_driver_mcpwm/CMakeFiles/__idf_esp_driver_mcpwm.dir/src/mcpwm_com.c.obj^[[K
build	Build ESP32-C6 firmware	2026-09-24T11:24:09.2436694Z [486/1416] Building C object esp-idf/esp_driver_mcpwm/CMakeFiles/__idf_esp_driver_mcpwm.dir/src/mcpwm_fault.c.obj^[[K
build	Build ESP32-C6 firmware	2026-09-24T11:24:09.2650308Z [487/1416] Building C object esp-idf/esp_driver_mcpwm/CMakeFiles/__idf_esp_driver_mcpwm.dir/src/mcpwm_gen.c.obj^[[K
build	Build ESP32-C6 firmware	2026-09-24T11:24:09.2730863Z [488/1416] Building CXX object esp-idf/nvs_flash/CMakeFiles/__idf_nvs_flash.dir/src/nvs_types.cpp.obj^[[K
build	Build ESP32-C6 firmware	2026-09-24T11:24:09.3811180Z [489/1416] Building C object esp-idf/esp_driver_mcpwm/CMakeFiles/__idf_esp_driver_mcpwm.dir/src/mcpwm_oper.c.obj^[[K
build	Build ESP32-C6 firmware	2026-09-24T11:24:09.4934281Z [490/1416] Building CXX object esp-idf/nvs_flash/CMakeFiles/__idf_nvs_flash.dir/src/nvs_encrypted_partition.cpp.obj^[[K
build	Build ESP32-C6 firmware	2026-09-24T11:24:09.5049176Z [491/1416] Building C object esp-idf/esp_driver_mcpwm/CMakeFiles/__idf_esp_driver_mcpwm.dir/src/mcpwm_sync.c.obj^[[K
build	Build ESP32-C6 firmware	2026-09-24T11:24:09.5138505Z [492/1416] Building C object esp-idf/esp_driver_mcpwm/CMakeFiles/__idf_esp_driver_mcpwm.dir/src/mcpwm_timer.c.obj^[[K
build	Build ESP32-C6 firmware	2026-09-24T11:24:09.7386637Z [493/1416] Building C object esp-idf/esp_driver_mcpwm/CMakeFiles/__idf_esp_driver_mcpwm.dir/src/mcpwm_etm.c.obj^[[K
build	Build ESP32-C6 firmware	2026-09-24T11:24:09.8441274Z [494/1416] Building C object esp-idf/esp_driver_i2s/CMakeFiles/__idf_esp_driver_i2s.dir/i2s_std.c.obj^[[K
build	Build ESP32-C6 firmware	2026-09-24T11:24:09.8502671Z [495/1416] Building C object esp-idf/esp_driver_i2s/CMakeFiles/__idf_esp_driver_i2s.dir/i2s_platform.c.obj^[[K
build	Build ESP32-C6 firmware	2026-09-24T11:24:09.8872268Z [496/1416] Building C object esp-idf/esp_driver_i2s/CMakeFiles/__idf_esp_driver_i2s.dir/i2s_pdm.c.obj^[[K
build	Build ESP32-C6 firmware	2026-09-24T11:24:09.9057841Z [497/1416] Building C object esp-idf/esp_driver_i2s/CMakeFiles/__idf_esp_driver_i2s.dir/i2s_tdm.c.obj^[[K
build	Build ESP32-C6 firmware	2026-09-24T11:24:09.9176772Z [498/1416] Building C object esp-idf/esp_driver_i2s/CMakeFiles/__idf_esp_driver_i2s.dir/i2s_etm.c.obj^[[K
build	Build ESP32-C6 firmware	2026-09-24T11:24:10.1345981Z [499/1416] Building C object esp-idf/esp_driver_i2s/CMakeFiles/__idf_esp_driver_i2s.dir/i2s_common.c.obj^[[K
build	Build ESP32-C6 firmware	2026-09-24T11:24:10.1681205Z [500/1416] Building C object esp-idf/sdmmc/CMakeFiles/__idf_sdmmc.dir/sdmmc_init.c.obj^[[K
build	Build ESP32-C6 firmware	2026-09-24T11:24:10.2063399Z [501/1416] Building C object esp-idf/sdmmc/CMakeFiles/__idf_sdmmc.dir/sdmmc_mmc.c.obj^[[K
build	Build ESP32-C6 firmware	2026-09-24T11:24:10.2591321Z [502/1416] Building C object esp-idf/sdmmc/CMakeFiles/__idf_sdmmc.dir/sdmmc_cmd.c.obj^[[K
build	Build ESP32-C6 firmware	2026-09-24T11:24:10.3121810Z [503/1416] Building C object esp-idf/esp_driver_sdspi/CMakeFiles/__idf_esp_driver_sdspi.dir/src/sdspi_crc.c.obj^[[K
build	Build ESP32-C6 firmware	2026-09-24T11:24:10.3342135Z [504/1416] Building C object esp-idf/sdmmc/CMakeFiles/__idf_sdmmc.dir/sdmmc_common.c.obj^[[K
build	Build ESP32-C6 firmware	2026-09-24T11:24:10.3415898Z [505/1416] Building C object esp-idf/sdmmc/CMakeFiles/__idf_sdmmc.dir/sd_pwr_ctrl/sd_pwr_ctrl.c.obj^[[K
build	Build ESP32-C6 firmware	2026-09-24T11:24:10.3705987Z [506/1416] Building C object esp-idf/sdmmc/CMakeFiles/__idf_sdmmc.dir/sdmmc_sd.c.obj^[[K
build	Build ESP32-C6 firmware	2026-09-24T11:24:10.5996926Z [507/1416] Building C object esp-idf/sdmmc/CMakeFiles/__idf_sdmmc.dir/sdmmc_io.c.obj^[[K
build	Build ESP32-C6 firmware	2026-09-24T11:24:10.6319825Z [508/1416] Building C object esp-idf/esp_driver_sdspi/CMakeFiles/__idf_esp_driver_sdspi.dir/src/sdspi_transaction.c.obj^[[K
build	Build ESP32-C6 firmware	2026-09-24T11:24:10.6330552Z [509/1416] Building C object esp-idf/esp_driver_rmt/CMakeFiles/__idf_esp_driver_rmt.dir/src/rmt_common.c.obj^[[K
build	Build ESP32-C6 firmware	2026-09-24T11:24:10.7435747Z [510/1416] Building C object esp-idf/esp_driver_sdspi/CMakeFiles/__idf_esp_driver_sdspi.dir/src/sdspi_host.c.obj^[[K
build	Build ESP32-C6 firmware	2026-09-24T11:24:10.8350842Z [511/1416] Building C object esp-idf/esp_driver_rmt/CMakeFiles/__idf_esp_driver_rmt.dir/src/rmt_encoder.c.obj^[[K
build	Build ESP32-C6 firmware	2026-09-24T11:24:10.8875783Z [512/1416] Building C object esp-idf/esp_driver_tsens/CMakeFiles/__idf_esp_driver_tsens.dir/src/temperature_sensor_etm.c.obj^[[K
build	Build ESP32-C6 firmware	2026-09-24T11:24:10.9184994Z [513/1416] Building C object esp-idf/esp_driver_sdio/CMakeFiles/__idf_esp_driver_sdio.dir/src/sdio_slave.c.obj^[[K
build	Build ESP32-C6 firmware	2026-09-24T11:24:11.1309991Z [514/1416] Building C object esp-idf/esp_driver_rmt/CMakeFiles/__idf_esp_driver_rmt.dir/src/rmt_rx.c.obj^[[K
build	Build ESP32-C6 firmware	2026-09-24T11:24:11.1946409Z [515/1416] Building C object esp-idf/esp_driver_tsens/CMakeFiles/__idf_esp_driver_tsens.dir/src/temperature_sensor.c.obj^[[K
build	Build ESP32-C6 firmware	2026-09-24T11:24:11.3093799Z [516/1416] Building C object esp-idf/esp_driver_sdm/CMakeFiles/__idf_esp_driver_sdm.dir/src/sdm.c.obj^[[K
build	Build ESP32-C6 firmware	2026-09-24T11:24:11.3571310Z [517/1416] Building C object esp-idf/esp_driver_rmt/CMakeFiles/__idf_esp_driver_rmt.dir/src/rmt_tx.c.obj^[[K
build	Build ESP32-C6 firmware	2026-09-24T11:24:11.3790330Z [518/1416] Building C object esp-idf/esp_driver_i2c/CMakeFiles/__idf_esp_driver_i2c.dir/i2c_common.c.obj^[[K
build	Build ESP32-C6 firmware	2026-09-24T11:24:11.5704687Z [519/1416] Building C object esp-idf/esp_driver_i2c/CMakeFiles/__idf_esp_driver_i2c.dir/i2c_slave.c.obj^[[K
build	Build ESP32-C6 firmware	2026-09-24T11:24:11.6643159Z [520/1416] Building C object esp-idf/esp_driver_parlio/CMakeFiles/__idf_esp_driver_parlio.dir/src/parlio_common.c.obj^[[K
build	Build ESP32-C6 firmware	2026-09-24T11:24:11.7267496Z [521/1416] Building C object esp-idf/esp_driver_usb_serial_jtag/CMakeFiles/__idf_esp_driver_usb_serial_jtag.dir/src/usb_serial_jtag.c.obj^[[K
build	Build ESP32-C6 firmware	2026-09-24T11:24:11.7600849Z [522/1416] Building C object esp-idf/esp_driver_i2c/CMakeFiles/__idf_esp_driver_i2c.dir/i2c_master.c.obj^[[K
build	Build ESP32-C6 firmware	2026-09-24T11:24:11.8255600Z [523/1416] Building C object esp-idf/esp_driver_usb_serial_jtag/CMakeFiles/__idf_esp_driver_usb_serial_jtag.dir/src/usb_serial_jtag_connection_monitor.c.obj^[[K
build	Build ESP32-C6 firmware	2026-09-24T11:24:12.0984225Z [524/1416] Building C object esp-idf/esp_driver_parlio/CMakeFiles/__idf_esp_driver_parlio.dir/src/parlio_tx.c.obj^[[K
build	Build ESP32-C6 firmware	2026-09-24T11:24:12.1185036Z [525/1416] Building C object esp-idf/driver/CMakeFiles/__idf_driver.dir/deprecated/adc_legacy.c.obj^[[K
build	Build ESP32-C6 firmware	2026-09-24T11:24:12.1578624Z [526/1416] Building C object esp-idf/esp_driver_parlio/CMakeFiles/__idf_esp_driver_parlio.dir/src/parlio_rx.c.obj^[[K
build	Build ESP32-C6 firmware	2026-09-24T11:24:12.1975358Z [527/1416] Building C object esp-idf/driver/CMakeFiles/__idf_driver.dir/deprecated/adc_dma_legacy.c.obj^[[K
build	Build ESP32-C6 firmware	2026-09-24T11:24:12.2547348Z [528/1416] Building C object esp-idf/esp_driver_usb_serial_jtag/CMakeFiles/__idf_esp_driver_usb_serial_jtag.dir/src/usb_serial_jtag_vfs.c.obj^[[K
build	Build ESP32-C6 firmware	2026-09-24T11:24:12.6328416Z [529/1416] Building C object esp-idf/esp_driver_ledc/CMakeFiles/__idf_esp_driver_ledc.dir/src/ledc.c.obj^[[K
build	Build ESP32-C6 firmware	2026-09-24T11:24:12.8638178Z [530/1416] Building C object esp-idf/driver/CMakeFiles/__idf_driver.dir/deprecated/timer_legacy.c.obj^[[K
build	Build ESP32-C6 firmware	2026-09-24T11:24:12.8723694Z [531/1416] Building C object esp-idf/driver/CMakeFiles/__idf_driver.dir/deprecated/pcnt_legacy.c.obj^[[K
build	Build ESP32-C6 firmware	2026-09-24T11:24:12.9911445Z [532/1416] Building C object esp-idf/driver/CMakeFiles/__idf_driver.dir/i2c/i2c.c.obj^[[K
build	Build ESP32-C6 firmware	2026-09-24T11:24:12.9931580Z [533/1416] Building C object esp-idf/driver/CMakeFiles/__idf_driver.dir/deprecated/mcpwm_legacy.c.obj^[[K
build	Build ESP32-C6 firmware	2026-09-24T11:24:13.0446429Z [534/1416] Building C object esp-idf/driver/CMakeFiles/__idf_driver.dir/deprecated/sigma_delta_legacy.c.obj^[[K
build	Build ESP32-C6 firmware	2026-09-24T11:24:13.1713336Z [535/1416] Building C object esp-idf/driver/CMakeFiles/__idf_driver.dir/deprecated/i2s_legacy.c.obj^[[K
build	Build ESP32-C6 firmware	2026-09-24T11:24:13.2531269Z [536/1416] Building C object esp-idf/esp_phy/CMakeFiles/__idf_esp_phy.dir/src/lib_printf.c.obj^[[K
build	Build ESP32-C6 firmware	2026-09-24T11:24:13.2727974Z [537/1416] Building C object esp-idf/driver/CMakeFiles/__idf_driver.dir/deprecated/rtc_temperature_legacy.c.obj^[[K
build	Build ESP32-C6 firmware	2026-09-24T11:24:13.3477889Z [538/1416] Building C object esp-idf/esp_phy/CMakeFiles/__idf_esp_phy.dir/src/phy_override.c.obj^[[K
build	Build ESP32-C6 firmware	2026-09-24T11:24:13.3745667Z [539/1416] Building C object esp-idf/driver/CMakeFiles/__idf_driver.dir/twai/twai.c.obj^[[K
build	Build ESP32-C6 firmware	2026-09-24T11:24:13.4018285Z [540/1416] Building C object esp-idf/esp_phy/CMakeFiles/__idf_esp_phy.dir/src/phy_common.c.obj^[[K
build	Build ESP32-C6 firmware	2026-09-24T11:24:13.4137088Z [541/1416] Building C object esp-idf/esp_phy/CMakeFiles/__idf_esp_phy.dir/esp32c6/phy_init_data.c.obj^[[K
build	Build ESP32-C6 firmware	2026-09-24T11:24:13.5115482Z [542/1416] Building C object esp-idf/driver/CMakeFiles/__idf_driver.dir/deprecated/rmt_legacy.c.obj^[[K
build	Build ESP32-C6 firmware	2026-09-24T11:24:13.5633854Z [543/1416] Building C object esp-idf/esp_phy/CMakeFiles/__idf_esp_phy.dir/src/btbb_init.c.obj^[[K
build	Build ESP32-C6 firmware	2026-09-24T11:24:13.7272492Z [544/1416] Building C object esp-idf/esp_phy/CMakeFiles/__idf_esp_phy.dir/src/phy_init.c.obj^[[K
build	Build ESP32-C6 firmware	2026-09-24T11:24:13.8132114Z [545/1416] Building C object esp-idf/esp_vfs_console/CMakeFiles/__idf_esp_vfs_console.dir/vfs_console.c.obj^[[K
build	Build ESP32-C6 firmware	2026-09-24T11:24:13.8330366Z [546/1416] Building C object esp-idf/vfs/CMakeFiles/__idf_vfs.dir/vfs_semihost.c.obj^[[K
build	Build ESP32-C6 firmware	2026-09-24T11:24:13.9809325Z [547/1416] Building C object esp-idf/vfs/CMakeFiles/__idf_vfs.dir/vfs_eventfd.c.obj^[[K
build	Build ESP32-C6 firmware	2026-09-24T11:24:13.9896812Z [548/1416] Building C object esp-idf/lwip/CMakeFiles/__idf_lwip.dir/apps/sntp/sntp.c.obj^[[K
build	Build ESP32-C6 firmware	2026-09-24T11:24:14.1419933Z [549/1416] Building C object esp-idf/vfs/CMakeFiles/__idf_vfs.dir/nullfs.c.obj^[[K
build	Build ESP32-C6 firmware	2026-09-24T11:24:14.1960997Z [550/1416] Building C object esp-idf/vfs/CMakeFiles/__idf_vfs.dir/vfs.c.obj^[[K
build	Build ESP32-C6 firmware	2026-09-24T11:24:14.2004709Z [551/1416] Building C object esp-idf/lwip/CMakeFiles/__idf_lwip.dir/lwip/src/api/err.c.obj^[[K
build	Build ESP32-C6 firmware	2026-09-24T11:24:14.2332048Z [552/1416] Building C object esp-idf/lwip/CMakeFiles/__idf_lwip.dir/lwip/src/api/api_lib.c.obj^[[K
build	Build ESP32-C6 firmware	2026-09-24T11:24:14.4122445Z [553/1416] Building C object esp-idf/lwip/CMakeFiles/__idf_lwip.dir/lwip/src/api/if_api.c.obj^[[K
build	Build ESP32-C6 firmware	2026-09-24T11:24:14.4812553Z [554/1416] Building C object esp-idf/lwip/CMakeFiles/__idf_lwip.dir/lwip/src/api/netbuf.c.obj^[[K
build	Build ESP32-C6 firmware	2026-09-24T11:24:14.5039550Z [555/1416] Building C object esp-idf/lwip/CMakeFiles/__idf_lwip.dir/lwip/src/api/netdb.c.obj^[[K
build	Build ESP32-C6 firmware	2026-09-24T11:24:14.5459147Z [556/1416] Building C object esp-idf/lwip/CMakeFiles/__idf_lwip.dir/lwip/src/api/netifapi.c.obj^[[K
build	Build ESP32-C6 firmware	2026-09-24T11:24:14.6048626Z [557/1416] Building C object esp-idf/lwip/CMakeFiles/__idf_lwip.dir/lwip/src/api/api_msg.c.obj^[[K
build	Build ESP32-C6 firmware	2026-09-24T11:24:14.7837051Z [558/1416] Building C object esp-idf/lwip/CMakeFiles/__idf_lwip.dir/lwip/src/api/tcpip.c.obj^[[K
build	Build ESP32-C6 firmware	2026-09-24T11:24:14.8745706Z [559/1416] Building C object esp-idf/lwip/CMakeFiles/__idf_lwip.dir/lwip/src/apps/sntp/sntp.c.obj^[[K
build	Build ESP32-C6 firmware	2026-09-24T11:24:14.8919312Z [560/1416] Building C object esp-idf/lwip/CMakeFiles/__idf_lwip.dir/lwip/src/apps/netbiosns/netbiosns.c.obj^[[K
build	Build ESP32-C6 firmware	2026-09-24T11:24:14.9532028Z [561/1416] Building C object esp-idf/lwip/CMakeFiles/__idf_lwip.dir/lwip/src/core/def.c.obj^[[K
build	Build ESP32-C6 firmware	2026-09-24T11:24:14.9945453Z [562/1416] Building C object esp-idf/lwip/CMakeFiles/__idf_lwip.dir/lwip/src/core/inet_chksum.c.obj^[[K
build	Build ESP32-C6 firmware	2026-09-24T11:24:15.1083542Z [563/1416] Building C object esp-idf/lwip/CMakeFiles/__idf_lwip.dir/lwip/src/core/dns.c.obj^[[K
build	Build ESP32-C6 firmware	2026-09-24T11:24:15.1317465Z [564/1416] Building C object esp-idf/lwip/CMakeFiles/__idf_lwip.dir/lwip/src/core/init.c.obj^[[K
build	Build ESP32-C6 firmware	2026-09-24T11:24:15.2265785Z [565/1416] Building C object esp-idf/lwip/CMakeFiles/__idf_lwip.dir/lwip/src/api/sockets.c.obj^[[K
build	Build ESP32-C6 firmware	2026-09-24T11:24:15.2983823Z [566/1416] Building C object esp-idf/lwip/CMakeFiles/__idf_lwip.dir/lwip/src/core/ip.c.obj^[[K
build	Build ESP32-C6 firmware	2026-09-24T11:24:15.3524770Z [567/1416] Building C object esp-idf/lwip/CMakeFiles/__idf_lwip.dir/lwip/src/core/mem.c.obj^[[K
build	Build ESP32-C6 firmware	2026-09-24T11:24:15.4336548Z [568/1416] Building C object esp-idf/lwip/CMakeFiles/__idf_lwip.dir/lwip/src/core/memp.c.obj^[[K
build	Build ESP32-C6 firmware	2026-09-24T11:24:15.4856772Z [569/1416] Building C object esp-idf/lwip/CMakeFiles/__idf_lwip.dir/lwip/src/core/stats.c.obj^[[K
build	Build ESP32-C6 firmware	2026-09-24T11:24:15.5537174Z [570/1416] Building C object esp-idf/lwip/CMakeFiles/__idf_lwip.dir/lwip/src/core/netif.c.obj^[[K
build	Build ESP32-C6 firmware	2026-09-24T11:24:15.5797356Z [571/1416] Building C object esp-idf/lwip/CMakeFiles/__idf_lwip.dir/lwip/src/core/pbuf.c.obj^[[K
build	Build ESP32-C6 firmware	2026-09-24T11:24:15.6804705Z [572/1416] Building C object esp-idf/lwip/CMakeFiles/__idf_lwip.dir/lwip/src/core/sys.c.obj^[[K
build	Build ESP32-C6 firmware	2026-09-24T11:24:15.9078565Z [573/1416] Building C object esp-idf/lwip/CMakeFiles/__idf_lwip.dir/lwip/src/core/raw.c.obj^[[K
build	Build ESP32-C6 firmware	2026-09-24T11:24:15.9356403Z [574/1416] Building C object esp-idf/lwip/CMakeFiles/__idf_lwip.dir/lwip/src/core/timeouts.c.obj^[[K
build	Build ESP32-C6 firmware	2026-09-24T11:24:15.9985812Z [575/1416] Building C object esp-idf/lwip/CMakeFiles/__idf_lwip.dir/lwip/src/core/ipv4/autoip.c.obj^[[K
build	Build ESP32-C6 firmware	2026-09-24T11:24:16.0564271Z [576/1416] Building C object esp-idf/lwip/CMakeFiles/__idf_lwip.dir/lwip/src/core/tcp_in.c.obj^[[K
build	Build ESP32-C6 firmware	2026-09-24T11:24:16.1972310Z [577/1416] Building C object esp-idf/lwip/CMakeFiles/__idf_lwip.dir/lwip/src/core/tcp_out.c.obj^[[K
build	Build ESP32-C6 firmware	2026-09-24T11:24:16.2120264Z [578/1416] Building C object esp-idf/lwip/CMakeFiles/__idf_lwip.dir/lwip/src/core/tcp.c.obj^[[K
build	Build ESP32-C6 firmware	2026-09-24T11:24:16.3426287Z [579/1416] Building C object esp-idf/lwip/CMakeFiles/__idf_lwip.dir/lwip/src/core/udp.c.obj^[[K
build	Build ESP32-C6 firmware	2026-09-24T11:24:16.4110785Z [580/1416] Building C object esp-idf/lwip/CMakeFiles/__idf_lwip.dir/lwip/src/core/ipv4/icmp.c.obj^[[K
build	Build ESP32-C6 firmware	2026-09-24T11:24:16.4271918Z [581/1416] Building C object esp-idf/lwip/CMakeFiles/__idf_lwip.dir/lwip/src/core/ipv4/ip4_napt.c.obj^[[K
build	Build ESP32-C6 firmware	2026-09-24T11:24:16.4406399Z [582/1416] Building C object esp-idf/lwip/CMakeFiles/__idf_lwip.dir/lwip/src/core/ipv4/etharp.c.obj^[[K
build	Build ESP32-C6 firmware	2026-09-24T11:24:16.5301593Z [583/1416] Building C object esp-idf/lwip/CMakeFiles/__idf_lwip.dir/lwip/src/core/ipv4/dhcp.c.obj^[[K
build	Build ESP32-C6 firmware	2026-09-24T11:24:16.6263961Z [584/1416] Building C object esp-idf/lwip/CMakeFiles/__idf_lwip.dir/lwip/src/core/ipv4/igmp.c.obj^[[K
build	Build ESP32-C6 firmware	2026-09-24T11:24:16.6609084Z [585/1416] Building C object esp-idf/lwip/CMakeFiles/__idf_lwip.dir/lwip/src/core/ipv4/ip4_addr.c.obj^[[K
build	Build ESP32-C6 firmware	2026-09-24T11:24:16.6830336Z [586/1416] Building C object esp-idf/lwip/CMakeFiles/__idf_lwip.dir/lwip/src/core/ipv4/ip4.c.obj^[[K
build	Build ESP32-C6 firmware	2026-09-24T11:24:16.7546083Z [587/1416] Building C object esp-idf/lwip/CMakeFiles/__idf_lwip.dir/lwip/src/core/ipv6/dhcp6.c.obj^[[K
build	Build ESP32-C6 firmware	2026-09-24T11:24:16.8256814Z [588/1416] Building C object esp-idf/lwip/CMakeFiles/__idf_lwip.dir/lwip/src/core/ipv4/ip4_frag.c.obj^[[K
build	Build ESP32-C6 firmware	2026-09-24T11:24:16.8928598Z [589/1416] Building C object esp-idf/lwip/CMakeFiles/__idf_lwip.dir/lwip/src/core/ipv6/ethip6.c.obj^[[K
build	Build ESP32-C6 firmware	2026-09-24T11:24:16.9252261Z [590/1416] Building C object esp-idf/lwip/CMakeFiles/__idf_lwip.dir/lwip/src/core/ipv6/icmp6.c.obj^[[K
build	Build ESP32-C6 firmware	2026-09-24T11:24:16.9935101Z [591/1416] Building C object esp-idf/lwip/CMakeFiles/__idf_lwip.dir/lwip/src/core/ipv6/inet6.c.obj^[[K
build	Build ESP32-C6 firmware	2026-09-24T11:24:17.0717026Z [592/1416] Building C object esp-idf/lwip/CMakeFiles/__idf_lwip.dir/lwip/src/core/ipv6/ip6_addr.c.obj^[[K
build	Build ESP32-C6 firmware	2026-09-24T11:24:17.1518384Z [593/1416] Building C object esp-idf/lwip/CMakeFiles/__idf_lwip.dir/lwip/src/core/ipv6/ip6_frag.c.obj^[[K
build	Build ESP32-C6 firmware	2026-09-24T11:24:17.2401899Z [594/1416] Building C object esp-idf/lwip/CMakeFiles/__idf_lwip.dir/lwip/src/core/ipv6/ip6.c.obj^[[K
build	Build ESP32-C6 firmware	2026-09-24T11:24:17.2445200Z [595/1416] Building C object esp-idf/lwip/CMakeFiles/__idf_lwip.dir/lwip/src/netif/bridgeif.c.obj^[[K
build	Build ESP32-C6 firmware	2026-09-24T11:24:17.2996418Z [596/1416] Building C object esp-idf/lwip/CMakeFiles/__idf_lwip.dir/lwip/src/core/ipv6/mld6.c.obj^[[K
build	Build ESP32-C6 firmware	2026-09-24T11:24:17.4240576Z [597/1416] Building C object esp-idf/lwip/CMakeFiles/__idf_lwip.dir/lwip/src/netif/ethernet.c.obj^[[K
build	Build ESP32-C6 firmware	2026-09-24T11:24:17.4756149Z [598/1416] Building C object esp-idf/lwip/CMakeFiles/__idf_lwip.dir/lwip/src/netif/ppp/auth.c.obj^[[K
build	Build ESP32-C6 firmware	2026-09-24T11:24:17.5556729Z [599/1416] Building C object esp-idf/lwip/CMakeFiles/__idf_lwip.dir/lwip/src/netif/bridgeif_fdb.c.obj^[[K
build	Build ESP32-C6 firmware	2026-09-24T11:24:17.5587994Z [600/1416] Building C object esp-idf/lwip/CMakeFiles/__idf_lwip.dir/lwip/src/netif/ppp/chap-md5.c.obj^[[K
build	Build ESP32-C6 firmware	2026-09-24T11:24:17.5865804Z [601/1416] Building C object esp-idf/lwip/CMakeFiles/__idf_lwip.dir/lwip/src/netif/slipif.c.obj^[[K
build	Build ESP32-C6 firmware	2026-09-24T11:24:17.6061990Z [602/1416] Building C object esp-idf/lwip/CMakeFiles/__idf_lwip.dir/lwip/src/netif/ppp/ccp.c.obj^[[K
build	Build ESP32-C6 firmware	2026-09-24T11:24:17.6721930Z [603/1416] Building C object esp-idf/lwip/CMakeFiles/__idf_lwip.dir/lwip/src/core/ipv6/nd6.c.obj^[[K
build	Build ESP32-C6 firmware	2026-09-24T11:24:17.7217881Z [604/1416] Building C object esp-idf/lwip/CMakeFiles/__idf_lwip.dir/lwip/src/netif/ppp/chap_ms.c.obj^[[K
build	Build ESP32-C6 firmware	2026-09-24T11:24:17.7985712Z [605/1416] Building C object esp-idf/lwip/CMakeFiles/__idf_lwip.dir/lwip/src/netif/ppp/chap-new.c.obj^[[K
build	Build ESP32-C6 firmware	2026-09-24T11:24:17.8172672Z [606/1416] Building C object esp-idf/lwip/CMakeFiles/__idf_lwip.dir/lwip/src/netif/ppp/ecp.c.obj^[[K
build	Build ESP32-C6 firmware	2026-09-24T11:24:17.8330262Z [607/1416] Building C object esp-idf/lwip/CMakeFiles/__idf_lwip.dir/lwip/src/netif/ppp/demand.c.obj^[[K
build	Build ESP32-C6 firmware	2026-09-24T11:24:17.8858169Z [608/1416] Building C object esp-idf/lwip/CMakeFiles/__idf_lwip.dir/lwip/src/netif/ppp/eap.c.obj^[[K
build	Build ESP32-C6 firmware	2026-09-24T11:24:17.9702833Z [609/1416] Building C object esp-idf/lwip/CMakeFiles/__idf_lwip.dir/lwip/src/netif/ppp/eui64.c.obj^[[K
build	Build ESP32-C6 firmware	2026-09-24T11:24:18.0196631Z [610/1416] Building C object esp-idf/lwip/CMakeFiles/__idf_lwip.dir/lwip/src/netif/ppp/fsm.c.obj^[[K
build	Build ESP32-C6 firmware	2026-09-24T11:24:18.0331235Z [611/1416] Building C object esp-idf/lwip/CMakeFiles/__idf_lwip.dir/lwip/src/netif/ppp/ipcp.c.obj^[[K
build	Build ESP32-C6 firmware	2026-09-24T11:24:18.0581145Z [612/1416] Building C object esp-idf/lwip/CMakeFiles/__idf_lwip.dir/lwip/src/netif/ppp/lcp.c.obj^[[K
build	Build ESP32-C6 firmware	2026-09-24T11:24:18.0727727Z [613/1416] Building C object esp-idf/lwip/CMakeFiles/__idf_lwip.dir/lwip/src/netif/ppp/ipv6cp.c.obj^[[K
build	Build ESP32-C6 firmware	2026-09-24T11:24:18.1190150Z [614/1416] Building C object esp-idf/lwip/CMakeFiles/__idf_lwip.dir/lwip/src/netif/ppp/magic.c.obj^[[K
build	Build ESP32-C6 firmware	2026-09-24T11:24:18.2632852Z [615/1416] Building C object esp-idf/lwip/CMakeFiles/__idf_lwip.dir/lwip/src/netif/ppp/mppe.c.obj^[[K
build	Build ESP32-C6 firmware	2026-09-24T11:24:18.2722187Z [616/1416] Building C object esp-idf/lwip/CMakeFiles/__idf_lwip.dir/lwip/src/netif/ppp/pppapi.c.obj^[[K
build	Build ESP32-C6 firmware	2026-09-24T11:24:18.2783860Z [617/1416] Building C object esp-idf/lwip/CMakeFiles/__idf_lwip.dir/lwip/src/netif/ppp/multilink.c.obj^[[K
build	Build ESP32-C6 firmware	2026-09-24T11:24:18.3031813Z [618/1416] Building C object esp-idf/lwip/CMakeFiles/__idf_lwip.dir/lwip/src/netif/ppp/ppp.c.obj^[[K
build	Build ESP32-C6 firmware	2026-09-24T11:24:18.3693484Z [619/1416] Building C object esp-idf/lwip/CMakeFiles/__idf_lwip.dir/lwip/src/netif/ppp/pppoe.c.obj^[[K
build	Build ESP32-C6 firmware	2026-09-24T11:24:18.4199263Z [620/1416] Building C object esp-idf/lwip/CMakeFiles/__idf_lwip.dir/lwip/src/netif/ppp/pppcrypt.c.obj^[[K
build	Build ESP32-C6 firmware	2026-09-24T11:24:18.4771152Z [621/1416] Building C object esp-idf/lwip/CMakeFiles/__idf_lwip.dir/lwip/src/netif/ppp/pppol2tp.c.obj^[[K
build	Build ESP32-C6 firmware	2026-09-24T11:24:18.5264991Z [622/1416] Building C object esp-idf/lwip/CMakeFiles/__idf_lwip.dir/lwip/src/netif/ppp/vj.c.obj^[[K
build	Build ESP32-C6 firmware	2026-09-24T11:24:18.5503806Z [623/1416] Building C object esp-idf/lwip/CMakeFiles/__idf_lwip.dir/lwip/src/netif/ppp/pppos.c.obj^[[K
build	Build ESP32-C6 firmware	2026-09-24T11:24:18.6458293Z [624/1416] Building C object esp-idf/lwip/CMakeFiles/__idf_lwip.dir/lwip/src/netif/ppp/utils.c.obj^[[K
build	Build ESP32-C6 firmware	2026-09-24T11:24:18.7135231Z [625/1416] Building C object esp-idf/lwip/CMakeFiles/__idf_lwip.dir/lwip/src/netif/ppp/upap.c.obj^[[K
build	Build ESP32-C6 firmware	2026-09-24T11:24:18.7755992Z [626/1416] Building C object esp-idf/lwip/CMakeFiles/__idf_lwip.dir/port/hooks/tcp_isn_default.c.obj^[[K
build	Build ESP32-C6 firmware	2026-09-24T11:24:18.8291052Z [627/1416] Building C object esp-idf/lwip/CMakeFiles/__idf_lwip.dir/port/hooks/lwip_default_hooks.c.obj^[[K
build	Build ESP32-C6 firmware	2026-09-24T11:24:18.8805870Z [628/1416] Building C object esp-idf/lwip/CMakeFiles/__idf_lwip.dir/port/debug/lwip_debug.c.obj^[[K
build	Build ESP32-C6 firmware	2026-09-24T11:24:18.9050510Z [629/1416] Building C object esp-idf/lwip/CMakeFiles/__idf_lwip.dir/port/freertos/sys_arch.c.obj^[[K
build	Build ESP32-C6 firmware	2026-09-24T11:24:19.0296570Z [630/1416] Building C object esp-idf/lwip/CMakeFiles/__idf_lwip.dir/port/sockets_ext.c.obj^[[K
build	Build ESP32-C6 firmware	2026-09-24T11:24:19.0560623Z [631/1416] Building C object esp-idf/lwip/CMakeFiles/__idf_lwip.dir/port/esp32xx/vfs_lwip.c.obj^[[K
build	Build ESP32-C6 firmware	2026-09-24T11:24:19.0696946Z [632/1416] Building C object esp-idf/lwip/CMakeFiles/__idf_lwip.dir/port/acd_dhcp_check.c.obj^[[K
build	Build ESP32-C6 firmware	2026-09-24T11:24:19.2089819Z [633/1416] Building C object esp-idf/lwip/CMakeFiles/__idf_lwip.dir/apps/ping/esp_ping.c.obj^[[K
build	Build ESP32-C6 firmware	2026-09-24T11:24:19.2098894Z [634/1416] Building C object esp-idf/lwip/CMakeFiles/__idf_lwip.dir/apps/ping/ping_sock.c.obj^[[K
build	Build ESP32-C6 firmware	2026-09-24T11:24:19.2646064Z [635/1416] Building C object esp-idf/lwip/CMakeFiles/__idf_lwip.dir/lwip/src/netif/ppp/polarssl/arc4.c.obj^[[K
build	Build ESP32-C6 firmware	2026-09-24T11:24:19.2864060Z [636/1416] Building C object esp-idf/lwip/CMakeFiles/__idf_lwip.dir/apps/ping/ping.c.obj^[[K
build	Build ESP32-C6 firmware	2026-09-24T11:24:19.3145885Z [637/1416] Building C object esp-idf/lwip/CMakeFiles/__idf_lwip.dir/lwip/src/netif/ppp/polarssl/md5.c.obj^[[K
build	Build ESP32-C6 firmware	2026-09-24T11:24:19.3315887Z [638/1416] Building C object esp-idf/lwip/CMakeFiles/__idf_lwip.dir/lwip/src/netif/ppp/polarssl/md4.c.obj^[[K
build	Build ESP32-C6 firmware	2026-09-24T11:24:19.4419624Z [639/1416] Building C object esp-idf/lwip/CMakeFiles/__idf_lwip.dir/lwip/src/netif/ppp/polarssl/des.c.obj^[[K
build	Build ESP32-C6 firmware	2026-09-24T11:24:19.4559638Z [640/1416] Building C object esp-idf/esp_netif/CMakeFiles/__idf_esp_netif.dir/esp_netif_objects.c.obj^[[K
build	Build ESP32-C6 firmware	2026-09-24T11:24:19.4963763Z [641/1416] Building C object esp-idf/esp_netif/CMakeFiles/__idf_esp_netif.dir/esp_netif_defaults.c.obj^[[K
build	Build ESP32-C6 firmware	2026-09-24T11:24:19.5549023Z [642/1416] Building C object esp-idf/lwip/CMakeFiles/__idf_lwip.dir/lwip/src/netif/ppp/polarssl/sha1.c.obj^[[K
build	Build ESP32-C6 firmware	2026-09-24T11:24:19.7419016Z [643/1416] Building C object esp-idf/esp_netif/CMakeFiles/__idf_esp_netif.dir/esp_netif_handlers.c.obj^[[K
build	Build ESP32-C6 firmware	2026-09-24T11:24:19.7850715Z [644/1416] Building C object esp-idf/lwip/CMakeFiles/__idf_lwip.dir/apps/dhcpserver/dhcpserver.c.obj^[[K
build	Build ESP32-C6 firmware	2026-09-24T11:24:19.8639649Z [645/1416] Building C object esp-idf/esp_netif/CMakeFiles/__idf_esp_netif.dir/lwip/esp_netif_lwip_defaults.c.obj^[[K
build	Build ESP32-C6 firmware	2026-09-24T11:24:19.9116972Z [646/1416] Building C object esp-idf/esp_netif/CMakeFiles/__idf_esp_netif.dir/lwip/netif/ethernetif.c.obj^[[K
build	Build ESP32-C6 firmware	2026-09-24T11:24:19.9783659Z [647/1416] Building C object esp-idf/esp_netif/CMakeFiles/__idf_esp_netif.dir/lwip/esp_netif_sntp.c.obj^[[K
build	Build ESP32-C6 firmware	2026-09-24T11:24:20.0528539Z [648/1416] Building C object esp-idf/esp_netif/CMakeFiles/__idf_esp_netif.dir/lwip/netif/wlanif.c.obj^[[K
build	Build ESP32-C6 firmware	2026-09-24T11:24:20.1086317Z [649/1416] Building C object esp-idf/wpa_supplicant/CMakeFiles/__idf_wpa_supplicant.dir/port/os_xtensa.c.obj^[[K
build	Build ESP32-C6 firmware	2026-09-24T11:24:20.1722427Z [650/1416] Building C object esp-idf/esp_netif/CMakeFiles/__idf_esp_netif.dir/lwip/netif/esp_pbuf_ref.c.obj^[[K
build	Build ESP32-C6 firmware	2026-09-24T11:24:20.2367356Z [651/1416] Building C object esp-idf/esp_netif/CMakeFiles/__idf_esp_netif.dir/lwip/esp_netif_lwip.c.obj^[[K
build	Build ESP32-C6 firmware	2026-09-24T11:24:20.2412527Z [652/1416] Building C object esp-idf/wpa_supplicant/CMakeFiles/__idf_wpa_supplicant.dir/port/eloop.c.obj^[[K
build	Build ESP32-C6 firmware	2026-09-24T11:24:20.4266162Z [653/1416] Building C object esp-idf/wpa_supplicant/CMakeFiles/__idf_wpa_supplicant.dir/src/ap/ap_config.c.obj^[[K
build	Build ESP32-C6 firmware	2026-09-24T11:24:20.5161275Z [654/1416] Building C object esp-idf/wpa_supplicant/CMakeFiles/__idf_wpa_supplicant.dir/src/ap/ieee802_1x.c.obj^[[K
build	Build ESP32-C6 firmware	2026-09-24T11:24:20.5788718Z [655/1416] Building C object esp-idf/wpa_supplicant/CMakeFiles/__idf_wpa_supplicant.dir/src/ap/pmksa_cache_auth.c.obj^[[K
build	Build ESP32-C6 firmware	2026-09-24T11:24:20.6613327Z [656/1416] Building C object esp-idf/wpa_supplicant/CMakeFiles/__idf_wpa_supplicant.dir/src/ap/wpa_auth_ie.c.obj^[[K
build	Build ESP32-C6 firmware	2026-09-24T11:24:20.7157104Z [657/1416] Building C object esp-idf/wpa_supplicant/CMakeFiles/__idf_wpa_supplicant.dir/src/ap/sta_info.c.obj^[[K
build	Build ESP32-C6 firmware	2026-09-24T11:24:20.8341602Z [658/1416] Building C object esp-idf/wpa_supplicant/CMakeFiles/__idf_wpa_supplicant.dir/src/ap/ieee802_11.c.obj^[[K
build	Build ESP32-C6 firmware	2026-09-24T11:24:20.9837158Z [659/1416] Building C object esp-idf/wpa_supplicant/CMakeFiles/__idf_wpa_supplicant.dir/src/ap/comeback_token.c.obj^[[K
build	Build ESP32-C6 firmware	2026-09-24T11:24:20.9886732Z [660/1416] Building C object esp-idf/wpa_supplicant/CMakeFiles/__idf_wpa_supplicant.dir/src/common/dragonfly.c.obj^[[K
build	Build ESP32-C6 firmware	2026-09-24T11:24:21.0142891Z [661/1416] Building C object esp-idf/wpa_supplicant/CMakeFiles/__idf_wpa_supplicant.dir/src/ap/wpa_auth.c.obj^[[K
build	Build ESP32-C6 firmware	2026-09-24T11:24:21.1961513Z [662/1416] Building C object esp-idf/wpa_supplicant/CMakeFiles/__idf_wpa_supplicant.dir/src/utils/bitfield.c.obj^[[K
build	Build ESP32-C6 firmware	2026-09-24T11:24:21.1989367Z [663/1416] Building C object esp-idf/wpa_supplicant/CMakeFiles/__idf_wpa_supplicant.dir/src/crypto/aes-siv.c.obj^[[K
build	Build ESP32-C6 firmware	2026-09-24T11:24:21.3303124Z [664/1416] Building C object esp-idf/wpa_supplicant/CMakeFiles/__idf_wpa_supplicant.dir/src/common/wpa_common.c.obj^[[K
build	Build ESP32-C6 firmware	2026-09-24T11:24:21.3424127Z [665/1416] Building C object esp-idf/wpa_supplicant/CMakeFiles/__idf_wpa_supplicant.dir/src/common/sae.c.obj^[[K
build	Build ESP32-C6 firmware	2026-09-24T11:24:21.3460705Z [666/1416] Building C object esp-idf/wpa_supplicant/CMakeFiles/__idf_wpa_supplicant.dir/src/crypto/ccmp.c.obj^[[K
build	Build ESP32-C6 firmware	2026-09-24T11:24:21.3663080Z [667/1416] Building C object esp-idf/wpa_supplicant/CMakeFiles/__idf_wpa_supplicant.dir/src/crypto/aes-gcm.c.obj^[[K
build	Build ESP32-C6 firmware	2026-09-24T11:24:21.5787626Z [668/1416] Building C object esp-idf/wpa_supplicant/CMakeFiles/__idf_wpa_supplicant.dir/src/crypto/sha256-kdf.c.obj^[[K
build	Build ESP32-C6 firmware	2026-09-24T11:24:21.5807115Z [669/1416] Building C object esp-idf/wpa_supplicant/CMakeFiles/__idf_wpa_supplicant.dir/src/crypto/sha1-tlsprf.c.obj^[[K
build	Build ESP32-C6 firmware	2026-09-24T11:24:21.5980473Z [670/1416] Building C object esp-idf/wpa_supplicant/CMakeFiles/__idf_wpa_supplicant.dir/src/crypto/dh_groups.c.obj^[[K
build	Build ESP32-C6 firmware	2026-09-24T11:24:21.6044209Z [671/1416] Building C object esp-idf/wpa_supplicant/CMakeFiles/__idf_wpa_supplicant.dir/src/crypto/crypto_ops.c.obj^[[K
build	Build ESP32-C6 firmware	2026-09-24T11:24:21.7136374Z [672/1416] Building C object esp-idf/wpa_supplicant/CMakeFiles/__idf_wpa_supplicant.dir/src/crypto/dh_group5.c.obj^[[K
build	Build ESP32-C6 firmware	2026-09-24T11:24:21.7525998Z [673/1416] Building C object esp-idf/wpa_supplicant/CMakeFiles/__idf_wpa_supplicant.dir/src/crypto/ms_funcs.c.obj^[[K
build	Build ESP32-C6 firmware	2026-09-24T11:24:21.8745454Z [674/1416] Building C object esp-idf/wpa_supplicant/CMakeFiles/__idf_wpa_supplicant.dir/src/crypto/sha256-tlsprf.c.obj^[[K
build	Build ESP32-C6 firmware	2026-09-24T11:24:21.9129308Z [675/1416] Building C object esp-idf/wpa_supplicant/CMakeFiles/__idf_wpa_supplicant.dir/src/crypto/sha384-prf.c.obj^[[K
build	Build ESP32-C6 firmware	2026-09-24T11:24:21.9721562Z [676/1416] Building C object esp-idf/wpa_supplicant/CMakeFiles/__idf_wpa_supplicant.dir/src/crypto/sha256-prf.c.obj^[[K
build	Build ESP32-C6 firmware	2026-09-24T11:24:21.9760292Z [677/1416] Building C object esp-idf/wpa_supplicant/CMakeFiles/__idf_wpa_supplicant.dir/src/crypto/sha384-tlsprf.c.obj^[[K
build	Build ESP32-C6 firmware	2026-09-24T11:24:22.0395597Z [678/1416] Building C object esp-idf/wpa_supplicant/CMakeFiles/__idf_wpa_supplicant.dir/src/crypto/sha1-prf.c.obj^[[K
build	Build ESP32-C6 firmware	2026-09-24T11:24:22.1576992Z [679/1416] Building C object esp-idf/wpa_supplicant/CMakeFiles/__idf_wpa_supplicant.dir/src/crypto/md4-internal.c.obj^[[K
build	Build ESP32-C6 firmware	2026-09-24T11:24:22.1650437Z [680/1416] Building C object esp-idf/wpa_supplicant/CMakeFiles/__idf_wpa_supplicant.dir/src/crypto/sha1-tprf.c.obj^[[K
build	Build ESP32-C6 firmware	2026-09-24T11:24:22.2368229Z [681/1416] Building C object esp-idf/wpa_supplicant/CMakeFiles/__idf_wpa_supplicant.dir/src/eap_common/eap_wsc_common.c.obj^[[K
build	Build ESP32-C6 firmware	2026-09-24T11:24:22.3502157Z [682/1416] Building C object esp-idf/wpa_supplicant/CMakeFiles/__idf_wpa_supplicant.dir/src/common/ieee802_11_common.c.obj^[[K
build	Build ESP32-C6 firmware	2026-09-24T11:24:22.3556968Z [683/1416] Building C object esp-idf/wpa_supplicant/CMakeFiles/__idf_wpa_supplicant.dir/src/eap_peer/eap.c.obj^[[K
build	Build ESP32-C6 firmware	2026-09-24T11:24:22.3729656Z [684/1416] Building C object esp-idf/wpa_supplicant/CMakeFiles/__idf_wpa_supplicant.dir/src/eap_peer/eap_common.c.obj^[[K
build	Build ESP32-C6 firmware	2026-09-24T11:24:22.5798086Z [685/1416] Building C object esp-idf/wpa_supplicant/CMakeFiles/__idf_wpa_supplicant.dir/src/eap_peer/chap.c.obj^[[K
build	Build ESP32-C6 firmware	2026-09-24T11:24:22.6698746Z [686/1416] Building C object esp-idf/wpa_supplicant/CMakeFiles/__idf_wpa_supplicant.dir/src/eap_peer/eap_peap_common.c.obj^[[K
build	Build ESP32-C6 firmware	2026-09-24T11:24:22.7092010Z [687/1416] Building C object esp-idf/wpa_supplicant/CMakeFiles/__idf_wpa_supplicant.dir/src/eap_peer/eap_mschapv2.c.obj^[[K
build	Build ESP32-C6 firmware	2026-09-24T11:24:22.7158804Z [688/1416] Building C object esp-idf/wpa_supplicant/CMakeFiles/__idf_wpa_supplicant.dir/src/eap_peer/eap_peap.c.obj^[[K
build	Build ESP32-C6 firmware	2026-09-24T11:24:22.8321317Z [689/1416] Building C object esp-idf/wpa_supplicant/CMakeFiles/__idf_wpa_supplicant.dir/src/eap_peer/eap_tls.c.obj^[[K
build	Build ESP32-C6 firmware	2026-09-24T11:24:22.9320177Z [690/1416] Building C object esp-idf/wpa_supplicant/CMakeFiles/__idf_wpa_supplicant.dir/src/eap_peer/eap_tls_common.c.obj^[[K
build	Build ESP32-C6 firmware	2026-09-24T11:24:22.9723359Z [691/1416] Building C object esp-idf/wpa_supplicant/CMakeFiles/__idf_wpa_supplicant.dir/src/eap_peer/mschapv2.c.obj^[[K
build	Build ESP32-C6 firmware	2026-09-24T11:24:23.0757095Z [692/1416] Building C object esp-idf/wpa_supplicant/CMakeFiles/__idf_wpa_supplicant.dir/src/eap_peer/eap_ttls.c.obj^[[K
build	Build ESP32-C6 firmware	2026-09-24T11:24:23.2345488Z [693/1416] Building C object esp-idf/wpa_supplicant/CMakeFiles/__idf_wpa_supplicant.dir/src/eap_peer/eap_fast_common.c.obj^[[K
build	Build ESP32-C6 firmware	2026-09-24T11:24:23.2756674Z [694/1416] Building C object esp-idf/wpa_supplicant/CMakeFiles/__idf_wpa_supplicant.dir/src/eap_peer/eap_fast_pac.c.obj^[[K
build	Build ESP32-C6 firmware	2026-09-24T11:24:23.3755359Z [695/1416] Building C object esp-idf/wpa_supplicant/CMakeFiles/__idf_wpa_supplicant.dir/src/rsn_supp/pmksa_cache.c.obj^[[K
build	Build ESP32-C6 firmware	2026-09-24T11:24:23.4184116Z [696/1416] Building C object esp-idf/wpa_supplicant/CMakeFiles/__idf_wpa_supplicant.dir/src/rsn_supp/wpa_ie.c.obj^[[K
build	Build ESP32-C6 firmware	2026-09-24T11:24:23.5319806Z [697/1416] Building C object esp-idf/wpa_supplicant/CMakeFiles/__idf_wpa_supplicant.dir/src/utils/base64.c.obj^[[K
build	Build ESP32-C6 firmware	2026-09-24T11:24:23.6476486Z [698/1416] Building C object esp-idf/wpa_supplicant/CMakeFiles/__idf_wpa_supplicant.dir/src/eap_peer/eap_fast.c.obj^[[K
build	Build ESP32-C6 firmware	2026-09-24T11:24:23.6887441Z [699/1416] Building C object esp-idf/wpa_supplicant/CMakeFiles/__idf_wpa_supplicant.dir/src/utils/ext_password.c.obj^[[K
build	Build ESP32-C6 firmware	2026-09-24T11:24:23.6902627Z [700/1416] Building C object esp-idf/wpa_supplicant/CMakeFiles/__idf_wpa_supplicant.dir/src/utils/wpabuf.c.obj^[[K
build	Build ESP32-C6 firmware	2026-09-24T11:24:23.7268894Z [701/1416] Building C object esp-idf/wpa_supplicant/CMakeFiles/__idf_wpa_supplicant.dir/src/utils/common.c.obj^[[K
build	Build ESP32-C6 firmware	2026-09-24T11:24:23.7991873Z [702/1416] Building C object esp-idf/wpa_supplicant/CMakeFiles/__idf_wpa_supplicant.dir/src/utils/uuid.c.obj^[[K
build	Build ESP32-C6 firmware	2026-09-24T11:24:23.9475794Z [703/1416] Building C object esp-idf/wpa_supplicant/CMakeFiles/__idf_wpa_supplicant.dir/src/rsn_supp/wpa.c.obj^[[K
build	Build ESP32-C6 firmware	2026-09-24T11:24:24.0307007Z [704/1416] Building C object esp-idf/wpa_supplicant/CMakeFiles/__idf_wpa_supplicant.dir/src/utils/wpa_debug.c.obj^[[K
build	Build ESP32-C6 firmware	2026-09-24T11:24:24.1105573Z [705/1416] Building C object esp-idf/wpa_supplicant/CMakeFiles/__idf_wpa_supplicant.dir/src/utils/json.c.obj^[[K
build	Build ESP32-C6 firmware	2026-09-24T11:24:24.1199655Z [706/1416] Building C object esp-idf/wpa_supplicant/CMakeFiles/__idf_wpa_supplicant.dir/src/wps/wps_attr_build.c.obj^[[K
build	Build ESP32-C6 firmware	2026-09-24T11:24:24.1689290Z [707/1416] Building C object esp-idf/wpa_supplicant/CMakeFiles/__idf_wpa_supplicant.dir/src/wps/wps.c.obj^[[K
build	Build ESP32-C6 firmware	2026-09-24T11:24:24.2539128Z [708/1416] Building C object esp-idf/wpa_supplicant/CMakeFiles/__idf_wpa_supplicant.dir/src/wps/wps_attr_parse.c.obj^[[K
build	Build ESP32-C6 firmware	2026-09-24T11:24:24.3703783Z [709/1416] Building C object esp-idf/wpa_supplicant/CMakeFiles/__idf_wpa_supplicant.dir/src/wps/wps_attr_process.c.obj^[[K
build	Build ESP32-C6 firmware	2026-09-24T11:24:24.4116139Z [710/1416] Building C object esp-idf/wpa_supplicant/CMakeFiles/__idf_wpa_supplicant.dir/src/wps/wps_common.c.obj^[[K
build	Build ESP32-C6 firmware	2026-09-24T11:24:24.4957412Z [711/1416] Building C object esp-idf/wpa_supplicant/CMakeFiles/__idf_wpa_supplicant.dir/src/wps/wps_dev_attr.c.obj^[[K
build	Build ESP32-C6 firmware	2026-09-24T11:24:24.5899890Z [712/1416] Building C object esp-idf/wpa_supplicant/CMakeFiles/__idf_wpa_supplicant.dir/esp_supplicant/src/esp_wpa2_api_port.c.obj^[[K
build	Build ESP32-C6 firmware	2026-09-24T11:24:24.6537351Z [713/1416] Building C object esp-idf/wpa_supplicant/CMakeFiles/__idf_wpa_supplicant.dir/src/wps/wps_enrollee.c.obj^[[K
build	Build ESP32-C6 firmware	2026-09-24T11:24:24.7437080Z [714/1416] Building C object esp-idf/wpa_supplicant/CMakeFiles/__idf_wpa_supplicant.dir/src/common/sae_pk.c.obj^[[K
build	Build ESP32-C6 firmware	2026-09-24T11:24:24.8125661Z [715/1416] Building C object esp-idf/wpa_supplicant/CMakeFiles/__idf_wpa_supplicant.dir/esp_supplicant/src/esp_wpa_main.c.obj^[[K
build	Build ESP32-C6 firmware	2026-09-24T11:24:24.8557766Z [716/1416] Building C object esp-idf/wpa_supplicant/CMakeFiles/__idf_wpa_supplicant.dir/esp_supplicant/src/esp_common.c.obj^[[K
build	Build ESP32-C6 firmware	2026-09-24T11:24:24.9392969Z [717/1416] Building C object esp-idf/wpa_supplicant/CMakeFiles/__idf_wpa_supplicant.dir/esp_supplicant/src/esp_wpas_glue.c.obj^[[K
build	Build ESP32-C6 firmware	2026-09-24T11:24:25.0382959Z [718/1416] Building C object esp-idf/wpa_supplicant/CMakeFiles/__idf_wpa_supplicant.dir/esp_supplicant/src/esp_eap_client.c.obj^[[K
build	Build ESP32-C6 firmware	2026-09-24T11:24:25.1066044Z [719/1416] Building C object esp-idf/wpa_supplicant/CMakeFiles/__idf_wpa_supplicant.dir/esp_supplicant/src/esp_owe.c.obj^[[K
build	Build ESP32-C6 firmware	2026-09-24T11:24:25.2550803Z [720/1416] Building C object esp-idf/wpa_supplicant/CMakeFiles/__idf_wpa_supplicant.dir/esp_supplicant/src/esp_wpa3.c.obj^[[K
build	Build ESP32-C6 firmware	2026-09-24T11:24:25.3654877Z [721/1416] Building C object esp-idf/wpa_supplicant/CMakeFiles/__idf_wpa_supplicant.dir/esp_supplicant/src/esp_hostap.c.obj^[[K
build	Build ESP32-C6 firmware	2026-09-24T11:24:25.4465963Z [722/1416] Building C object esp-idf/wpa_supplicant/CMakeFiles/__idf_wpa_supplicant.dir/esp_supplicant/src/crypto/fastpbkdf2.c.obj^[[K
build	Build ESP32-C6 firmware	2026-09-24T11:24:25.4781458Z [723/1416] Building C object esp-idf/wpa_supplicant/CMakeFiles/__idf_wpa_supplicant.dir/esp_supplicant/src/esp_wps.c.obj^[[K
build	Build ESP32-C6 firmware	2026-09-24T11:24:25.5669351Z [724/1416] Building C object esp-idf/wpa_supplicant/CMakeFiles/__idf_wpa_supplicant.dir/esp_supplicant/src/crypto/tls_mbedtls.c.obj^[[K
build	Build ESP32-C6 firmware	2026-09-24T11:24:25.5700437Z [725/1416] Building C object esp-idf/wpa_supplicant/CMakeFiles/__idf_wpa_supplicant.dir/esp_supplicant/src/crypto/crypto_mbedtls-bignum.c.obj^[[K
build	Build ESP32-C6 firmware	2026-09-24T11:24:25.6760461Z [726/1416] Building C object esp-idf/wpa_supplicant/CMakeFiles/__idf_wpa_supplicant.dir/esp_supplicant/src/crypto/crypto_mbedtls.c.obj^[[K
build	Build ESP32-C6 firmware	2026-09-24T11:24:25.8274311Z [727/1416] Building C object esp-idf/wpa_supplicant/CMakeFiles/__idf_wpa_supplicant.dir/src/crypto/rc4.c.obj^[[K
build	Build ESP32-C6 firmware	2026-09-24T11:24:25.8360169Z [728/1416] Building C object esp-idf/wpa_supplicant/CMakeFiles/__idf_wpa_supplicant.dir/src/crypto/des-internal.c.obj^[[K
build	Build ESP32-C6 firmware	2026-09-24T11:24:25.8898405Z [729/1416] Building C object esp-idf/wpa_supplicant/CMakeFiles/__idf_wpa_supplicant.dir/esp_supplicant/src/crypto/crypto_mbedtls-rsa.c.obj^[[K
build	Build ESP32-C6 firmware	2026-09-24T11:24:25.9695287Z [730/1416] Building C object esp-idf/wpa_supplicant/CMakeFiles/__idf_wpa_supplicant.dir/src/crypto/aes-wrap.c.obj^[[K
build	Build ESP32-C6 firmware	2026-09-24T11:24:25.9821909Z [731/1416] Building C object esp-idf/esp_coex/CMakeFiles/__idf_esp_coex.dir/src/lib_printf.c.obj^[[K
build	Build ESP32-C6 firmware	2026-09-24T11:24:26.0490059Z [732/1416] Building C object esp-idf/wpa_supplicant/CMakeFiles/__idf_wpa_supplicant.dir/src/crypto/aes-unwrap.c.obj^[[K
build	Build ESP32-C6 firmware	2026-09-24T11:24:26.0541144Z [733/1416] Building C object esp-idf/wpa_supplicant/CMakeFiles/__idf_wpa_supplicant.dir/src/crypto/aes-ccm.c.obj^[[K
build	Build ESP32-C6 firmware	2026-09-24T11:24:26.0653006Z [734/1416] Building C object esp-idf/esp_coex/CMakeFiles/__idf_esp_coex.dir/src/coexist_debug_diagram.c.obj^[[K
build	Build ESP32-C6 firmware	2026-09-24T11:24:26.1157760Z [735/1416] Building C object esp-idf/esp_coex/CMakeFiles/__idf_esp_coex.dir/src/coexist.c.obj^[[K
build	Build ESP32-C6 firmware	2026-09-24T11:24:26.1566912Z [736/1416] Building C object esp-idf/wpa_supplicant/CMakeFiles/__idf_wpa_supplicant.dir/esp_supplicant/src/crypto/crypto_mbedtls-ec.c.obj^[[K
build	Build ESP32-C6 firmware	2026-09-24T11:24:26.2269725Z [737/1416] Building C object esp-idf/esp_coex/CMakeFiles/__idf_esp_coex.dir/src/coexist_debug.c.obj^[[K
build	Build ESP32-C6 firmware	2026-09-24T11:24:26.2997865Z [738/1416] Building C object esp-idf/esp_wifi/CMakeFiles/__idf_esp_wifi.dir/src/mesh_event.c.obj^[[K
build	Build ESP32-C6 firmware	2026-09-24T11:24:26.3309852Z [739/1416] Building C object esp-idf/esp_coex/CMakeFiles/__idf_esp_coex.dir/esp32c6/esp_coex_adapter.c.obj^[[K
build	Build ESP32-C6 firmware	2026-09-24T11:24:26.4236435Z [740/1416] Building C object esp-idf/esp_wifi/CMakeFiles/__idf_esp_wifi.dir/src/lib_printf.c.obj^[[K
build	Build ESP32-C6 firmware	2026-09-24T11:24:26.4575505Z [741/1416] Building C object esp-idf/esp_wifi/CMakeFiles/__idf_esp_wifi.dir/src/smartconfig.c.obj^[[K
build	Build ESP32-C6 firmware	2026-09-24T11:24:26.4911420Z [742/1416] Building C object esp-idf/esp_wifi/CMakeFiles/__idf_esp_wifi.dir/src/wifi_default_ap.c.obj^[[K
build	Build ESP32-C6 firmware	2026-09-24T11:24:26.5011251Z [743/1416] Building C object esp-idf/esp_wifi/CMakeFiles/__idf_esp_wifi.dir/src/wifi_init.c.obj^[[K
build	Build ESP32-C6 firmware	2026-09-24T11:24:26.5132068Z [744/1416] Building C object esp-idf/esp_wifi/CMakeFiles/__idf_esp_wifi.dir/src/wifi_default.c.obj^[[K
build	Build ESP32-C6 firmware	2026-09-24T11:24:26.6455301Z [745/1416] Building C object esp-idf/esp_wifi/CMakeFiles/__idf_esp_wifi.dir/src/wifi_netif.c.obj^[[K
build	Build ESP32-C6 firmware	2026-09-24T11:24:26.7901781Z [746/1416] Building C object esp-idf/esp-tls/CMakeFiles/__idf_esp-tls.dir/esp-tls-crypto/esp_tls_crypto.c.obj^[[K
build	Build ESP32-C6 firmware	2026-09-24T11:24:26.8342178Z [747/1416] Building C object esp-idf/esp-tls/CMakeFiles/__idf_esp-tls.dir/esp_tls_platform_port.c.obj^[[K
build	Build ESP32-C6 firmware	2026-09-24T11:24:26.8524536Z [748/1416] Building C object esp-idf/esp_wifi/CMakeFiles/__idf_esp_wifi.dir/src/smartconfig_ack.c.obj^[[K
build	Build ESP32-C6 firmware	2026-09-24T11:24:26.9306503Z [749/1416] Building C object esp-idf/esp-tls/CMakeFiles/__idf_esp-tls.dir/esp_tls_error_capture.c.obj^[[K
build	Build ESP32-C6 firmware	2026-09-24T11:24:27.1640228Z [750/1416] Building C object esp-idf/esp_wifi/CMakeFiles/__idf_esp_wifi.dir/esp32c6/esp_adapter.c.obj^[[K
build	Build ESP32-C6 firmware	2026-09-24T11:24:27.1717373Z [751/1416] Building C object esp-idf/esp_adc/CMakeFiles/__idf_esp_adc.dir/adc_common.c.obj^[[K
build	Build ESP32-C6 firmware	2026-09-24T11:24:27.2015791Z [752/1416] Building C object esp-idf/esp_adc/CMakeFiles/__idf_esp_adc.dir/adc_oneshot.c.obj^[[K
build	Build ESP32-C6 firmware	2026-09-24T11:24:27.2355686Z [753/1416] Building C object esp-idf/esp_adc/CMakeFiles/__idf_esp_adc.dir/adc_cali.c.obj^[[K
build	Build ESP32-C6 firmware	2026-09-24T11:24:27.2837846Z [754/1416] Building C object esp-idf/esp-tls/CMakeFiles/__idf_esp-tls.dir/esp_tls.c.obj^[[K
build	Build ESP32-C6 firmware	2026-09-24T11:24:27.3149670Z [755/1416] Building C object esp-idf/http_parser/CMakeFiles/__idf_http_parser.dir/http_parser.c.obj^[[K
build	Build ESP32-C6 firmware	2026-09-24T11:24:27.4025478Z [756/1416] Building C object esp-idf/esp_adc/CMakeFiles/__idf_esp_adc.dir/deprecated/esp_adc_cal_common_legacy.c.obj^[[K
build	Build ESP32-C6 firmware	2026-09-24T11:24:27.4846874Z [757/1416] Building C object esp-idf/esp_adc/CMakeFiles/__idf_esp_adc.dir/adc_cali_curve_fitting.c.obj^[[K
build	Build ESP32-C6 firmware	2026-09-24T11:24:27.6047713Z [758/1416] Building C object esp-idf/esp-tls/CMakeFiles/__idf_esp-tls.dir/esp_tls_mbedtls.c.obj^[[K
build	Build ESP32-C6 firmware	2026-09-24T11:24:27.6056098Z [759/1416] Building C object esp-idf/esp_adc/CMakeFiles/__idf_esp_adc.dir/esp32c6/curve_fitting_coefficients.c.obj^[[K
build	Build ESP32-C6 firmware	2026-09-24T11:24:27.6767049Z [760/1416] Building C object esp-idf/esp_adc/CMakeFiles/__idf_esp_adc.dir/gdma/adc_dma.c.obj^[[K
build	Build ESP32-C6 firmware	2026-09-24T11:24:27.6963679Z [761/1416] Building C object esp-idf/esp_adc/CMakeFiles/__idf_esp_adc.dir/adc_monitor.c.obj^[[K
build	Build ESP32-C6 firmware	2026-09-24T11:24:27.7023009Z [762/1416] Building C object esp-idf/esp_adc/CMakeFiles/__idf_esp_adc.dir/adc_continuous.c.obj^[[K
build	Build ESP32-C6 firmware	2026-09-24T11:24:27.8682470Z [763/1416] Building C object esp-idf/esp_adc/CMakeFiles/__idf_esp_adc.dir/adc_filter.c.obj^[[K
build	Build ESP32-C6 firmware	2026-09-24T11:24:27.8705471Z [764/1416] Building C object esp-idf/esp_gdbstub/CMakeFiles/__idf_esp_gdbstub.dir/src/gdbstub.c.obj^[[K
build	Build ESP32-C6 firmware	2026-09-24T11:24:27.9223642Z [765/1416] Building C object esp-idf/esp_gdbstub/CMakeFiles/__idf_esp_gdbstub.dir/src/packet.c.obj^[[K
build	Build ESP32-C6 firmware	2026-09-24T11:24:27.9269693Z [766/1416] Building C object esp-idf/esp_gdbstub/CMakeFiles/__idf_esp_gdbstub.dir/src/gdbstub_transport.c.obj^[[K
build	Build ESP32-C6 firmware	2026-09-24T11:24:27.9841940Z [767/1416] Building C object esp-idf/esp_gdbstub/CMakeFiles/__idf_esp_gdbstub.dir/src/port/riscv/gdbstub_riscv.c.obj^[[K
build	Build ESP32-C6 firmware	2026-09-24T11:24:28.2216584Z [768/1416] Building C object esp-idf/esp_gdbstub/CMakeFiles/__idf_esp_gdbstub.dir/src/port/riscv/rv_decode.c.obj^[[K
build	Build ESP32-C6 firmware	2026-09-24T11:24:28.2835492Z [769/1416] Building C object esp-idf/tcp_transport/CMakeFiles/__idf_tcp_transport.dir/transport_socks_proxy.c.obj^[[K
build	Build ESP32-C6 firmware	2026-09-24T11:24:28.2911199Z [770/1416] Building C object esp-idf/tcp_transport/CMakeFiles/__idf_tcp_transport.dir/transport.c.obj^[[K
build	Build ESP32-C6 firmware	2026-09-24T11:24:28.4578230Z [771/1416] Building C object esp-idf/tcp_transport/CMakeFiles/__idf_tcp_transport.dir/transport_internal.c.obj^[[K
build	Build ESP32-C6 firmware	2026-09-24T11:24:28.5499234Z [772/1416] Building C object esp-idf/tcp_transport/CMakeFiles/__idf_tcp_transport.dir/transport_ssl.c.obj^[[K
build	Build ESP32-C6 firmware	2026-09-24T11:24:28.5801403Z [773/1416] Building C object esp-idf/esp_http_client/CMakeFiles/__idf_esp_http_client.dir/lib/http_auth.c.obj^[[K
build	Build ESP32-C6 firmware	2026-09-24T11:24:28.6051627Z [774/1416] Building C object esp-idf/esp_http_client/CMakeFiles/__idf_esp_http_client.dir/lib/http_utils.c.obj^[[K
build	Build ESP32-C6 firmware	2026-09-24T11:24:28.7399978Z [775/1416] Building C object esp-idf/esp_http_client/CMakeFiles/__idf_esp_http_client.dir/lib/http_header.c.obj^[[K
build	Build ESP32-C6 firmware	2026-09-24T11:24:29.0202926Z [776/1416] Building C object esp-idf/tcp_transport/CMakeFiles/__idf_tcp_transport.dir/transport_ws.c.obj^[[K
build	Build ESP32-C6 firmware	2026-09-24T11:24:29.0955826Z [777/1416] Building C object esp-idf/esp_http_server/CMakeFiles/__idf_esp_http_server.dir/src/httpd_sess.c.obj^[[K
build	Build ESP32-C6 firmware	2026-09-24T11:24:29.1072616Z [778/1416] Building C object esp-idf/esp_http_server/CMakeFiles/__idf_esp_http_server.dir/src/httpd_main.c.obj^[[K
build	Build ESP32-C6 firmware	2026-09-24T11:24:29.1077682Z [779/1416] Building C object esp-idf/esp_http_server/CMakeFiles/__idf_esp_http_server.dir/src/httpd_txrx.c.obj^[[K
build	Build ESP32-C6 firmware	2026-09-24T11:24:29.1146374Z [780/1416] Building C object esp-idf/esp_http_server/CMakeFiles/__idf_esp_http_server.dir/src/httpd_parse.c.obj^[[K
build	Build ESP32-C6 firmware	2026-09-24T11:24:29.1214837Z [781/1416] Building C object esp-idf/esp_http_server/CMakeFiles/__idf_esp_http_server.dir/src/httpd_uri.c.obj^[[K
build	Build ESP32-C6 firmware	2026-09-24T11:24:29.2457380Z [782/1416] Building C object esp-idf/esp_http_client/CMakeFiles/__idf_esp_http_client.dir/esp_http_client.c.obj^[[K
build	Build ESP32-C6 firmware	2026-09-24T11:24:29.3042006Z [783/1416] Building C object esp-idf/esp_http_server/CMakeFiles/__idf_esp_http_server.dir/src/httpd_ws.c.obj^[[K
build	Build ESP32-C6 firmware	2026-09-24T11:24:29.3737583Z [784/1416] Building C object esp-idf/esp_http_server/CMakeFiles/__idf_esp_http_server.dir/src/util/ctrl_sock.c.obj^[[K
build	Build ESP32-C6 firmware	2026-09-24T11:24:29.3806968Z [785/1416] Building C object esp-idf/esp_https_ota/CMakeFiles/__idf_esp_https_ota.dir/src/esp_https_ota.c.obj^[[K
build	Build ESP32-C6 firmware	2026-09-24T11:24:29.3932811Z [786/1416] Linking C static library esp-idf/esp_https_ota/libesp_https_ota.a^[[K
build	Build ESP32-C6 firmware	2026-09-24T11:24:29.4037172Z [787/1416] Linking C static library esp-idf/esp_http_server/libesp_http_server.a^[[K
build	Build ESP32-C6 firmware	2026-09-24T11:24:29.4145315Z [788/1416] Linking C static library esp-idf/esp_http_client/libesp_http_client.a^[[K
build	Build ESP32-C6 firmware	2026-09-24T11:24:29.4238199Z [789/1416] Linking C static library esp-idf/tcp_transport/libtcp_transport.a^[[K
build	Build ESP32-C6 firmware	2026-09-24T11:24:29.4371460Z [790/1416] Linking C static library esp-idf/esp_gdbstub/libesp_gdbstub.a^[[K
build	Build ESP32-C6 firmware	2026-09-24T11:24:29.4473973Z [791/1416] Linking C static library esp-idf/esp_adc/libesp_adc.a^[[K
build	Build ESP32-C6 firmware	2026-09-24T11:24:29.4549715Z [792/1416] Linking C static library esp-idf/esp-tls/libesp-tls.a^[[K
build	Build ESP32-C6 firmware	2026-09-24T11:24:29.4675263Z [793/1416] Linking C static library esp-idf/http_parser/libhttp_parser.a^[[K
build	Build ESP32-C6 firmware	2026-09-24T11:24:29.4756771Z [794/1416] Linking C static library esp-idf/esp_wifi/libesp_wifi.a^[[K
build	Build ESP32-C6 firmware	2026-09-24T11:24:29.5585003Z [795/1416] Linking C static library esp-idf/esp_coex/libesp_coex.a^[[K
build	Build ESP32-C6 firmware	2026-09-24T11:24:29.5728753Z [796/1416] Linking C static library esp-idf/wpa_supplicant/libwpa_supplicant.a^[[K
build	Build ESP32-C6 firmware	2026-09-24T11:24:29.6475238Z [797/1416] Linking C static library esp-idf/esp_netif/libesp_netif.a^[[K
build	Build ESP32-C6 firmware	2026-09-24T11:24:29.6591665Z [798/1416] Linking C static library esp-idf/lwip/liblwip.a^[[K
build	Build ESP32-C6 firmware	2026-09-24T11:24:29.6649985Z [799/1416] Linking C static library esp-idf/vfs/libvfs.a^[[K
build	Build ESP32-C6 firmware	2026-09-24T11:24:29.6744707Z [800/1416] Linking C static library esp-idf/esp_vfs_console/libesp_vfs_console.a^[[K
build	Build ESP32-C6 firmware	2026-09-24T11:24:29.7012784Z [801/1416] Linking C static library esp-idf/esp_phy/libesp_phy.a^[[K
build	Build ESP32-C6 firmware	2026-09-24T11:24:29.7100239Z [802/1416] Linking C static library esp-idf/driver/libdriver.a^[[K
build	Build ESP32-C6 firmware	2026-09-24T11:24:29.7203554Z [803/1416] Linking C static library esp-idf/esp_driver_usb_serial_jtag/libesp_driver_usb_serial_jtag.a^[[K
build	Build ESP32-C6 firmware	2026-09-24T11:24:29.7296443Z [804/1416] Linking C static library esp-idf/esp_driver_parlio/libesp_driver_parlio.a^[[K
build	Build ESP32-C6 firmware	2026-09-24T11:24:29.7405081Z [805/1416] Linking C static library esp-idf/esp_driver_ledc/libesp_driver_ledc.a^[[K
build	Build ESP32-C6 firmware	2026-09-24T11:24:29.7470347Z [806/1416] Linking C static library esp-idf/esp_driver_i2c/libesp_driver_i2c.a^[[K
build	Build ESP32-C6 firmware	2026-09-24T11:24:29.7544131Z [807/1416] Linking C static library esp-idf/esp_driver_sdm/libesp_driver_sdm.a^[[K
build	Build ESP32-C6 firmware	2026-09-24T11:24:29.7654121Z [808/1416] Linking C static library esp-idf/esp_driver_tsens/libesp_driver_tsens.a^[[K
build	Build ESP32-C6 firmware	2026-09-24T11:24:29.7729229Z [809/1416] Linking C static library esp-idf/esp_driver_rmt/libesp_driver_rmt.a^[[K
build	Build ESP32-C6 firmware	2026-09-24T11:24:29.7806963Z [810/1416] Linking C static library esp-idf/esp_driver_sdio/libesp_driver_sdio.a^[[K
build	Build ESP32-C6 firmware	2026-09-24T11:24:29.7934616Z [811/1416] Linking C static library esp-idf/esp_driver_sdspi/libesp_driver_sdspi.a^[[K
build	Build ESP32-C6 firmware	2026-09-24T11:24:29.8065291Z [812/1416] Linking C static library esp-idf/sdmmc/libsdmmc.a^[[K
build	Build ESP32-C6 firmware	2026-09-24T11:24:29.8232304Z [813/1416] Linking C static library esp-idf/esp_driver_i2s/libesp_driver_i2s.a^[[K
build	Build ESP32-C6 firmware	2026-09-24T11:24:29.8360817Z [814/1416] Linking C static library esp-idf/esp_driver_mcpwm/libesp_driver_mcpwm.a^[[K
build	Build ESP32-C6 firmware	2026-09-24T11:24:29.8435195Z [815/1416] Linking C static library esp-idf/esp_driver_spi/libesp_driver_spi.a^[[K
build	Build ESP32-C6 firmware	2026-09-24T11:24:29.8679357Z [816/1416] Linking C static library esp-idf/esp_driver_pcnt/libesp_driver_pcnt.a^[[K
build	Build ESP32-C6 firmware	2026-09-24T11:24:29.8763848Z [817/1416] Linking C static library esp-idf/nvs_flash/libnvs_flash.a^[[K
build	Build ESP32-C6 firmware	2026-09-24T11:24:29.8870617Z [818/1416] Linking C static library esp-idf/esp_event/libesp_event.a^[[K
build	Build ESP32-C6 firmware	2026-09-24T11:24:29.8943187Z [819/1416] Linking C static library esp-idf/esp_driver_uart/libesp_driver_uart.a^[[K
build	Build ESP32-C6 firmware	2026-09-24T11:24:29.9030245Z [820/1416] Linking C static library esp-idf/esp_ringbuf/libesp_ringbuf.a^[[K
build	Build ESP32-C6 firmware	2026-09-24T11:24:29.9133485Z [821/1416] Linking C static library esp-idf/esp_driver_gptimer/libesp_driver_gptimer.a^[[K
build	Build ESP32-C6 firmware	2026-09-24T11:24:29.9205910Z [822/1416] Linking C static library esp-idf/esp_timer/libesp_timer.a^[[K
build	Build ESP32-C6 firmware	2026-09-24T11:24:29.9298220Z [823/1416] Linking C static library esp-idf/cxx/libcxx.a^[[K
build	Build ESP32-C6 firmware	2026-09-24T11:24:29.9471886Z [824/1416] Linking C static library esp-idf/pthread/libpthread.a^[[K
build	Build ESP32-C6 firmware	2026-09-24T11:24:29.9671181Z [825/1416] Linking C static library esp-idf/newlib/libnewlib.a^[[K
build	Build ESP32-C6 firmware	2026-09-24T11:24:30.0227465Z [826/1416] Linking C static library esp-idf/freertos/libfreertos.a^[[K
build	Build ESP32-C6 firmware	2026-09-24T11:24:30.0316582Z [827/1416] Linking C static library esp-idf/esp_hw_support/libesp_hw_support.a^[[K
build	Build ESP32-C6 firmware	2026-09-24T11:24:30.0523281Z [828/1416] Linking C static library esp-idf/esp_security/libesp_security.a^[[K
build	Build ESP32-C6 firmware	2026-09-24T11:24:30.0624302Z [829/1416] Linking C static library esp-idf/soc/libsoc.a^[[K
build	Build ESP32-C6 firmware	2026-09-24T11:24:30.0738407Z [830/1416] Linking C static library esp-idf/heap/libheap.a^[[K
build	Build ESP32-C6 firmware	2026-09-24T11:24:30.1228656Z [831/1416] Linking C static library esp-idf/log/liblog.a^[[K
build	Build ESP32-C6 firmware	2026-09-24T11:24:30.1356656Z [832/1416] Linking C static library esp-idf/hal/libhal.a^[[K
build	Build ESP32-C6 firmware	2026-09-24T11:24:30.1413033Z [833/1416] Linking C static library esp-idf/esp_rom/libesp_rom.a^[[K
build	Build ESP32-C6 firmware	2026-09-24T11:24:30.1691915Z [834/1416] Linking C static library esp-idf/esp_common/libesp_common.a^[[K
build	Build ESP32-C6 firmware	2026-09-24T11:24:30.1903388Z [835/1416] Linking C static library esp-idf/esp_system/libesp_system.a^[[K
build	Build ESP32-C6 firmware	2026-09-24T11:24:30.1992477Z [836/1416] Linking C static library esp-idf/spi_flash/libspi_flash.a^[[K
build	Build ESP32-C6 firmware	2026-09-24T11:24:30.2176829Z [837/1416] Linking C static library esp-idf/esp_mm/libesp_mm.a^[[K
build	Build ESP32-C6 firmware	2026-09-24T11:24:30.2313632Z [838/1416] Linking C static library esp-idf/bootloader_support/libbootloader_support.a^[[K
build	Build ESP32-C6 firmware	2026-09-24T11:24:30.2386026Z [839/1416] Linking C static library esp-idf/efuse/libefuse.a^[[K
build	Build ESP32-C6 firmware	2026-09-24T11:24:30.2458087Z [840/1416] Linking C static library esp-idf/esp_partition/libesp_partition.a^[[K
build	Build ESP32-C6 firmware	2026-09-24T11:24:30.2513650Z [841/1416] Linking C static library esp-idf/app_update/libapp_update.a^[[K
build	Build ESP32-C6 firmware	2026-09-24T11:24:30.2569571Z [842/1416] Linking C static library esp-idf/esp_bootloader_format/libesp_bootloader_format.a^[[K
build	Build ESP32-C6 firmware	2026-09-24T11:24:30.2823521Z [843/1416] Linking C static library esp-idf/esp_app_format/libesp_app_format.a^[[K
build	Build ESP32-C6 firmware	2026-09-24T11:24:30.2977719Z [844/1416] Linking CXX static library esp-idf/mbedtls/mbedtls/library/libmbedtls.a^[[K
build	Build ESP32-C6 firmware	2026-09-24T11:24:30.3906835Z [845/1416] Linking CXX static library esp-idf/mbedtls/mbedtls/library/libmbedx509.a^[[K
build	Build ESP32-C6 firmware	2026-09-24T11:24:30.3974355Z [846/1416] Linking CXX static library esp-idf/mbedtls/mbedtls/library/libmbedcrypto.a^[[K
build	Build ESP32-C6 firmware	2026-09-24T11:24:30.4041769Z [847/1416] Linking CXX static library esp-idf/mbedtls/mbedtls/3rdparty/p256-m/libp256m.a^[[K
build	Build ESP32-C6 firmware	2026-09-24T11:24:30.5081620Z [848/1416] Linking CXX static library esp-idf/mbedtls/mbedtls/3rdparty/everest/libeverest.a^[[K
build	Build ESP32-C6 firmware	2026-09-24T11:24:30.6222585Z [849/1416] Generating x509_crt_bundle^[[K
build	Build ESP32-C6 firmware	2026-09-24T11:24:30.6746368Z [850/1416] Generating ../../x509_crt_bundle.S^[[K
build	Build ESP32-C6 firmware	2026-09-24T11:24:30.6942428Z [851/1416] Building ASM object esp-idf/riscv/CMakeFiles/__idf_riscv.dir/vectors.S.obj^[[K
build	Build ESP32-C6 firmware	2026-09-24T11:24:30.7240480Z [852/1416] Building ASM object esp-idf/riscv/CMakeFiles/__idf_riscv.dir/vectors_intc.S.obj^[[K
build	Build ESP32-C6 firmware	2026-09-24T11:24:30.7441755Z [853/1416] Building C object esp-idf/riscv/CMakeFiles/__idf_riscv.dir/instruction_decode.c.obj^[[K
build	Build ESP32-C6 firmware	2026-09-24T11:24:30.7734065Z [854/1416] Building C object esp-idf/riscv/CMakeFiles/__idf_riscv.dir/interrupt.c.obj^[[K
build	Build ESP32-C6 firmware	2026-09-24T11:24:30.8484949Z [855/1416] Building C object esp-idf/riscv/CMakeFiles/__idf_riscv.dir/interrupt_plic.c.obj^[[K
build	Build ESP32-C6 firmware	2026-09-24T11:24:31.0636898Z [856/1416] Building C object esp-idf/esp_driver_gpio/CMakeFiles/__idf_esp_driver_gpio.dir/src/gpio_glitch_filter_ops.c.obj^[[K
build	Build ESP32-C6 firmware	2026-09-24T11:24:31.0793943Z [857/1416] Building C object esp-idf/esp_driver_gpio/CMakeFiles/__idf_esp_driver_gpio.dir/src/gpio_flex_glitch_filter.c.obj^[[K
build	Build ESP32-C6 firmware	2026-09-24T11:24:31.1038653Z [858/1416] Building C object esp-idf/esp_driver_gpio/CMakeFiles/__idf_esp_driver_gpio.dir/src/dedic_gpio.c.obj^[[K
build	Build ESP32-C6 firmware	2026-09-24T11:24:31.1323835Z [859/1416] Building C object esp-idf/esp_driver_gpio/CMakeFiles/__idf_esp_driver_gpio.dir/src/gpio_pin_glitch_filter.c.obj^[[K
build	Build ESP32-C6 firmware	2026-09-24T11:24:31.2622397Z [860/1416] Building C object esp-idf/esp_driver_gpio/CMakeFiles/__idf_esp_driver_gpio.dir/src/rtc_io.c.obj^[[K
build	Build ESP32-C6 firmware	2026-09-24T11:24:31.2838097Z [861/1416] Building C object esp-idf/esp_driver_gpio/CMakeFiles/__idf_esp_driver_gpio.dir/src/gpio_etm.c.obj^[[K
build	Build ESP32-C6 firmware	2026-09-24T11:24:31.2880880Z [862/1416] Building C object esp-idf/esp_pm/CMakeFiles/__idf_esp_pm.dir/pm_trace.c.obj^[[K
build	Build ESP32-C6 firmware	2026-09-24T11:24:31.3641853Z [863/1416] Building C object esp-idf/esp_driver_gpio/CMakeFiles/__idf_esp_driver_gpio.dir/src/gpio.c.obj^[[K
build	Build ESP32-C6 firmware	2026-09-24T11:24:31.3872859Z [864/1416] Building C object esp-idf/esp_pm/CMakeFiles/__idf_esp_pm.dir/pm_locks.c.obj^[[K
build	Build ESP32-C6 firmware	2026-09-24T11:24:31.4321658Z [865/1416] Building ASM object esp-idf/mbedtls/CMakeFiles/__idf_mbedtls.dir/__/__/x509_crt_bundle.S.obj^[[K
build	Build ESP32-C6 firmware	2026-09-24T11:24:31.4427952Z [866/1416] Building C object esp-idf/mbedtls/CMakeFiles/__idf_mbedtls.dir/esp_crt_bundle/esp_crt_bundle.c.obj^[[K
build	Build ESP32-C6 firmware	2026-09-24T11:24:31.5055158Z [867/1416] Linking C static library esp-idf/mbedtls/libmbedtls.a^[[K
build	Build ESP32-C6 firmware	2026-09-24T11:24:31.5373745Z [868/1416] Building C object esp-idf/esp_pm/CMakeFiles/__idf_esp_pm.dir/pm_impl.c.obj^[[K
build	Build ESP32-C6 firmware	2026-09-24T11:24:31.5592164Z [869/1416] Linking C static library esp-idf/esp_pm/libesp_pm.a^[[K
build	Build ESP32-C6 firmware	2026-09-24T11:24:31.5815434Z [870/1416] Building C object esp-idf/app_trace/CMakeFiles/__idf_app_trace.dir/host_file_io.c.obj^[[K
build	Build ESP32-C6 firmware	2026-09-24T11:24:31.5848912Z [871/1416] Linking C static library esp-idf/esp_driver_gpio/libesp_driver_gpio.a^[[K
build	Build ESP32-C6 firmware	2026-09-24T11:24:31.5879186Z [872/1416] Building C object esp-idf/app_trace/CMakeFiles/__idf_app_trace.dir/app_trace_util.c.obj^[[K
build	Build ESP32-C6 firmware	2026-09-24T11:24:31.6067181Z [873/1416] Building C object esp-idf/app_trace/CMakeFiles/__idf_app_trace.dir/app_trace.c.obj^[[K
build	Build ESP32-C6 firmware	2026-09-24T11:24:31.7102632Z [874/1416] Linking C static library esp-idf/riscv/libriscv.a^[[K
build	Build ESP32-C6 firmware	2026-09-24T11:24:31.7241524Z [875/1416] Building C object esp-idf/app_trace/CMakeFiles/__idf_app_trace.dir/port/port_uart.c.obj^[[K
build	Build ESP32-C6 firmware	2026-09-24T11:24:31.7311309Z [876/1416] Building C object esp-idf/unity/CMakeFiles/__idf_unity.dir/unity_compat.c.obj^[[K
build	Build ESP32-C6 firmware	2026-09-24T11:24:31.8091697Z [877/1416] Linking C static library esp-idf/app_trace/libapp_trace.a^[[K
build	Build ESP32-C6 firmware	2026-09-24T11:24:31.8483704Z [878/1416] Building C object esp-idf/unity/CMakeFiles/__idf_unity.dir/unity_utils_cache.c.obj^[[K
build	Build ESP32-C6 firmware	2026-09-24T11:24:31.8785574Z [879/1416] Building C object esp-idf/unity/CMakeFiles/__idf_unity.dir/unity_runner.c.obj^[[K
build	Build ESP32-C6 firmware	2026-09-24T11:24:31.9528700Z [880/1416] Building C object esp-idf/unity/CMakeFiles/__idf_unity.dir/unity_utils_freertos.c.obj^[[K
build	Build ESP32-C6 firmware	2026-09-24T11:24:31.9731509Z [881/1416] Building C object esp-idf/unity/CMakeFiles/__idf_unity.dir/unity/src/unity.c.obj^[[K
build	Build ESP32-C6 firmware	2026-09-24T11:24:31.9884669Z [882/1416] Building C object esp-idf/unity/CMakeFiles/__idf_unity.dir/port/esp/unity_utils_memory_esp.c.obj^[[K
build	Build ESP32-C6 firmware	2026-09-24T11:24:32.0244208Z [883/1416] Building C object esp-idf/unity/CMakeFiles/__idf_unity.dir/unity_utils_memory.c.obj^[[K
build	Build ESP32-C6 firmware	2026-09-24T11:24:32.0358018Z [884/1416] Building C object esp-idf/unity/CMakeFiles/__idf_unity.dir/unity_port_esp32.c.obj^[[K
build	Build ESP32-C6 firmware	2026-09-24T11:24:32.0432275Z [885/1416] Building C object esp-idf/cmock/CMakeFiles/__idf_cmock.dir/CMock/src/cmock.c.obj^[[K
build	Build ESP32-C6 firmware	2026-09-24T11:24:32.0601984Z [886/1416] Linking C static library esp-idf/unity/libunity.a^[[K
build	Build ESP32-C6 firmware	2026-09-24T11:24:32.1200252Z [887/1416] Linking C static library esp-idf/cmock/libcmock.a^[[K
build	Build ESP32-C6 firmware	2026-09-24T11:24:32.2257724Z [888/1416] Building C object esp-idf/console/CMakeFiles/__idf_console.dir/split_argv.c.obj^[[K
build	Build ESP32-C6 firmware	2026-09-24T11:24:32.2424886Z [889/1416] Building C object esp-idf/console/CMakeFiles/__idf_console.dir/commands.c.obj^[[K
build	Build ESP32-C6 firmware	2026-09-24T11:24:32.3068043Z [890/1416] Building C object esp-idf/console/CMakeFiles/__idf_console.dir/esp_console_common.c.obj^[[K
build	Build ESP32-C6 firmware	2026-09-24T11:24:32.3507955Z [891/1416] Building C object esp-idf/console/CMakeFiles/__idf_console.dir/argtable3/arg_cmd.c.obj^[[K
build	Build ESP32-C6 firmware	2026-09-24T11:24:32.4045524Z [892/1416] Building C object esp-idf/console/CMakeFiles/__idf_console.dir/esp_console_repl_chip.c.obj^[[K
build	Build ESP32-C6 firmware	2026-09-24T11:24:32.4247504Z [893/1416] Building C object esp-idf/console/CMakeFiles/__idf_console.dir/argtable3/arg_dbl.c.obj^[[K
build	Build ESP32-C6 firmware	2026-09-24T11:24:32.4759066Z [894/1416] Building C object esp-idf/console/CMakeFiles/__idf_console.dir/argtable3/arg_date.c.obj^[[K
build	Build ESP32-C6 firmware	2026-09-24T11:24:32.5041380Z [895/1416] Building C object esp-idf/console/CMakeFiles/__idf_console.dir/argtable3/arg_dstr.c.obj^[[K
build	Build ESP32-C6 firmware	2026-09-24T11:24:32.5210930Z [896/1416] Building C object esp-idf/console/CMakeFiles/__idf_console.dir/linenoise/linenoise.c.obj^[[K
build	Build ESP32-C6 firmware	2026-09-24T11:24:32.5805711Z [897/1416] Building C object esp-idf/console/CMakeFiles/__idf_console.dir/argtable3/arg_end.c.obj^[[K
build	Build ESP32-C6 firmware	2026-09-24T11:24:32.5877960Z [898/1416] Building C object esp-idf/console/CMakeFiles/__idf_console.dir/argtable3/arg_file.c.obj^[[K
build	Build ESP32-C6 firmware	2026-09-24T11:24:32.6003459Z [899/1416] Building C object esp-idf/console/CMakeFiles/__idf_console.dir/argtable3/arg_int.c.obj^[[K
build	Build ESP32-C6 firmware	2026-09-24T11:24:32.6608647Z [900/1416] Building C object esp-idf/console/CMakeFiles/__idf_console.dir/argtable3/arg_hashtable.c.obj^[[K
build	Build ESP32-C6 firmware	2026-09-24T11:24:32.6784569Z [901/1416] Building C object esp-idf/console/CMakeFiles/__idf_console.dir/argtable3/arg_rem.c.obj^[[K
build	Build ESP32-C6 firmware	2026-09-24T11:24:32.7941639Z [902/1416] Building C object esp-idf/console/CMakeFiles/__idf_console.dir/argtable3/arg_lit.c.obj^[[K
build	Build ESP32-C6 firmware	2026-09-24T11:24:32.8446618Z [903/1416] Building C object esp-idf/console/CMakeFiles/__idf_console.dir/argtable3/arg_str.c.obj^[[K
build	Build ESP32-C6 firmware	2026-09-24T11:24:32.8583205Z [904/1416] Building C object esp-idf/esp_driver_cam/CMakeFiles/__idf_esp_driver_cam.dir/esp_cam_ctlr.c.obj^[[K
build	Build ESP32-C6 firmware	2026-09-24T11:24:32.9284105Z [905/1416] Building C object esp-idf/console/CMakeFiles/__idf_console.dir/argtable3/arg_utils.c.obj^[[K
build	Build ESP32-C6 firmware	2026-09-24T11:24:32.9524033Z [906/1416] Building C object esp-idf/console/CMakeFiles/__idf_console.dir/argtable3/arg_rex.c.obj^[[K
build	Build ESP32-C6 firmware	2026-09-24T11:24:32.9606966Z [907/1416] Building C object esp-idf/esp_driver_cam/CMakeFiles/__idf_esp_driver_cam.dir/dvp_share_ctrl.c.obj^[[K
build	Build ESP32-C6 firmware	2026-09-24T11:24:32.9715416Z [908/1416] Building C object esp-idf/console/CMakeFiles/__idf_console.dir/argtable3/argtable3.c.obj^[[K
build	Build ESP32-C6 firmware	2026-09-24T11:24:33.0249476Z [909/1416] Linking C static library esp-idf/esp_driver_cam/libesp_driver_cam.a^[[K
build	Build ESP32-C6 firmware	2026-09-24T11:24:33.1853016Z [910/1416] Linking C static library esp-idf/console/libconsole.a^[[K
build	Build ESP32-C6 firmware	2026-09-24T11:24:33.1932752Z [911/1416] Building C object esp-idf/esp_eth/CMakeFiles/__idf_esp_eth.dir/src/esp_eth.c.obj^[[K
build	Build ESP32-C6 firmware	2026-09-24T11:24:33.2306959Z [912/1416] Building C object esp-idf/esp_hid/CMakeFiles/__idf_esp_hid.dir/src/esp_hidd.c.obj^[[K
build	Build ESP32-C6 firmware	2026-09-24T11:24:33.3497692Z [913/1416] Building C object esp-idf/esp_eth/CMakeFiles/__idf_esp_eth.dir/src/esp_eth_netif_glue.c.obj^[[K
build	Build ESP32-C6 firmware	2026-09-24T11:24:33.3751939Z [914/1416] Building C object esp-idf/esp_lcd/CMakeFiles/__idf_esp_lcd.dir/src/esp_lcd_common.c.obj^[[K
build	Build ESP32-C6 firmware	2026-09-24T11:24:33.3810940Z [915/1416] Building C object esp-idf/esp_hid/CMakeFiles/__idf_esp_hid.dir/src/esp_hidh.c.obj^[[K
build	Build ESP32-C6 firmware	2026-09-24T11:24:33.4034847Z [916/1416] Building C object esp-idf/esp_hid/CMakeFiles/__idf_esp_hid.dir/src/esp_hid_common.c.obj^[[K
build	Build ESP32-C6 firmware	2026-09-24T11:24:33.4042485Z [917/1416] Linking C static library esp-idf/esp_hid/libesp_hid.a^[[K
build	Build ESP32-C6 firmware	2026-09-24T11:24:33.4304371Z [918/1416] Building C object esp-idf/esp_eth/CMakeFiles/__idf_esp_eth.dir/src/phy/esp_eth_phy_802_3.c.obj^[[K
build	Build ESP32-C6 firmware	2026-09-24T11:24:33.5091346Z [919/1416] Linking C static library esp-idf/esp_eth/libesp_eth.a^[[K
build	Build ESP32-C6 firmware	2026-09-24T11:24:33.6463087Z [920/1416] Building C object esp-idf/esp_lcd/CMakeFiles/__idf_esp_lcd.dir/src/esp_lcd_panel_io.c.obj^[[K
build	Build ESP32-C6 firmware	2026-09-24T11:24:33.6695834Z [921/1416] Building C object esp-idf/esp_lcd/CMakeFiles/__idf_esp_lcd.dir/src/esp_lcd_panel_st7789.c.obj^[[K
build	Build ESP32-C6 firmware	2026-09-24T11:24:33.6900721Z [922/1416] Building C object esp-idf/esp_https_server/CMakeFiles/__idf_esp_https_server.dir/src/https_server.c.obj^[[K
build	Build ESP32-C6 firmware	2026-09-24T11:24:33.7421080Z [923/1416] Linking C static library esp-idf/esp_https_server/libesp_https_server.a^[[K
build	Build ESP32-C6 firmware	2026-09-24T11:24:33.7482088Z [924/1416] Building C object esp-idf/esp_lcd/CMakeFiles/__idf_esp_lcd.dir/src/esp_lcd_panel_ops.c.obj^[[K
build	Build ESP32-C6 firmware	2026-09-24T11:24:33.7864682Z [925/1416] Building C object esp-idf/esp_lcd/CMakeFiles/__idf_esp_lcd.dir/src/esp_lcd_panel_ssd1306.c.obj^[[K
build	Build ESP32-C6 firmware	2026-09-24T11:24:33.8135953Z [926/1416] Building C object esp-idf/esp_lcd/CMakeFiles/__idf_esp_lcd.dir/src/esp_lcd_panel_nt35510.c.obj^[[K
build	Build ESP32-C6 firmware	2026-09-24T11:24:33.9346020Z [927/1416] Building C object esp-idf/esp_lcd/CMakeFiles/__idf_esp_lcd.dir/i2c/esp_lcd_panel_io_i2c_v1.c.obj^[[K
build	Build ESP32-C6 firmware	2026-09-24T11:24:33.9561996Z [928/1416] Building C object esp-idf/esp_lcd/CMakeFiles/__idf_esp_lcd.dir/i2c/esp_lcd_panel_io_i2c_v2.c.obj^[[K
build	Build ESP32-C6 firmware	2026-09-24T11:24:33.9904294Z [929/1416] Building C object esp-idf/protocomm/CMakeFiles/__idf_protocomm.dir/proto-c/constants.pb-c.c.obj^[[K
build	Build ESP32-C6 firmware	2026-09-24T11:24:34.0517783Z [930/1416] Building C object esp-idf/protocomm/CMakeFiles/__idf_protocomm.dir/proto-c/sec0.pb-c.c.obj^[[K
build	Build ESP32-C6 firmware	2026-09-24T11:24:34.0920564Z [931/1416] Building C object esp-idf/esp_lcd/CMakeFiles/__idf_esp_lcd.dir/spi/esp_lcd_panel_io_spi.c.obj^[[K
build	Build ESP32-C6 firmware	2026-09-24T11:24:34.1103037Z [932/1416] Linking C static library esp-idf/esp_lcd/libesp_lcd.a^[[K
build	Build ESP32-C6 firmware	2026-09-24T11:24:34.1837083Z [933/1416] Building C object esp-idf/protocomm/CMakeFiles/__idf_protocomm.dir/src/common/protocomm.c.obj^[[K
build	Build ESP32-C6 firmware	2026-09-24T11:24:34.2185409Z [934/1416] Building C object esp-idf/protocomm/CMakeFiles/__idf_protocomm.dir/proto-c/session.pb-c.c.obj^[[K
build	Build ESP32-C6 firmware	2026-09-24T11:24:34.2911475Z [935/1416] Building C object esp-idf/protocomm/CMakeFiles/__idf_protocomm.dir/proto-c/sec1.pb-c.c.obj^[[K
build	Build ESP32-C6 firmware	2026-09-24T11:24:34.3605170Z [936/1416] Building C object esp-idf/protocomm/CMakeFiles/__idf_protocomm.dir/proto-c/sec2.pb-c.c.obj^[[K
build	Build ESP32-C6 firmware	2026-09-24T11:24:34.4592526Z [937/1416] Building C object esp-idf/protocomm/CMakeFiles/__idf_protocomm.dir/src/transports/protocomm_console.c.obj^[[K
build	Build ESP32-C6 firmware	2026-09-24T11:24:34.5084824Z [938/1416] Building C object esp-idf/protocomm/CMakeFiles/__idf_protocomm.dir/src/transports/protocomm_httpd.c.obj^[[K
build	Build ESP32-C6 firmware	2026-09-24T11:24:34.5676031Z [939/1416] Building C object esp-idf/protocomm/CMakeFiles/__idf_protocomm.dir/src/security/security0.c.obj^[[K
build	Build ESP32-C6 firmware	2026-09-24T11:24:34.5938660Z [940/1416] Building C object esp-idf/protobuf-c/CMakeFiles/__idf_protobuf-c.dir/protobuf-c/protobuf-c/protobuf-c.c.obj^[[K
build	Build ESP32-C6 firmware	2026-09-24T11:24:34.6678261Z [941/1416] Linking C static library esp-idf/protobuf-c/libprotobuf-c.a^[[K
build	Build ESP32-C6 firmware	2026-09-24T11:24:34.7182465Z [942/1416] Building C object esp-idf/protocomm/CMakeFiles/__idf_protocomm.dir/src/crypto/srp6a/esp_srp_mpi.c.obj^[[K
build	Build ESP32-C6 firmware	2026-09-24T11:24:34.7260184Z [943/1416] Building C object esp-idf/protocomm/CMakeFiles/__idf_protocomm.dir/src/security/security1.c.obj^[[K
build	Build ESP32-C6 firmware	2026-09-24T11:24:34.7723767Z [944/1416] Building C object esp-idf/protocomm/CMakeFiles/__idf_protocomm.dir/src/security/security2.c.obj^[[K
build	Build ESP32-C6 firmware	2026-09-24T11:24:34.8095964Z [945/1416] Building C object esp-idf/protocomm/CMakeFiles/__idf_protocomm.dir/src/crypto/srp6a/esp_srp.c.obj^[[K
build	Build ESP32-C6 firmware	2026-09-24T11:24:34.8114161Z [946/1416] Building C object esp-idf/espcoredump/CMakeFiles/__idf_espcoredump.dir/src/core_dump_init.c.obj^[[K
build	Build ESP32-C6 firmware	2026-09-24T11:24:34.8385634Z [947/1416] Linking C static library esp-idf/protocomm/libprotocomm.a^[[K
build	Build ESP32-C6 firmware	2026-09-24T11:24:34.8983456Z [948/1416] Building C object esp-idf/esp_local_ctrl/CMakeFiles/__idf_esp_local_ctrl.dir/src/esp_local_ctrl.c.obj^[[K
build	Build ESP32-C6 firmware	2026-09-24T11:24:34.9445477Z [949/1416] Building C object esp-idf/esp_local_ctrl/CMakeFiles/__idf_esp_local_ctrl.dir/src/esp_local_ctrl_handler.c.obj^[[K
build	Build ESP32-C6 firmware	2026-09-24T11:24:35.0511274Z [950/1416] Building C object esp-idf/esp_local_ctrl/CMakeFiles/__idf_esp_local_ctrl.dir/src/esp_local_ctrl_transport_httpd.c.obj^[[K
build	Build ESP32-C6 firmware	2026-09-24T11:24:35.0530338Z [951/1416] Building C object esp-idf/espcoredump/CMakeFiles/__idf_espcoredump.dir/src/core_dump_common.c.obj^[[K
build	Build ESP32-C6 firmware	2026-09-24T11:24:35.0773129Z [952/1416] Building C object esp-idf/esp_local_ctrl/CMakeFiles/__idf_esp_local_ctrl.dir/proto-c/esp_local_ctrl.pb-c.c.obj^[[K
build	Build ESP32-C6 firmware	2026-09-24T11:24:35.1021751Z [953/1416] Linking C static library esp-idf/esp_local_ctrl/libesp_local_ctrl.a^[[K
build	Build ESP32-C6 firmware	2026-09-24T11:24:35.1344231Z [954/1416] Building C object esp-idf/espcoredump/CMakeFiles/__idf_espcoredump.dir/src/core_dump_sha.c.obj^[[K
build	Build ESP32-C6 firmware	2026-09-24T11:24:35.1356034Z [955/1416] Building C object esp-idf/espcoredump/CMakeFiles/__idf_espcoredump.dir/src/core_dump_elf.c.obj^[[K
build	Build ESP32-C6 firmware	2026-09-24T11:24:35.1425387Z [956/1416] Building C object esp-idf/espcoredump/CMakeFiles/__idf_espcoredump.dir/src/core_dump_crc.c.obj^[[K
build	Build ESP32-C6 firmware	2026-09-24T11:24:35.2206197Z [957/1416] Building C object esp-idf/espcoredump/CMakeFiles/__idf_espcoredump.dir/src/core_dump_binary.c.obj^[[K
build	Build ESP32-C6 firmware	2026-09-24T11:24:35.2490724Z [958/1416] Building C object esp-idf/espcoredump/CMakeFiles/__idf_espcoredump.dir/src/core_dump_flash.c.obj^[[K
build	Build ESP32-C6 firmware	2026-09-24T11:24:35.3632766Z [959/1416] Building C object esp-idf/espcoredump/CMakeFiles/__idf_espcoredump.dir/src/core_dump_uart.c.obj^[[K
build	Build ESP32-C6 firmware	2026-09-24T11:24:35.3676354Z [960/1416] Building CXX object esp-idf/wear_levelling/CMakeFiles/__idf_wear_levelling.dir/WL_Ext_Perf.cpp.obj^[[K
build	Build ESP32-C6 firmware	2026-09-24T11:24:35.3762074Z [961/1416] Building CXX object esp-idf/wear_levelling/CMakeFiles/__idf_wear_levelling.dir/Partition.cpp.obj^[[K
build	Build ESP32-C6 firmware	2026-09-24T11:24:35.4031314Z [962/1416] Building CXX object esp-idf/wear_levelling/CMakeFiles/__idf_wear_levelling.dir/SPI_Flash.cpp.obj^[[K
build	Build ESP32-C6 firmware	2026-09-24T11:24:35.4244710Z [963/1416] Building C object esp-idf/espcoredump/CMakeFiles/__idf_espcoredump.dir/src/port/riscv/core_dump_port.c.obj^[[K
build	Build ESP32-C6 firmware	2026-09-24T11:24:35.4264018Z [964/1416] Building CXX object esp-idf/wear_levelling/CMakeFiles/__idf_wear_levelling.dir/WL_Ext_Safe.cpp.obj^[[K
build	Build ESP32-C6 firmware	2026-09-24T11:24:35.4836565Z [965/1416] Linking C static library esp-idf/espcoredump/libespcoredump.a^[[K
build	Build ESP32-C6 firmware	2026-09-24T11:24:35.5913246Z [966/1416] Building CXX object esp-idf/wear_levelling/CMakeFiles/__idf_wear_levelling.dir/crc32.cpp.obj^[[K
build	Build ESP32-C6 firmware	2026-09-24T11:24:35.6586121Z [967/1416] Building C object esp-idf/fatfs/CMakeFiles/__idf_fatfs.dir/diskio/diskio.c.obj^[[K
build	Build ESP32-C6 firmware	2026-09-24T11:24:35.7669851Z [968/1416] Building CXX object esp-idf/wear_levelling/CMakeFiles/__idf_wear_levelling.dir/wear_levelling.cpp.obj^[[K
build	Build ESP32-C6 firmware	2026-09-24T11:24:35.7901408Z [969/1416] Building CXX object esp-idf/wear_levelling/CMakeFiles/__idf_wear_levelling.dir/WL_Flash.cpp.obj^[[K
build	Build ESP32-C6 firmware	2026-09-24T11:24:35.7961110Z [970/1416] Building C object esp-idf/fatfs/CMakeFiles/__idf_fatfs.dir/diskio/diskio_wl.c.obj^[[K
build	Build ESP32-C6 firmware	2026-09-24T11:24:35.8096112Z [971/1416] Linking C static library esp-idf/wear_levelling/libwear_levelling.a^[[K
build	Build ESP32-C6 firmware	2026-09-24T11:24:35.8503194Z [972/1416] Building C object esp-idf/fatfs/CMakeFiles/__idf_fatfs.dir/diskio/diskio_rawflash.c.obj^[[K
build	Build ESP32-C6 firmware	2026-09-24T11:24:35.9455305Z [973/1416] Building C object esp-idf/fatfs/CMakeFiles/__idf_fatfs.dir/src/ffunicode.c.obj^[[K
build	Build ESP32-C6 firmware	2026-09-24T11:24:36.0579297Z [974/1416] Building C object esp-idf/fatfs/CMakeFiles/__idf_fatfs.dir/port/freertos/ffsystem.c.obj^[[K
build	Build ESP32-C6 firmware	2026-09-24T11:24:36.2188756Z [975/1416] Building C object esp-idf/fatfs/CMakeFiles/__idf_fatfs.dir/diskio/diskio_sdmmc.c.obj^[[K
build	Build ESP32-C6 firmware	2026-09-24T11:24:36.2718230Z [976/1416] Building C object esp-idf/ieee802154/CMakeFiles/__idf_ieee802154.dir/driver/esp_ieee802154_ack.c.obj^[[K
build	Build ESP32-C6 firmware	2026-09-24T11:24:36.2848290Z [977/1416] Building C object esp-idf/fatfs/CMakeFiles/__idf_fatfs.dir/vfs/vfs_fat_sdmmc.c.obj^[[K
build	Build ESP32-C6 firmware	2026-09-24T11:24:36.2872428Z [978/1416] Building C object esp-idf/fatfs/CMakeFiles/__idf_fatfs.dir/vfs/vfs_fat_spiflash.c.obj^[[K
build	Build ESP32-C6 firmware	2026-09-24T11:24:36.3999500Z [979/1416] Building C object esp-idf/ieee802154/CMakeFiles/__idf_ieee802154.dir/esp_ieee802154.c.obj^[[K
build	Build ESP32-C6 firmware	2026-09-24T11:24:36.4706610Z [980/1416] Building C object esp-idf/fatfs/CMakeFiles/__idf_fatfs.dir/src/ff.c.obj^[[K
build	Build ESP32-C6 firmware	2026-09-24T11:24:36.5151873Z [981/1416] Building C object esp-idf/fatfs/CMakeFiles/__idf_fatfs.dir/vfs/vfs_fat.c.obj^[[K
build	Build ESP32-C6 firmware	2026-09-24T11:24:36.5263179Z [982/1416] Linking C static library esp-idf/fatfs/libfatfs.a^[[K
build	Build ESP32-C6 firmware	2026-09-24T11:24:36.5541786Z [983/1416] Building C object esp-idf/ieee802154/CMakeFiles/__idf_ieee802154.dir/driver/esp_ieee802154_sec.c.obj^[[K
build	Build ESP32-C6 firmware	2026-09-24T11:24:36.5943013Z [984/1416] Building C object esp-idf/ieee802154/CMakeFiles/__idf_ieee802154.dir/driver/esp_ieee802154_util.c.obj^[[K
build	Build ESP32-C6 firmware	2026-09-24T11:24:36.6050425Z [985/1416] Building C object esp-idf/ieee802154/CMakeFiles/__idf_ieee802154.dir/driver/esp_ieee802154_pib.c.obj^[[K
build	Build ESP32-C6 firmware	2026-09-24T11:24:36.6847844Z [986/1416] Building C object esp-idf/ieee802154/CMakeFiles/__idf_ieee802154.dir/driver/esp_ieee802154_frame.c.obj^[[K
build	Build ESP32-C6 firmware	2026-09-24T11:24:36.7605075Z [987/1416] Building C object esp-idf/ieee802154/CMakeFiles/__idf_ieee802154.dir/driver/esp_ieee802154_timer.c.obj^[[K
build	Build ESP32-C6 firmware	2026-09-24T11:24:36.7842066Z [988/1416] Building C object esp-idf/ieee802154/CMakeFiles/__idf_ieee802154.dir/driver/esp_ieee802154_dev.c.obj^[[K
build	Build ESP32-C6 firmware	2026-09-24T11:24:37.0015929Z [989/1416] Linking C static library esp-idf/ieee802154/libieee802154.a^[[K
build	Build ESP32-C6 firmware	2026-09-24T11:24:37.0718825Z [990/1416] Building C object esp-idf/mqtt/CMakeFiles/__idf_mqtt.dir/esp-mqtt/lib/mqtt_outbox.c.obj^[[K
build	Build ESP32-C6 firmware	2026-09-24T11:24:37.0767355Z [991/1416] Building C object esp-idf/mqtt/CMakeFiles/__idf_mqtt.dir/esp-mqtt/lib/mqtt_msg.c.obj^[[K
build	Build ESP32-C6 firmware	2026-09-24T11:24:37.1251809Z [992/1416] Building C object esp-idf/json/CMakeFiles/__idf_json.dir/cJSON/cJSON_Utils.c.obj^[[K
build	Build ESP32-C6 firmware	2026-09-24T11:24:37.2673818Z [993/1416] Building C object esp-idf/mqtt/CMakeFiles/__idf_mqtt.dir/esp-mqtt/lib/platform_esp32_idf.c.obj^[[K
build	Build ESP32-C6 firmware	2026-09-24T11:24:37.2916082Z [994/1416] Building C object esp-idf/json/CMakeFiles/__idf_json.dir/cJSON/cJSON.c.obj^[[K
build	Build ESP32-C6 firmware	2026-09-24T11:24:37.2949981Z [995/1416] Linking C static library esp-idf/json/libjson.a^[[K
build	Build ESP32-C6 firmware	2026-09-24T11:24:37.3020142Z [996/1416] Building C object esp-idf/rt/CMakeFiles/__idf_rt.dir/FreeRTOS_POSIX_utils.c.obj^[[K
build	Build ESP32-C6 firmware	2026-09-24T11:24:37.3101137Z [997/1416] Building C object esp-idf/nvs_sec_provider/CMakeFiles/__idf_nvs_sec_provider.dir/nvs_sec_provider.c.obj^[[K
build	Build ESP32-C6 firmware	2026-09-24T11:24:37.4505269Z [998/1416] Linking C static library esp-idf/nvs_sec_provider/libnvs_sec_provider.a^[[K
build	Build ESP32-C6 firmware	2026-09-24T11:24:37.4605547Z [999/1416] Building C object esp-idf/rt/CMakeFiles/__idf_rt.dir/FreeRTOS_POSIX_mqueue.c.obj^[[K
build	Build ESP32-C6 firmware	2026-09-24T11:24:37.4709758Z [1000/1416] Building C object esp-idf/mqtt/CMakeFiles/__idf_mqtt.dir/esp-mqtt/mqtt_client.c.obj^[[K
build	Build ESP32-C6 firmware	2026-09-24T11:24:37.4729940Z [1001/1416] Building C object esp-idf/spiffs/CMakeFiles/__idf_spiffs.dir/spiffs_api.c.obj^[[K
build	Build ESP32-C6 firmware	2026-09-24T11:24:37.4810827Z [1002/1416] Linking C static library esp-idf/rt/librt.a^[[K
build	Build ESP32-C6 firmware	2026-09-24T11:24:37.4837673Z [1003/1416] Linking C static library esp-idf/mqtt/libmqtt.a^[[K
build	Build ESP32-C6 firmware	2026-09-24T11:24:37.6678629Z [1004/1416] Building C object esp-idf/spiffs/CMakeFiles/__idf_spiffs.dir/spiffs/src/spiffs_cache.c.obj^[[K
build	Build ESP32-C6 firmware	2026-09-24T11:24:37.7937667Z [1005/1416] Building C object esp-idf/spiffs/CMakeFiles/__idf_spiffs.dir/spiffs/src/spiffs_gc.c.obj^[[K
build	Build ESP32-C6 firmware	2026-09-24T11:24:37.8166121Z [1006/1416] Building C object esp-idf/spiffs/CMakeFiles/__idf_spiffs.dir/spiffs/src/spiffs_check.c.obj^[[K
build	Build ESP32-C6 firmware	2026-09-24T11:24:37.8746054Z [1007/1416] Building C object esp-idf/wifi_provisioning/CMakeFiles/__idf_wifi_provisioning.dir/src/wifi_config.c.obj^[[K
build	Build ESP32-C6 firmware	2026-09-24T11:24:38.0530579Z [1008/1416] Building C object esp-idf/spiffs/CMakeFiles/__idf_spiffs.dir/spiffs/src/spiffs_hydrogen.c.obj^[[K
build	Build ESP32-C6 firmware	2026-09-24T11:24:38.0548834Z [1009/1416] Building C object esp-idf/spiffs/CMakeFiles/__idf_spiffs.dir/spiffs/src/spiffs_nucleus.c.obj^[[K
build	Build ESP32-C6 firmware	2026-09-24T11:24:38.0912271Z [1010/1416] Building C object esp-idf/wifi_provisioning/CMakeFiles/__idf_wifi_provisioning.dir/src/wifi_ctrl.c.obj^[[K
build	Build ESP32-C6 firmware	2026-09-24T11:24:38.1173836Z [1011/1416] Building C object esp-idf/spiffs/CMakeFiles/__idf_spiffs.dir/esp_spiffs.c.obj^[[K
build	Build ESP32-C6 firmware	2026-09-24T11:24:38.1285945Z [1012/1416] Linking C static library esp-idf/spiffs/libspiffs.a^[[K
build	Build ESP32-C6 firmware	2026-09-24T11:24:38.1888803Z [1013/1416] Building C object esp-idf/wifi_provisioning/CMakeFiles/__idf_wifi_provisioning.dir/src/wifi_scan.c.obj^[[K
build	Build ESP32-C6 firmware	2026-09-24T11:24:38.2856699Z [1014/1416] Building C object esp-idf/wifi_provisioning/CMakeFiles/__idf_wifi_provisioning.dir/src/handlers.c.obj^[[K
build	Build ESP32-C6 firmware	2026-09-24T11:24:38.3602233Z [1015/1416] Building C object esp-idf/wifi_provisioning/CMakeFiles/__idf_wifi_provisioning.dir/proto-c/wifi_config.pb-c.c.obj^[[K
build	Build ESP32-C6 firmware	2026-09-24T11:24:38.3965478Z [1016/1416] Building C object esp-idf/wifi_provisioning/CMakeFiles/__idf_wifi_provisioning.dir/src/scheme_console.c.obj^[[K
build	Build ESP32-C6 firmware	2026-09-24T11:24:38.3978979Z [1017/1416] Building C object esp-idf/wifi_provisioning/CMakeFiles/__idf_wifi_provisioning.dir/proto-c/wifi_constants.pb-c.c.obj^[[K
build	Build ESP32-C6 firmware	2026-09-24T11:24:38.4292728Z [1018/1416] Building C object esp-idf/wifi_provisioning/CMakeFiles/__idf_wifi_provisioning.dir/proto-c/wifi_ctrl.pb-c.c.obj^[[K
build	Build ESP32-C6 firmware	2026-09-24T11:24:38.4886412Z [1019/1416] Building C object esp-idf/wifi_provisioning/CMakeFiles/__idf_wifi_provisioning.dir/proto-c/wifi_scan.pb-c.c.obj^[[K
build	Build ESP32-C6 firmware	2026-09-24T11:24:38.5833045Z [1020/1416] Building C object esp-idf/wifi_provisioning/CMakeFiles/__idf_wifi_provisioning.dir/src/manager.c.obj^[[K
build	Build ESP32-C6 firmware	2026-09-24T11:24:38.6340771Z [1021/1416] Building C object esp-idf/wifi_provisioning/CMakeFiles/__idf_wifi_provisioning.dir/src/scheme_softap.c.obj^[[K
build	Build ESP32-C6 firmware	2026-09-24T11:24:38.6786425Z [1022/1416] Linking C static library esp-idf/wifi_provisioning/libwifi_provisioning.a^[[K
build	Build ESP32-C6 firmware	2026-09-24T11:24:38.6969697Z [1023/1416] Building C object esp-idf/espressif__esp_lcd_sh8601/CMakeFiles/__idf_espressif__esp_lcd_sh8601.dir/esp_lcd_sh8601.c.obj^[[K
build	Build ESP32-C6 firmware	2026-09-24T11:24:38.7371593Z [1024/1416] Linking C static library esp-idf/espressif__esp_lcd_sh8601/libespressif__esp_lcd_sh8601.a^[[K
build	Build ESP32-C6 firmware	2026-09-24T11:24:38.8394383Z [1025/1416] Building C object esp-idf/lvgl__lvgl/CMakeFiles/__idf_lvgl__lvgl.dir/src/core/lv_disp.c.obj^[[K
build	Build ESP32-C6 firmware	2026-09-24T11:24:38.8510006Z [1026/1416] Building C object esp-idf/lvgl__lvgl/CMakeFiles/__idf_lvgl__lvgl.dir/src/core/lv_group.c.obj^[[K
build	Build ESP32-C6 firmware	2026-09-24T11:24:38.8971795Z [1027/1416] Building C object esp-idf/lvgl__lvgl/CMakeFiles/__idf_lvgl__lvgl.dir/src/core/lv_event.c.obj^[[K
build	Build ESP32-C6 firmware	2026-09-24T11:24:39.0122899Z [1028/1416] Building C object esp-idf/lvgl__lvgl/CMakeFiles/__idf_lvgl__lvgl.dir/src/core/lv_indev.c.obj^[[K
build	Build ESP32-C6 firmware	2026-09-24T11:24:39.0310904Z [1029/1416] Building C object esp-idf/lvgl__lvgl/CMakeFiles/__idf_lvgl__lvgl.dir/src/core/lv_obj_class.c.obj^[[K
build	Build ESP32-C6 firmware	2026-09-24T11:24:39.2197841Z [1030/1416] Building C object esp-idf/lvgl__lvgl/CMakeFiles/__idf_lvgl__lvgl.dir/src/core/lv_indev_scroll.c.obj^[[K
build	Build ESP32-C6 firmware	2026-09-24T11:24:39.2767899Z [1031/1416] Building C object esp-idf/lvgl__lvgl/CMakeFiles/__idf_lvgl__lvgl.dir/src/core/lv_obj_draw.c.obj^[[K
build	Build ESP32-C6 firmware	2026-09-24T11:24:39.3503082Z [1032/1416] Building C object esp-idf/lvgl__lvgl/CMakeFiles/__idf_lvgl__lvgl.dir/src/core/lv_obj.c.obj^[[K
build	Build ESP32-C6 firmware	2026-09-24T11:24:39.4030975Z [1033/1416] Building C object esp-idf/lvgl__lvgl/CMakeFiles/__idf_lvgl__lvgl.dir/src/core/lv_obj_style_gen.c.obj^[[K
build	Build ESP32-C6 firmware	2026-09-24T11:24:39.4982061Z [1034/1416] Building C object esp-idf/lvgl__lvgl/CMakeFiles/__idf_lvgl__lvgl.dir/src/core/lv_obj_pos.c.obj^[[K
build	Build ESP32-C6 firmware	2026-09-24T11:24:39.5296548Z [1035/1416] Building C object esp-idf/lvgl__lvgl/CMakeFiles/__idf_lvgl__lvgl.dir/src/core/lv_obj_tree.c.obj^[[K
build	Build ESP32-C6 firmware	2026-09-24T11:24:39.5332803Z [1036/1416] Building C object esp-idf/lvgl__lvgl/CMakeFiles/__idf_lvgl__lvgl.dir/src/core/lv_obj_style.c.obj^[[K
build	Build ESP32-C6 firmware	2026-09-24T11:24:39.5958167Z [1037/1416] Building C object esp-idf/lvgl__lvgl/CMakeFiles/__idf_lvgl__lvgl.dir/src/core/lv_obj_scroll.c.obj^[[K
build	Build ESP32-C6 firmware	2026-09-24T11:24:39.6517139Z [1038/1416] Building C object esp-idf/lvgl__lvgl/CMakeFiles/__idf_lvgl__lvgl.dir/src/draw/arm2d/lv_gpu_arm2d.c.obj^[[K
build	Build ESP32-C6 firmware	2026-09-24T11:24:39.7501030Z [1039/1416] Building C object esp-idf/lvgl__lvgl/CMakeFiles/__idf_lvgl__lvgl.dir/src/draw/lv_draw.c.obj^[[K
build	Build ESP32-C6 firmware	2026-09-24T11:24:39.7580512Z [1040/1416] Building C object esp-idf/lvgl__lvgl/CMakeFiles/__idf_lvgl__lvgl.dir/src/core/lv_theme.c.obj^[[K
build	Build ESP32-C6 firmware	2026-09-24T11:24:39.8647295Z [1041/1416] Building C object esp-idf/lvgl__lvgl/CMakeFiles/__idf_lvgl__lvgl.dir/src/draw/lv_draw_arc.c.obj^[[K
build	Build ESP32-C6 firmware	2026-09-24T11:24:39.8878793Z [1042/1416] Building C object esp-idf/lvgl__lvgl/CMakeFiles/__idf_lvgl__lvgl.dir/src/draw/lv_draw_layer.c.obj^[[K
build	Build ESP32-C6 firmware	2026-09-24T11:24:39.9161780Z [1043/1416] Building C object esp-idf/lvgl__lvgl/CMakeFiles/__idf_lvgl__lvgl.dir/src/draw/lv_draw_img.c.obj^[[K
build	Build ESP32-C6 firmware	2026-09-24T11:24:39.9242501Z [1044/1416] Building C object esp-idf/lvgl__lvgl/CMakeFiles/__idf_lvgl__lvgl.dir/src/core/lv_refr.c.obj^[[K
build	Build ESP32-C6 firmware	2026-09-24T11:24:39.9485886Z [1045/1416] Building C object esp-idf/lvgl__lvgl/CMakeFiles/__idf_lvgl__lvgl.dir/src/draw/lv_draw_label.c.obj^[[K
build	Build ESP32-C6 firmware	2026-09-24T11:24:40.0333925Z [1046/1416] Building C object esp-idf/lvgl__lvgl/CMakeFiles/__idf_lvgl__lvgl.dir/src/draw/lv_draw_line.c.obj^[[K
build	Build ESP32-C6 firmware	2026-09-24T11:24:40.0516589Z [1047/1416] Building C object esp-idf/lvgl__lvgl/CMakeFiles/__idf_lvgl__lvgl.dir/src/draw/lv_draw_transform.c.obj^[[K
build	Build ESP32-C6 firmware	2026-09-24T11:24:40.0990601Z [1048/1416] Building C object esp-idf/lvgl__lvgl/CMakeFiles/__idf_lvgl__lvgl.dir/src/draw/lv_draw_triangle.c.obj^[[K
build	Build ESP32-C6 firmware	2026-09-24T11:24:40.1347332Z [1049/1416] Building C object esp-idf/lvgl__lvgl/CMakeFiles/__idf_lvgl__lvgl.dir/src/draw/nxp/pxp/lv_draw_pxp.c.obj^[[K
build	Build ESP32-C6 firmware	2026-09-24T11:24:40.1571456Z [1050/1416] Building C object esp-idf/lvgl__lvgl/CMakeFiles/__idf_lvgl__lvgl.dir/src/draw/lv_draw_rect.c.obj^[[K
build	Build ESP32-C6 firmware	2026-09-24T11:24:40.1884065Z [1051/1416] Building C object esp-idf/lvgl__lvgl/CMakeFiles/__idf_lvgl__lvgl.dir/src/draw/nxp/pxp/lv_draw_pxp_blend.c.obj^[[K
build	Build ESP32-C6 firmware	2026-09-24T11:24:40.2339338Z [1052/1416] Building C object esp-idf/lvgl__lvgl/CMakeFiles/__idf_lvgl__lvgl.dir/src/draw/lv_img_cache.c.obj^[[K
build	Build ESP32-C6 firmware	2026-09-24T11:24:40.2413058Z [1053/1416] Building C object esp-idf/lvgl__lvgl/CMakeFiles/__idf_lvgl__lvgl.dir/src/draw/nxp/pxp/lv_gpu_nxp_pxp.c.obj^[[K
build	Build ESP32-C6 firmware	2026-09-24T11:24:40.2554009Z [1054/1416] Building C object esp-idf/lvgl__lvgl/CMakeFiles/__idf_lvgl__lvgl.dir/src/draw/nxp/pxp/lv_gpu_nxp_pxp_osa.c.obj^[[K
build	Build ESP32-C6 firmware	2026-09-24T11:24:40.2885840Z [1055/1416] Building C object esp-idf/lvgl__lvgl/CMakeFiles/__idf_lvgl__lvgl.dir/src/draw/lv_img_buf.c.obj^[[K
build	Build ESP32-C6 firmware	2026-09-24T11:24:40.2925976Z [1056/1416] Building C object esp-idf/lvgl__lvgl/CMakeFiles/__idf_lvgl__lvgl.dir/src/draw/nxp/vglite/lv_draw_vglite.c.obj^[[K
build	Build ESP32-C6 firmware	2026-09-24T11:24:40.2959306Z [1057/1416] Building C object esp-idf/lvgl__lvgl/CMakeFiles/__idf_lvgl__lvgl.dir/src/draw/lv_img_decoder.c.obj^[[K
build	Build ESP32-C6 firmware	2026-09-24T11:24:40.3117076Z [1058/1416] Building C object esp-idf/lvgl__lvgl/CMakeFiles/__idf_lvgl__lvgl.dir/src/draw/nxp/vglite/lv_draw_vglite_arc.c.obj^[[K
build	Build ESP32-C6 firmware	2026-09-24T11:24:40.3230870Z [1059/1416] Building C object esp-idf/lvgl__lvgl/CMakeFiles/__idf_lvgl__lvgl.dir/src/draw/nxp/vglite/lv_draw_vglite_blend.c.obj^[[K
build	Build ESP32-C6 firmware	2026-09-24T11:24:40.3416958Z [1060/1416] Building C object esp-idf/lvgl__lvgl/CMakeFiles/__idf_lvgl__lvgl.dir/src/draw/nxp/vglite/lv_draw_vglite_line.c.obj^[[K
build	Build ESP32-C6 firmware	2026-09-24T11:24:40.3566153Z [1061/1416] Building C object esp-idf/lvgl__lvgl/CMakeFiles/__idf_lvgl__lvgl.dir/src/draw/lv_draw_mask.c.obj^[[K
build	Build ESP32-C6 firmware	2026-09-24T11:24:40.3744003Z [1062/1416] Building C object esp-idf/lvgl__lvgl/CMakeFiles/__idf_lvgl__lvgl.dir/src/draw/nxp/vglite/lv_vglite_buf.c.obj^[[K
build	Build ESP32-C6 firmware	2026-09-24T11:24:40.3902450Z [1063/1416] Building C object esp-idf/lvgl__lvgl/CMakeFiles/__idf_lvgl__lvgl.dir/src/draw/nxp/vglite/lv_draw_vglite_rect.c.obj^[[K
build	Build ESP32-C6 firmware	2026-09-24T11:24:40.4085523Z [1064/1416] Building C object esp-idf/lvgl__lvgl/CMakeFiles/__idf_lvgl__lvgl.dir/src/draw/nxp/vglite/lv_vglite_utils.c.obj^[[K
build	Build ESP32-C6 firmware	2026-09-24T11:24:40.4250517Z [1065/1416] Building C object esp-idf/lvgl__lvgl/CMakeFiles/__idf_lvgl__lvgl.dir/src/draw/sdl/lv_draw_sdl.c.obj^[[K
build	Build ESP32-C6 firmware	2026-09-24T11:24:40.4386052Z [1066/1416] Building C object esp-idf/lvgl__lvgl/CMakeFiles/__idf_lvgl__lvgl.dir/src/draw/sdl/lv_draw_sdl_bg.c.obj^[[K
build	Build ESP32-C6 firmware	2026-09-24T11:24:40.4729540Z [1067/1416] Building C object esp-idf/lvgl__lvgl/CMakeFiles/__idf_lvgl__lvgl.dir/src/draw/sdl/lv_draw_sdl_arc.c.obj^[[K
build	Build ESP32-C6 firmware	2026-09-24T11:24:40.4759839Z [1068/1416] Building C object esp-idf/lvgl__lvgl/CMakeFiles/__idf_lvgl__lvgl.dir/src/draw/sdl/lv_draw_sdl_composite.c.obj^[[K
build	Build ESP32-C6 firmware	2026-09-24T11:24:40.4817998Z [1069/1416] Building C object esp-idf/lvgl__lvgl/CMakeFiles/__idf_lvgl__lvgl.dir/src/draw/sdl/lv_draw_sdl_img.c.obj^[[K
build	Build ESP32-C6 firmware	2026-09-24T11:24:40.5151632Z [1070/1416] Building C object esp-idf/lvgl__lvgl/CMakeFiles/__idf_lvgl__lvgl.dir/src/draw/renesas/lv_gpu_d2_draw_label.c.obj^[[K
build	Build ESP32-C6 firmware	2026-09-24T11:24:40.5332990Z [1071/1416] Building C object esp-idf/lvgl__lvgl/CMakeFiles/__idf_lvgl__lvgl.dir/src/draw/sdl/lv_draw_sdl_label.c.obj^[[K
build	Build ESP32-C6 firmware	2026-09-24T11:24:40.5361220Z [1072/1416] Building C object esp-idf/lvgl__lvgl/CMakeFiles/__idf_lvgl__lvgl.dir/src/draw/sdl/lv_draw_sdl_line.c.obj^[[K
build	Build ESP32-C6 firmware	2026-09-24T11:24:40.5521735Z [1073/1416] Building C object esp-idf/lvgl__lvgl/CMakeFiles/__idf_lvgl__lvgl.dir/src/draw/sdl/lv_draw_sdl_mask.c.obj^[[K
build	Build ESP32-C6 firmware	2026-09-24T11:24:40.5588624Z [1074/1416] Building C object esp-idf/lvgl__lvgl/CMakeFiles/__idf_lvgl__lvgl.dir/src/draw/sdl/lv_draw_sdl_polygon.c.obj^[[K
build	Build ESP32-C6 firmware	2026-09-24T11:24:40.5655828Z [1075/1416] Building C object esp-idf/lvgl__lvgl/CMakeFiles/__idf_lvgl__lvgl.dir/src/draw/sdl/lv_draw_sdl_layer.c.obj^[[K
build	Build ESP32-C6 firmware	2026-09-24T11:24:40.5892499Z [1076/1416] Building C object esp-idf/lvgl__lvgl/CMakeFiles/__idf_lvgl__lvgl.dir/src/draw/renesas/lv_gpu_d2_ra6m3.c.obj^[[K
build	Build ESP32-C6 firmware	2026-09-24T11:24:40.5919656Z [1077/1416] Building C object esp-idf/lvgl__lvgl/CMakeFiles/__idf_lvgl__lvgl.dir/src/draw/sdl/lv_draw_sdl_rect.c.obj^[[K
build	Build ESP32-C6 firmware	2026-09-24T11:24:40.6009165Z [1078/1416] Building C object esp-idf/lvgl__lvgl/CMakeFiles/__idf_lvgl__lvgl.dir/src/draw/sdl/lv_draw_sdl_stack_blur.c.obj^[[K
build	Build ESP32-C6 firmware	2026-09-24T11:24:40.6449921Z [1079/1416] Building C object esp-idf/lvgl__lvgl/CMakeFiles/__idf_lvgl__lvgl.dir/src/draw/sdl/lv_draw_sdl_texture_cache.c.obj^[[K
build	Build ESP32-C6 firmware	2026-09-24T11:24:40.7295724Z [1080/1416] Building C object esp-idf/lvgl__lvgl/CMakeFiles/__idf_lvgl__lvgl.dir/src/draw/sdl/lv_draw_sdl_utils.c.obj^[[K
build	Build ESP32-C6 firmware	2026-09-24T11:24:40.7710048Z [1081/1416] Building C object esp-idf/lvgl__lvgl/CMakeFiles/__idf_lvgl__lvgl.dir/src/draw/sw/lv_draw_sw_dither.c.obj^[[K
build	Build ESP32-C6 firmware	2026-09-24T11:24:40.7827704Z [1082/1416] Building C object esp-idf/lvgl__lvgl/CMakeFiles/__idf_lvgl__lvgl.dir/src/draw/sw/lv_draw_sw.c.obj^[[K
build	Build ESP32-C6 firmware	2026-09-24T11:24:40.8963766Z [1083/1416] Building C object esp-idf/lvgl__lvgl/CMakeFiles/__idf_lvgl__lvgl.dir/src/draw/stm32_dma2d/lv_gpu_stm32_dma2d.c.obj^[[K
build	Build ESP32-C6 firmware	2026-09-24T11:24:40.9396315Z [1084/1416] Building C object esp-idf/lvgl__lvgl/CMakeFiles/__idf_lvgl__lvgl.dir/src/draw/sw/lv_draw_sw_gradient.c.obj^[[K
build	Build ESP32-C6 firmware	2026-09-24T11:24:40.9961980Z [1085/1416] Building C object esp-idf/lvgl__lvgl/CMakeFiles/__idf_lvgl__lvgl.dir/src/draw/sw/lv_draw_sw_arc.c.obj^[[K
build	Build ESP32-C6 firmware	2026-09-24T11:24:41.0328800Z [1086/1416] Building C object esp-idf/lvgl__lvgl/CMakeFiles/__idf_lvgl__lvgl.dir/src/draw/sw/lv_draw_sw_blend.c.obj^[[K
build	Build ESP32-C6 firmware	2026-09-24T11:24:41.0545622Z [1087/1416] Building C object esp-idf/lvgl__lvgl/CMakeFiles/__idf_lvgl__lvgl.dir/src/draw/sw/lv_draw_sw_img.c.obj^[[K
build	Build ESP32-C6 firmware	2026-09-24T11:24:41.0675213Z [1088/1416] Building C object esp-idf/lvgl__lvgl/CMakeFiles/__idf_lvgl__lvgl.dir/src/draw/sw/lv_draw_sw_letter.c.obj^[[K
build	Build ESP32-C6 firmware	2026-09-24T11:24:41.1825284Z [1089/1416] Building C object esp-idf/lvgl__lvgl/CMakeFiles/__idf_lvgl__lvgl.dir/src/draw/sw/lv_draw_sw_layer.c.obj^[[K
build	Build ESP32-C6 firmware	2026-09-24T11:24:41.2296401Z [1090/1416] Building C object esp-idf/lvgl__lvgl/CMakeFiles/__idf_lvgl__lvgl.dir/src/draw/sw/lv_draw_sw_polygon.c.obj^[[K
build	Build ESP32-C6 firmware	2026-09-24T11:24:41.2875956Z [1091/1416] Building C object esp-idf/lvgl__lvgl/CMakeFiles/__idf_lvgl__lvgl.dir/src/draw/swm341_dma2d/lv_gpu_swm341_dma2d.c.obj^[[K
build	Build ESP32-C6 firmware	2026-09-24T11:24:41.3871024Z [1092/1416] Building C object esp-idf/lvgl__lvgl/CMakeFiles/__idf_lvgl__lvgl.dir/src/draw/sw/lv_draw_sw_line.c.obj^[[K
build	Build ESP32-C6 firmware	2026-09-24T11:24:41.4572987Z [1093/1416] Building C object esp-idf/lvgl__lvgl/CMakeFiles/__idf_lvgl__lvgl.dir/src/draw/sw/lv_draw_sw_transform.c.obj^[[K
build	Build ESP32-C6 firmware	2026-09-24T11:24:41.4797440Z [1094/1416] Building C object esp-idf/lvgl__lvgl/CMakeFiles/__idf_lvgl__lvgl.dir/src/extra/layouts/flex/lv_flex.c.obj^[[K
build	Build ESP32-C6 firmware	2026-09-24T11:24:41.5595429Z [1095/1416] Building C object esp-idf/lvgl__lvgl/CMakeFiles/__idf_lvgl__lvgl.dir/src/extra/libs/ffmpeg/lv_ffmpeg.c.obj^[[K
build	Build ESP32-C6 firmware	2026-09-24T11:24:41.5886817Z [1096/1416] Building C object esp-idf/lvgl__lvgl/CMakeFiles/__idf_lvgl__lvgl.dir/src/draw/sw/lv_draw_sw_rect.c.obj^[[K
build	Build ESP32-C6 firmware	2026-09-24T11:24:41.6366523Z [1097/1416] Building C object esp-idf/lvgl__lvgl/CMakeFiles/__idf_lvgl__lvgl.dir/src/extra/libs/bmp/lv_bmp.c.obj^[[K
build	Build ESP32-C6 firmware	2026-09-24T11:24:41.6798557Z [1098/1416] Building C object esp-idf/lvgl__lvgl/CMakeFiles/__idf_lvgl__lvgl.dir/src/extra/libs/freetype/lv_freetype.c.obj^[[K
build	Build ESP32-C6 firmware	2026-09-24T11:24:41.7057282Z [1099/1416] Building C object esp-idf/lvgl__lvgl/CMakeFiles/__idf_lvgl__lvgl.dir/src/extra/libs/fsdrv/lv_fs_littlefs.c.obj^[[K
build	Build ESP32-C6 firmware	2026-09-24T11:24:41.7147558Z [1100/1416] Building C object esp-idf/lvgl__lvgl/CMakeFiles/__idf_lvgl__lvgl.dir/src/extra/layouts/grid/lv_grid.c.obj^[[K
build	Build ESP32-C6 firmware	2026-09-24T11:24:41.8010155Z [1101/1416] Building C object esp-idf/lvgl__lvgl/CMakeFiles/__idf_lvgl__lvgl.dir/src/extra/libs/fsdrv/lv_fs_fatfs.c.obj^[[K
build	Build ESP32-C6 firmware	2026-09-24T11:24:41.8296103Z [1102/1416] Building C object esp-idf/lvgl__lvgl/CMakeFiles/__idf_lvgl__lvgl.dir/src/extra/libs/gif/gifdec.c.obj^[[K
build	Build ESP32-C6 firmware	2026-09-24T11:24:41.8687451Z [1103/1416] Building C object esp-idf/lvgl__lvgl/CMakeFiles/__idf_lvgl__lvgl.dir/src/extra/libs/fsdrv/lv_fs_posix.c.obj^[[K
build	Build ESP32-C6 firmware	2026-09-24T11:24:41.8836430Z [1104/1416] Building C object esp-idf/lvgl__lvgl/CMakeFiles/__idf_lvgl__lvgl.dir/src/extra/libs/fsdrv/lv_fs_win32.c.obj^[[K
build	Build ESP32-C6 firmware	2026-09-24T11:24:41.9976577Z [1105/1416] Building C object esp-idf/lvgl__lvgl/CMakeFiles/__idf_lvgl__lvgl.dir/src/extra/libs/fsdrv/lv_fs_stdio.c.obj^[[K
build	Build ESP32-C6 firmware	2026-09-24T11:24:42.0343693Z [1106/1416] Building C object esp-idf/lvgl__lvgl/CMakeFiles/__idf_lvgl__lvgl.dir/src/extra/libs/png/lodepng.c.obj^[[K
build	Build ESP32-C6 firmware	2026-09-24T11:24:42.0640848Z [1107/1416] Building C object esp-idf/lvgl__lvgl/CMakeFiles/__idf_lvgl__lvgl.dir/src/extra/libs/gif/lv_gif.c.obj^[[K
build	Build ESP32-C6 firmware	2026-09-24T11:24:42.1400343Z [1108/1416] Building C object esp-idf/lvgl__lvgl/CMakeFiles/__idf_lvgl__lvgl.dir/src/extra/libs/png/lv_png.c.obj^[[K
build	Build ESP32-C6 firmware	2026-09-24T11:24:42.1551408Z [1109/1416] Building C object esp-idf/lvgl__lvgl/CMakeFiles/__idf_lvgl__lvgl.dir/src/extra/libs/sjpg/tjpgd.c.obj^[[K
build	Build ESP32-C6 firmware	2026-09-24T11:24:42.1737679Z [1110/1416] Building C object esp-idf/lvgl__lvgl/CMakeFiles/__idf_lvgl__lvgl.dir/src/extra/libs/qrcode/lv_qrcode.c.obj^[[K
build	Build ESP32-C6 firmware	2026-09-24T11:24:42.2321579Z [1111/1416] Building C object esp-idf/lvgl__lvgl/CMakeFiles/__idf_lvgl__lvgl.dir/src/extra/libs/rlottie/lv_rlottie.c.obj^[[K
build	Build ESP32-C6 firmware	2026-09-24T11:24:42.2578188Z [1112/1416] Building C object esp-idf/lvgl__lvgl/CMakeFiles/__idf_lvgl__lvgl.dir/src/extra/others/fragment/lv_fragment.c.obj^[[K
build	Build ESP32-C6 firmware	2026-09-24T11:24:42.2747330Z [1113/1416] Building C object esp-idf/lvgl__lvgl/CMakeFiles/__idf_lvgl__lvgl.dir/src/extra/libs/tiny_ttf/lv_tiny_ttf.c.obj^[[K
build	Build ESP32-C6 firmware	2026-09-24T11:24:42.2910003Z [1114/1416] Building C object esp-idf/lvgl__lvgl/CMakeFiles/__idf_lvgl__lvgl.dir/src/extra/libs/qrcode/qrcodegen.c.obj^[[K
build	Build ESP32-C6 firmware	2026-09-24T11:24:42.2955214Z [1115/1416] Building C object esp-idf/lvgl__lvgl/CMakeFiles/__idf_lvgl__lvgl.dir/src/extra/others/fragment/lv_fragment_manager.c.obj^[[K
build	Build ESP32-C6 firmware	2026-09-24T11:24:42.4055352Z [1116/1416] Building C object esp-idf/lvgl__lvgl/CMakeFiles/__idf_lvgl__lvgl.dir/src/extra/libs/sjpg/lv_sjpg.c.obj^[[K
build	Build ESP32-C6 firmware	2026-09-24T11:24:42.4395432Z [1117/1416] Building C object esp-idf/lvgl__lvgl/CMakeFiles/__idf_lvgl__lvgl.dir/src/extra/lv_extra.c.obj^[[K
build	Build ESP32-C6 firmware	2026-09-24T11:24:42.4773317Z [1118/1416] Building C object esp-idf/lvgl__lvgl/CMakeFiles/__idf_lvgl__lvgl.dir/src/extra/others/gridnav/lv_gridnav.c.obj^[[K
build	Build ESP32-C6 firmware	2026-09-24T11:24:42.5184011Z [1119/1416] Building C object esp-idf/lvgl__lvgl/CMakeFiles/__idf_lvgl__lvgl.dir/src/extra/others/monkey/lv_monkey.c.obj^[[K
build	Build ESP32-C6 firmware	2026-09-24T11:24:42.5238917Z [1120/1416] Building C object esp-idf/lvgl__lvgl/CMakeFiles/__idf_lvgl__lvgl.dir/src/extra/others/imgfont/lv_imgfont.c.obj^[[K
build	Build ESP32-C6 firmware	2026-09-24T11:24:42.5395108Z [1121/1416] Building C object esp-idf/lvgl__lvgl/CMakeFiles/__idf_lvgl__lvgl.dir/src/extra/others/ime/lv_ime_pinyin.c.obj^[[K
build	Build ESP32-C6 firmware	2026-09-24T11:24:42.6992535Z [1122/1416] Building C object esp-idf/lvgl__lvgl/CMakeFiles/__idf_lvgl__lvgl.dir/src/extra/others/msg/lv_msg.c.obj^[[K
build	Build ESP32-C6 firmware	2026-09-24T11:24:42.7590269Z [1123/1416] Building C object esp-idf/lvgl__lvgl/CMakeFiles/__idf_lvgl__lvgl.dir/src/extra/others/snapshot/lv_snapshot.c.obj^[[K
build	Build ESP32-C6 firmware	2026-09-24T11:24:42.8227701Z [1124/1416] Building C object esp-idf/lvgl__lvgl/CMakeFiles/__idf_lvgl__lvgl.dir/src/extra/themes/mono/lv_theme_mono.c.obj^[[K
build	Build ESP32-C6 firmware	2026-09-24T11:24:42.8417541Z [1125/1416] Building C object esp-idf/lvgl__lvgl/CMakeFiles/__idf_lvgl__lvgl.dir/src/extra/widgets/animimg/lv_animimg.c.obj^[[K
build	Build ESP32-C6 firmware	2026-09-24T11:24:42.9057959Z [1126/1416] Building C object esp-idf/lvgl__lvgl/CMakeFiles/__idf_lvgl__lvgl.dir/src/extra/themes/basic/lv_theme_basic.c.obj^[[K
build	Build ESP32-C6 firmware	2026-09-24T11:24:42.9507809Z [1127/1416] Building C object esp-idf/lvgl__lvgl/CMakeFiles/__idf_lvgl__lvgl.dir/src/extra/widgets/calendar/lv_calendar.c.obj^[[K
build	Build ESP32-C6 firmware	2026-09-24T11:24:43.0517807Z [1128/1416] Building C object esp-idf/lvgl__lvgl/CMakeFiles/__idf_lvgl__lvgl.dir/src/extra/widgets/calendar/lv_calendar_header_dropdown.c.obj^[[K
build	Build ESP32-C6 firmware	2026-09-24T11:24:43.1147205Z [1129/1416] Building C object esp-idf/lvgl__lvgl/CMakeFiles/__idf_lvgl__lvgl.dir/src/extra/widgets/calendar/lv_calendar_header_arrow.c.obj^[[K
build	Build ESP32-C6 firmware	2026-09-24T11:24:43.2625823Z [1130/1416] Building C object esp-idf/lvgl__lvgl/CMakeFiles/__idf_lvgl__lvgl.dir/src/extra/themes/default/lv_theme_default.c.obj^[[K
build	Build ESP32-C6 firmware	2026-09-24T11:24:43.3138446Z [1131/1416] Building C object esp-idf/lvgl__lvgl/CMakeFiles/__idf_lvgl__lvgl.dir/src/extra/widgets/keyboard/lv_keyboard.c.obj^[[K
build	Build ESP32-C6 firmware	2026-09-24T11:24:43.3327830Z [1132/1416] Building C object esp-idf/lvgl__lvgl/CMakeFiles/__idf_lvgl__lvgl.dir/src/extra/widgets/colorwheel/lv_colorwheel.c.obj^[[K
build	Build ESP32-C6 firmware	2026-09-24T11:24:43.3477145Z [1133/1416] Building C object esp-idf/lvgl__lvgl/CMakeFiles/__idf_lvgl__lvgl.dir/src/extra/widgets/led/lv_led.c.obj^[[K
build	Build ESP32-C6 firmware	2026-09-24T11:24:43.4547133Z [1134/1416] Building C object esp-idf/lvgl__lvgl/CMakeFiles/__idf_lvgl__lvgl.dir/src/extra/widgets/imgbtn/lv_imgbtn.c.obj^[[K
build	Build ESP32-C6 firmware	2026-09-24T11:24:43.6080370Z [1135/1416] Building C object esp-idf/lvgl__lvgl/CMakeFiles/__idf_lvgl__lvgl.dir/src/extra/widgets/list/lv_list.c.obj^[[K
build	Build ESP32-C6 firmware	2026-09-24T11:24:43.6475270Z [1136/1416] Building C object esp-idf/lvgl__lvgl/CMakeFiles/__idf_lvgl__lvgl.dir/src/extra/widgets/msgbox/lv_msgbox.c.obj^[[K
build	Build ESP32-C6 firmware	2026-09-24T11:24:43.6832292Z [1137/1416] Building C object esp-idf/lvgl__lvgl/CMakeFiles/__idf_lvgl__lvgl.dir/src/extra/widgets/menu/lv_menu.c.obj^[[K
build	Build ESP32-C6 firmware	2026-09-24T11:24:43.7018530Z [1138/1416] Building C object esp-idf/lvgl__lvgl/CMakeFiles/__idf_lvgl__lvgl.dir/src/extra/widgets/chart/lv_chart.c.obj^[[K
build	Build ESP32-C6 firmware	2026-09-24T11:24:43.8513538Z [1139/1416] Building C object esp-idf/lvgl__lvgl/CMakeFiles/__idf_lvgl__lvgl.dir/src/extra/widgets/meter/lv_meter.c.obj^[[K
build	Build ESP32-C6 firmware	2026-09-24T11:24:43.9208880Z [1140/1416] Building C object esp-idf/lvgl__lvgl/CMakeFiles/__idf_lvgl__lvgl.dir/src/extra/widgets/spinbox/lv_spinbox.c.obj^[[K
build	Build ESP32-C6 firmware	2026-09-24T11:24:43.9443569Z [1141/1416] Building C object esp-idf/lvgl__lvgl/CMakeFiles/__idf_lvgl__lvgl.dir/src/extra/widgets/tileview/lv_tileview.c.obj^[[K
build	Build ESP32-C6 firmware	2026-09-24T11:24:43.9510819Z [1142/1416] Building C object esp-idf/lvgl__lvgl/CMakeFiles/__idf_lvgl__lvgl.dir/src/extra/widgets/spinner/lv_spinner.c.obj^[[K
build	Build ESP32-C6 firmware	2026-09-24T11:24:44.0036430Z [1143/1416] Building C object esp-idf/lvgl__lvgl/CMakeFiles/__idf_lvgl__lvgl.dir/src/extra/widgets/span/lv_span.c.obj^[[K
build	Build ESP32-C6 firmware	2026-09-24T11:24:44.0477258Z [1144/1416] Building C object esp-idf/lvgl__lvgl/CMakeFiles/__idf_lvgl__lvgl.dir/src/font/lv_font.c.obj^[[K
build	Build ESP32-C6 firmware	2026-09-24T11:24:44.0601042Z [1145/1416] Building C object esp-idf/lvgl__lvgl/CMakeFiles/__idf_lvgl__lvgl.dir/src/extra/widgets/tabview/lv_tabview.c.obj^[[K
build	Build ESP32-C6 firmware	2026-09-24T11:24:44.1486484Z [1146/1416] Building C object esp-idf/lvgl__lvgl/CMakeFiles/__idf_lvgl__lvgl.dir/src/extra/widgets/win/lv_win.c.obj^[[K
build	Build ESP32-C6 firmware	2026-09-24T11:24:44.2286438Z [1147/1416] Building C object esp-idf/lvgl__lvgl/CMakeFiles/__idf_lvgl__lvgl.dir/src/font/lv_font_fmt_txt.c.obj^[[K
build	Build ESP32-C6 firmware	2026-09-24T11:24:44.2576468Z [1148/1416] Building C object esp-idf/lvgl__lvgl/CMakeFiles/__idf_lvgl__lvgl.dir/src/font/lv_font_dejavu_16_persian_hebrew.c.obj^[[K
build	Build ESP32-C6 firmware	2026-09-24T11:24:44.3149204Z [1149/1416] Building C object esp-idf/lvgl__lvgl/CMakeFiles/__idf_lvgl__lvgl.dir/src/font/lv_font_montserrat_12.c.obj^[[K
build	Build ESP32-C6 firmware	2026-09-24T11:24:44.3447991Z [1150/1416] Building C object esp-idf/lvgl__lvgl/CMakeFiles/__idf_lvgl__lvgl.dir/src/font/lv_font_montserrat_10.c.obj^[[K
build	Build ESP32-C6 firmware	2026-09-24T11:24:44.3451258Z [1151/1416] Building C object esp-idf/lvgl__lvgl/CMakeFiles/__idf_lvgl__lvgl.dir/src/font/lv_font_loader.c.obj^[[K
build	Build ESP32-C6 firmware	2026-09-24T11:24:44.4459176Z [1152/1416] Building C object esp-idf/lvgl__lvgl/CMakeFiles/__idf_lvgl__lvgl.dir/src/font/lv_font_montserrat_12_subpx.c.obj^[[K
build	Build ESP32-C6 firmware	2026-09-24T11:24:44.5158202Z [1153/1416] Building C object esp-idf/lvgl__lvgl/CMakeFiles/__idf_lvgl__lvgl.dir/src/font/lv_font_montserrat_16.c.obj^[[K
build	Build ESP32-C6 firmware	2026-09-24T11:24:44.5296906Z [1154/1416] Building C object esp-idf/lvgl__lvgl/CMakeFiles/__idf_lvgl__lvgl.dir/src/font/lv_font_montserrat_20.c.obj^[[K
build	Build ESP32-C6 firmware	2026-09-24T11:24:44.6032076Z [1155/1416] Building C object esp-idf/lvgl__lvgl/CMakeFiles/__idf_lvgl__lvgl.dir/src/font/lv_font_montserrat_14.c.obj^[[K
build	Build ESP32-C6 firmware	2026-09-24T11:24:44.6168838Z [1156/1416] Building C object esp-idf/lvgl__lvgl/CMakeFiles/__idf_lvgl__lvgl.dir/src/font/lv_font_montserrat_24.c.obj^[[K
build	Build ESP32-C6 firmware	2026-09-24T11:24:44.6334006Z [1157/1416] Building C object esp-idf/lvgl__lvgl/CMakeFiles/__idf_lvgl__lvgl.dir/src/font/lv_font_montserrat_22.c.obj^[[K
build	Build ESP32-C6 firmware	2026-09-24T11:24:44.7594830Z [1158/1416] Building C object esp-idf/lvgl__lvgl/CMakeFiles/__idf_lvgl__lvgl.dir/src/font/lv_font_montserrat_18.c.obj^[[K
build	Build ESP32-C6 firmware	2026-09-24T11:24:44.7784971Z [1159/1416] Building C object esp-idf/lvgl__lvgl/CMakeFiles/__idf_lvgl__lvgl.dir/src/font/lv_font_montserrat_28.c.obj^[[K
build	Build ESP32-C6 firmware	2026-09-24T11:24:44.8109563Z [1160/1416] Building C object esp-idf/lvgl__lvgl/CMakeFiles/__idf_lvgl__lvgl.dir/src/font/lv_font_montserrat_26.c.obj^[[K
build	Build ESP32-C6 firmware	2026-09-24T11:24:44.8510466Z [1161/1416] Building C object esp-idf/lvgl__lvgl/CMakeFiles/__idf_lvgl__lvgl.dir/src/font/lv_font_montserrat_28_compressed.c.obj^[[K
build	Build ESP32-C6 firmware	2026-09-24T11:24:44.8701011Z [1162/1416] Building C object esp-idf/lvgl__lvgl/CMakeFiles/__idf_lvgl__lvgl.dir/src/font/lv_font_montserrat_30.c.obj^[[K
build	Build ESP32-C6 firmware	2026-09-24T11:24:44.9539964Z [1163/1416] Building C object esp-idf/lvgl__lvgl/CMakeFiles/__idf_lvgl__lvgl.dir/src/font/lv_font_montserrat_32.c.obj^[[K
build	Build ESP32-C6 firmware	2026-09-24T11:24:45.0587427Z [1164/1416] Building C object esp-idf/lvgl__lvgl/CMakeFiles/__idf_lvgl__lvgl.dir/src/font/lv_font_montserrat_34.c.obj^[[K
build	Build ESP32-C6 firmware	2026-09-24T11:24:45.0772692Z [1165/1416] Building C object esp-idf/lvgl__lvgl/CMakeFiles/__idf_lvgl__lvgl.dir/src/font/lv_font_montserrat_38.c.obj^[[K
build	Build ESP32-C6 firmware	2026-09-24T11:24:45.1042869Z [1166/1416] Building C object esp-idf/lvgl__lvgl/CMakeFiles/__idf_lvgl__lvgl.dir/src/font/lv_font_montserrat_36.c.obj^[[K
build	Build ESP32-C6 firmware	2026-09-24T11:24:45.1337579Z [1167/1416] Building C object esp-idf/lvgl__lvgl/CMakeFiles/__idf_lvgl__lvgl.dir/src/font/lv_font_montserrat_42.c.obj^[[K
build	Build ESP32-C6 firmware	2026-09-24T11:24:45.1365564Z [1168/1416] Building C object esp-idf/lvgl__lvgl/CMakeFiles/__idf_lvgl__lvgl.dir/src/font/lv_font_montserrat_44.c.obj^[[K
build	Build ESP32-C6 firmware	2026-09-24T11:24:45.2406206Z [1169/1416] Building C object esp-idf/lvgl__lvgl/CMakeFiles/__idf_lvgl__lvgl.dir/src/font/lv_font_montserrat_40.c.obj^[[K
build	Build ESP32-C6 firmware	2026-09-24T11:24:45.3508801Z [1170/1416] Building C object esp-idf/lvgl__lvgl/CMakeFiles/__idf_lvgl__lvgl.dir/src/font/lv_font_montserrat_46.c.obj^[[K
build	Build ESP32-C6 firmware	2026-09-24T11:24:45.4095908Z [1171/1416] Building C object esp-idf/lvgl__lvgl/CMakeFiles/__idf_lvgl__lvgl.dir/src/font/lv_font_montserrat_8.c.obj^[[K
build	Build ESP32-C6 firmware	2026-09-24T11:24:45.4099733Z [1172/1416] Building C object esp-idf/lvgl__lvgl/CMakeFiles/__idf_lvgl__lvgl.dir/src/font/lv_font_unscii_16.c.obj^[[K
build	Build ESP32-C6 firmware	2026-09-24T11:24:45.4139151Z [1173/1416] Building C object esp-idf/lvgl__lvgl/CMakeFiles/__idf_lvgl__lvgl.dir/src/font/lv_font_simsun_16_cjk.c.obj^[[K
build	Build ESP32-C6 firmware	2026-09-24T11:24:45.4425193Z [1174/1416] Building C object esp-idf/lvgl__lvgl/CMakeFiles/__idf_lvgl__lvgl.dir/src/font/lv_font_unscii_8.c.obj^[[K
build	Build ESP32-C6 firmware	2026-09-24T11:24:45.5147202Z [1175/1416] Building C object esp-idf/lvgl__lvgl/CMakeFiles/__idf_lvgl__lvgl.dir/src/font/lv_font_montserrat_48.c.obj^[[K
build	Build ESP32-C6 firmware	2026-09-24T11:24:45.5629898Z [1176/1416] Building C object esp-idf/lvgl__lvgl/CMakeFiles/__idf_lvgl__lvgl.dir/src/hal/lv_hal_tick.c.obj^[[K
build	Build ESP32-C6 firmware	2026-09-24T11:24:45.6026142Z [1177/1416] Building C object esp-idf/lvgl__lvgl/CMakeFiles/__idf_lvgl__lvgl.dir/src/hal/lv_hal_disp.c.obj^[[K
build	Build ESP32-C6 firmware	2026-09-24T11:24:45.6121244Z [1178/1416] Building C object esp-idf/lvgl__lvgl/CMakeFiles/__idf_lvgl__lvgl.dir/src/misc/lv_anim_timeline.c.obj^[[K
build	Build ESP32-C6 firmware	2026-09-24T11:24:45.6597168Z [1179/1416] Building C object esp-idf/lvgl__lvgl/CMakeFiles/__idf_lvgl__lvgl.dir/src/misc/lv_area.c.obj^[[K
build	Build ESP32-C6 firmware	2026-09-24T11:24:45.6819590Z [1180/1416] Building C object esp-idf/lvgl__lvgl/CMakeFiles/__idf_lvgl__lvgl.dir/src/hal/lv_hal_indev.c.obj^[[K
build	Build ESP32-C6 firmware	2026-09-24T11:24:45.7043254Z [1181/1416] Building C object esp-idf/lvgl__lvgl/CMakeFiles/__idf_lvgl__lvgl.dir/src/misc/lv_async.c.obj^[[K
build	Build ESP32-C6 firmware	2026-09-24T11:24:45.7146352Z [1182/1416] Building C object esp-idf/lvgl__lvgl/CMakeFiles/__idf_lvgl__lvgl.dir/src/misc/lv_bidi.c.obj^[[K
build	Build ESP32-C6 firmware	2026-09-24T11:24:45.7665101Z [1183/1416] Building C object esp-idf/lvgl__lvgl/CMakeFiles/__idf_lvgl__lvgl.dir/src/misc/lv_anim.c.obj^[[K
build	Build ESP32-C6 firmware	2026-09-24T11:24:45.8116895Z [1184/1416] Building C object esp-idf/lvgl__lvgl/CMakeFiles/__idf_lvgl__lvgl.dir/src/misc/lv_log.c.obj^[[K
build	Build ESP32-C6 firmware	2026-09-24T11:24:45.8158220Z [1185/1416] Building C object esp-idf/lvgl__lvgl/CMakeFiles/__idf_lvgl__lvgl.dir/src/misc/lv_color.c.obj^[[K
build	Build ESP32-C6 firmware	2026-09-24T11:24:45.8755712Z [1186/1416] Building C object esp-idf/lvgl__lvgl/CMakeFiles/__idf_lvgl__lvgl.dir/src/misc/lv_gc.c.obj^[[K
build	Build ESP32-C6 firmware	2026-09-24T11:24:45.9065172Z [1187/1416] Building C object esp-idf/lvgl__lvgl/CMakeFiles/__idf_lvgl__lvgl.dir/src/misc/lv_ll.c.obj^[[K
build	Build ESP32-C6 firmware	2026-09-24T11:24:45.9195264Z [1188/1416] Building C object esp-idf/lvgl__lvgl/CMakeFiles/__idf_lvgl__lvgl.dir/src/misc/lv_math.c.obj^[[K
build	Build ESP32-C6 firmware	2026-09-24T11:24:45.9577350Z [1189/1416] Building C object esp-idf/lvgl__lvgl/CMakeFiles/__idf_lvgl__lvgl.dir/src/misc/lv_fs.c.obj^[[K
build	Build ESP32-C6 firmware	2026-09-24T11:24:45.9675043Z [1190/1416] Building C object esp-idf/lvgl__lvgl/CMakeFiles/__idf_lvgl__lvgl.dir/src/misc/lv_lru.c.obj^[[K
build	Build ESP32-C6 firmware	2026-09-24T11:24:45.9755122Z [1191/1416] Building C object esp-idf/lvgl__lvgl/CMakeFiles/__idf_lvgl__lvgl.dir/src/misc/lv_templ.c.obj^[[K
build	Build ESP32-C6 firmware	2026-09-24T11:24:46.0379622Z [1192/1416] Building C object esp-idf/lvgl__lvgl/CMakeFiles/__idf_lvgl__lvgl.dir/src/misc/lv_mem.c.obj^[[K
build	Build ESP32-C6 firmware	2026-09-24T11:24:46.1015303Z [1193/1416] Building C object esp-idf/lvgl__lvgl/CMakeFiles/__idf_lvgl__lvgl.dir/src/misc/lv_tlsf.c.obj^[[K
build	Build ESP32-C6 firmware	2026-09-24T11:24:46.1256830Z [1194/1416] Building C object esp-idf/lvgl__lvgl/CMakeFiles/__idf_lvgl__lvgl.dir/src/misc/lv_printf.c.obj^[[K
build	Build ESP32-C6 firmware	2026-09-24T11:24:46.1719561Z [1195/1416] Building C object esp-idf/lvgl__lvgl/CMakeFiles/__idf_lvgl__lvgl.dir/src/misc/lv_style.c.obj^[[K
build	Build ESP32-C6 firmware	2026-09-24T11:24:46.1739026Z [1196/1416] Building C object esp-idf/lvgl__lvgl/CMakeFiles/__idf_lvgl__lvgl.dir/src/misc/lv_timer.c.obj^[[K
build	Build ESP32-C6 firmware	2026-09-24T11:24:46.2365406Z [1197/1416] Building C object esp-idf/lvgl__lvgl/CMakeFiles/__idf_lvgl__lvgl.dir/src/misc/lv_txt_ap.c.obj^[[K
build	Build ESP32-C6 firmware	2026-09-24T11:24:46.2550958Z [1198/1416] Building C object esp-idf/lvgl__lvgl/CMakeFiles/__idf_lvgl__lvgl.dir/src/misc/lv_utils.c.obj^[[K
build	Build ESP32-C6 firmware	2026-09-24T11:24:46.2576784Z [1199/1416] Building C object esp-idf/lvgl__lvgl/CMakeFiles/__idf_lvgl__lvgl.dir/src/misc/lv_txt.c.obj^[[K
build	Build ESP32-C6 firmware	2026-09-24T11:24:46.4306716Z [1200/1416] Building C object esp-idf/lvgl__lvgl/CMakeFiles/__idf_lvgl__lvgl.dir/src/misc/lv_style_gen.c.obj^[[K
build	Build ESP32-C6 firmware	2026-09-24T11:24:46.5626924Z [1201/1416] Building C object esp-idf/lvgl__lvgl/CMakeFiles/__idf_lvgl__lvgl.dir/src/widgets/lv_btn.c.obj^[[K
build	Build ESP32-C6 firmware	2026-09-24T11:24:46.5737246Z [1202/1416] Building C object esp-idf/lvgl__lvgl/CMakeFiles/__idf_lvgl__lvgl.dir/src/widgets/lv_bar.c.obj^[[K
build	Build ESP32-C6 firmware	2026-09-24T11:24:46.6165922Z [1203/1416] Building C object esp-idf/lvgl__lvgl/CMakeFiles/__idf_lvgl__lvgl.dir/src/widgets/lv_arc.c.obj^[[K
build	Build ESP32-C6 firmware	2026-09-24T11:24:46.6395067Z [1204/1416] Building C object esp-idf/lvgl__lvgl/CMakeFiles/__idf_lvgl__lvgl.dir/src/widgets/lv_checkbox.c.obj^[[K
build	Build ESP32-C6 firmware	2026-09-24T11:24:46.6822129Z [1205/1416] Building C object esp-idf/lvgl__lvgl/CMakeFiles/__idf_lvgl__lvgl.dir/src/widgets/lv_canvas.c.obj^[[K
build	Build ESP32-C6 firmware	2026-09-24T11:24:46.8286774Z [1206/1416] Building C object esp-idf/lvgl__lvgl/CMakeFiles/__idf_lvgl__lvgl.dir/src/widgets/lv_objx_templ.c.obj^[[K
build	Build ESP32-C6 firmware	2026-09-24T11:24:46.8475124Z [1207/1416] Building C object esp-idf/lvgl__lvgl/CMakeFiles/__idf_lvgl__lvgl.dir/src/widgets/lv_btnmatrix.c.obj^[[K
build	Build ESP32-C6 firmware	2026-09-24T11:24:46.9421526Z [1208/1416] Building C object esp-idf/lvgl__lvgl/CMakeFiles/__idf_lvgl__lvgl.dir/src/widgets/lv_dropdown.c.obj^[[K
build	Build ESP32-C6 firmware	2026-09-24T11:24:46.9566823Z [1209/1416] Building C object esp-idf/lvgl__lvgl/CMakeFiles/__idf_lvgl__lvgl.dir/src/widgets/lv_img.c.obj^[[K
build	Build ESP32-C6 firmware	2026-09-24T11:24:47.0611399Z [1210/1416] Building C object esp-idf/lvgl__lvgl/CMakeFiles/__idf_lvgl__lvgl.dir/src/widgets/lv_line.c.obj^[[K
build	Build ESP32-C6 firmware	2026-09-24T11:24:47.1217147Z [1211/1416] Building C object esp-idf/lvgl__lvgl/CMakeFiles/__idf_lvgl__lvgl.dir/src/widgets/lv_roller.c.obj^[[K
build	Build ESP32-C6 firmware	2026-09-24T11:24:47.1338104Z [1212/1416] Building C object esp-idf/lvgl__lvgl/CMakeFiles/__idf_lvgl__lvgl.dir/src/widgets/lv_slider.c.obj^[[K
build	Build ESP32-C6 firmware	2026-09-24T11:24:47.1431042Z [1213/1416] Building C object esp-idf/lvgl__lvgl/CMakeFiles/__idf_lvgl__lvgl.dir/src/widgets/lv_label.c.obj^[[K
build	Build ESP32-C6 firmware	2026-09-24T11:24:47.3848682Z [1214/1416] Building C object esp-idf/lvgl__lvgl/CMakeFiles/__idf_lvgl__lvgl.dir/src/widgets/lv_switch.c.obj^[[K
build	Build ESP32-C6 firmware	2026-09-24T11:24:47.4296219Z [1215/1416] Building C object esp-idf/lvgl__lvgl/CMakeFiles/__idf_lvgl__lvgl.dir/examples/anim/lv_example_anim_2.c.obj^[[K
build	Build ESP32-C6 firmware	2026-09-24T11:24:47.4609798Z [1216/1416] Building C object esp-idf/lvgl__lvgl/CMakeFiles/__idf_lvgl__lvgl.dir/src/widgets/lv_textarea.c.obj^[[K
build	Build ESP32-C6 firmware	2026-09-24T11:24:47.4942733Z [1217/1416] Building C object esp-idf/lvgl__lvgl/CMakeFiles/__idf_lvgl__lvgl.dir/examples/anim/lv_example_anim_1.c.obj^[[K
build	Build ESP32-C6 firmware	2026-09-24T11:24:47.5037603Z [1218/1416] Building C object esp-idf/lvgl__lvgl/CMakeFiles/__idf_lvgl__lvgl.dir/src/widgets/lv_table.c.obj^[[K
build	Build ESP32-C6 firmware	2026-09-24T11:24:47.5415673Z [1219/1416] Building C object esp-idf/lvgl__lvgl/CMakeFiles/__idf_lvgl__lvgl.dir/examples/anim/lv_example_anim_3.c.obj^[[K
build	Build ESP32-C6 firmware	2026-09-24T11:24:47.7706935Z [1220/1416] Building C object esp-idf/lvgl__lvgl/CMakeFiles/__idf_lvgl__lvgl.dir/examples/anim/lv_example_anim_timeline_1.c.obj^[[K
build	Build ESP32-C6 firmware	2026-09-24T11:24:47.8132991Z [1221/1416] Building C object esp-idf/lvgl__lvgl/CMakeFiles/__idf_lvgl__lvgl.dir/examples/assets/emoji/img_emoji_F617.c.obj^[[K
build	Build ESP32-C6 firmware	2026-09-24T11:24:47.8746304Z [1222/1416] Building C object esp-idf/lvgl__lvgl/CMakeFiles/__idf_lvgl__lvgl.dir/examples/assets/img_caret_down.c.obj^[[K
build	Build ESP32-C6 firmware	2026-09-24T11:24:47.9607547Z [1223/1416] Building C object esp-idf/lvgl__lvgl/CMakeFiles/__idf_lvgl__lvgl.dir/examples/assets/img_cogwheel_alpha16.c.obj^[[K
build	Build ESP32-C6 firmware	2026-09-24T11:24:48.0020748Z [1224/1416] Building C object esp-idf/lvgl__lvgl/CMakeFiles/__idf_lvgl__lvgl.dir/examples/assets/animimg001.c.obj^[[K
build	Build ESP32-C6 firmware	2026-09-24T11:24:48.0237339Z [1225/1416] Building C object esp-idf/lvgl__lvgl/CMakeFiles/__idf_lvgl__lvgl.dir/examples/assets/animimg003.c.obj^[[K
build	Build ESP32-C6 firmware	2026-09-24T11:24:48.1121596Z [1226/1416] Building C object esp-idf/lvgl__lvgl/CMakeFiles/__idf_lvgl__lvgl.dir/examples/assets/animimg002.c.obj^[[K
build	Build ESP32-C6 firmware	2026-09-24T11:24:48.1500362Z [1227/1416] Building C object esp-idf/lvgl__lvgl/CMakeFiles/__idf_lvgl__lvgl.dir/examples/assets/img_cogwheel_argb.c.obj^[[K
build	Build ESP32-C6 firmware	2026-09-24T11:24:48.2041550Z [1228/1416] Building C object esp-idf/lvgl__lvgl/CMakeFiles/__idf_lvgl__lvgl.dir/examples/assets/img_cogwheel_chroma_keyed.c.obj^[[K
build	Build ESP32-C6 firmware	2026-09-24T11:24:48.2662236Z [1229/1416] Building C object esp-idf/lvgl__lvgl/CMakeFiles/__idf_lvgl__lvgl.dir/examples/assets/img_cogwheel_indexed16.c.obj^[[K
build	Build ESP32-C6 firmware	2026-09-24T11:24:48.2872624Z [1230/1416] Building C object esp-idf/lvgl__lvgl/CMakeFiles/__idf_lvgl__lvgl.dir/examples/assets/img_cogwheel_rgb.c.obj^[[K
build	Build ESP32-C6 firmware	2026-09-24T11:24:48.3435030Z [1231/1416] Building C object esp-idf/lvgl__lvgl/CMakeFiles/__idf_lvgl__lvgl.dir/examples/assets/img_hand.c.obj^[[K
build	Build ESP32-C6 firmware	2026-09-24T11:24:48.4245312Z [1232/1416] Building C object esp-idf/lvgl__lvgl/CMakeFiles/__idf_lvgl__lvgl.dir/examples/assets/img_skew_strip.c.obj^[[K
build	Build ESP32-C6 firmware	2026-09-24T11:24:48.4566865Z [1233/1416] Building C object esp-idf/lvgl__lvgl/CMakeFiles/__idf_lvgl__lvgl.dir/examples/assets/img_star.c.obj^[[K
build	Build ESP32-C6 firmware	2026-09-24T11:24:48.4631576Z [1234/1416] Building C object esp-idf/lvgl__lvgl/CMakeFiles/__idf_lvgl__lvgl.dir/examples/assets/imgbtn_right.c.obj^[[K
build	Build ESP32-C6 firmware	2026-09-24T11:24:48.4682257Z [1235/1416] Building C object esp-idf/lvgl__lvgl/CMakeFiles/__idf_lvgl__lvgl.dir/examples/assets/imgbtn_mid.c.obj^[[K
build	Build ESP32-C6 firmware	2026-09-24T11:24:48.6548786Z [1236/1416] Building C object esp-idf/lvgl__lvgl/CMakeFiles/__idf_lvgl__lvgl.dir/examples/assets/imgbtn_left.c.obj^[[K
build	Build ESP32-C6 firmware	2026-09-24T11:24:48.6756799Z [1237/1416] Building C object esp-idf/lvgl__lvgl/CMakeFiles/__idf_lvgl__lvgl.dir/examples/event/lv_example_event_1.c.obj^[[K
build	Build ESP32-C6 firmware	2026-09-24T11:24:48.7011819Z [1238/1416] Building C object esp-idf/lvgl__lvgl/CMakeFiles/__idf_lvgl__lvgl.dir/examples/event/lv_example_event_2.c.obj^[[K
build	Build ESP32-C6 firmware	2026-09-24T11:24:48.7083968Z [1239/1416] Building C object esp-idf/lvgl__lvgl/CMakeFiles/__idf_lvgl__lvgl.dir/examples/event/lv_example_event_4.c.obj^[[K
build	Build ESP32-C6 firmware	2026-09-24T11:24:48.7570694Z [1240/1416] Building C object esp-idf/lvgl__lvgl/CMakeFiles/__idf_lvgl__lvgl.dir/examples/get_started/lv_example_get_started_2.c.obj^[[K
build	Build ESP32-C6 firmware	2026-09-24T11:24:48.8159928Z [1241/1416] Building C object esp-idf/lvgl__lvgl/CMakeFiles/__idf_lvgl__lvgl.dir/examples/event/lv_example_event_3.c.obj^[[K
build	Build ESP32-C6 firmware	2026-09-24T11:24:48.9187920Z [1242/1416] Building C object esp-idf/lvgl__lvgl/CMakeFiles/__idf_lvgl__lvgl.dir/examples/get_started/lv_example_get_started_1.c.obj^[[K
build	Build ESP32-C6 firmware	2026-09-24T11:24:48.9508605Z [1243/1416] Building C object esp-idf/lvgl__lvgl/CMakeFiles/__idf_lvgl__lvgl.dir/examples/layouts/flex/lv_example_flex_1.c.obj^[[K
build	Build ESP32-C6 firmware	2026-09-24T11:24:49.0215286Z [1244/1416] Building C object esp-idf/lvgl__lvgl/CMakeFiles/__idf_lvgl__lvgl.dir/examples/get_started/lv_example_get_started_3.c.obj^[[K
build	Build ESP32-C6 firmware	2026-09-24T11:24:49.0785634Z [1245/1416] Building C object esp-idf/lvgl__lvgl/CMakeFiles/__idf_lvgl__lvgl.dir/examples/layouts/flex/lv_example_flex_2.c.obj^[[K
build	Build ESP32-C6 firmware	2026-09-24T11:24:49.1216993Z [1246/1416] Building C object esp-idf/lvgl__lvgl/CMakeFiles/__idf_lvgl__lvgl.dir/examples/layouts/flex/lv_example_flex_3.c.obj^[[K
build	Build ESP32-C6 firmware	2026-09-24T11:24:49.1448697Z [1247/1416] Building C object esp-idf/lvgl__lvgl/CMakeFiles/__idf_lvgl__lvgl.dir/examples/layouts/flex/lv_example_flex_4.c.obj^[[K
build	Build ESP32-C6 firmware	2026-09-24T11:24:49.2377076Z [1248/1416] Building C object esp-idf/lvgl__lvgl/CMakeFiles/__idf_lvgl__lvgl.dir/examples/layouts/flex/lv_example_flex_5.c.obj^[[K
build	Build ESP32-C6 firmware	2026-09-24T11:24:49.2404958Z [1249/1416] Building C object esp-idf/lvgl__lvgl/CMakeFiles/__idf_lvgl__lvgl.dir/examples/layouts/grid/lv_example_grid_1.c.obj^[[K
build	Build ESP32-C6 firmware	2026-09-24T11:24:49.3226094Z [1250/1416] Building C object esp-idf/lvgl__lvgl/CMakeFiles/__idf_lvgl__lvgl.dir/examples/layouts/flex/lv_example_flex_6.c.obj^[[K
build	Build ESP32-C6 firmware	2026-09-24T11:24:49.3577068Z [1251/1416] Building C object esp-idf/lvgl__lvgl/CMakeFiles/__idf_lvgl__lvgl.dir/examples/layouts/grid/lv_example_grid_2.c.obj^[[K
build	Build ESP32-C6 firmware	2026-09-24T11:24:49.3985890Z [1252/1416] Building C object esp-idf/lvgl__lvgl/CMakeFiles/__idf_lvgl__lvgl.dir/examples/layouts/grid/lv_example_grid_3.c.obj^[[K
build	Build ESP32-C6 firmware	2026-09-24T11:24:49.4665939Z [1253/1416] Building C object esp-idf/lvgl__lvgl/CMakeFiles/__idf_lvgl__lvgl.dir/examples/layouts/grid/lv_example_grid_4.c.obj^[[K
build	Build ESP32-C6 firmware	2026-09-24T11:24:49.5094336Z [1254/1416] Building C object esp-idf/lvgl__lvgl/CMakeFiles/__idf_lvgl__lvgl.dir/examples/layouts/grid/lv_example_grid_5.c.obj^[[K
build	Build ESP32-C6 firmware	2026-09-24T11:24:49.5261621Z [1255/1416] Building C object esp-idf/lvgl__lvgl/CMakeFiles/__idf_lvgl__lvgl.dir/examples/libs/bmp/lv_example_bmp_1.c.obj^[[K
build	Build ESP32-C6 firmware	2026-09-24T11:24:49.6552352Z [1256/1416] Building C object esp-idf/lvgl__lvgl/CMakeFiles/__idf_lvgl__lvgl.dir/examples/layouts/grid/lv_example_grid_6.c.obj^[[K
build	Build ESP32-C6 firmware	2026-09-24T11:24:49.6704732Z [1257/1416] Building C object esp-idf/lvgl__lvgl/CMakeFiles/__idf_lvgl__lvgl.dir/examples/libs/freetype/lv_example_freetype_1.c.obj^[[K
build	Build ESP32-C6 firmware	2026-09-24T11:24:49.6984257Z [1258/1416] Building C object esp-idf/lvgl__lvgl/CMakeFiles/__idf_lvgl__lvgl.dir/examples/libs/ffmpeg/lv_example_ffmpeg_1.c.obj^[[K
build	Build ESP32-C6 firmware	2026-09-24T11:24:49.7526287Z [1259/1416] Building C object esp-idf/lvgl__lvgl/CMakeFiles/__idf_lvgl__lvgl.dir/examples/libs/ffmpeg/lv_example_ffmpeg_2.c.obj^[[K
build	Build ESP32-C6 firmware	2026-09-24T11:24:49.7752931Z [1260/1416] Building C object esp-idf/lvgl__lvgl/CMakeFiles/__idf_lvgl__lvgl.dir/examples/libs/gif/lv_example_gif_1.c.obj^[[K
build	Build ESP32-C6 firmware	2026-09-24T11:24:49.8189470Z [1261/1416] Building C object esp-idf/lvgl__lvgl/CMakeFiles/__idf_lvgl__lvgl.dir/examples/libs/png/img_wink_png.c.obj^[[K
build	Build ESP32-C6 firmware	2026-09-24T11:24:49.9187720Z [1262/1416] Building C object esp-idf/lvgl__lvgl/CMakeFiles/__idf_lvgl__lvgl.dir/examples/libs/gif/img_bulb_gif.c.obj^[[K
build	Build ESP32-C6 firmware	2026-09-24T11:24:49.9485506Z [1263/1416] Building C object esp-idf/lvgl__lvgl/CMakeFiles/__idf_lvgl__lvgl.dir/examples/libs/qrcode/lv_example_qrcode_1.c.obj^[[K
build	Build ESP32-C6 firmware	2026-09-24T11:24:49.9730006Z [1264/1416] Building C object esp-idf/lvgl__lvgl/CMakeFiles/__idf_lvgl__lvgl.dir/examples/libs/rlottie/lv_example_rlottie_1.c.obj^[[K
build	Build ESP32-C6 firmware	2026-09-24T11:24:50.0262833Z [1265/1416] Building C object esp-idf/lvgl__lvgl/CMakeFiles/__idf_lvgl__lvgl.dir/examples/libs/png/lv_example_png_1.c.obj^[[K
build	Build ESP32-C6 firmware	2026-09-24T11:24:50.0636479Z [1266/1416] Building C object esp-idf/lvgl__lvgl/CMakeFiles/__idf_lvgl__lvgl.dir/examples/libs/rlottie/lv_example_rlottie_approve.c.obj^[[K
build	Build ESP32-C6 firmware	2026-09-24T11:24:50.1412176Z [1267/1416] Building C object esp-idf/lvgl__lvgl/CMakeFiles/__idf_lvgl__lvgl.dir/examples/libs/rlottie/lv_example_rlottie_2.c.obj^[[K
build	Build ESP32-C6 firmware	2026-09-24T11:24:50.1524968Z [1268/1416] Building C object esp-idf/lvgl__lvgl/CMakeFiles/__idf_lvgl__lvgl.dir/examples/others/fragment/lv_example_fragment_1.c.obj^[[K
build	Build ESP32-C6 firmware	2026-09-24T11:24:50.2551636Z [1269/1416] Building C object esp-idf/lvgl__lvgl/CMakeFiles/__idf_lvgl__lvgl.dir/examples/libs/sjpg/lv_example_sjpg_1.c.obj^[[K
build	Build ESP32-C6 firmware	2026-09-24T11:24:50.2659221Z [1270/1416] Building C object esp-idf/lvgl__lvgl/CMakeFiles/__idf_lvgl__lvgl.dir/examples/others/gridnav/lv_example_gridnav_1.c.obj^[[K
build	Build ESP32-C6 firmware	2026-09-24T11:24:50.2684185Z [1271/1416] Building C object esp-idf/lvgl__lvgl/CMakeFiles/__idf_lvgl__lvgl.dir/examples/others/gridnav/lv_example_gridnav_2.c.obj^[[K
build	Build ESP32-C6 firmware	2026-09-24T11:24:50.3841075Z [1272/1416] Building C object esp-idf/lvgl__lvgl/CMakeFiles/__idf_lvgl__lvgl.dir/examples/others/fragment/lv_example_fragment_2.c.obj^[[K
build	Build ESP32-C6 firmware	2026-09-24T11:24:50.4036626Z [1273/1416] Building C object esp-idf/lvgl__lvgl/CMakeFiles/__idf_lvgl__lvgl.dir/examples/others/gridnav/lv_example_gridnav_4.c.obj^[[K
build	Build ESP32-C6 firmware	2026-09-24T11:24:50.4586973Z [1274/1416] Building C object esp-idf/lvgl__lvgl/CMakeFiles/__idf_lvgl__lvgl.dir/examples/others/gridnav/lv_example_gridnav_3.c.obj^[[K
build	Build ESP32-C6 firmware	2026-09-24T11:24:50.4812116Z [1275/1416] Building C object esp-idf/lvgl__lvgl/CMakeFiles/__idf_lvgl__lvgl.dir/examples/others/ime/lv_example_ime_pinyin_1.c.obj^[[K
build	Build ESP32-C6 firmware	2026-09-24T11:24:50.5140718Z [1276/1416] Building C object esp-idf/lvgl__lvgl/CMakeFiles/__idf_lvgl__lvgl.dir/examples/others/ime/lv_example_ime_pinyin_2.c.obj^[[K
build	Build ESP32-C6 firmware	2026-09-24T11:24:50.5967723Z [1277/1416] Building C object esp-idf/lvgl__lvgl/CMakeFiles/__idf_lvgl__lvgl.dir/examples/others/imgfont/lv_example_imgfont_1.c.obj^[[K
build	Build ESP32-C6 firmware	2026-09-24T11:24:50.6296785Z [1278/1416] Building C object esp-idf/lvgl__lvgl/CMakeFiles/__idf_lvgl__lvgl.dir/examples/others/monkey/lv_example_monkey_1.c.obj^[[K
build	Build ESP32-C6 firmware	2026-09-24T11:24:50.6652437Z [1279/1416] Building C object esp-idf/lvgl__lvgl/CMakeFiles/__idf_lvgl__lvgl.dir/examples/others/monkey/lv_example_monkey_2.c.obj^[[K
build	Build ESP32-C6 firmware	2026-09-24T11:24:50.6957310Z [1280/1416] Building C object esp-idf/lvgl__lvgl/CMakeFiles/__idf_lvgl__lvgl.dir/examples/others/monkey/lv_example_monkey_3.c.obj^[[K
build	Build ESP32-C6 firmware	2026-09-24T11:24:50.7018165Z [1281/1416] Building C object esp-idf/lvgl__lvgl/CMakeFiles/__idf_lvgl__lvgl.dir/examples/porting/lv_port_disp_template.c.obj^[[K
build	Build ESP32-C6 firmware	2026-09-24T11:24:50.7172701Z [1282/1416] Building C object esp-idf/lvgl__lvgl/CMakeFiles/__idf_lvgl__lvgl.dir/examples/others/msg/lv_example_msg_1.c.obj^[[K
build	Build ESP32-C6 firmware	2026-09-24T11:24:50.7436724Z [1283/1416] Building C object esp-idf/lvgl__lvgl/CMakeFiles/__idf_lvgl__lvgl.dir/examples/porting/lv_port_fs_template.c.obj^[[K
build	Build ESP32-C6 firmware	2026-09-24T11:24:50.8256657Z [1284/1416] Building C object esp-idf/lvgl__lvgl/CMakeFiles/__idf_lvgl__lvgl.dir/examples/porting/lv_port_indev_template.c.obj^[[K
build	Build ESP32-C6 firmware	2026-09-24T11:24:50.8283342Z [1285/1416] Building C object esp-idf/lvgl__lvgl/CMakeFiles/__idf_lvgl__lvgl.dir/examples/others/msg/lv_example_msg_2.c.obj^[[K
build	Build ESP32-C6 firmware	2026-09-24T11:24:50.9158354Z [1286/1416] Building C object esp-idf/lvgl__lvgl/CMakeFiles/__idf_lvgl__lvgl.dir/examples/others/msg/lv_example_msg_3.c.obj^[[K
build	Build ESP32-C6 firmware	2026-09-24T11:24:50.9237224Z [1287/1416] Building C object esp-idf/lvgl__lvgl/CMakeFiles/__idf_lvgl__lvgl.dir/examples/scroll/lv_example_scroll_1.c.obj^[[K
build	Build ESP32-C6 firmware	2026-09-24T11:24:51.0369558Z [1288/1416] Building C object esp-idf/lvgl__lvgl/CMakeFiles/__idf_lvgl__lvgl.dir/examples/others/snapshot/lv_example_snapshot_1.c.obj^[[K
build	Build ESP32-C6 firmware	2026-09-24T11:24:51.0548207Z [1289/1416] Building C object esp-idf/lvgl__lvgl/CMakeFiles/__idf_lvgl__lvgl.dir/examples/scroll/lv_example_scroll_2.c.obj^[[K
build	Build ESP32-C6 firmware	2026-09-24T11:24:51.0916744Z [1290/1416] Building C object esp-idf/lvgl__lvgl/CMakeFiles/__idf_lvgl__lvgl.dir/examples/scroll/lv_example_scroll_3.c.obj^[[K
build	Build ESP32-C6 firmware	2026-09-24T11:24:51.1063633Z [1291/1416] Building C object esp-idf/lvgl__lvgl/CMakeFiles/__idf_lvgl__lvgl.dir/examples/scroll/lv_example_scroll_4.c.obj^[[K
build	Build ESP32-C6 firmware	2026-09-24T11:24:51.2323752Z [1292/1416] Building C object esp-idf/lvgl__lvgl/CMakeFiles/__idf_lvgl__lvgl.dir/examples/scroll/lv_example_scroll_5.c.obj^[[K
build	Build ESP32-C6 firmware	2026-09-24T11:24:51.2895126Z [1293/1416] Building C object esp-idf/lvgl__lvgl/CMakeFiles/__idf_lvgl__lvgl.dir/examples/scroll/lv_example_scroll_6.c.obj^[[K
build	Build ESP32-C6 firmware	2026-09-24T11:24:51.3411291Z [1294/1416] Building C object esp-idf/lvgl__lvgl/CMakeFiles/__idf_lvgl__lvgl.dir/examples/styles/lv_example_style_1.c.obj^[[K
build	Build ESP32-C6 firmware	2026-09-24T11:24:51.3530293Z [1295/1416] Building C object esp-idf/lvgl__lvgl/CMakeFiles/__idf_lvgl__lvgl.dir/examples/styles/lv_example_style_11.c.obj^[[K
build	Build ESP32-C6 firmware	2026-09-24T11:24:51.3624928Z [1296/1416] Building C object esp-idf/lvgl__lvgl/CMakeFiles/__idf_lvgl__lvgl.dir/examples/styles/lv_example_style_12.c.obj^[[K
build	Build ESP32-C6 firmware	2026-09-24T11:24:51.4178596Z [1297/1416] Building C object esp-idf/lvgl__lvgl/CMakeFiles/__idf_lvgl__lvgl.dir/examples/styles/lv_example_style_10.c.obj^[[K
build	Build ESP32-C6 firmware	2026-09-24T11:24:51.5191309Z [1298/1416] Building C object esp-idf/lvgl__lvgl/CMakeFiles/__idf_lvgl__lvgl.dir/examples/styles/lv_example_style_13.c.obj^[[K
build	Build ESP32-C6 firmware	2026-09-24T11:24:51.6257043Z [1299/1416] Building C object esp-idf/lvgl__lvgl/CMakeFiles/__idf_lvgl__lvgl.dir/examples/styles/lv_example_style_14.c.obj^[[K
build	Build ESP32-C6 firmware	2026-09-24T11:24:51.6465306Z [1300/1416] Building C object esp-idf/lvgl__lvgl/CMakeFiles/__idf_lvgl__lvgl.dir/examples/styles/lv_example_style_15.c.obj^[[K
build	Build ESP32-C6 firmware	2026-09-24T11:24:51.6585584Z [1301/1416] Building C object esp-idf/lvgl__lvgl/CMakeFiles/__idf_lvgl__lvgl.dir/examples/styles/lv_example_style_4.c.obj^[[K
build	Build ESP32-C6 firmware	2026-09-24T11:24:51.6824375Z [1302/1416] Building C object esp-idf/lvgl__lvgl/CMakeFiles/__idf_lvgl__lvgl.dir/examples/styles/lv_example_style_2.c.obj^[[K
build	Build ESP32-C6 firmware	2026-09-24T11:24:51.7262709Z [1303/1416] Building C object esp-idf/lvgl__lvgl/CMakeFiles/__idf_lvgl__lvgl.dir/examples/styles/lv_example_style_3.c.obj^[[K
build	Build ESP32-C6 firmware	2026-09-24T11:24:51.8624015Z [1304/1416] Building C object esp-idf/lvgl__lvgl/CMakeFiles/__idf_lvgl__lvgl.dir/examples/styles/lv_example_style_5.c.obj^[[K
build	Build ESP32-C6 firmware	2026-09-24T11:24:51.9013932Z [1305/1416] Building C object esp-idf/lvgl__lvgl/CMakeFiles/__idf_lvgl__lvgl.dir/examples/styles/lv_example_style_7.c.obj^[[K
build	Build ESP32-C6 firmware	2026-09-24T11:24:51.9347518Z [1306/1416] Building C object esp-idf/lvgl__lvgl/CMakeFiles/__idf_lvgl__lvgl.dir/examples/styles/lv_example_style_6.c.obj^[[K
build	Build ESP32-C6 firmware	2026-09-24T11:24:51.9722415Z [1307/1416] Building C object esp-idf/lvgl__lvgl/CMakeFiles/__idf_lvgl__lvgl.dir/examples/widgets/arc/lv_example_arc_1.c.obj^[[K
build	Build ESP32-C6 firmware	2026-09-24T11:24:52.0132705Z [1308/1416] Building C object esp-idf/lvgl__lvgl/CMakeFiles/__idf_lvgl__lvgl.dir/examples/styles/lv_example_style_8.c.obj^[[K
build	Build ESP32-C6 firmware	2026-09-24T11:24:52.0467344Z [1309/1416] Building C object esp-idf/lvgl__lvgl/CMakeFiles/__idf_lvgl__lvgl.dir/examples/widgets/animimg/lv_example_animimg_1.c.obj^[[K
build	Build ESP32-C6 firmware	2026-09-24T11:24:52.1298543Z [1310/1416] Building C object esp-idf/lvgl__lvgl/CMakeFiles/__idf_lvgl__lvgl.dir/examples/styles/lv_example_style_9.c.obj^[[K
build	Build ESP32-C6 firmware	2026-09-24T11:24:52.2215266Z [1311/1416] Building C object esp-idf/lvgl__lvgl/CMakeFiles/__idf_lvgl__lvgl.dir/examples/widgets/arc/lv_example_arc_2.c.obj^[[K
build	Build ESP32-C6 firmware	2026-09-24T11:24:52.2310240Z [1312/1416] Building C object esp-idf/lvgl__lvgl/CMakeFiles/__idf_lvgl__lvgl.dir/examples/widgets/bar/lv_example_bar_2.c.obj^[[K
build	Build ESP32-C6 firmware	2026-09-24T11:24:52.2810044Z [1313/1416] Building C object esp-idf/lvgl__lvgl/CMakeFiles/__idf_lvgl__lvgl.dir/examples/widgets/bar/lv_example_bar_1.c.obj^[[K
build	Build ESP32-C6 firmware	2026-09-24T11:24:52.3138452Z [1314/1416] Building C object esp-idf/lvgl__lvgl/CMakeFiles/__idf_lvgl__lvgl.dir/examples/widgets/bar/lv_example_bar_4.c.obj^[[K
build	Build ESP32-C6 firmware	2026-09-24T11:24:52.3440558Z [1315/1416] Building C object esp-idf/lvgl__lvgl/CMakeFiles/__idf_lvgl__lvgl.dir/examples/widgets/bar/lv_example_bar_5.c.obj^[[K
build	Build ESP32-C6 firmware	2026-09-24T11:24:52.4384653Z [1316/1416] Building C object esp-idf/lvgl__lvgl/CMakeFiles/__idf_lvgl__lvgl.dir/examples/widgets/bar/lv_example_bar_3.c.obj^[[K
build	Build ESP32-C6 firmware	2026-09-24T11:24:52.5078266Z [1317/1416] Building C object esp-idf/lvgl__lvgl/CMakeFiles/__idf_lvgl__lvgl.dir/examples/widgets/bar/lv_example_bar_6.c.obj^[[K
build	Build ESP32-C6 firmware	2026-09-24T11:24:52.5977731Z [1318/1416] Building C object esp-idf/lvgl__lvgl/CMakeFiles/__idf_lvgl__lvgl.dir/examples/widgets/btn/lv_example_btn_1.c.obj^[[K
build	Build ESP32-C6 firmware	2026-09-24T11:24:52.6337157Z [1319/1416] Building C object esp-idf/lvgl__lvgl/CMakeFiles/__idf_lvgl__lvgl.dir/examples/widgets/btn/lv_example_btn_3.c.obj^[[K
build	Build ESP32-C6 firmware	2026-09-24T11:24:52.6612902Z [1320/1416] Building C object esp-idf/lvgl__lvgl/CMakeFiles/__idf_lvgl__lvgl.dir/examples/widgets/btn/lv_example_btn_2.c.obj^[[K
build	Build ESP32-C6 firmware	2026-09-24T11:24:52.6867317Z [1321/1416] Building C object esp-idf/lvgl__lvgl/CMakeFiles/__idf_lvgl__lvgl.dir/examples/widgets/btnmatrix/lv_example_btnmatrix_1.c.obj^[[K
build	Build ESP32-C6 firmware	2026-09-24T11:24:52.7394818Z [1322/1416] Building C object esp-idf/lvgl__lvgl/CMakeFiles/__idf_lvgl__lvgl.dir/examples/widgets/btnmatrix/lv_example_btnmatrix_2.c.obj^[[K
build	Build ESP32-C6 firmware	2026-09-24T11:24:52.7794835Z [1323/1416] Building C object esp-idf/lvgl__lvgl/CMakeFiles/__idf_lvgl__lvgl.dir/examples/widgets/btnmatrix/lv_example_btnmatrix_3.c.obj^[[K
build	Build ESP32-C6 firmware	2026-09-24T11:24:52.8913844Z [1324/1416] Building C object esp-idf/lvgl__lvgl/CMakeFiles/__idf_lvgl__lvgl.dir/examples/widgets/calendar/lv_example_calendar_1.c.obj^[[K
build	Build ESP32-C6 firmware	2026-09-24T11:24:52.9092559Z [1325/1416] Building C object esp-idf/lvgl__lvgl/CMakeFiles/__idf_lvgl__lvgl.dir/examples/widgets/canvas/lv_example_canvas_2.c.obj^[[K
build	Build ESP32-C6 firmware	2026-09-24T11:24:52.9179484Z [1326/1416] Building C object esp-idf/lvgl__lvgl/CMakeFiles/__idf_lvgl__lvgl.dir/examples/widgets/chart/lv_example_chart_1.c.obj^[[K
build	Build ESP32-C6 firmware	2026-09-24T11:24:53.0373963Z [1327/1416] Building C object esp-idf/lvgl__lvgl/CMakeFiles/__idf_lvgl__lvgl.dir/examples/widgets/canvas/lv_example_canvas_1.c.obj^[[K
build	Build ESP32-C6 firmware	2026-09-24T11:24:53.0831762Z [1328/1416] Building C object esp-idf/lvgl__lvgl/CMakeFiles/__idf_lvgl__lvgl.dir/examples/widgets/chart/lv_example_chart_3.c.obj^[[K
build	Build ESP32-C6 firmware	2026-09-24T11:24:53.1191255Z [1329/1416] Building C object esp-idf/lvgl__lvgl/CMakeFiles/__idf_lvgl__lvgl.dir/examples/widgets/chart/lv_example_chart_2.c.obj^[[K
build	Build ESP32-C6 firmware	2026-09-24T11:24:53.1843451Z [1330/1416] Building C object esp-idf/lvgl__lvgl/CMakeFiles/__idf_lvgl__lvgl.dir/examples/widgets/chart/lv_example_chart_4.c.obj^[[K
build	Build ESP32-C6 firmware	2026-09-24T11:24:53.2488316Z [1331/1416] Building C object esp-idf/lvgl__lvgl/CMakeFiles/__idf_lvgl__lvgl.dir/examples/widgets/chart/lv_example_chart_7.c.obj^[[K
build	Build ESP32-C6 firmware	2026-09-24T11:24:53.3269823Z [1332/1416] Building C object esp-idf/lvgl__lvgl/CMakeFiles/__idf_lvgl__lvgl.dir/examples/widgets/chart/lv_example_chart_5.c.obj^[[K
build	Build ESP32-C6 firmware	2026-09-24T11:24:53.3428475Z [1333/1416] Building C object esp-idf/lvgl__lvgl/CMakeFiles/__idf_lvgl__lvgl.dir/examples/widgets/chart/lv_example_chart_6.c.obj^[[K
build	Build ESP32-C6 firmware	2026-09-24T11:24:53.4238530Z [1334/1416] Building C object esp-idf/lvgl__lvgl/CMakeFiles/__idf_lvgl__lvgl.dir/examples/widgets/chart/lv_example_chart_8.c.obj^[[K
build	Build ESP32-C6 firmware	2026-09-24T11:24:53.4791128Z [1335/1416] Building C object esp-idf/lvgl__lvgl/CMakeFiles/__idf_lvgl__lvgl.dir/examples/widgets/chart/lv_example_chart_9.c.obj^[[K
build	Build ESP32-C6 firmware	2026-09-24T11:24:53.5094311Z [1336/1416] Building C object esp-idf/lvgl__lvgl/CMakeFiles/__idf_lvgl__lvgl.dir/examples/widgets/colorwheel/lv_example_colorwheel_1.c.obj^[[K
build	Build ESP32-C6 firmware	2026-09-24T11:24:53.5729960Z [1337/1416] Building C object esp-idf/lvgl__lvgl/CMakeFiles/__idf_lvgl__lvgl.dir/examples/widgets/checkbox/lv_example_checkbox_1.c.obj^[[K
build	Build ESP32-C6 firmware	2026-09-24T11:24:53.5909478Z [1338/1416] Building C object esp-idf/lvgl__lvgl/CMakeFiles/__idf_lvgl__lvgl.dir/examples/widgets/checkbox/lv_example_checkbox_2.c.obj^[[K
build	Build ESP32-C6 firmware	2026-09-24T11:24:53.5971744Z [1339/1416] Building C object esp-idf/lvgl__lvgl/CMakeFiles/__idf_lvgl__lvgl.dir/examples/widgets/dropdown/lv_example_dropdown_2.c.obj^[[K
build	Build ESP32-C6 firmware	2026-09-24T11:24:53.7417035Z [1340/1416] Building C object esp-idf/lvgl__lvgl/CMakeFiles/__idf_lvgl__lvgl.dir/examples/widgets/dropdown/lv_example_dropdown_1.c.obj^[[K
build	Build ESP32-C6 firmware	2026-09-24T11:24:53.7976640Z [1341/1416] Building C object esp-idf/lvgl__lvgl/CMakeFiles/__idf_lvgl__lvgl.dir/examples/widgets/dropdown/lv_example_dropdown_3.c.obj^[[K
build	Build ESP32-C6 firmware	2026-09-24T11:24:53.8376921Z [1342/1416] Building C object esp-idf/lvgl__lvgl/CMakeFiles/__idf_lvgl__lvgl.dir/examples/widgets/img/lv_example_img_1.c.obj^[[K
build	Build ESP32-C6 firmware	2026-09-24T11:24:53.8718929Z [1343/1416] Building C object esp-idf/lvgl__lvgl/CMakeFiles/__idf_lvgl__lvgl.dir/examples/widgets/img/lv_example_img_2.c.obj^[[K
build	Build ESP32-C6 firmware	2026-09-24T11:24:53.9130896Z [1344/1416] Building C object esp-idf/lvgl__lvgl/CMakeFiles/__idf_lvgl__lvgl.dir/examples/widgets/img/lv_example_img_4.c.obj^[[K
build	Build ESP32-C6 firmware	2026-09-24T11:24:53.9273104Z [1345/1416] Building C object esp-idf/lvgl__lvgl/CMakeFiles/__idf_lvgl__lvgl.dir/examples/widgets/imgbtn/lv_example_imgbtn_1.c.obj^[[K
build	Build ESP32-C6 firmware	2026-09-24T11:24:54.0667480Z [1346/1416] Building C object esp-idf/lvgl__lvgl/CMakeFiles/__idf_lvgl__lvgl.dir/examples/widgets/img/lv_example_img_3.c.obj^[[K
build	Build ESP32-C6 firmware	2026-09-24T11:24:54.0842877Z [1347/1416] Building C object esp-idf/lvgl__lvgl/CMakeFiles/__idf_lvgl__lvgl.dir/examples/widgets/label/lv_example_label_1.c.obj^[[K
build	Build ESP32-C6 firmware	2026-09-24T11:24:54.1388955Z [1348/1416] Building C object esp-idf/lvgl__lvgl/CMakeFiles/__idf_lvgl__lvgl.dir/examples/widgets/keyboard/lv_example_keyboard_1.c.obj^[[K
build	Build ESP32-C6 firmware	2026-09-24T11:24:54.1761312Z [1349/1416] Building C object esp-idf/lvgl__lvgl/CMakeFiles/__idf_lvgl__lvgl.dir/examples/widgets/label/lv_example_label_2.c.obj^[[K
build	Build ESP32-C6 firmware	2026-09-24T11:24:54.1877044Z [1350/1416] Building C object esp-idf/lvgl__lvgl/CMakeFiles/__idf_lvgl__lvgl.dir/examples/widgets/label/lv_example_label_5.c.obj^[[K
build	Build ESP32-C6 firmware	2026-09-24T11:24:54.2343714Z [1351/1416] Building C object esp-idf/lvgl__lvgl/CMakeFiles/__idf_lvgl__lvgl.dir/examples/widgets/label/lv_example_label_3.c.obj^[[K
build	Build ESP32-C6 firmware	2026-09-24T11:24:54.3699188Z [1352/1416] Building C object esp-idf/lvgl__lvgl/CMakeFiles/__idf_lvgl__lvgl.dir/examples/widgets/label/lv_example_label_4.c.obj^[[K
build	Build ESP32-C6 firmware	2026-09-24T11:24:54.3844056Z [1353/1416] Building C object esp-idf/lvgl__lvgl/CMakeFiles/__idf_lvgl__lvgl.dir/examples/widgets/line/lv_example_line_1.c.obj^[[K
build	Build ESP32-C6 firmware	2026-09-24T11:24:54.4674694Z [1354/1416] Building C object esp-idf/lvgl__lvgl/CMakeFiles/__idf_lvgl__lvgl.dir/examples/widgets/led/lv_example_led_1.c.obj^[[K
build	Build ESP32-C6 firmware	2026-09-24T11:24:54.4868070Z [1355/1416] Building C object esp-idf/lvgl__lvgl/CMakeFiles/__idf_lvgl__lvgl.dir/examples/widgets/menu/lv_example_menu_1.c.obj^[[K
build	Build ESP32-C6 firmware	2026-09-24T11:24:54.5020305Z [1356/1416] Building C object esp-idf/lvgl__lvgl/CMakeFiles/__idf_lvgl__lvgl.dir/examples/widgets/list/lv_example_list_1.c.obj^[[K
build	Build ESP32-C6 firmware	2026-09-24T11:24:54.5763374Z [1357/1416] Building C object esp-idf/lvgl__lvgl/CMakeFiles/__idf_lvgl__lvgl.dir/examples/widgets/list/lv_example_list_2.c.obj^[[K
build	Build ESP32-C6 firmware	2026-09-24T11:24:54.6817759Z [1358/1416] Building C object esp-idf/lvgl__lvgl/CMakeFiles/__idf_lvgl__lvgl.dir/examples/widgets/menu/lv_example_menu_2.c.obj^[[K
build	Build ESP32-C6 firmware	2026-09-24T11:24:54.7122439Z [1359/1416] Building C object esp-idf/lvgl__lvgl/CMakeFiles/__idf_lvgl__lvgl.dir/examples/widgets/menu/lv_example_menu_4.c.obj^[[K
build	Build ESP32-C6 firmware	2026-09-24T11:24:54.7891242Z [1360/1416] Building C object esp-idf/lvgl__lvgl/CMakeFiles/__idf_lvgl__lvgl.dir/examples/widgets/menu/lv_example_menu_3.c.obj^[[K
build	Build ESP32-C6 firmware	2026-09-24T11:24:54.8008954Z [1361/1416] Building C object esp-idf/lvgl__lvgl/CMakeFiles/__idf_lvgl__lvgl.dir/examples/widgets/menu/lv_example_menu_5.c.obj^[[K
build	Build ESP32-C6 firmware	2026-09-24T11:24:54.8255863Z [1362/1416] Building C object esp-idf/lvgl__lvgl/CMakeFiles/__idf_lvgl__lvgl.dir/examples/widgets/meter/lv_example_meter_2.c.obj^[[K
build	Build ESP32-C6 firmware	2026-09-24T11:24:54.9238622Z [1363/1416] Building C object esp-idf/lvgl__lvgl/CMakeFiles/__idf_lvgl__lvgl.dir/examples/widgets/meter/lv_example_meter_1.c.obj^[[K
build	Build ESP32-C6 firmware	2026-09-24T11:24:54.9795732Z [1364/1416] Building C object esp-idf/lvgl__lvgl/CMakeFiles/__idf_lvgl__lvgl.dir/examples/widgets/meter/lv_example_meter_3.c.obj^[[K
build	Build ESP32-C6 firmware	2026-09-24T11:24:54.9981373Z [1365/1416] Building C object esp-idf/lvgl__lvgl/CMakeFiles/__idf_lvgl__lvgl.dir/examples/widgets/meter/lv_example_meter_4.c.obj^[[K
build	Build ESP32-C6 firmware	2026-09-24T11:24:55.0472929Z [1366/1416] Building C object esp-idf/lvgl__lvgl/CMakeFiles/__idf_lvgl__lvgl.dir/examples/widgets/msgbox/lv_example_msgbox_1.c.obj^[[K
build	Build ESP32-C6 firmware	2026-09-24T11:24:55.1312784Z [1367/1416] Building C object esp-idf/lvgl__lvgl/CMakeFiles/__idf_lvgl__lvgl.dir/examples/widgets/obj/lv_example_obj_2.c.obj^[[K
build	Build ESP32-C6 firmware	2026-09-24T11:24:55.1566693Z [1368/1416] Building C object esp-idf/lvgl__lvgl/CMakeFiles/__idf_lvgl__lvgl.dir/examples/widgets/obj/lv_example_obj_1.c.obj^[[K
build	Build ESP32-C6 firmware	2026-09-24T11:24:55.2592905Z [1369/1416] Building C object esp-idf/lvgl__lvgl/CMakeFiles/__idf_lvgl__lvgl.dir/examples/widgets/roller/lv_example_roller_1.c.obj^[[K
build	Build ESP32-C6 firmware	2026-09-24T11:24:55.2815315Z [1370/1416] Building C object esp-idf/lvgl__lvgl/CMakeFiles/__idf_lvgl__lvgl.dir/examples/widgets/slider/lv_example_slider_2.c.obj^[[K
build	Build ESP32-C6 firmware	2026-09-24T11:24:55.2878698Z [1371/1416] Building C object esp-idf/lvgl__lvgl/CMakeFiles/__idf_lvgl__lvgl.dir/examples/widgets/slider/lv_example_slider_1.c.obj^[[K
build	Build ESP32-C6 firmware	2026-09-24T11:24:55.3402523Z [1372/1416] Building C object esp-idf/lvgl__lvgl/CMakeFiles/__idf_lvgl__lvgl.dir/examples/widgets/roller/lv_example_roller_2.c.obj^[[K
build	Build ESP32-C6 firmware	2026-09-24T11:24:55.4741226Z [1373/1416] Building C object esp-idf/lvgl__lvgl/CMakeFiles/__idf_lvgl__lvgl.dir/examples/widgets/roller/lv_example_roller_3.c.obj^[[K
build	Build ESP32-C6 firmware	2026-09-24T11:24:55.4770311Z [1374/1416] Building C object esp-idf/lvgl__lvgl/CMakeFiles/__idf_lvgl__lvgl.dir/examples/widgets/span/lv_example_span_1.c.obj^[[K
build	Build ESP32-C6 firmware	2026-09-24T11:24:55.4950914Z [1375/1416] Building C object esp-idf/lvgl__lvgl/CMakeFiles/__idf_lvgl__lvgl.dir/examples/widgets/slider/lv_example_slider_3.c.obj^[[K
build	Build ESP32-C6 firmware	2026-09-24T11:24:55.5906843Z [1376/1416] Building C object esp-idf/lvgl__lvgl/CMakeFiles/__idf_lvgl__lvgl.dir/examples/widgets/spinbox/lv_example_spinbox_1.c.obj^[[K
build	Build ESP32-C6 firmware	2026-09-24T11:24:55.6247831Z [1377/1416] Building C object esp-idf/lvgl__lvgl/CMakeFiles/__idf_lvgl__lvgl.dir/examples/widgets/spinner/lv_example_spinner_1.c.obj^[[K
build	Build ESP32-C6 firmware	2026-09-24T11:24:55.6783280Z [1378/1416] Building C object esp-idf/lvgl__lvgl/CMakeFiles/__idf_lvgl__lvgl.dir/examples/widgets/switch/lv_example_switch_1.c.obj^[[K
build	Build ESP32-C6 firmware	2026-09-24T11:24:55.7697469Z [1379/1416] Building C object esp-idf/lvgl__lvgl/CMakeFiles/__idf_lvgl__lvgl.dir/examples/widgets/table/lv_example_table_1.c.obj^[[K
build	Build ESP32-C6 firmware	2026-09-24T11:24:55.7914996Z [1380/1416] Building C object esp-idf/lvgl__lvgl/CMakeFiles/__idf_lvgl__lvgl.dir/examples/widgets/table/lv_example_table_2.c.obj^[[K
build	Build ESP32-C6 firmware	2026-09-24T11:24:55.8257760Z [1381/1416] Building C object esp-idf/lvgl__lvgl/CMakeFiles/__idf_lvgl__lvgl.dir/examples/widgets/tabview/lv_example_tabview_2.c.obj^[[K
build	Build ESP32-C6 firmware	2026-09-24T11:24:55.9203201Z [1382/1416] Building C object esp-idf/lvgl__lvgl/CMakeFiles/__idf_lvgl__lvgl.dir/examples/widgets/tabview/lv_example_tabview_1.c.obj^[[K
build	Build ESP32-C6 firmware	2026-09-24T11:24:55.9425840Z [1383/1416] Building C object esp-idf/lvgl__lvgl/CMakeFiles/__idf_lvgl__lvgl.dir/examples/widgets/textarea/lv_example_textarea_1.c.obj^[[K
build	Build ESP32-C6 firmware	2026-09-24T11:24:55.9947366Z [1384/1416] Building C object esp-idf/lvgl__lvgl/CMakeFiles/__idf_lvgl__lvgl.dir/examples/widgets/textarea/lv_example_textarea_2.c.obj^[[K
build	Build ESP32-C6 firmware	2026-09-24T11:24:56.0427574Z [1385/1416] Building C object esp-idf/lvgl__lvgl/CMakeFiles/__idf_lvgl__lvgl.dir/examples/widgets/tileview/lv_example_tileview_1.c.obj^[[K
build	Build ESP32-C6 firmware	2026-09-24T11:24:56.0753707Z [1386/1416] Building C object esp-idf/lvgl__lvgl/CMakeFiles/__idf_lvgl__lvgl.dir/examples/widgets/textarea/lv_example_textarea_3.c.obj^[[K
build	Build ESP32-C6 firmware	2026-09-24T11:24:56.1265322Z [1387/1416] Building C object esp-idf/lvgl__lvgl/CMakeFiles/__idf_lvgl__lvgl.dir/examples/widgets/win/lv_example_win_1.c.obj^[[K
build	Build ESP32-C6 firmware	2026-09-24T11:24:56.1586687Z [1388/1416] Building C object esp-idf/board/CMakeFiles/__idf_board.dir/board_spi.c.obj^[[K
build	Build ESP32-C6 firmware	2026-09-24T11:24:56.1975854Z [1389/1416] Building C object esp-idf/board/CMakeFiles/__idf_board.dir/board_touch.c.obj^[[K
build	Build ESP32-C6 firmware	2026-09-24T11:24:56.3279980Z [1390/1416] Building C object esp-idf/board/CMakeFiles/__idf_board.dir/board_i2c.c.obj^[[K
build	Build ESP32-C6 firmware	2026-09-24T11:24:56.3599160Z [1391/1416] Building C object esp-idf/board/CMakeFiles/__idf_board.dir/board_backlight.c.obj^[[K
build	Build ESP32-C6 firmware	2026-09-24T11:24:56.5369665Z [1392/1416] Building C object esp-idf/board/CMakeFiles/__idf_board.dir/board_sd.c.obj^[[K
build	Build ESP32-C6 firmware	2026-09-24T11:24:56.5822476Z [1393/1416] Building C object esp-idf/radio/CMakeFiles/__idf_radio.dir/rx_path.c.obj^[[K
build	Build ESP32-C6 firmware	2026-09-24T11:24:56.5892107Z [1394/1416] Building C object esp-idf/board/CMakeFiles/__idf_board.dir/board_display.c.obj^[[K
build	Build ESP32-C6 firmware	2026-09-24T11:24:56.5930908Z [1395/1416] Building C object esp-idf/world/CMakeFiles/__idf_world.dir/world.c.obj^[[K
build	Build ESP32-C6 firmware	2026-09-24T11:24:56.6359369Z [1396/1416] Building C object esp-idf/radio/CMakeFiles/__idf_radio.dir/obs_cache.c.obj^[[K
build	Build ESP32-C6 firmware	2026-09-24T11:24:56.6473334Z [1397/1416] Linking C static library esp-idf/lvgl__lvgl/liblvgl__lvgl.a^[[K
build	Build ESP32-C6 firmware	2026-09-24T11:24:56.6600267Z [1398/1416] Building C object esp-idf/radio/CMakeFiles/__idf_radio.dir/hopper_policy.c.obj^[[K
build	Build ESP32-C6 firmware	2026-09-24T11:24:56.7471273Z [1399/1416] Linking C static library esp-idf/board/libboard.a^[[K
build	Build ESP32-C6 firmware	2026-09-24T11:24:56.8661947Z [1400/1416] Building C object esp-idf/radio/CMakeFiles/__idf_radio.dir/pcap_serializer.c.obj^[[K
build	Build ESP32-C6 firmware	2026-09-24T11:24:56.8803547Z [1401/1416] Building C object esp-idf/radio/CMakeFiles/__idf_radio.dir/eapol_parser.c.obj^[[K
build	Build ESP32-C6 firmware	2026-09-24T11:24:56.8974176Z [1402/1416] Building C object esp-idf/radio/CMakeFiles/__idf_radio.dir/wifi_sniffer.c.obj^[[K
build	Build ESP32-C6 firmware	2026-09-24T11:24:56.9017071Z [1403/1416] Building C object esp-idf/radio/CMakeFiles/__idf_radio.dir/channel_hopper.c.obj^[[K
build	Build ESP32-C6 firmware	2026-09-24T11:24:56.9183568Z [1404/1416] Building C object esp-idf/radio/CMakeFiles/__idf_radio.dir/ieee80211_parser.c.obj^[[K
build	Build ESP32-C6 firmware	2026-09-24T11:24:56.9268599Z [1405/1416] Linking C static library esp-idf/radio/libradio.a^[[K
build	Build ESP32-C6 firmware	2026-09-24T11:24:56.9965564Z [1406/1416] Linking C static library esp-idf/world/libworld.a^[[K
build	Build ESP32-C6 firmware	2026-09-24T11:24:57.0333484Z [1407/1416] Building C object esp-idf/storage/CMakeFiles/__idf_storage.dir/sd_logger_core.c.obj^[[K
build	Build ESP32-C6 firmware	2026-09-24T11:24:57.0686713Z [1408/1416] Building C object esp-idf/main/CMakeFiles/__idf_main.dir/app_main.c.obj^[[K
build	Build ESP32-C6 firmware	2026-09-24T11:24:57.0769716Z [1409/1416] Building C object esp-idf/storage/CMakeFiles/__idf_storage.dir/sd_logger_idf.c.obj^[[K
build	Build ESP32-C6 firmware	2026-09-24T11:24:57.0828796Z [1410/1416] Linking C static library esp-idf/storage/libstorage.a^[[K
build	Build ESP32-C6 firmware	2026-09-24T11:25:01.5693464Z [1411/1416] Linking C static library esp-idf/main/libmain.a^[[K
build	Build ESP32-C6 firmware	2026-09-24T11:25:01.5977092Z [1412/1416] Generating ld/sections.ld^[[K
build	Build ESP32-C6 firmware	2026-09-24T11:25:02.4558252Z [1413/1416] Building C object CMakeFiles/esp32c6_pwnagotchi.elf.dir/project_elf_src_esp32c6.c.obj^[[K
build	Build ESP32-C6 firmware	2026-09-24T11:25:02.6087422Z [1414/1416] Linking CXX executable esp32c6_pwnagotchi.elf^[[K
build	Build ESP32-C6 firmware	2026-09-24T11:25:02.6088239Z [1415/1416] Generating binary image from built executable^[[K
build	Build ESP32-C6 firmware	2026-09-24T11:25:02.6088746Z esptool.py v4.8.1
build	Build ESP32-C6 firmware	2026-09-24T11:25:02.6089081Z Creating esp32c6 image...
build	Build ESP32-C6 firmware	2026-09-24T11:25:02.6089426Z Merged 1 ELF section
build	Build ESP32-C6 firmware	2026-09-24T11:25:02.6089771Z Successfully created esp32c6 image.
build	Build ESP32-C6 firmware	2026-09-24T11:25:02.6090367Z Generated /app/yuanwil1y/esp32c6-Pwnagotchi/build/esp32c6_pwnagotchi.bin
build	Build ESP32-C6 firmware	2026-09-24T11:25:02.6435967Z 
build	Build ESP32-C6 firmware	2026-09-24T11:25:02.6438601Z [1416/1416] cd /app/yuanwil1y/esp32c6-Pwnagotchi/build/esp-idf/esptool_py && /opt/esp/python_env/idf5.4_py3.12_env/bin/python /opt/esp/idf/components/partition_table/check_sizes.py --offset 0x8000 partition --type app /app/yuanwil1y/esp32c6-Pwnagotchi/build/partition_table/partition-table.bin /app/yuanwil1y/esp32c6-Pwnagotchi/build/esp32c6_pwnagotchi.bin^[[K
build	Build ESP32-C6 firmware	2026-09-24T11:25:02.6441161Z esp32c6_pwnagotchi.bin binary size 0x12d150 bytes. Smallest app partition is 0x400000 bytes. 0x2d2eb0 bytes (71%) free.
build	Build ESP32-C6 firmware	2026-09-24T11:25:02.6449982Z 
build	Build ESP32-C6 firmware	2026-09-24T11:25:02.6450334Z Project build complete. To flash, run:
build	Build ESP32-C6 firmware	2026-09-24T11:25:02.6450777Z  idf.py flash
build	Build ESP32-C6 firmware	2026-09-24T11:25:02.6451081Z or
build	Build ESP32-C6 firmware	2026-09-24T11:25:02.6451360Z  idf.py -p PORT flash
build	Build ESP32-C6 firmware	2026-09-24T11:25:02.6451670Z or
build	Build ESP32-C6 firmware	2026-09-24T11:25:02.6453136Z  python -m esptool --chip esp32c6 -b 460800 --before default_reset --after hard_reset write_flash --flash_mode dio --flash_size 8MB --flash_freq 80m 0x0 build/bootloader/bootloader.bin 0x8000 build/partition_table/partition-table.bin 0x10000 build/esp32c6_pwnagotchi.bin
build	Build ESP32-C6 firmware	2026-09-24T11:25:02.6455000Z or from the "/app/yuanwil1y/esp32c6-Pwnagotchi/build" directory
build	Build ESP32-C6 firmware	2026-09-24T11:25:02.6455842Z  python -m esptool --chip esp32c6 -b 460800 --before default_reset --after hard_reset write_flash "@flash_args"
build	Build ESP32-C6 firmware	2026-09-24T11:25:03.5839922Z Executing action: size
build	Build ESP32-C6 firmware	2026-09-24T11:25:03.5840817Z Running ninja in directory /app/yuanwil1y/esp32c6-Pwnagotchi/build
build	Build ESP32-C6 firmware	2026-09-24T11:25:03.5841566Z Executing "ninja all"...
build	Build ESP32-C6 firmware	2026-09-24T11:25:03.5843617Z [1/4] cd /app/yuanwil1y/esp32c6-Pwnagotchi/build/esp-idf/esptool_py && /opt/esp/python_env/idf5.4_py3.12_env/bin/python /opt/esp/idf/components/partition_table/check_sizes.py --offset 0x8000 partition --type app /app/yuanwil1y/esp32c6-Pwnagotchi/build/partition_table/partition-table.bin /app/yuanwil1y/esp32c6-Pwnagotchi/build/esp32c6_pwnagotchi.bin
build	Build ESP32-C6 firmware	2026-09-24T11:25:03.5846314Z esp32c6_pwnagotchi.bin binary size 0x12d150 bytes. Smallest app partition is 0x400000 bytes. 0x2d2eb0 bytes (71%) free.
build	Build ESP32-C6 firmware	2026-09-24T11:25:03.5976158Z [2/4] Performing build step for 'bootloader'
build	Build ESP32-C6 firmware	2026-09-24T11:25:03.5978091Z [1/1] cd /app/yuanwil1y/esp32c6-Pwnagotchi/build/bootloader/esp-idf/esptool_py && /opt/esp/python_env/idf5.4_py3.12_env/bin/python /opt/esp/idf/components/partition_table/check_sizes.py --offset 0x8000 bootloader 0x0 /app/yuanwil1y/esp32c6-Pwnagotchi/build/bootloader/bootloader.bin
build	Build ESP32-C6 firmware	2026-09-24T11:25:03.5979455Z Bootloader binary size 0x55e0 bytes. 0x2a20 bytes (33%) free.
build	Build ESP32-C6 firmware	2026-09-24T11:25:03.5999679Z [3/4] No install step for 'bootloader'
build	Build ESP32-C6 firmware	2026-09-24T11:25:03.6051030Z [4/4] Completed 'bootloader'
build	Build ESP32-C6 firmware	2026-09-24T11:25:03.6615767Z Running ninja in directory /app/yuanwil1y/esp32c6-Pwnagotchi/build
build	Build ESP32-C6 firmware	2026-09-24T11:25:03.6616237Z Executing "ninja size"...
build	Build ESP32-C6 firmware	2026-09-24T11:25:03.6617423Z [0/1] cd /app/yuanwil1y/esp32c6-Pwnagotchi/build && /opt/esp/tools/cmake/3.30.2/bin/cmake -D "IDF_SIZE_TOOL=/opt/esp/python_env/idf5.4_py3.12_env/bin/python;-m;esp_idf_size" -D MAP_FILE=/app/yuanwil1y/esp32c6-Pwnagotchi/build/esp32c6_pwnagotchi.map -D OUTPUT_JSON= -P /opt/esp/idf/tools/cmake/run_size_tool.cmake
build	Build ESP32-C6 firmware	2026-09-24T11:25:03.8661031Z                             Memory Type Usage Summary                             
build	Build ESP32-C6 firmware	2026-09-24T11:25:03.8662056Z ┏━━━━━━━━━━━━━━━━━━━━━┳━━━━━━━━━━━━━━┳━━━━━━━━━━┳━━━━━━━━━━━━━━━━┳━━━━━━━━━━━━━━━┓
build	Build ESP32-C6 firmware	2026-09-24T11:25:03.8662735Z ┃ Memory Type/Section ┃ Used [bytes] ┃ Used [%] ┃ Remain [bytes] ┃ Total [bytes] ┃
build	Build ESP32-C6 firmware	2026-09-24T11:25:03.8663355Z ┡━━━━━━━━━━━━━━━━━━━━━╇━━━━━━━━━━━━━━╇━━━━━━━━━━╇━━━━━━━━━━━━━━━━╇━━━━━━━━━━━━━━━┩
build	Build ESP32-C6 firmware	2026-09-24T11:25:03.8663961Z │ Flash Code          │      1077864 │     6.42 │       15699320 │      16777184 │
build	Build ESP32-C6 firmware	2026-09-24T11:25:03.8664687Z │    .text            │       911888 │     5.44 │                │               │
build	Build ESP32-C6 firmware	2026-09-24T11:25:03.8665263Z │    .rodata          │       165720 │     0.99 │                │               │
build	Build ESP32-C6 firmware	2026-09-24T11:25:03.8665917Z │    .appdesc         │          256 │      0.0 │                │               │
build	Build ESP32-C6 firmware	2026-09-24T11:25:03.8666645Z │ DIRAM               │       219912 │    48.64 │         232200 │        452112 │
build	Build ESP32-C6 firmware	2026-09-24T11:25:03.8667332Z │    .text            │       139356 │    30.82 │                │               │
build	Build ESP32-C6 firmware	2026-09-24T11:25:03.8667845Z │    .bss             │        64688 │    14.31 │                │               │
build	Build ESP32-C6 firmware	2026-09-24T11:25:03.8668277Z │    .data            │        15861 │     3.51 │                │               │
build	Build ESP32-C6 firmware	2026-09-24T11:25:03.8668696Z │ LP SRAM             │           52 │     0.32 │          16332 │         16384 │
build	Build ESP32-C6 firmware	2026-09-24T11:25:03.8669171Z │    .force_fast      │           28 │     0.17 │                │               │
build	Build ESP32-C6 firmware	2026-09-24T11:25:03.8669620Z │    .rtc_reserved    │           24 │     0.15 │                │               │
build	Build ESP32-C6 firmware	2026-09-24T11:25:03.8670093Z └─────────────────────┴──────────────┴──────────┴────────────────┴───────────────┘
build	Build ESP32-C6 firmware	2026-09-24T11:25:03.8687051Z Total image size: ^[[1;36m1233109^[[0m bytes ^[[1m(^[[0m.bin may be padded larger^[[1m)^[[0m
build	Build ESP32-C6 firmware	2026-09-24T11:25:04.0085451Z Executing action: size-components
build	Build ESP32-C6 firmware	2026-09-24T11:25:04.0086227Z Running ninja in directory /app/yuanwil1y/esp32c6-Pwnagotchi/build
build	Build ESP32-C6 firmware	2026-09-24T11:25:04.0086667Z Executing "ninja all"...
build	Build ESP32-C6 firmware	2026-09-24T11:25:04.0087979Z [1/4] cd /app/yuanwil1y/esp32c6-Pwnagotchi/build/esp-idf/esptool_py && /opt/esp/python_env/idf5.4_py3.12_env/bin/python /opt/esp/idf/components/partition_table/check_sizes.py --offset 0x8000 partition --type app /app/yuanwil1y/esp32c6-Pwnagotchi/build/partition_table/partition-table.bin /app/yuanwil1y/esp32c6-Pwnagotchi/build/esp32c6_pwnagotchi.bin
build	Build ESP32-C6 firmware	2026-09-24T11:25:04.0089951Z esp32c6_pwnagotchi.bin binary size 0x12d150 bytes. Smallest app partition is 0x400000 bytes. 0x2d2eb0 bytes (71%) free.
build	Build ESP32-C6 firmware	2026-09-24T11:25:04.0224350Z [2/4] Performing build step for 'bootloader'
build	Build ESP32-C6 firmware	2026-09-24T11:25:04.0226491Z [1/1] cd /app/yuanwil1y/esp32c6-Pwnagotchi/build/bootloader/esp-idf/esptool_py && /opt/esp/python_env/idf5.4_py3.12_env/bin/python /opt/esp/idf/components/partition_table/check_sizes.py --offset 0x8000 bootloader 0x0 /app/yuanwil1y/esp32c6-Pwnagotchi/build/bootloader/bootloader.bin
build	Build ESP32-C6 firmware	2026-09-24T11:25:04.0228642Z Bootloader binary size 0x55e0 bytes. 0x2a20 bytes (33%) free.
build	Build ESP32-C6 firmware	2026-09-24T11:25:04.0244932Z [3/4] No install step for 'bootloader'
build	Build ESP32-C6 firmware	2026-09-24T11:25:04.0295847Z [4/4] Completed 'bootloader'
build	Build ESP32-C6 firmware	2026-09-24T11:25:04.0857833Z Running ninja in directory /app/yuanwil1y/esp32c6-Pwnagotchi/build
build	Build ESP32-C6 firmware	2026-09-24T11:25:04.0858326Z Executing "ninja size-components"...
build	Build ESP32-C6 firmware	2026-09-24T11:25:04.0859572Z [0/1] cd /app/yuanwil1y/esp32c6-Pwnagotchi/build && /opt/esp/tools/cmake/3.30.2/bin/cmake -D "IDF_SIZE_TOOL=/opt/esp/python_env/idf5.4_py3.12_env/bin/python;-m;esp_idf_size" -D IDF_SIZE_MODE=--archives -D MAP_FILE=/app/yuanwil1y/esp32c6-Pwnagotchi/build/esp32c6_pwnagotchi.map -D OUTPUT_JSON= -P /opt/esp/idf/tools/cmake/run_size_tool.cmake
build	Build ESP32-C6 firmware	2026-09-24T11:25:04.3346880Z                                                                Per-archive contributions to ELF file                                                               
build	Build ESP32-C6 firmware	2026-09-24T11:25:04.3349319Z ┏━━━━━━━━━━━━━━━━━━━━━━━━━━━━━━━━━┳━━━━━━━━━━━━┳━━━━━━━┳━━━━━━━┳━━━━━━━┳━━━━━━━┳━━━━━━━━━━━━┳━━━━━━━━━┳━━━━━━━━━━┳━━━━━━━━┳━━━━━━━━━┳━━━━━━━━━━━━━━━┳━━━━━━━━━━━━━┓
build	Build ESP32-C6 firmware	2026-09-24T11:25:04.3350768Z ┃ Archive File                    ┃ Total Size ┃ DIRAM ┃  .bss ┃ .data ┃ .text ┃ Flash Code ┃ .rodata ┃ .appdesc ┃  .text ┃ LP SRAM ┃ .rtc_reserved ┃ .force_fast ┃
build	Build ESP32-C6 firmware	2026-09-24T11:25:04.3352284Z ┡━━━━━━━━━━━━━━━━━━━━━━━━━━━━━━━━━╇━━━━━━━━━━━━╇━━━━━━━╇━━━━━━━╇━━━━━━━╇━━━━━━━╇━━━━━━━━━━━━╇━━━━━━━━━╇━━━━━━━━━━╇━━━━━━━━╇━━━━━━━━━╇━━━━━━━━━━━━━━━╇━━━━━━━━━━━━━┩
build	Build ESP32-C6 firmware	2026-09-24T11:25:04.3353645Z │ liblvgl__lvgl.a                 │     221591 │ 22012 │  1092 │   142 │ 20778 │     199579 │   16909 │        0 │ 182670 │       0 │             0 │           0 │
build	Build ESP32-C6 firmware	2026-09-24T11:25:04.3355227Z │ libnet80211.a                   │     181451 │ 19484 │ 10385 │  1785 │  7314 │     161967 │   18045 │        0 │ 143922 │       0 │             0 │           0 │
build	Build ESP32-C6 firmware	2026-09-24T11:25:04.3356578Z │ libpp.a                         │     110772 │ 45365 │  2746 │  3201 │ 39418 │      65407 │    9405 │        0 │  56002 │       0 │             0 │           0 │
build	Build ESP32-C6 firmware	2026-09-24T11:25:04.3357793Z │ liblwip.a                       │      93494 │  2482 │  2470 │    12 │     0 │      91012 │    3234 │        0 │  87778 │       0 │             0 │           0 │
build	Build ESP32-C6 firmware	2026-09-24T11:25:04.3359610Z │ libesp_app_format.a             │      88627 │    10 │    10 │     0 │     0 │      88617 │   87831 │      256 │    530 │       0 │             0 │           0 │
build	Build ESP32-C6 firmware	2026-09-24T11:25:04.3361353Z │ libmbedcrypto.a                 │      79601 │   454 │   252 │   116 │    86 │      79147 │    6569 │        0 │  72578 │       0 │             0 │           0 │
build	Build ESP32-C6 firmware	2026-09-24T11:25:04.3363071Z │ libwpa_supplicant.a             │      78607 │  1329 │  1321 │     8 │     0 │      77278 │    1596 │        0 │  75682 │       0 │             0 │           0 │
build	Build ESP32-C6 firmware	2026-09-24T11:25:04.3364796Z │ libradio.a                      │      48716 │ 31435 │ 31435 │     0 │     0 │      17281 │      73 │        0 │  17208 │       0 │             0 │           0 │
build	Build ESP32-C6 firmware	2026-09-24T11:25:04.3366469Z │ libesp_hw_support.a             │      46730 │ 14208 │   148 │  4506 │  9554 │      32470 │    3114 │        0 │  29356 │      52 │            24 │          28 │
build	Build ESP32-C6 firmware	2026-09-24T11:25:04.3367770Z │ libphy.a                        │      28723 │  5579 │    44 │   919 │  4616 │      23144 │       0 │        0 │  23144 │       0 │             0 │           0 │
build	Build ESP32-C6 firmware	2026-09-24T11:25:04.3369052Z │ libfatfs.a                      │      26110 │    64 │    60 │     4 │     0 │      26046 │    1496 │        0 │  24550 │       0 │             0 │           0 │
build	Build ESP32-C6 firmware	2026-09-24T11:25:04.3370344Z │ libstorage.a                    │      21532 │ 10238 │ 10238 │     0 │     0 │      11294 │     256 │        0 │  11038 │       0 │             0 │           0 │
build	Build ESP32-C6 firmware	2026-09-24T11:25:04.3371629Z │ libhal.a                        │      20925 │ 11362 │    12 │   392 │ 10958 │       9563 │     453 │        0 │   9110 │       0 │             0 │           0 │
build	Build ESP32-C6 firmware	2026-09-24T11:25:04.3372951Z │ libfreertos.a                   │      18763 │ 16700 │  2240 │    88 │ 14372 │       2063 │    1259 │        0 │    804 │       0 │             0 │           0 │
build	Build ESP32-C6 firmware	2026-09-24T11:25:04.3374267Z │ libesp_driver_uart.a            │      18631 │   157 │    29 │   128 │     0 │      18474 │     766 │        0 │  17708 │       0 │             0 │           0 │
build	Build ESP32-C6 firmware	2026-09-24T11:25:04.3375875Z │ libsdmmc.a                      │      18440 │     0 │     0 │     0 │     0 │      18440 │    1396 │        0 │  17044 │       0 │             0 │           0 │
build	Build ESP32-C6 firmware	2026-09-24T11:25:04.3377180Z │ libnvs_flash.a                  │      17022 │    28 │    28 │     0 │     0 │      16994 │     252 │        0 │  16742 │       0 │             0 │           0 │
build	Build ESP32-C6 firmware	2026-09-24T11:25:04.3378485Z │ libc.a                          │      16525 │   748 │   380 │   368 │     0 │      15777 │    1021 │        0 │  14756 │       0 │             0 │           0 │
build	Build ESP32-C6 firmware	2026-09-24T11:25:04.3379789Z │ libconsole.a                    │      15314 │    85 │    48 │    37 │     0 │      15229 │      39 │        0 │  15190 │       0 │             0 │           0 │
build	Build ESP32-C6 firmware	2026-09-24T11:25:04.3381115Z │ libesp_system.a                 │      13606 │  2666 │   138 │    92 │  2436 │      10940 │     570 │        0 │  10370 │       0 │             0 │           0 │
build	Build ESP32-C6 firmware	2026-09-24T11:25:04.3382502Z │ libesp_driver_spi.a             │      12520 │  4708 │     8 │   112 │  4588 │       7812 │     540 │        0 │   7272 │       0 │             0 │           0 │
build	Build ESP32-C6 firmware	2026-09-24T11:25:04.3383838Z │ libspi_flash.a                  │      10570 │  8993 │    14 │   941 │  8038 │       1577 │     357 │        0 │   1220 │       0 │             0 │           0 │
build	Build ESP32-C6 firmware	2026-09-24T11:25:04.3385394Z │ libdriver.a                     │       7603 │  1198 │    10 │    32 │  1156 │       6405 │     343 │        0 │   6062 │       0 │             0 │           0 │
build	Build ESP32-C6 firmware	2026-09-24T11:25:04.3386685Z │ libesp_driver_gpio.a            │       7416 │    36 │     0 │    36 │     0 │       7380 │     708 │        0 │   6672 │       0 │             0 │           0 │
build	Build ESP32-C6 firmware	2026-09-24T11:25:04.3388011Z │ libvfs.a                        │       6614 │   236 │    44 │   192 │     0 │       6378 │     158 │        0 │   6220 │       0 │             0 │           0 │
build	Build ESP32-C6 firmware	2026-09-24T11:25:04.3389466Z │ libesp_driver_ledc.a            │       6604 │   218 │    36 │     0 │   182 │       6386 │     232 │        0 │   6154 │       0 │             0 │           0 │
build	Build ESP32-C6 firmware	2026-09-24T11:25:04.3390744Z │ libesp_ringbuf.a                │       6516 │  5866 │     0 │     0 │  5866 │        650 │     650 │        0 │      0 │       0 │             0 │           0 │
build	Build ESP32-C6 firmware	2026-09-24T11:25:04.3392002Z │ libcoexist.a                    │       5474 │  1544 │     2 │  1446 │    96 │       3930 │      40 │        0 │   3890 │       0 │             0 │           0 │
build	Build ESP32-C6 firmware	2026-09-24T11:25:04.3393315Z │ libesp_driver_sdspi.a           │       5438 │    13 │    13 │     0 │     0 │       5425 │     283 │        0 │   5142 │       0 │             0 │           0 │
build	Build ESP32-C6 firmware	2026-09-24T11:25:04.3394878Z │ libboard.a                      │       4721 │   229 │   179 │    50 │     0 │       4492 │     386 │        0 │   4106 │       0 │             0 │           0 │
build	Build ESP32-C6 firmware	2026-09-24T11:25:04.3396089Z │ libworld.a                      │       4638 │     0 │     0 │     0 │     0 │       4638 │       6 │        0 │   4632 │       0 │             0 │           0 │
build	Build ESP32-C6 firmware	2026-09-24T11:25:04.3397395Z │ libnewlib.a                     │       4081 │  2286 │   200 │   156 │  1930 │       1795 │     111 │        0 │   1684 │       0 │             0 │           0 │
build	Build ESP32-C6 firmware	2026-09-24T11:25:04.3398674Z │ libheap.a                       │       4013 │  1324 │     8 │    12 │  1304 │       2689 │     437 │        0 │   2252 │       0 │             0 │           0 │
build	Build ESP32-C6 firmware	2026-09-24T11:25:04.3399951Z │ libesp_mm.a                     │       3780 │   662 │    44 │    28 │   590 │       3118 │     166 │        0 │   2952 │       0 │             0 │           0 │
build	Build ESP32-C6 firmware	2026-09-24T11:25:04.3401154Z │ libesp_lcd.a                    │       3721 │     0 │     0 │     0 │     0 │       3721 │     225 │        0 │   3496 │       0 │             0 │           0 │
build	Build ESP32-C6 firmware	2026-09-24T11:25:04.3402421Z │ libesp_timer.a                  │       3460 │  1566 │    36 │    16 │  1514 │       1894 │     104 │        0 │   1790 │       0 │             0 │           0 │
build	Build ESP32-C6 firmware	2026-09-24T11:25:04.3403729Z │ libesp_phy.a                    │       3197 │   397 │    44 │     1 │   352 │       2800 │     284 │        0 │   2516 │       0 │             0 │           0 │
build	Build ESP32-C6 firmware	2026-09-24T11:25:04.3405189Z │ libesp_wifi.a                   │       3080 │   816 │     6 │   484 │   326 │       2264 │       8 │        0 │   2256 │       0 │             0 │           0 │
build	Build ESP32-C6 firmware	2026-09-24T11:25:04.3406378Z │ liblog.a                        │       2628 │   594 │   272 │     8 │   314 │       2034 │      48 │        0 │   1986 │       0 │             0 │           0 │
build	Build ESP32-C6 firmware	2026-09-24T11:25:04.3407680Z │ libesp_driver_usb_serial_jtag.a │       2525 │   169 │    17 │    48 │   104 │       2356 │     152 │        0 │   2204 │       0 │             0 │           0 │
build	Build ESP32-C6 firmware	2026-09-24T11:25:04.3409069Z │ libespressif__esp_lcd_sh8601.a  │       2509 │     4 │     1 │     3 │     0 │       2505 │     231 │        0 │   2274 │       0 │             0 │           0 │
build	Build ESP32-C6 firmware	2026-09-24T11:25:04.3410605Z │ libesp_partition.a              │       2220 │     8 │     8 │     0 │     0 │       2212 │     168 │        0 │   2044 │       0 │             0 │           0 │
build	Build ESP32-C6 firmware	2026-09-24T11:25:04.3411854Z │ libesp_common.a                 │       1816 │     0 │     0 │     0 │     0 │       1816 │    1758 │        0 │     58 │       0 │             0 │           0 │
build	Build ESP32-C6 firmware	2026-09-24T11:25:04.3413100Z │ libefuse.a                      │       1689 │    52 │     4 │    48 │     0 │       1637 │     233 │        0 │   1404 │       0 │             0 │           0 │
build	Build ESP32-C6 firmware	2026-09-24T11:25:04.3414308Z │ libstdc++.a                     │       1662 │    25 │    17 │     8 │     0 │       1637 │     199 │        0 │   1438 │       0 │             0 │           0 │
build	Build ESP32-C6 firmware	2026-09-24T11:25:04.3415903Z │ libesp_rom.a                    │       1645 │  1594 │    84 │     0 │  1510 │         51 │      49 │        0 │      2 │       0 │             0 │           0 │
build	Build ESP32-C6 firmware	2026-09-24T11:25:04.3417145Z │ libesp_event.a                  │       1519 │     4 │     4 │     0 │     0 │       1515 │      57 │        0 │   1458 │       0 │             0 │           0 │
build	Build ESP32-C6 firmware	2026-09-24T11:25:04.3418417Z │ libriscv.a                      │       1280 │  1100 │   256 │     0 │   844 │        180 │      50 │        0 │    130 │       0 │             0 │           0 │
build	Build ESP32-C6 firmware	2026-09-24T11:25:04.3419578Z │ libmain.a                       │       1263 │     0 │     0 │     0 │     0 │       1263 │       9 │        0 │   1254 │       0 │             0 │           0 │
build	Build ESP32-C6 firmware	2026-09-24T11:25:04.3420819Z │ libbootloader_support.a         │       1022 │   930 │     0 │     0 │   930 │         92 │      40 │        0 │     52 │       0 │             0 │           0 │
build	Build ESP32-C6 firmware	2026-09-24T11:25:04.3422023Z │ libsoc.a                        │        829 │     0 │     0 │     0 │     0 │        829 │     829 │        0 │      0 │       0 │             0 │           0 │
build	Build ESP32-C6 firmware	2026-09-24T11:25:04.3423226Z │ libesp_vfs_console.a            │        730 │    16 │    16 │     0 │     0 │        714 │     180 │        0 │    534 │       0 │             0 │           0 │
build	Build ESP32-C6 firmware	2026-09-24T11:25:04.3424625Z │ libesp_coex.a                   │        674 │   246 │     0 │    80 │   166 │        428 │       0 │        0 │    428 │       0 │             0 │           0 │
build	Build ESP32-C6 firmware	2026-09-24T11:25:04.3425819Z │ libpthread.a                    │        604 │     4 │     4 │     0 │     0 │        600 │      46 │        0 │    554 │       0 │             0 │           0 │
build	Build ESP32-C6 firmware	2026-09-24T11:25:04.3426974Z │ libm.a                          │        368 │     0 │     0 │     0 │     0 │        368 │       0 │        0 │    368 │       0 │             0 │           0 │
build	Build ESP32-C6 firmware	2026-09-24T11:25:04.3428142Z │ libcore.a                       │        360 │     9 │     9 │     0 │     0 │        351 │      43 │        0 │    308 │       0 │             0 │           0 │
build	Build ESP32-C6 firmware	2026-09-24T11:25:04.3429319Z │ libesp_security.a               │        307 │    12 │    12 │     0 │     0 │        295 │      33 │        0 │    262 │       0 │             0 │           0 │
build	Build ESP32-C6 firmware	2026-09-24T11:25:04.3430483Z │ libesp_netif.a                  │        300 │     8 │     8 │     0 │     0 │        292 │       0 │        0 │    292 │       0 │             0 │           0 │
build	Build ESP32-C6 firmware	2026-09-24T11:25:04.3431607Z │ libapp_update.a                 │        232 │     4 │     4 │     0 │     0 │        228 │      30 │        0 │    198 │       0 │             0 │           0 │
build	Build ESP32-C6 firmware	2026-09-24T11:25:04.3432695Z │ libmesh.a                       │         68 │     4 │     4 │     0 │     0 │         64 │       0 │        0 │     64 │       0 │             0 │           0 │
build	Build ESP32-C6 firmware	2026-09-24T11:25:04.3433727Z │ libcxx.a                        │         60 │     0 │     0 │     0 │     0 │         60 │       0 │        0 │     60 │       0 │             0 │           0 │
build	Build ESP32-C6 firmware	2026-09-24T11:25:04.3435042Z │ libnvs_sec_provider.a           │          2 │     0 │     0 │     0 │     0 │          2 │       0 │        0 │      2 │       0 │             0 │           0 │
build	Build ESP32-C6 firmware	2026-09-24T11:25:04.3435894Z └─────────────────────────────────┴────────────┴───────┴───────┴───────┴───────┴────────────┴─────────┴──────────┴────────┴─────────┴───────────────┴─────────────┘
build	Build ESP32-C6 firmware	2026-09-24T11:25:04.4800680Z Executing action: size-files
build	Build ESP32-C6 firmware	2026-09-24T11:25:04.4801385Z Running ninja in directory /app/yuanwil1y/esp32c6-Pwnagotchi/build
build	Build ESP32-C6 firmware	2026-09-24T11:25:04.4802058Z Executing "ninja all"...
build	Build ESP32-C6 firmware	2026-09-24T11:25:04.4804235Z [1/4] cd /app/yuanwil1y/esp32c6-Pwnagotchi/build/esp-idf/esptool_py && /opt/esp/python_env/idf5.4_py3.12_env/bin/python /opt/esp/idf/components/partition_table/check_sizes.py --offset 0x8000 partition --type app /app/yuanwil1y/esp32c6-Pwnagotchi/build/partition_table/partition-table.bin /app/yuanwil1y/esp32c6-Pwnagotchi/build/esp32c6_pwnagotchi.bin
build	Build ESP32-C6 firmware	2026-09-24T11:25:04.4807679Z esp32c6_pwnagotchi.bin binary size 0x12d150 bytes. Smallest app partition is 0x400000 bytes. 0x2d2eb0 bytes (71%) free.
build	Build ESP32-C6 firmware	2026-09-24T11:25:04.4943763Z [2/4] Performing build step for 'bootloader'
build	Build ESP32-C6 firmware	2026-09-24T11:25:04.4945925Z [1/1] cd /app/yuanwil1y/esp32c6-Pwnagotchi/build/bootloader/esp-idf/esptool_py && /opt/esp/python_env/idf5.4_py3.12_env/bin/python /opt/esp/idf/components/partition_table/check_sizes.py --offset 0x8000 bootloader 0x0 /app/yuanwil1y/esp32c6-Pwnagotchi/build/bootloader/bootloader.bin
build	Build ESP32-C6 firmware	2026-09-24T11:25:04.4947783Z Bootloader binary size 0x55e0 bytes. 0x2a20 bytes (33%) free.
build	Build ESP32-C6 firmware	2026-09-24T11:25:04.4969459Z [3/4] No install step for 'bootloader'
build	Build ESP32-C6 firmware	2026-09-24T11:25:04.5025458Z [4/4] Completed 'bootloader'
build	Build ESP32-C6 firmware	2026-09-24T11:25:04.5589319Z Running ninja in directory /app/yuanwil1y/esp32c6-Pwnagotchi/build
build	Build ESP32-C6 firmware	2026-09-24T11:25:04.5590014Z Executing "ninja size-files"...
build	Build ESP32-C6 firmware	2026-09-24T11:25:04.5591264Z [0/1] cd /app/yuanwil1y/esp32c6-Pwnagotchi/build && /opt/esp/tools/cmake/3.30.2/bin/cmake -D "IDF_SIZE_TOOL=/opt/esp/python_env/idf5.4_py3.12_env/bin/python;-m;esp_idf_size" -D IDF_SIZE_MODE=--files -D MAP_FILE=/app/yuanwil1y/esp32c6-Pwnagotchi/build/esp32c6_pwnagotchi.map -D OUTPUT_JSON= -P /opt/esp/idf/tools/cmake/run_size_tool.cmake
build	Build ESP32-C6 firmware	2026-09-24T11:25:05.2897069Z                                                                     Per-file contributions to ELF file                                                                     
build	Build ESP32-C6 firmware	2026-09-24T11:25:05.2899663Z ┏━━━━━━━━━━━━━━━━━━━━━━━━━━━━━━━━━━━━━━━━━━┳━━━━━━━━━━━━┳━━━━━━━┳━━━━━━━┳━━━━━━━┳━━━━━━━┳━━━━━━━━━━━━┳━━━━━━━━━┳━━━━━━━━━━┳━━━━━━━┳━━━━━━━━━┳━━━━━━━━━━━━━━━┳━━━━━━━━━━━━━┓
build	Build ESP32-C6 firmware	2026-09-24T11:25:05.2902255Z ┃ Object File                              ┃ Total Size ┃ DIRAM ┃  .bss ┃ .data ┃ .text ┃ Flash Code ┃ .rodata ┃ .appdesc ┃ .text ┃ LP SRAM ┃ .rtc_reserved ┃ .force_fast ┃
build	Build ESP32-C6 firmware	2026-09-24T11:25:05.2905215Z ┡━━━━━━━━━━━━━━━━━━━━━━━━━━━━━━━━━━━━━━━━━━╇━━━━━━━━━━━━╇━━━━━━━╇━━━━━━━╇━━━━━━━╇━━━━━━━╇━━━━━━━━━━━━╇━━━━━━━━━╇━━━━━━━━━━╇━━━━━━━╇━━━━━━━━━╇━━━━━━━━━━━━━━━╇━━━━━━━━━━━━━┩
build	Build ESP32-C6 firmware	2026-09-24T11:25:05.2907591Z │ esp_app_desc.c.obj                       │      88627 │    10 │    10 │     0 │     0 │      88617 │   87831 │      256 │   530 │       0 │             0 │           0 │
build	Build ESP32-C6 firmware	2026-09-24T11:25:05.2909162Z │ wifi_sniffer.c.obj                       │      38675 │ 31283 │ 31283 │     0 │     0 │       7392 │      24 │        0 │  7368 │       0 │             0 │           0 │
build	Build ESP32-C6 firmware	2026-09-24T11:25:05.2910902Z │ wl_cnx.o                                 │      22393 │  5316 │  5169 │     3 │   144 │      17077 │    1497 │        0 │ 15580 │       0 │             0 │           0 │
build	Build ESP32-C6 firmware	2026-09-24T11:25:05.2912423Z │ pm.o                                     │      19985 │  9212 │  1152 │    88 │  7972 │      10773 │    1075 │        0 │  9698 │       0 │             0 │           0 │
build	Build ESP32-C6 firmware	2026-09-24T11:25:05.2914102Z │ ieee80211_output.o                       │      17596 │  3663 │    13 │     2 │  3648 │      13933 │     539 │        0 │ 13394 │       0 │             0 │           0 │
build	Build ESP32-C6 firmware	2026-09-24T11:25:05.2916132Z │ ieee80211_sta.o                          │      15849 │  2492 │    35 │    13 │  2444 │      13357 │    1323 │        0 │ 12034 │       0 │             0 │           0 │
build	Build ESP32-C6 firmware	2026-09-24T11:25:05.2917518Z │ pp.o                                     │      15729 │  9066 │    32 │  1068 │  7966 │       6663 │     685 │        0 │  5978 │       0 │             0 │           0 │
build	Build ESP32-C6 firmware	2026-09-24T11:25:05.2919392Z │ ff.c.obj                                 │      15275 │    10 │    10 │     0 │     0 │      15265 │     185 │        0 │ 15080 │       0 │             0 │           0 │
build	Build ESP32-C6 firmware	2026-09-24T11:25:05.2921004Z │ lv_theme_default.c.obj                   │      15233 │   291 │   109 │     0 │   182 │      14942 │      44 │        0 │ 14898 │       0 │             0 │           0 │
build	Build ESP32-C6 firmware	2026-09-24T11:25:05.2922421Z │ sd_logger_idf.c.obj                      │      14050 │ 10238 │ 10238 │     0 │     0 │       3812 │      64 │        0 │  3748 │       0 │             0 │           0 │
build	Build ESP32-C6 firmware	2026-09-24T11:25:05.2924252Z │ ieee80211_hostap.o                       │      13989 │    82 │    65 │     1 │    16 │      13907 │    1109 │        0 │ 12798 │       0 │             0 │           0 │
build	Build ESP32-C6 firmware	2026-09-24T11:25:05.2926221Z │ lv_font_montserrat_14.c.obj              │      13641 │     8 │     8 │     0 │     0 │      13633 │   13633 │        0 │     0 │       0 │             0 │           0 │
build	Build ESP32-C6 firmware	2026-09-24T11:25:05.2927750Z │ uart.c.obj                               │      13207 │    69 │    13 │    56 │     0 │      13138 │     466 │        0 │ 12672 │       0 │             0 │           0 │
build	Build ESP32-C6 firmware	2026-09-24T11:25:05.2929523Z │ ieee80211_scan.o                         │      13207 │   323 │   309 │    14 │     0 │      12884 │     716 │        0 │ 12168 │       0 │             0 │           0 │
build	Build ESP32-C6 firmware	2026-09-24T11:25:05.2931011Z │ sae.c.obj                                │      12620 │     0 │     0 │     0 │     0 │      12620 │      32 │        0 │ 12588 │       0 │             0 │           0 │
build	Build ESP32-C6 firmware	2026-09-24T11:25:05.2932781Z │ wpa.c.obj                                │      12560 │   872 │   872 │     0 │     0 │      11688 │       0 │        0 │ 11688 │       0 │             0 │           0 │
build	Build ESP32-C6 firmware	2026-09-24T11:25:05.2934280Z │ wdev.o                                   │      12362 │  4770 │   160 │   204 │  4406 │       7592 │     850 │        0 │  6742 │       0 │             0 │           0 │
build	Build ESP32-C6 firmware	2026-09-24T11:25:05.2936240Z │ ieee80211_he.o                           │      12090 │   321 │    27 │     2 │   292 │      11769 │    3243 │        0 │  8526 │       0 │             0 │           0 │
build	Build ESP32-C6 firmware	2026-09-24T11:25:05.2937619Z │ nd6.c.obj                                │      11830 │   940 │   932 │     8 │     0 │      10890 │      88 │        0 │ 10802 │       0 │             0 │           0 │
build	Build ESP32-C6 firmware	2026-09-24T11:25:05.2938976Z │ ieee80211_ht.o                           │      11694 │   776 │     5 │     1 │   770 │      10918 │    1536 │        0 │  9382 │       0 │             0 │           0 │
build	Build ESP32-C6 firmware	2026-09-24T11:25:05.2940498Z │ ieee80211_ioctl.o                        │      11299 │   135 │   135 │     0 │     0 │      11164 │    1790 │        0 │  9374 │       0 │             0 │           0 │
build	Build ESP32-C6 firmware	2026-09-24T11:25:05.2941896Z │ tcp_in.c.obj                             │      10720 │    52 │    52 │     0 │     0 │      10668 │     154 │        0 │ 10514 │       0 │             0 │           0 │
build	Build ESP32-C6 firmware	2026-09-24T11:25:05.2943280Z │ ieee80211_twt.o                          │      10299 │   663 │   259 │   404 │     0 │       9636 │    1132 │        0 │  8504 │       0 │             0 │           0 │
build	Build ESP32-C6 firmware	2026-09-24T11:25:05.2944783Z │ lmac.o                                   │       9362 │  3321 │     0 │    51 │  3270 │       6041 │     923 │        0 │  5118 │       0 │             0 │           0 │
build	Build ESP32-C6 firmware	2026-09-24T11:25:05.2946116Z │ trc.o                                    │       9288 │  2942 │   492 │   876 │  1574 │       6346 │    1520 │        0 │  4826 │       0 │             0 │           0 │
build	Build ESP32-C6 firmware	2026-09-24T11:25:05.2947455Z │ lv_chart.c.obj                           │       9286 │     0 │     0 │     0 │     0 │       9286 │      28 │        0 │  9258 │       0 │             0 │           0 │
build	Build ESP32-C6 firmware	2026-09-24T11:25:05.2948824Z │ lv_draw_sw_rect.c.obj                    │       9254 │  4872 │     0 │     0 │  4872 │       4382 │       0 │        0 │  4382 │       0 │             0 │           0 │
build	Build ESP32-C6 firmware	2026-09-24T11:25:05.2950196Z │ lv_obj_pos.c.obj                         │       8947 │     5 │     5 │     0 │     0 │       8942 │       0 │        0 │  8942 │       0 │             0 │           0 │
build	Build ESP32-C6 firmware	2026-09-24T11:25:05.2951516Z │ wpa_auth.c.obj                           │       8674 │    68 │    68 │     0 │     0 │       8606 │       0 │        0 │  8606 │       0 │             0 │           0 │
build	Build ESP32-C6 firmware	2026-09-24T11:25:05.2952823Z │ ecp.c.obj                                │       8466 │    68 │    68 │     0 │     0 │       8398 │     236 │        0 │  8162 │       0 │             0 │           0 │
build	Build ESP32-C6 firmware	2026-09-24T11:25:05.2954162Z │ tasks.c.obj                              │       8336 │  7792 │   660 │     8 │  7124 │        544 │     544 │        0 │     0 │       0 │             0 │           0 │
build	Build ESP32-C6 firmware	2026-09-24T11:25:05.2955628Z │ ecp_curves.c.obj                         │       7934 │     0 │     0 │     0 │     0 │       7934 │    2276 │        0 │  5658 │       0 │             0 │           0 │
build	Build ESP32-C6 firmware	2026-09-24T11:25:05.2956975Z │ spi_master.c.obj                         │       7747 │  4372 │     8 │     0 │  4364 │       3375 │     393 │        0 │  2982 │       0 │             0 │           0 │
build	Build ESP32-C6 firmware	2026-09-24T11:25:05.2958568Z │ i2c.c.obj                                │       7603 │  1198 │    10 │    32 │  1156 │       6405 │     343 │        0 │  6062 │       0 │             0 │           0 │
build	Build ESP32-C6 firmware	2026-09-24T11:25:05.2960212Z │ tcp_out.c.obj                            │       7592 │     0 │     0 │     0 │     0 │       7592 │     466 │        0 │  7126 │       0 │             0 │           0 │
build	Build ESP32-C6 firmware	2026-09-24T11:25:05.2961542Z │ sd_logger_core.c.obj                     │       7482 │     0 │     0 │     0 │     0 │       7482 │     192 │        0 │  7290 │       0 │             0 │           0 │
build	Build ESP32-C6 firmware	2026-09-24T11:25:05.2963031Z │ dhcp.c.obj                               │       7302 │    64 │    64 │     0 │     0 │       7238 │     228 │        0 │  7010 │       0 │             0 │           0 │
build	Build ESP32-C6 firmware	2026-09-24T11:25:05.2965002Z │ regdma_link.c.obj                        │       7091 │     0 │     0 │     0 │     0 │       7091 │     767 │        0 │  6324 │       0 │             0 │           0 │
build	Build ESP32-C6 firmware	2026-09-24T11:25:05.2966359Z │ ieee80211_nvs.o                          │       7087 │  1304 │  1300 │     4 │     0 │       5783 │     491 │        0 │  5292 │       0 │             0 │           0 │
build	Build ESP32-C6 firmware	2026-09-24T11:25:05.2967670Z │ rsa.c.obj                                │       7050 │     0 │     0 │     0 │     0 │       7050 │       0 │        0 │  7050 │       0 │             0 │           0 │
build	Build ESP32-C6 firmware	2026-09-24T11:25:05.2969000Z │ lv_draw_mask.c.obj                       │       6788 │  3832 │     0 │     0 │  3832 │       2956 │       0 │        0 │  2956 │       0 │             0 │           0 │
build	Build ESP32-C6 firmware	2026-09-24T11:25:05.2970549Z │ sockets.c.obj                            │       6755 │   608 │   608 │     0 │     0 │       6147 │     209 │        0 │  5938 │       0 │             0 │           0 │
build	Build ESP32-C6 firmware	2026-09-24T11:25:05.2971950Z │ gpio.c.obj                               │       6657 │    36 │     0 │    36 │     0 │       6621 │     631 │        0 │  5990 │       0 │             0 │           0 │
build	Build ESP32-C6 firmware	2026-09-24T11:25:05.2973273Z │ ledc.c.obj                               │       6604 │   218 │    36 │     0 │   182 │       6386 │     232 │        0 │  6154 │       0 │             0 │           0 │
build	Build ESP32-C6 firmware	2026-09-24T11:25:05.2975152Z │ ieee80211_api.o                          │       6545 │    30 │    10 │    20 │     0 │       6515 │     371 │        0 │  6144 │       0 │             0 │           0 │
build	Build ESP32-C6 firmware	2026-09-24T11:25:05.2976844Z │ ieee80211_input.o                        │       6523 │     0 │     0 │     0 │     0 │       6523 │     517 │        0 │  6006 │       0 │             0 │           0 │
build	Build ESP32-C6 firmware	2026-09-24T11:25:05.2978203Z │ ringbuf.c.obj                            │       6516 │  5866 │     0 │     0 │  5866 │        650 │     650 │        0 │     0 │       0 │             0 │           0 │
build	Build ESP32-C6 firmware	2026-09-24T11:25:05.2979537Z │ lv_obj_scroll.c.obj                      │       6382 │     0 │     0 │     0 │     0 │       6382 │       0 │        0 │  6382 │       0 │             0 │           0 │
build	Build ESP32-C6 firmware	2026-09-24T11:25:05.2980827Z │ bignum.c.obj                             │       6341 │     0 │     0 │     0 │     0 │       6341 │     167 │        0 │  6174 │       0 │             0 │           0 │
build	Build ESP32-C6 firmware	2026-09-24T11:25:05.2982130Z │ vfs_fat.c.obj                            │       6248 │    12 │    12 │     0 │     0 │       6236 │     220 │        0 │  6016 │       0 │             0 │           0 │
build	Build ESP32-C6 firmware	2026-09-24T11:25:05.2983423Z │ hal_mac_tx.o                             │       6177 │  5160 │   106 │     0 │  5054 │       1017 │     675 │        0 │   342 │       0 │             0 │           0 │
build	Build ESP32-C6 firmware	2026-09-24T11:25:05.2984904Z │ tcp.c.obj                                │       6174 │    25 │    23 │     2 │     0 │       6149 │     353 │        0 │  5796 │       0 │             0 │           0 │
build	Build ESP32-C6 firmware	2026-09-24T11:25:05.2986257Z │ lv_btnmatrix.c.obj                       │       5992 │    28 │     0 │    28 │     0 │       5964 │      28 │        0 │  5936 │       0 │             0 │           0 │
build	Build ESP32-C6 firmware	2026-09-24T11:25:05.2988152Z │ hal_mac_ctl.o                            │       5952 │   376 │     0 │   204 │   172 │       5576 │     596 │        0 │  4980 │       0 │             0 │           0 │
build	Build ESP32-C6 firmware	2026-09-24T11:25:05.2989613Z │ lv_refr.c.obj                            │       5948 │    94 │     8 │     0 │    86 │       5854 │       0 │        0 │  5854 │       0 │             0 │           0 │
build	Build ESP32-C6 firmware	2026-09-24T11:25:05.2990907Z │ linenoise.c.obj                          │       5740 │    37 │    28 │     9 │     0 │       5703 │      11 │        0 │  5692 │       0 │             0 │           0 │
build	Build ESP32-C6 firmware	2026-09-24T11:25:05.2992806Z │ lv_label.c.obj                           │       5734 │     0 │     0 │     0 │     0 │       5734 │      28 │        0 │  5706 │       0 │             0 │           0 │
build	Build ESP32-C6 firmware	2026-09-24T11:25:05.2994519Z │ sdmmc_sd.c.obj                           │       5685 │     0 │     0 │     0 │     0 │       5685 │     575 │        0 │  5110 │       0 │             0 │           0 │
build	Build ESP32-C6 firmware	2026-09-24T11:25:05.2996288Z │ sha512.c.obj                             │       5672 │     0 │     0 │     0 │     0 │       5672 │     640 │        0 │  5032 │       0 │             0 │           0 │
build	Build ESP32-C6 firmware	2026-09-24T11:25:05.2997904Z │ vfs.c.obj                                │       5656 │   232 │    40 │   192 │     0 │       5424 │      30 │        0 │  5394 │       0 │             0 │           0 │
build	Build ESP32-C6 firmware	2026-09-24T11:25:05.2999546Z │ rtc_clk.c.obj                            │       5510 │  5510 │     8 │  3014 │  2488 │          0 │       0 │        0 │     0 │       0 │             0 │           0 │
build	Build ESP32-C6 firmware	2026-09-24T11:25:05.3001209Z │ uart_vfs.c.obj                           │       5424 │    88 │    16 │    72 │     0 │       5336 │     300 │        0 │  5036 │       0 │             0 │           0 │
build	Build ESP32-C6 firmware	2026-09-24T11:25:05.3002854Z │ lv_obj_style.c.obj                       │       5263 │   183 │     0 │     1 │   182 │       5080 │       0 │        0 │  5080 │       0 │             0 │           0 │
build	Build ESP32-C6 firmware	2026-09-24T11:25:05.3004805Z │ sleep_retention.c.obj                    │       5245 │   920 │     0 │   892 │    28 │       4325 │     325 │        0 │  4000 │       0 │             0 │           0 │
build	Build ESP32-C6 firmware	2026-09-24T11:25:05.3006461Z │ lv_indev.c.obj                           │       5232 │     8 │     8 │     0 │     0 │       5224 │       0 │        0 │  5224 │       0 │             0 │           0 │
build	Build ESP32-C6 firmware	2026-09-24T11:25:05.3008059Z │ phy_tx_cal.o                             │       5187 │    11 │     0 │    11 │     0 │       5176 │       0 │        0 │  5176 │       0 │             0 │           0 │
build	Build ESP32-C6 firmware	2026-09-24T11:25:05.3009729Z │ nvs_storage.cpp.obj                      │       5160 │     0 │     0 │     0 │     0 │       5160 │       0 │        0 │  5160 │       0 │             0 │           0 │
build	Build ESP32-C6 firmware	2026-09-24T11:25:05.3011324Z │ lv_arc.c.obj                             │       5118 │     0 │     0 │     0 │     0 │       5118 │      28 │        0 │  5090 │       0 │             0 │           0 │
build	Build ESP32-C6 firmware	2026-09-24T11:25:05.3012970Z │ lv_textarea.c.obj                        │       5104 │     4 │     4 │     0 │     0 │       5100 │      28 │        0 │  5072 │       0 │             0 │           0 │
build	Build ESP32-C6 firmware	2026-09-24T11:25:05.3014719Z │ nvs_page.cpp.obj                         │       4980 │     4 │     4 │     0 │     0 │       4976 │       4 │        0 │  4972 │       0 │             0 │           0 │
build	Build ESP32-C6 firmware	2026-09-24T11:25:05.3016397Z │ api_msg.c.obj                            │       4978 │     0 │     0 │     0 │     0 │       4978 │     254 │        0 │  4724 │       0 │             0 │           0 │
build	Build ESP32-C6 firmware	2026-09-24T11:25:05.3018068Z │ hal_debug.o                              │       4966 │     0 │     0 │     0 │     0 │       4966 │     976 │        0 │  3990 │       0 │             0 │           0 │
build	Build ESP32-C6 firmware	2026-09-24T11:25:05.3019694Z │ sdmmc_cmd.c.obj                          │       4819 │     0 │     0 │     0 │     0 │       4819 │     267 │        0 │  4552 │       0 │             0 │           0 │
build	Build ESP32-C6 firmware	2026-09-24T11:25:05.3021846Z │ spi_common.c.obj                         │       4773 │   336 │     0 │   112 │   224 │       4437 │     147 │        0 │  4290 │       0 │             0 │           0 │
build	Build ESP32-C6 firmware	2026-09-24T11:25:05.3023574Z │ lv_draw_sw_blend.c.obj                   │       4670 │  2610 │     0 │     0 │  2610 │       2060 │       0 │        0 │  2060 │       0 │             0 │           0 │
build	Build ESP32-C6 firmware	2026-09-24T11:25:05.3025501Z │ world.c.obj                              │       4638 │     0 │     0 │     0 │     0 │       4638 │       6 │        0 │  4632 │       0 │             0 │           0 │
build	Build ESP32-C6 firmware	2026-09-24T11:25:05.3027344Z │ queue.c.obj                              │       4618 │  4164 │     0 │     0 │  4164 │        454 │     454 │        0 │     0 │       0 │             0 │           0 │
build	Build ESP32-C6 firmware	2026-09-24T11:25:05.3028988Z │ pm_twt.o                                 │       4573 │  1299 │    19 │    24 │  1256 │       3274 │     326 │        0 │  2948 │       0 │             0 │           0 │
build	Build ESP32-C6 firmware	2026-09-24T11:25:05.3030630Z │ ip6.c.obj                                │       4550 │     0 │     0 │     0 │     0 │       4550 │      18 │        0 │  4532 │       0 │             0 │           0 │
build	Build ESP32-C6 firmware	2026-09-24T11:25:05.3032248Z │ lv_dropdown.c.obj                        │       4420 │     0 │     0 │     0 │     0 │       4420 │      56 │        0 │  4364 │       0 │             0 │           0 │
build	Build ESP32-C6 firmware	2026-09-24T11:25:05.3033712Z │ lv_obj.c.obj                             │       4359 │     5 │     5 │     0 │     0 │       4354 │      28 │        0 │  4326 │       0 │             0 │           0 │
build	Build ESP32-C6 firmware	2026-09-24T11:25:05.3035409Z │ ieee80211_supplicant.o                   │       4292 │   164 │   160 │     4 │     0 │       4128 │     110 │        0 │  4018 │       0 │             0 │           0 │
build	Build ESP32-C6 firmware	2026-09-24T11:25:05.3036921Z │ aria.c.obj                               │       4098 │     0 │     0 │     0 │     0 │       4098 │    1072 │        0 │  3026 │       0 │             0 │           0 │
build	Build ESP32-C6 firmware	2026-09-24T11:25:05.3038289Z │ lv_indev_scroll.c.obj                    │       4086 │     0 │     0 │     0 │     0 │       4086 │       0 │        0 │  4086 │       0 │             0 │           0 │
build	Build ESP32-C6 firmware	2026-09-24T11:25:05.3039642Z │ lv_table.c.obj                           │       4082 │     0 │     0 │     0 │     0 │       4082 │      28 │        0 │  4054 │       0 │             0 │           0 │
build	Build ESP32-C6 firmware	2026-09-24T11:25:05.3041145Z │ lv_draw_sw_arc.c.obj                     │       4076 │     0 │     0 │     0 │     0 │       4076 │       0 │        0 │  4076 │       0 │             0 │           0 │
build	Build ESP32-C6 firmware	2026-09-24T11:25:05.3042477Z │ phy_init.o                               │       4074 │  1076 │     4 │   408 │   664 │       2998 │       0 │        0 │  2998 │       0 │             0 │           0 │
build	Build ESP32-C6 firmware	2026-09-24T11:25:05.3043791Z │ gdma.c.obj                               │       4022 │   372 │     0 │    16 │   356 │       3650 │     236 │        0 │  3414 │       0 │             0 │           0 │
build	Build ESP32-C6 firmware	2026-09-24T11:25:05.3045534Z │ udp.c.obj                                │       3922 │     6 │     4 │     2 │     0 │       3916 │      50 │        0 │  3866 │       0 │             0 │           0 │
build	Build ESP32-C6 firmware	2026-09-24T11:25:05.3046823Z │ sdspi_host.c.obj                         │       3919 │     8 │     8 │     0 │     0 │       3911 │      27 │        0 │  3884 │       0 │             0 │           0 │
build	Build ESP32-C6 firmware	2026-09-24T11:25:05.3048291Z │ phy_rx_cal.o                             │       3830 │    54 │     0 │    54 │     0 │       3776 │       0 │        0 │  3776 │       0 │             0 │           0 │
build	Build ESP32-C6 firmware	2026-09-24T11:25:05.3049575Z │ lv_flex.c.obj                            │       3824 │    22 │    22 │     0 │     0 │       3802 │       0 │        0 │  3802 │       0 │             0 │           0 │
build	Build ESP32-C6 firmware	2026-09-24T11:25:05.3051152Z │ ieee80211_timer.o                        │       3769 │   256 │     0 │   256 │     0 │       3513 │    1629 │        0 │  1884 │       0 │             0 │           0 │
build	Build ESP32-C6 firmware	2026-09-24T11:25:05.3052546Z │ ieee80211.o                              │       3731 │   676 │   676 │     0 │     0 │       3055 │     399 │        0 │  2656 │       0 │             0 │           0 │
build	Build ESP32-C6 firmware	2026-09-24T11:25:05.3053910Z │ ieee80211_parser.c.obj                   │       3691 │     0 │     0 │     0 │     0 │       3691 │      17 │        0 │  3674 │       0 │             0 │           0 │
build	Build ESP32-C6 firmware	2026-09-24T11:25:05.3055406Z │ argtable3.c.obj                          │       3678 │     0 │     0 │     0 │     0 │       3678 │       0 │        0 │  3678 │       0 │             0 │           0 │
build	Build ESP32-C6 firmware	2026-09-24T11:25:05.3056738Z │ lv_grid.c.obj                            │       3656 │    42 │    42 │     0 │     0 │       3614 │       0 │        0 │  3614 │       0 │             0 │           0 │
build	Build ESP32-C6 firmware	2026-09-24T11:25:05.3058022Z │ lv_colorwheel.c.obj                      │       3624 │     8 │     5 │     3 │     0 │       3616 │      28 │        0 │  3588 │       0 │             0 │           0 │
build	Build ESP32-C6 firmware	2026-09-24T11:25:05.3059374Z │ netif.c.obj                              │       3613 │   273 │   273 │     0 │     0 │       3340 │     210 │        0 │  3130 │       0 │             0 │           0 │
build	Build ESP32-C6 firmware	2026-09-24T11:25:05.3060695Z │ sdmmc_common.c.obj                       │       3608 │     0 │     0 │     0 │     0 │       3608 │     266 │        0 │  3342 │       0 │             0 │           0 │
build	Build ESP32-C6 firmware	2026-09-24T11:25:05.3062190Z │ wpa_common.c.obj                         │       3606 │     0 │     0 │     0 │     0 │       3606 │       0 │        0 │  3606 │       0 │             0 │           0 │
build	Build ESP32-C6 firmware	2026-09-24T11:25:05.3063985Z │ esp_flash_api.c.obj                      │       3595 │  3356 │     0 │   238 │  3118 │        239 │     219 │        0 │    20 │       0 │             0 │           0 │
build	Build ESP32-C6 firmware	2026-09-24T11:25:05.3065957Z │ esp_wpa3.c.obj                           │       3546 │   164 │   156 │     8 │     0 │       3382 │       0 │        0 │  3382 │       0 │             0 │           0 │
build	Build ESP32-C6 firmware	2026-09-24T11:25:05.3067588Z │ sae_pk.c.obj                             │       3542 │     0 │     0 │     0 │     0 │       3542 │    1056 │        0 │  2486 │       0 │             0 │           0 │
build	Build ESP32-C6 firmware	2026-09-24T11:25:05.3069271Z │ coexist_scheme.o                         │       3507 │  1281 │     0 │  1243 │    38 │       2226 │       0 │        0 │  2226 │       0 │             0 │           0 │
build	Build ESP32-C6 firmware	2026-09-24T11:25:05.3071178Z │ esp_mmu_map.c.obj                        │       3494 │   400 │    44 │     4 │   352 │       3094 │     142 │        0 │  2952 │       0 │             0 │           0 │
build	Build ESP32-C6 firmware	2026-09-24T11:25:05.3072927Z │ ieee80211_btwt.o                         │       3440 │  1256 │  1256 │     0 │     0 │       2184 │     196 │        0 │  1988 │       0 │             0 │           0 │
build	Build ESP32-C6 firmware	2026-09-24T11:25:05.3074705Z │ lv_roller.c.obj                          │       3436 │     0 │     0 │     0 │     0 │       3436 │      56 │        0 │  3380 │       0 │             0 │           0 │
build	Build ESP32-C6 firmware	2026-09-24T11:25:05.3076059Z │ esf_buf.o                                │       3422 │  1990 │   240 │   508 │  1242 │       1432 │     490 │        0 │   942 │       0 │             0 │           0 │
build	Build ESP32-C6 firmware	2026-09-24T11:25:05.3077844Z │ spi_flash_chip_generic.c.obj             │       3322 │  3322 │     0 │   250 │  3072 │          0 │       0 │        0 │     0 │       0 │             0 │           0 │
build	Build ESP32-C6 firmware	2026-09-24T11:25:05.3079249Z │ bignum_core.c.obj                        │       3300 │     0 │     0 │     0 │     0 │       3300 │       0 │        0 │  3300 │       0 │             0 │           0 │
build	Build ESP32-C6 firmware	2026-09-24T11:25:05.3080622Z │ intr_alloc.c.obj                         │       3294 │   785 │    13 │     0 │   772 │       2509 │     157 │        0 │  2352 │       0 │             0 │           0 │
build	Build ESP32-C6 firmware	2026-09-24T11:25:05.3082151Z │ pp_he.o                                  │       3224 │  2946 │     0 │    40 │  2906 │        278 │     154 │        0 │   124 │       0 │             0 │           0 │
build	Build ESP32-C6 firmware	2026-09-24T11:25:05.3083489Z │ etharp.c.obj                             │       3183 │   241 │   241 │     0 │     0 │       2942 │      80 │        0 │  2862 │       0 │             0 │           0 │
build	Build ESP32-C6 firmware	2026-09-24T11:25:05.3084951Z │ clk.c.obj                                │       3165 │    36 │     0 │     0 │    36 │       3129 │      13 │        0 │  3116 │       0 │             0 │           0 │
build	Build ESP32-C6 firmware	2026-09-24T11:25:05.3086300Z │ crypto_mbedtls-ec.c.obj                  │       3078 │     0 │     0 │     0 │     0 │       3078 │       0 │        0 │  3078 │       0 │             0 │           0 │
build	Build ESP32-C6 firmware	2026-09-24T11:25:05.3087694Z │ esp_lcd_panel_io_spi.c.obj               │       3054 │     0 │     0 │     0 │     0 │       3054 │     108 │        0 │  2946 │       0 │             0 │           0 │
build	Build ESP32-C6 firmware	2026-09-24T11:25:05.3089103Z │ if_hwctrl.o                              │       3051 │   281 │   161 │     0 │   120 │       2770 │      38 │        0 │  2732 │       0 │             0 │           0 │
build	Build ESP32-C6 firmware	2026-09-24T11:25:05.3090453Z │ lv_img_decoder.c.obj                     │       3030 │     0 │     0 │     0 │     0 │       3030 │      16 │        0 │  3014 │       0 │             0 │           0 │
build	Build ESP32-C6 firmware	2026-09-24T11:25:05.3091837Z │ lv_meter.c.obj                           │       3000 │   182 │     0 │     0 │   182 │       2818 │      28 │        0 │  2790 │       0 │             0 │           0 │
build	Build ESP32-C6 firmware	2026-09-24T11:25:05.3093209Z │ spi_flash_hal_iram.c.obj                 │       2864 │  2864 │     0 │    36 │  2828 │          0 │       0 │        0 │     0 │       0 │             0 │           0 │
build	Build ESP32-C6 firmware	2026-09-24T11:25:05.3094890Z │ lv_img.c.obj                             │       2858 │     0 │     0 │     0 │     0 │       2858 │      28 │        0 │  2830 │       0 │             0 │           0 │
build	Build ESP32-C6 firmware	2026-09-24T11:25:05.3096695Z │ lv_obj_draw.c.obj                        │       2794 │     0 │     0 │     0 │     0 │       2794 │       0 │        0 │  2794 │       0 │             0 │           0 │
build	Build ESP32-C6 firmware	2026-09-24T11:25:05.3098079Z │ lv_draw_sw_line.c.obj                    │       2787 │  2754 │     0 │     0 │  2754 │         33 │      33 │        0 │     0 │       0 │             0 │           0 │
build	Build ESP32-C6 firmware	2026-09-24T11:25:05.3099635Z │ lv_slider.c.obj                          │       2782 │     0 │     0 │     0 │     0 │       2782 │      28 │        0 │  2754 │       0 │             0 │           0 │
build	Build ESP32-C6 firmware	2026-09-24T11:25:05.3100970Z │ pmu_init.c.obj                           │       2775 │    66 │     0 │    56 │    10 │       2709 │     195 │        0 │  2514 │       0 │             0 │           0 │
build	Build ESP32-C6 firmware	2026-09-24T11:25:05.3102411Z │ pbuf.c.obj                               │       2768 │     1 │     1 │     0 │     0 │       2767 │     147 │        0 │  2620 │       0 │             0 │           0 │
build	Build ESP32-C6 firmware	2026-09-24T11:25:05.3104150Z │ lv_bar.c.obj                             │       2762 │     0 │     0 │     0 │     0 │       2762 │      28 │        0 │  2734 │       0 │             0 │           0 │
build	Build ESP32-C6 firmware	2026-09-24T11:25:05.3105624Z │ ieee802_11.c.obj                         │       2734 │     0 │     0 │     0 │     0 │       2734 │       0 │        0 │  2734 │       0 │             0 │           0 │
build	Build ESP32-C6 firmware	2026-09-24T11:25:05.3107036Z │ modem_clock.c.obj                        │       2686 │  1632 │     0 │   180 │  1452 │       1054 │     198 │        0 │   856 │       0 │             0 │           0 │
build	Build ESP32-C6 firmware	2026-09-24T11:25:05.3108401Z │ hal_mac.o                                │       2684 │   420 │     6 │     0 │   414 │       2264 │       6 │        0 │  2258 │       0 │             0 │           0 │
build	Build ESP32-C6 firmware	2026-09-24T11:25:05.3110044Z │ lv_printf.c.obj                          │       2660 │     0 │     0 │     0 │     0 │       2660 │       0 │        0 │  2660 │       0 │             0 │           0 │
build	Build ESP32-C6 firmware	2026-09-24T11:25:05.3111406Z │ port.c.obj                               │       2650 │  2610 │  1564 │    80 │   966 │         40 │      40 │        0 │     0 │       0 │             0 │           0 │
build	Build ESP32-C6 firmware	2026-09-24T11:25:05.3112730Z │ wl_chm.o                                 │       2618 │   592 │   592 │     0 │     0 │       2026 │      66 │        0 │  1960 │       0 │             0 │           0 │
build	Build ESP32-C6 firmware	2026-09-24T11:25:05.3114034Z │ wpa_auth_ie.c.obj                        │       2554 │     0 │     0 │     0 │     0 │       2554 │       0 │        0 │  2554 │       0 │             0 │           0 │
build	Build ESP32-C6 firmware	2026-09-24T11:25:05.3115729Z │ lv_txt.c.obj                             │       2516 │    28 │     0 │    28 │     0 │       2488 │       0 │        0 │  2488 │       0 │             0 │           0 │
build	Build ESP32-C6 firmware	2026-09-24T11:25:05.3117242Z │ esp_lcd_sh8601.c.obj                     │       2509 │     4 │     1 │     3 │     0 │       2505 │     231 │        0 │  2274 │       0 │             0 │           0 │
build	Build ESP32-C6 firmware	2026-09-24T11:25:05.3118602Z │ lv_area.c.obj                            │       2488 │    12 │     8 │     4 │     0 │       2476 │       0 │        0 │  2476 │       0 │             0 │           0 │
build	Build ESP32-C6 firmware	2026-09-24T11:25:05.3119995Z │ lv_draw_sw_transform.c.obj               │       2380 │   182 │     0 │     0 │   182 │       2198 │       0 │        0 │  2198 │       0 │             0 │           0 │
build	Build ESP32-C6 firmware	2026-09-24T11:25:05.3121546Z │ task_wdt.c.obj                           │       2325 │    30 │     5 │    25 │     0 │       2295 │     115 │        0 │  2180 │       0 │             0 │           0 │
build	Build ESP32-C6 firmware	2026-09-24T11:25:05.3123067Z │ usb_serial_jtag_vfs.c.obj                │       2228 │    56 │     8 │    48 │     0 │       2172 │     144 │        0 │  2028 │       0 │             0 │           0 │
build	Build ESP32-C6 firmware	2026-09-24T11:25:05.3124379Z │ gcm.c.obj                                │       2172 │     0 │     0 │     0 │     0 │       2172 │      32 │        0 │  2140 │       0 │             0 │           0 │
build	Build ESP32-C6 firmware	2026-09-24T11:25:05.3125855Z │ sdmmc_mmc.c.obj                          │       2155 │     0 │     0 │     0 │     0 │       2155 │     135 │        0 │  2020 │       0 │             0 │           0 │
build	Build ESP32-C6 firmware	2026-09-24T11:25:05.3127177Z │ phy_i2c.o                                │       2148 │  1286 │     0 │    52 │  1234 │        862 │       0 │        0 │   862 │       0 │             0 │           0 │
build	Build ESP32-C6 firmware	2026-09-24T11:25:05.3129096Z │ eapol_parser.c.obj                       │       2144 │     0 │     0 │     0 │     0 │       2144 │       8 │        0 │  2136 │       0 │             0 │           0 │
build	Build ESP32-C6 firmware	2026-09-24T11:25:05.3130468Z │ phy_pbus.o                               │       2096 │   384 │     0 │   176 │   208 │       1712 │       0 │        0 │  1712 │       0 │             0 │           0 │
build	Build ESP32-C6 firmware	2026-09-24T11:25:05.3131830Z │ libc_a-getopt.o                          │       2088 │    28 │    20 │     8 │     0 │       2060 │       0 │        0 │  2060 │       0 │             0 │           0 │
build	Build ESP32-C6 firmware	2026-09-24T11:25:05.3133191Z │ nvs_api.cpp.obj                          │       2082 │    16 │    16 │     0 │     0 │       2066 │       0 │        0 │  2066 │       0 │             0 │           0 │
build	Build ESP32-C6 firmware	2026-09-24T11:25:05.3134913Z │ spi_hal_iram.c.obj                       │       2056 │  2056 │     0 │    20 │  2036 │          0 │       0 │        0 │     0 │       0 │             0 │           0 │
build	Build ESP32-C6 firmware	2026-09-24T11:25:05.3136581Z │ phy_hw_freq.o                            │       2036 │  1066 │     0 │    40 │  1026 │        970 │       0 │        0 │   970 │       0 │             0 │           0 │
build	Build ESP32-C6 firmware	2026-09-24T11:25:05.3138058Z │ esp_aes_dma_core.c.obj                   │       2033 │   188 │    88 │    56 │    44 │       1845 │      39 │        0 │  1806 │       0 │             0 │           0 │
build	Build ESP32-C6 firmware	2026-09-24T11:25:05.3139614Z │ board_display.c.obj                      │       2019 │   213 │   167 │    46 │     0 │       1806 │     240 │        0 │  1566 │       0 │             0 │           0 │
build	Build ESP32-C6 firmware	2026-09-24T11:25:05.3140954Z │ mld6.c.obj                               │       1983 │     1 │     1 │     0 │     0 │       1982 │       0 │        0 │  1982 │       0 │             0 │           0 │
build	Build ESP32-C6 firmware	2026-09-24T11:25:05.3142308Z │ spi_bus_lock.c.obj                       │       1973 │  1247 │     0 │     9 │  1238 │        726 │     102 │        0 │   624 │       0 │             0 │           0 │
build	Build ESP32-C6 firmware	2026-09-24T11:25:05.3144022Z │ lv_draw_label.c.obj                      │       1954 │  1826 │     0 │     0 │  1826 │        128 │       0 │        0 │   128 │       0 │             0 │           0 │
build	Build ESP32-C6 firmware	2026-09-24T11:25:05.3145577Z │ wpa_ie.c.obj                             │       1951 │     0 │     0 │     0 │     0 │       1951 │      19 │        0 │  1932 │       0 │             0 │           0 │
build	Build ESP32-C6 firmware	2026-09-24T11:25:05.3146874Z │ sys_arch.c.obj                           │       1923 │    12 │    12 │     0 │     0 │       1911 │     165 │        0 │  1746 │       0 │             0 │           0 │
build	Build ESP32-C6 firmware	2026-09-24T11:25:05.3148227Z │ modem_clock_hal.c.obj                    │       1921 │   684 │     4 │     0 │   680 │       1237 │     257 │        0 │   980 │       0 │             0 │           0 │
build	Build ESP32-C6 firmware	2026-09-24T11:25:05.3149733Z │ pkparse.c.obj                            │       1910 │     0 │     0 │     0 │     0 │       1910 │       0 │        0 │  1910 │       0 │             0 │           0 │
build	Build ESP32-C6 firmware	2026-09-24T11:25:05.3151209Z │ ip4.c.obj                                │       1908 │     6 │     6 │     0 │     0 │       1902 │      22 │        0 │  1880 │       0 │             0 │           0 │
build	Build ESP32-C6 firmware	2026-09-24T11:25:05.3152734Z │ phy_init.c.obj                           │       1905 │   269 │     5 │     0 │   264 │       1636 │     116 │        0 │  1520 │       0 │             0 │           0 │
build	Build ESP32-C6 firmware	2026-09-24T11:25:05.3154074Z │ lv_keyboard.c.obj                        │       1898 │    72 │     0 │    72 │     0 │       1826 │     914 │        0 │   912 │       0 │             0 │           0 │
build	Build ESP32-C6 firmware	2026-09-24T11:25:05.3155640Z │ igmp.c.obj                               │       1893 │     9 │     9 │     0 │     0 │       1884 │      28 │        0 │  1856 │       0 │             0 │           0 │
build	Build ESP32-C6 firmware	2026-09-24T11:25:05.3157426Z │ esp_adapter.c.obj                        │       1893 │   815 │     5 │   484 │   326 │       1078 │       0 │        0 │  1078 │       0 │             0 │           0 │
build	Build ESP32-C6 firmware	2026-09-24T11:25:05.3158748Z │ raw.c.obj                                │       1886 │     4 │     4 │     0 │     0 │       1882 │      28 │        0 │  1854 │       0 │             0 │           0 │
build	Build ESP32-C6 firmware	2026-09-24T11:25:05.3160095Z │ esp_timer.c.obj                          │       1855 │   858 │     8 │     0 │   850 │        997 │      21 │        0 │   976 │       0 │             0 │           0 │
build	Build ESP32-C6 firmware	2026-09-24T11:25:05.3161426Z │ phy_tx_gain.o                            │       1824 │   132 │     0 │   132 │     0 │       1692 │       0 │        0 │  1692 │       0 │             0 │           0 │
build	Build ESP32-C6 firmware	2026-09-24T11:25:05.3162722Z │ phy_rx_gain.o                            │       1820 │    46 │     0 │    46 │     0 │       1774 │       0 │        0 │  1774 │       0 │             0 │           0 │
build	Build ESP32-C6 firmware	2026-09-24T11:25:05.3164160Z │ lv_draw_arc.c.obj                        │       1818 │     0 │     0 │     0 │     0 │       1818 │       0 │        0 │  1818 │       0 │             0 │           0 │
build	Build ESP32-C6 firmware	2026-09-24T11:25:05.3166035Z │ esp_err_to_name.c.obj                    │       1816 │     0 │     0 │     0 │     0 │       1816 │    1758 │        0 │    58 │       0 │             0 │           0 │
build	Build ESP32-C6 firmware	2026-09-24T11:25:05.3167408Z │ lv_style.c.obj                           │       1813 │     6 │     4 │     2 │     0 │       1807 │     113 │        0 │  1694 │       0 │             0 │           0 │
build	Build ESP32-C6 firmware	2026-09-24T11:25:05.3168778Z │ lv_draw_sw_letter.c.obj                  │       1809 │  1175 │   261 │     0 │   914 │        634 │     278 │        0 │   356 │       0 │             0 │           0 │
build	Build ESP32-C6 firmware	2026-09-24T11:25:05.3170091Z │ ecdsa.c.obj                              │       1806 │     0 │     0 │     0 │     0 │       1806 │       0 │        0 │  1806 │       0 │             0 │           0 │
build	Build ESP32-C6 firmware	2026-09-24T11:25:05.3171597Z │ lv_draw_sw_img.c.obj                     │       1802 │  1196 │     0 │     0 │  1196 │        606 │       0 │        0 │   606 │       0 │             0 │           0 │
build	Build ESP32-C6 firmware	2026-09-24T11:25:05.3172429Z │ ieee80211_crypto.o                       │       1798 │    44 │    44 │     0 │     0 │       1754 │     282 │        0 │  1472 │       0 │             0 │           0 │
build	Build ESP32-C6 firmware	2026-09-24T11:25:05.3173240Z │ esp_bignum.c.obj                         │       1795 │   130 │    88 │     0 │    42 │       1665 │      31 │        0 │  1634 │       0 │             0 │           0 │
build	Build ESP32-C6 firmware	2026-09-24T11:25:05.3174018Z │ rsa_alt_helpers.c.obj                    │       1774 │     0 │     0 │     0 │     0 │       1774 │       0 │        0 │  1774 │       0 │             0 │           0 │
build	Build ESP32-C6 firmware	2026-09-24T11:25:05.3175280Z │ cipher_wrap.c.obj                        │       1722 │    28 │     0 │    28 │     0 │       1694 │    1068 │        0 │   626 │       0 │             0 │           0 │
build	Build ESP32-C6 firmware	2026-09-24T11:25:05.3176736Z │ rtc_time.c.obj                           │       1718 │  1658 │     0 │     0 │  1658 │         60 │      60 │        0 │     0 │       0 │             0 │           0 │
build	Build ESP32-C6 firmware	2026-09-24T11:25:05.3177970Z │ md.c.obj                                 │       1716 │     0 │     0 │     0 │     0 │       1716 │      48 │        0 │  1668 │       0 │             0 │           0 │
build	Build ESP32-C6 firmware	2026-09-24T11:25:05.3179459Z │ mmu_hal.c.obj                            │       1708 │  1708 │     0 │   164 │  1544 │          0 │       0 │        0 │     0 │       0 │             0 │           0 │
build	Build ESP32-C6 firmware	2026-09-24T11:25:05.3180717Z │ commands.c.obj                           │       1674 │    44 │    20 │    24 │     0 │       1630 │       8 │        0 │  1622 │       0 │             0 │           0 │
build	Build ESP32-C6 firmware	2026-09-24T11:25:05.3181977Z │ esp_hostap.c.obj                         │       1670 │     4 │     4 │     0 │     0 │       1666 │       0 │        0 │  1666 │       0 │             0 │           0 │
build	Build ESP32-C6 firmware	2026-09-24T11:25:05.3183426Z │ phy_reg.o                                │       1664 │  1358 │     0 │     0 │  1358 │        306 │       0 │        0 │   306 │       0 │             0 │           0 │
build	Build ESP32-C6 firmware	2026-09-24T11:25:05.3184810Z │ esp_aes.c.obj                            │       1662 │     0 │     0 │     0 │     0 │       1662 │       0 │        0 │  1662 │       0 │             0 │           0 │
build	Build ESP32-C6 firmware	2026-09-24T11:25:05.3186121Z │ ieee80211_phy.o                          │       1658 │   212 │     0 │   212 │     0 │       1446 │     544 │        0 │   902 │       0 │             0 │           0 │
build	Build ESP32-C6 firmware	2026-09-24T11:25:05.3187406Z │ mac_addr.c.obj                           │       1633 │   108 │     0 │   108 │     0 │       1525 │      43 │        0 │  1482 │       0 │             0 │           0 │
build	Build ESP32-C6 firmware	2026-09-24T11:25:05.3188690Z │ vfs_fat_sdmmc.c.obj                      │       1600 │    12 │     8 │     4 │     0 │       1588 │      24 │        0 │  1564 │       0 │             0 │           0 │
build	Build ESP32-C6 firmware	2026-09-24T11:25:05.3189990Z │ ieee80211_mbssid.o                       │       1584 │     0 │     0 │     0 │     0 │       1584 │       0 │        0 │  1584 │       0 │             0 │           0 │
build	Build ESP32-C6 firmware	2026-09-24T11:25:05.3191265Z │ lv_calendar.c.obj                        │       1538 │     0 │     0 │     0 │     0 │       1538 │      56 │        0 │  1482 │       0 │             0 │           0 │
build	Build ESP32-C6 firmware	2026-09-24T11:25:05.3192561Z │ lv_menu.c.obj                            │       1536 │     0 │     0 │     0 │     0 │       1536 │     252 │        0 │  1284 │       0 │             0 │           0 │
build	Build ESP32-C6 firmware	2026-09-24T11:25:05.3193802Z │ pem.c.obj                                │       1536 │     0 │     0 │     0 │     0 │       1536 │       0 │        0 │  1536 │       0 │             0 │           0 │
build	Build ESP32-C6 firmware	2026-09-24T11:25:05.3195353Z │ common.c.obj                             │       1516 │     0 │     0 │     0 │     0 │       1516 │       0 │        0 │  1516 │       0 │             0 │           0 │
build	Build ESP32-C6 firmware	2026-09-24T11:25:05.3196767Z │ aes-gcm.c.obj                            │       1512 │     0 │     0 │     0 │     0 │       1512 │       0 │        0 │  1512 │       0 │             0 │           0 │
build	Build ESP32-C6 firmware	2026-09-24T11:25:05.3197855Z │ libc_a-strerror.o                        │       1484 │     0 │     0 │     0 │     0 │       1484 │     572 │        0 │   912 │       0 │             0 │           0 │
build	Build ESP32-C6 firmware	2026-09-24T11:25:05.3198780Z │ ctr_drbg.c.obj                           │       1484 │     0 │     0 │     0 │     0 │       1484 │       0 │        0 │  1484 │       0 │             0 │           0 │
build	Build ESP32-C6 firmware	2026-09-24T11:25:05.3199540Z │ ieee80211_power.o                        │       1481 │     0 │     0 │     0 │     0 │       1481 │      35 │        0 │  1446 │       0 │             0 │           0 │
build	Build ESP32-C6 firmware	2026-09-24T11:25:05.3200873Z │ lv_draw_sw_gradient.c.obj                │       1479 │   375 │     9 │     0 │   366 │       1104 │       0 │        0 │  1104 │       0 │             0 │           0 │
build	Build ESP32-C6 firmware	2026-09-24T11:25:05.3201908Z │ esp_aes_gcm.c.obj                        │       1470 │     0 │     0 │     0 │     0 │       1470 │      64 │        0 │  1406 │       0 │             0 │           0 │
build	Build ESP32-C6 firmware	2026-09-24T11:25:05.3202862Z │ libc_a-tzset_r.o                         │       1466 │    28 │    28 │     0 │     0 │       1438 │       0 │        0 │  1438 │       0 │             0 │           0 │
build	Build ESP32-C6 firmware	2026-09-24T11:25:05.3203660Z │ hal_he_common.o                          │       1462 │  1112 │     0 │     0 │  1112 │        350 │     350 │        0 │     0 │       0 │             0 │           0 │
build	Build ESP32-C6 firmware	2026-09-24T11:25:05.3204675Z │ api_lib.c.obj                            │       1457 │     0 │     0 │     0 │     0 │       1457 │      47 │        0 │  1410 │       0 │             0 │           0 │
build	Build ESP32-C6 firmware	2026-09-24T11:25:05.3205534Z │ spi_flash_hal_gpspi.c.obj                │       1446 │  1446 │     0 │     0 │  1446 │          0 │       0 │        0 │     0 │       0 │             0 │           0 │
build	Build ESP32-C6 firmware	2026-09-24T11:25:05.3206339Z │ esp_wpa_main.c.obj                       │       1429 │     9 │     9 │     0 │     0 │       1420 │       0 │        0 │  1420 │       0 │             0 │           0 │
build	Build ESP32-C6 firmware	2026-09-24T11:25:05.3207186Z │ eloop.c.obj                              │       1428 │    36 │    36 │     0 │     0 │       1392 │       0 │        0 │  1392 │       0 │             0 │           0 │
build	Build ESP32-C6 firmware	2026-09-24T11:25:05.3208479Z │ crypto_mbedtls.c.obj                     │       1422 │     0 │     0 │     0 │     0 │       1422 │       0 │        0 │  1422 │       0 │             0 │           0 │
build	Build ESP32-C6 firmware	2026-09-24T11:25:05.3209774Z │ pmksa_cache.c.obj                        │       1408 │     0 │     0 │     0 │     0 │       1408 │       0 │        0 │  1408 │       0 │             0 │           0 │
build	Build ESP32-C6 firmware	2026-09-24T11:25:05.3210656Z │ libc_a-mktime.o                          │       1400 │     0 │     0 │     0 │     0 │       1400 │      96 │        0 │  1304 │       0 │             0 │           0 │
build	Build ESP32-C6 firmware	2026-09-24T11:25:05.3211407Z │ esp_event.c.obj                          │       1389 │     0 │     0 │     0 │     0 │       1389 │      37 │        0 │  1352 │       0 │             0 │           0 │
build	Build ESP32-C6 firmware	2026-09-24T11:25:05.3212208Z │ channel_hopper.c.obj                     │       1386 │   152 │   152 │     0 │     0 │       1234 │       0 │        0 │  1234 │       0 │             0 │           0 │
build	Build ESP32-C6 firmware	2026-09-24T11:25:05.3213003Z │ ieee80211_action.o                       │       1385 │   492 │     0 │   492 │     0 │        893 │       7 │        0 │   886 │       0 │             0 │           0 │
build	Build ESP32-C6 firmware	2026-09-24T11:25:05.3213815Z │ locks.c.obj                              │       1379 │  1124 │   168 │     0 │   956 │        255 │      95 │        0 │   160 │       0 │             0 │           0 │
build	Build ESP32-C6 firmware	2026-09-24T11:25:05.3214874Z │ board_sd.c.obj                           │       1378 │     4 │     4 │     0 │     0 │       1374 │     146 │        0 │  1228 │       0 │             0 │           0 │
build	Build ESP32-C6 firmware	2026-09-24T11:25:05.3216187Z │ gdma_hal_ahb_v1.c.obj                    │       1364 │   484 │     0 │     4 │   480 │        880 │       0 │        0 │   880 │       0 │             0 │           0 │
build	Build ESP32-C6 firmware	2026-09-24T11:25:05.3217519Z │ ffunicode.c.obj                          │       1358 │     0 │     0 │     0 │     0 │       1358 │     942 │        0 │   416 │       0 │             0 │           0 │
build	Build ESP32-C6 firmware	2026-09-24T11:25:05.3218806Z │ sdmmc_io.c.obj                           │       1344 │     0 │     0 │     0 │     0 │       1344 │     110 │        0 │  1234 │       0 │             0 │           0 │
build	Build ESP32-C6 firmware	2026-09-24T11:25:05.3220304Z │ panic.c.obj                              │       1327 │    43 │     9 │    12 │    22 │       1284 │       0 │        0 │  1284 │       0 │             0 │           0 │
build	Build ESP32-C6 firmware	2026-09-24T11:25:05.3221575Z │ lv_group.c.obj                           │       1294 │     4 │     4 │     0 │     0 │       1290 │       0 │        0 │  1290 │       0 │             0 │           0 │
build	Build ESP32-C6 firmware	2026-09-24T11:25:05.3222831Z │ lv_draw_img.c.obj                        │       1286 │   746 │     0 │     0 │   746 │        540 │       0 │        0 │   540 │       0 │             0 │           0 │
build	Build ESP32-C6 firmware	2026-09-24T11:25:05.3224273Z │ app_main.c.obj                           │       1263 │     0 │     0 │     0 │     0 │       1263 │       9 │        0 │  1254 │       0 │             0 │           0 │
build	Build ESP32-C6 firmware	2026-09-24T11:25:05.3225729Z │ nvs_partition_manager.cpp.obj            │       1256 │     4 │     4 │     0 │     0 │       1252 │      16 │        0 │  1236 │       0 │             0 │           0 │
build	Build ESP32-C6 firmware	2026-09-24T11:25:05.3227077Z │ lv_anim.c.obj                            │       1246 │    10 │    10 │     0 │     0 │       1236 │       0 │        0 │  1236 │       0 │             0 │           0 │
build	Build ESP32-C6 firmware	2026-09-24T11:25:05.3228371Z │ lv_tabview.c.obj                         │       1241 │     3 │     3 │     0 │     0 │       1238 │      28 │        0 │  1210 │       0 │             0 │           0 │
build	Build ESP32-C6 firmware	2026-09-24T11:25:05.3229620Z │ lv_spinbox.c.obj                         │       1224 │     0 │     0 │     0 │     0 │       1224 │      28 │        0 │  1196 │       0 │             0 │           0 │
build	Build ESP32-C6 firmware	2026-09-24T11:25:05.3230955Z │ heap_caps_init.c.obj                     │       1215 │     4 │     4 │     0 │     0 │       1211 │      57 │        0 │  1154 │       0 │             0 │           0 │
build	Build ESP32-C6 firmware	2026-09-24T11:25:05.3232284Z │ lv_checkbox.c.obj                        │       1204 │     0 │     0 │     0 │     0 │       1204 │      28 │        0 │  1176 │       0 │             0 │           0 │
build	Build ESP32-C6 firmware	2026-09-24T11:25:05.3233378Z │ cipher.c.obj                             │       1186 │     0 │     0 │     0 │     0 │       1186 │       0 │        0 │  1186 │       0 │             0 │           0 │
build	Build ESP32-C6 firmware	2026-09-24T11:25:05.3234155Z │ sdspi_transaction.c.obj                  │       1175 │     5 │     5 │     0 │     0 │       1170 │       0 │        0 │  1170 │       0 │             0 │           0 │
build	Build ESP32-C6 firmware	2026-09-24T11:25:05.3235235Z │ lv_obj_tree.c.obj                        │       1174 │     0 │     0 │     0 │     0 │       1174 │       0 │        0 │  1174 │       0 │             0 │           0 │
build	Build ESP32-C6 firmware	2026-09-24T11:25:05.3236024Z │ aes-ccm.c.obj                            │       1164 │     0 │     0 │     0 │     0 │       1164 │       0 │        0 │  1164 │       0 │             0 │           0 │
build	Build ESP32-C6 firmware	2026-09-24T11:25:05.3236766Z │ cmac.c.obj                               │       1162 │     0 │     0 │     0 │     0 │       1162 │       0 │        0 │  1162 │       0 │             0 │           0 │
build	Build ESP32-C6 firmware	2026-09-24T11:25:05.3237753Z │ nvs_pagemanager.cpp.obj                  │       1156 │     0 │     0 │     0 │     0 │       1156 │       0 │        0 │  1156 │       0 │             0 │           0 │
build	Build ESP32-C6 firmware	2026-09-24T11:25:05.3238532Z │ panic_arch.c.obj                         │       1142 │     0 │     0 │     0 │     0 │       1142 │     212 │        0 │   930 │       0 │             0 │           0 │
build	Build ESP32-C6 firmware	2026-09-24T11:25:05.3239293Z │ pmksa_cache_auth.c.obj                   │       1134 │     0 │     0 │     0 │     0 │       1134 │       0 │        0 │  1134 │       0 │             0 │           0 │
build	Build ESP32-C6 firmware	2026-09-24T11:25:05.3240277Z │ tcpip.c.obj                              │       1128 │    12 │    12 │     0 │     0 │       1116 │     118 │        0 │   998 │       0 │             0 │           0 │
build	Build ESP32-C6 firmware	2026-09-24T11:25:05.3241069Z │ ieee80211_crypto_ccmp.o                  │       1126 │    24 │     0 │    24 │     0 │       1102 │     278 │        0 │   824 │       0 │             0 │           0 │
build	Build ESP32-C6 firmware	2026-09-24T11:25:05.3241868Z │ partition.c.obj                          │       1117 │     8 │     8 │     0 │     0 │       1109 │      37 │        0 │  1072 │       0 │             0 │           0 │
build	Build ESP32-C6 firmware	2026-09-24T11:25:05.3242628Z │ lv_color.c.obj                           │       1108 │   252 │     0 │     0 │   252 │        856 │     380 │        0 │   476 │       0 │             0 │           0 │
build	Build ESP32-C6 firmware	2026-09-24T11:25:05.3243373Z │ lv_led.c.obj                             │       1106 │   182 │     0 │     0 │   182 │        924 │      28 │        0 │   896 │       0 │             0 │           0 │
build	Build ESP32-C6 firmware	2026-09-24T11:25:05.3244153Z │ partition_target.c.obj                   │       1103 │     0 │     0 │     0 │     0 │       1103 │     131 │        0 │   972 │       0 │             0 │           0 │
build	Build ESP32-C6 firmware	2026-09-24T11:25:05.3245144Z │ libc_a-findfp.o                          │       1096 │   328 │   316 │    12 │     0 │        768 │       0 │        0 │   768 │       0 │             0 │           0 │
build	Build ESP32-C6 firmware	2026-09-24T11:25:05.3245923Z │ lv_switch.c.obj                          │       1092 │     0 │     0 │     0 │     0 │       1092 │      28 │        0 │  1064 │       0 │             0 │           0 │
build	Build ESP32-C6 firmware	2026-09-24T11:25:05.3246900Z │ sha.c.obj                                │       1087 │    24 │     0 │    24 │     0 │       1063 │      19 │        0 │  1044 │       0 │             0 │           0 │
build	Build ESP32-C6 firmware	2026-09-24T11:25:05.3247756Z │ lv_fs.c.obj                              │       1076 │     0 │     0 │     0 │     0 │       1076 │       0 │        0 │  1076 │       0 │             0 │           0 │
build	Build ESP32-C6 firmware	2026-09-24T11:25:05.3248534Z │ log_binary_heap.c.obj                    │       1070 │   260 │   260 │     0 │     0 │        810 │      48 │        0 │   762 │       0 │             0 │           0 │
build	Build ESP32-C6 firmware	2026-09-24T11:25:05.3249311Z │ dragonfly.c.obj                          │       1070 │     0 │     0 │     0 │     0 │       1070 │       0 │        0 │  1070 │       0 │             0 │           0 │
build	Build ESP32-C6 firmware	2026-09-24T11:25:05.3250085Z │ heap_caps.c.obj                          │       1067 │   542 │     4 │     4 │   534 │        525 │     127 │        0 │   398 │       0 │             0 │           0 │
build	Build ESP32-C6 firmware	2026-09-24T11:25:05.3250900Z │ memspi_host_driver.c.obj                 │       1063 │  1063 │     0 │   257 │   806 │          0 │       0 │        0 │     0 │       0 │             0 │           0 │
build	Build ESP32-C6 firmware	2026-09-24T11:25:05.3251681Z │ hal_crypto.o                             │       1059 │     0 │     0 │     0 │     0 │       1059 │      27 │        0 │  1032 │       0 │             0 │           0 │
build	Build ESP32-C6 firmware	2026-09-24T11:25:05.3252451Z │ ieee80211_action_vendor.o                │       1056 │    16 │    16 │     0 │     0 │       1040 │      62 │        0 │   978 │       0 │             0 │           0 │
build	Build ESP32-C6 firmware	2026-09-24T11:25:05.3253231Z │ phy_track.o                              │       1056 │     0 │     0 │     0 │     0 │       1056 │       0 │        0 │  1056 │       0 │             0 │           0 │
build	Build ESP32-C6 firmware	2026-09-24T11:25:05.3254150Z │ uart_hal.c.obj                           │       1054 │     0 │     0 │     0 │     0 │       1054 │       0 │        0 │  1054 │       0 │             0 │           0 │
build	Build ESP32-C6 firmware	2026-09-24T11:25:05.3255008Z │ arg_int.c.obj                            │       1050 │     0 │     0 │     0 │     0 │       1050 │       0 │        0 │  1050 │       0 │             0 │           0 │
build	Build ESP32-C6 firmware	2026-09-24T11:25:05.3255771Z │ esp_efuse_utility.c.obj                  │       1047 │     4 │     4 │     0 │     0 │       1043 │     141 │        0 │   902 │       0 │             0 │           0 │
build	Build ESP32-C6 firmware	2026-09-24T11:25:05.3256529Z │ hal_coex.o                               │       1044 │   176 │     0 │     0 │   176 │        868 │      54 │        0 │   814 │       0 │             0 │           0 │
build	Build ESP32-C6 firmware	2026-09-24T11:25:05.3257422Z │ pmu_param.c.obj                          │       1036 │     0 │     0 │     0 │     0 │       1036 │     450 │        0 │   586 │       0 │             0 │           0 │
build	Build ESP32-C6 firmware	2026-09-24T11:25:05.3258200Z │ event_groups.c.obj                       │       1026 │   928 │     0 │     0 │   928 │         98 │      98 │        0 │     0 │       0 │             0 │           0 │
build	Build ESP32-C6 firmware	2026-09-24T11:25:05.3258955Z │ lv_event.c.obj                           │       1022 │     4 │     4 │     0 │     0 │       1018 │       0 │        0 │  1018 │       0 │             0 │           0 │
build	Build ESP32-C6 firmware	2026-09-24T11:25:05.3259724Z │ crypto_mbedtls-bignum.c.obj              │       1014 │     0 │     0 │     0 │     0 │       1014 │       0 │        0 │  1014 │       0 │             0 │           0 │
build	Build ESP32-C6 firmware	2026-09-24T11:25:05.3260520Z │ fastpbkdf2.c.obj                         │       1010 │     0 │     0 │     0 │     0 │       1010 │      12 │        0 │   998 │       0 │             0 │           0 │
build	Build ESP32-C6 firmware	2026-09-24T11:25:05.3261322Z │ pcap_serializer.c.obj                    │        988 │     0 │     0 │     0 │     0 │        988 │      24 │        0 │   964 │       0 │             0 │           0 │
build	Build ESP32-C6 firmware	2026-09-24T11:25:05.3262105Z │ wifi_init.c.obj                          │        959 │     1 │     1 │     0 │     0 │        958 │       8 │        0 │   950 │       0 │             0 │           0 │
build	Build ESP32-C6 firmware	2026-09-24T11:25:05.3263272Z │ nullfs.c.obj                             │        958 │     4 │     4 │     0 │     0 │        954 │     128 │        0 │   826 │       0 │             0 │           0 │
build	Build ESP32-C6 firmware	2026-09-24T11:25:05.3264624Z │ bootloader_flash.c.obj                   │        956 │   916 │     0 │     0 │   916 │         40 │      40 │        0 │     0 │       0 │             0 │           0 │
build	Build ESP32-C6 firmware	2026-09-24T11:25:05.3265804Z │ pk_wrap.c.obj                            │        934 │     0 │     0 │     0 │     0 │        934 │     192 │        0 │   742 │       0 │             0 │           0 │
build	Build ESP32-C6 firmware	2026-09-24T11:25:05.3266973Z │ esp_aes_xts.c.obj                        │        930 │     0 │     0 │     0 │     0 │        930 │       0 │        0 │   930 │       0 │             0 │           0 │
build	Build ESP32-C6 firmware	2026-09-24T11:25:05.3268132Z │ lv_font_fmt_txt.c.obj                    │        928 │     0 │     0 │     0 │     0 │        928 │       0 │        0 │   928 │       0 │             0 │           0 │
build	Build ESP32-C6 firmware	2026-09-24T11:25:05.3280424Z │ diskio_sdmmc.c.obj                       │        916 │    10 │    10 │     0 │     0 │        906 │     102 │        0 │   804 │       0 │             0 │           0 │
build	Build ESP32-C6 firmware	2026-09-24T11:25:05.3281521Z │ icmp.c.obj                               │        914 │     0 │     0 │     0 │     0 │        914 │      30 │        0 │   884 │       0 │             0 │           0 │
build	Build ESP32-C6 firmware	2026-09-24T11:25:05.3282305Z │ lv_style_gen.c.obj                       │        908 │     0 │     0 │     0 │     0 │        908 │       0 │        0 │   908 │       0 │             0 │           0 │
build	Build ESP32-C6 firmware	2026-09-24T11:25:05.3283310Z │ time.c.obj                               │        904 │   202 │    20 │     0 │   182 │        702 │       0 │        0 │   702 │       0 │             0 │           0 │
build	Build ESP32-C6 firmware	2026-09-24T11:25:05.3284057Z │ icmp6.c.obj                              │        903 │     0 │     0 │     0 │     0 │        903 │      61 │        0 │   842 │       0 │             0 │           0 │
build	Build ESP32-C6 firmware	2026-09-24T11:25:05.3285012Z │ ccmp.c.obj                               │        896 │     0 │     0 │     0 │     0 │        896 │       0 │        0 │   896 │       0 │             0 │           0 │
build	Build ESP32-C6 firmware	2026-09-24T11:25:05.3285737Z │ hmac_drbg.c.obj                          │        890 │     0 │     0 │     0 │     0 │        890 │       0 │        0 │   890 │       0 │             0 │           0 │
build	Build ESP32-C6 firmware	2026-09-24T11:25:05.3286486Z │ phy_common.c.obj                         │        881 │    49 │    38 │     1 │    10 │        832 │      40 │        0 │   792 │       0 │             0 │           0 │
build	Build ESP32-C6 firmware	2026-09-24T11:25:05.3287262Z │ phy_rfpll.o                              │        880 │     0 │     0 │     0 │     0 │        880 │       0 │        0 │   880 │       0 │             0 │           0 │
build	Build ESP32-C6 firmware	2026-09-24T11:25:05.3287999Z │ oid.c.obj                                │        873 │     0 │     0 │     0 │     0 │        873 │     553 │        0 │   320 │       0 │             0 │           0 │
build	Build ESP32-C6 firmware	2026-09-24T11:25:05.3288756Z │ coexist_core.o                           │        870 │   150 │     1 │   149 │     0 │        720 │       0 │        0 │   720 │       0 │             0 │           0 │
build	Build ESP32-C6 firmware	2026-09-24T11:25:05.3289747Z │ aes-siv.c.obj                            │        858 │     0 │     0 │     0 │     0 │        858 │      16 │        0 │   842 │       0 │             0 │           0 │
build	Build ESP32-C6 firmware	2026-09-24T11:25:05.3290920Z │ rx_path.c.obj                            │        858 │     0 │     0 │     0 │     0 │        858 │       0 │        0 │   858 │       0 │             0 │           0 │
build	Build ESP32-C6 firmware	2026-09-24T11:25:05.3292132Z │ nvs_handle_simple.cpp.obj                │        854 │     0 │     0 │     0 │     0 │        854 │     128 │        0 │   726 │       0 │             0 │           0 │
build	Build ESP32-C6 firmware	2026-09-24T11:25:05.3293380Z │ lv_math.c.obj                            │        850 │   204 │     0 │     0 │   204 │        646 │     182 │        0 │   464 │       0 │             0 │           0 │
build	Build ESP32-C6 firmware	2026-09-24T11:25:05.3294879Z │ hal_tsf.o                                │        846 │   242 │     8 │     0 │   234 │        604 │       0 │        0 │   604 │       0 │             0 │           0 │
build	Build ESP32-C6 firmware	2026-09-24T11:25:05.3296094Z │ timeouts.c.obj                           │        839 │    12 │    12 │     0 │     0 │        827 │      83 │        0 │   744 │       0 │             0 │           0 │
build	Build ESP32-C6 firmware	2026-09-24T11:25:05.3297249Z │ esp_dma_utils.c.obj                      │        835 │     0 │     0 │     0 │     0 │        835 │     107 │        0 │   728 │       0 │             0 │           0 │
build	Build ESP32-C6 firmware	2026-09-24T11:25:05.3298536Z │ sleep_modes.c.obj                        │        830 │   160 │    24 │   136 │     0 │        642 │      46 │        0 │   596 │      28 │             0 │          28 │
build	Build ESP32-C6 firmware	2026-09-24T11:25:05.3299794Z │ lv_draw_sw_polygon.c.obj                 │        828 │     0 │     0 │     0 │     0 │        828 │       8 │        0 │   820 │       0 │             0 │           0 │
build	Build ESP32-C6 firmware	2026-09-24T11:25:05.3301243Z │ i2c_hal.c.obj                            │        820 │     0 │     0 │     0 │     0 │        820 │      26 │        0 │   794 │       0 │             0 │           0 │
build	Build ESP32-C6 firmware	2026-09-24T11:25:05.3302396Z │ libc_a-fseeko.o                          │        814 │     0 │     0 │     0 │     0 │        814 │       0 │        0 │   814 │       0 │             0 │           0 │
build	Build ESP32-C6 firmware	2026-09-24T11:25:05.3303548Z │ entropy.c.obj                            │        810 │     0 │     0 │     0 │     0 │        810 │       0 │        0 │   810 │       0 │             0 │           0 │
build	Build ESP32-C6 firmware	2026-09-24T11:25:05.3305132Z │ sar_periph_ctrl_common.c.obj             │        808 │    13 │     4 │     9 │     0 │        795 │      33 │        0 │   762 │       0 │             0 │           0 │
build	Build ESP32-C6 firmware	2026-09-24T11:25:05.3306333Z │ spi_hal.c.obj                            │        804 │     0 │     0 │     0 │     0 │        804 │       0 │        0 │   804 │       0 │             0 │           0 │
build	Build ESP32-C6 firmware	2026-09-24T11:25:05.3307503Z │ libc_a-fvwrite.o                         │        798 │     0 │     0 │     0 │     0 │        798 │       0 │        0 │   798 │       0 │             0 │           0 │
build	Build ESP32-C6 firmware	2026-09-24T11:25:05.3308652Z │ lv_timer.c.obj                           │        797 │    17 │    17 │     0 │     0 │        780 │       0 │        0 │   780 │       0 │             0 │           0 │
build	Build ESP32-C6 firmware	2026-09-24T11:25:05.3309788Z │ esp_wpas_glue.c.obj                      │        782 │     0 │     0 │     0 │     0 │        782 │       0 │        0 │   782 │       0 │             0 │           0 │
build	Build ESP32-C6 firmware	2026-09-24T11:25:05.3310968Z │ cache_hal.c.obj                          │        776 │   776 │     8 │   104 │   664 │          0 │       0 │        0 │     0 │       0 │             0 │           0 │
build	Build ESP32-C6 firmware	2026-09-24T11:25:05.3312069Z │ ecc_hal.c.obj                            │        772 │     0 │     0 │     0 │     0 │        772 │      52 │        0 │   720 │       0 │             0 │           0 │
build	Build ESP32-C6 firmware	2026-09-24T11:25:05.3313239Z │ esp_flash_spi_init.c.obj                 │        766 │    84 │     4 │    80 │     0 │        682 │      74 │        0 │   608 │       0 │             0 │           0 │
build	Build ESP32-C6 firmware	2026-09-24T11:25:05.3314383Z │ rtc_io.c.obj                             │        759 │     0 │     0 │     0 │     0 │        759 │      77 │        0 │   682 │       0 │             0 │           0 │
build	Build ESP32-C6 firmware	2026-09-24T11:25:05.3315630Z │ ccm.c.obj                                │        756 │     0 │     0 │     0 │     0 │        756 │       0 │        0 │   756 │       0 │             0 │           0 │
build	Build ESP32-C6 firmware	2026-09-24T11:25:05.3316814Z │ ieee80211_regdomain.o                    │        752 │     0 │     0 │     0 │     0 │        752 │       0 │        0 │   752 │       0 │             0 │           0 │
build	Build ESP32-C6 firmware	2026-09-24T11:25:05.3317969Z │ lv_hal_disp.c.obj                        │        746 │     4 │     4 │     0 │     0 │        742 │       0 │        0 │   742 │       0 │             0 │           0 │
build	Build ESP32-C6 firmware	2026-09-24T11:25:05.3319354Z │ esp_timer_impl_systimer.c.obj            │        738 │   250 │    20 │     0 │   230 │        488 │      28 │        0 │   460 │       0 │             0 │           0 │
build	Build ESP32-C6 firmware	2026-09-24T11:25:05.3320581Z │ vfs_console.c.obj                        │        730 │    16 │    16 │     0 │     0 │        714 │     180 │        0 │   534 │       0 │             0 │           0 │
build	Build ESP32-C6 firmware	2026-09-24T11:25:05.3321843Z │ test_hal_tx_statis.o                     │        730 │   730 │     0 │     0 │   730 │          0 │       0 │        0 │     0 │       0 │             0 │           0 │
build	Build ESP32-C6 firmware	2026-09-24T11:25:05.3322982Z │ sdmmc_init.c.obj                         │        728 │     0 │     0 │     0 │     0 │        728 │      16 │        0 │   712 │       0 │             0 │           0 │
build	Build ESP32-C6 firmware	2026-09-24T11:25:05.3324356Z │ memory_layout_utils.c.obj                │        727 │     0 │     0 │     0 │     0 │        727 │      27 │        0 │   700 │       0 │             0 │           0 │
build	Build ESP32-C6 firmware	2026-09-24T11:25:05.3325752Z │ cpu_start.c.obj                          │        726 │   684 │     0 │     0 │   684 │         42 │       0 │        0 │    42 │       0 │             0 │           0 │
build	Build ESP32-C6 firmware	2026-09-24T11:25:05.3326929Z │ heap_caps_base.c.obj                     │        712 │   674 │     0 │     0 │   674 │         38 │      38 │        0 │     0 │       0 │             0 │           0 │
build	Build ESP32-C6 firmware	2026-09-24T11:25:05.3328050Z │ arg_dstr.c.obj                           │        710 │     0 │     0 │     0 │     0 │        710 │       0 │        0 │   710 │       0 │             0 │           0 │
build	Build ESP32-C6 firmware	2026-09-24T11:25:05.3329195Z │ hal_utilities.o                          │        706 │    20 │    20 │     0 │     0 │        686 │     352 │        0 │   334 │       0 │             0 │           0 │
build	Build ESP32-C6 firmware	2026-09-24T11:25:05.3330358Z │ esp_sha1.c.obj                           │        706 │     0 │     0 │     0 │     0 │        706 │      64 │        0 │   642 │       0 │             0 │           0 │
build	Build ESP32-C6 firmware	2026-09-24T11:25:05.3331567Z │ esp_rom_hp_regi2c_esp32c6.c.obj          │        705 │   660 │     0 │     0 │   660 │         45 │      45 │        0 │     0 │       0 │             0 │           0 │
build	Build ESP32-C6 firmware	2026-09-24T11:25:05.3332719Z │ obs_cache.c.obj                          │        696 │     0 │     0 │     0 │     0 │        696 │       0 │        0 │   696 │       0 │             0 │           0 │
build	Build ESP32-C6 firmware	2026-09-24T11:25:05.3333820Z │ sleep_gpio.c.obj                         │        691 │     0 │     0 │     0 │     0 │        691 │      35 │        0 │   656 │       0 │             0 │           0 │
build	Build ESP32-C6 firmware	2026-09-24T11:25:05.3335116Z │ lv_draw_sw_layer.c.obj                   │        690 │     0 │     0 │     0 │     0 │        690 │       0 │        0 │   690 │       0 │             0 │           0 │
build	Build ESP32-C6 firmware	2026-09-24T11:25:05.3336309Z │ base64.c.obj                             │        686 │     0 │     0 │     0 │     0 │        686 │       0 │        0 │   686 │       0 │             0 │           0 │
build	Build ESP32-C6 firmware	2026-09-24T11:25:05.3337452Z │ pp_timer.o                               │        680 │   336 │     4 │   128 │   204 │        344 │      26 │        0 │   318 │       0 │             0 │           0 │
build	Build ESP32-C6 firmware	2026-09-24T11:25:05.3338667Z │ esp_console_common.c.obj                 │        674 │     0 │     0 │     0 │     0 │        674 │      20 │        0 │   654 │       0 │             0 │           0 │
build	Build ESP32-C6 firmware	2026-09-24T11:25:05.3339835Z │ cpu_region_protect.c.obj                 │        656 │     0 │     0 │     0 │     0 │        656 │       0 │        0 │   656 │       0 │             0 │           0 │
build	Build ESP32-C6 firmware	2026-09-24T11:25:05.3340972Z │ esp_sha256.c.obj                         │        652 │     0 │     0 │     0 │     0 │        652 │      64 │        0 │   588 │       0 │             0 │           0 │
build	Build ESP32-C6 firmware	2026-09-24T11:25:05.3342099Z │ asn1parse.c.obj                          │        652 │     0 │     0 │     0 │     0 │        652 │       0 │        0 │   652 │       0 │             0 │           0 │
build	Build ESP32-C6 firmware	2026-09-24T11:25:05.3343256Z │ system_internal.c.obj                    │        651 │   632 │     0 │     0 │   632 │         19 │      19 │        0 │     0 │       0 │             0 │           0 │
build	Build ESP32-C6 firmware	2026-09-24T11:25:05.3344827Z │ ieee80211_proto.o                        │        647 │     1 │     1 │     0 │     0 │        646 │       0 │        0 │   646 │       0 │             0 │           0 │
build	Build ESP32-C6 firmware	2026-09-24T11:25:05.3345960Z │ hal_ampdu.o                              │        645 │     0 │     0 │     0 │     0 │        645 │     117 │        0 │   528 │       0 │             0 │           0 │
build	Build ESP32-C6 firmware	2026-09-24T11:25:05.3347049Z │ ecc_alt.c.obj                            │        622 │     0 │     0 │     0 │     0 │        622 │       0 │        0 │   622 │       0 │             0 │           0 │
build	Build ESP32-C6 firmware	2026-09-24T11:25:05.3348361Z │ esp_rom_wdt.c.obj                        │        620 │   620 │     0 │     0 │   620 │          0 │       0 │        0 │     0 │       0 │             0 │           0 │
build	Build ESP32-C6 firmware	2026-09-24T11:25:05.3349507Z │ ets_timer_legacy.c.obj                   │        619 │   390 │     0 │     0 │   390 │        229 │      47 │        0 │   182 │       0 │             0 │           0 │
build	Build ESP32-C6 firmware	2026-09-24T11:25:05.3350736Z │ spi_flash_os_func_app.c.obj              │        615 │   540 │     0 │    56 │   484 │         75 │      25 │        0 │    50 │       0 │             0 │           0 │
build	Build ESP32-C6 firmware	2026-09-24T11:25:05.3351869Z │ lv_ll.c.obj                              │        612 │     0 │     0 │     0 │     0 │        612 │       0 │        0 │   612 │       0 │             0 │           0 │
build	Build ESP32-C6 firmware	2026-09-24T11:25:05.3352995Z │ lv_calendar_header_arrow.c.obj           │        608 │     0 │     0 │     0 │     0 │        608 │      76 │        0 │   532 │       0 │             0 │           0 │
build	Build ESP32-C6 firmware	2026-09-24T11:25:05.3354200Z │ inet_chksum.c.obj                        │        606 │     0 │     0 │     0 │     0 │        606 │       0 │        0 │   606 │       0 │             0 │           0 │
build	Build ESP32-C6 firmware	2026-09-24T11:25:05.3355489Z │ spi_share_hw_ctrl.c.obj                  │        604 │    14 │    12 │     2 │     0 │        590 │      46 │        0 │   544 │       0 │             0 │           0 │
build	Build ESP32-C6 firmware	2026-09-24T11:25:05.3356685Z │ comeback_token.c.obj                     │        604 │     0 │     0 │     0 │     0 │        604 │       0 │        0 │   604 │       0 │             0 │           0 │
build	Build ESP32-C6 firmware	2026-09-24T11:25:05.3357803Z │ lib_printf.c.obj                         │        600 │     0 │     0 │     0 │     0 │        600 │       0 │        0 │   228 │       0 │             0 │           0 │
build	Build ESP32-C6 firmware	2026-09-24T11:25:05.3358932Z │ pthread_local_storage.c.obj              │        596 │     4 │     4 │     0 │     0 │        592 │      46 │        0 │   546 │       0 │             0 │           0 │
build	Build ESP32-C6 firmware	2026-09-24T11:25:05.3360141Z │ nvs_item_hash_list.cpp.obj               │        594 │     0 │     0 │     0 │     0 │        594 │       0 │        0 │   594 │       0 │             0 │           0 │
build	Build ESP32-C6 firmware	2026-09-24T11:25:05.3361293Z │ port_systick.c.obj                       │        591 │   576 │    16 │     0 │   560 │         15 │      15 │        0 │     0 │       0 │             0 │           0 │
build	Build ESP32-C6 firmware	2026-09-24T11:25:05.3362651Z │ lv_obj_class.c.obj                       │        582 │     0 │     0 │     0 │     0 │        582 │       0 │        0 │   582 │       0 │             0 │           0 │
build	Build ESP32-C6 firmware	2026-09-24T11:25:05.3363761Z │ spi_flash_hal.c.obj                      │        578 │     0 │     0 │     0 │     0 │        578 │       0 │        0 │   578 │       0 │             0 │           0 │
build	Build ESP32-C6 firmware	2026-09-24T11:25:05.3365052Z │ lv_line.c.obj                            │        564 │     0 │     0 │     0 │     0 │        564 │      28 │        0 │   536 │       0 │             0 │           0 │
build	Build ESP32-C6 firmware	2026-09-24T11:25:05.3366404Z │ flash_mmap.c.obj                         │        563 │   200 │     0 │     0 │   200 │        363 │      17 │        0 │   346 │       0 │             0 │           0 │
build	Build ESP32-C6 firmware	2026-09-24T11:25:05.3367545Z │ esp_crypto_shared_gdma.c.obj             │        554 │     8 │     8 │     0 │     0 │        546 │       0 │        0 │   546 │       0 │             0 │           0 │
build	Build ESP32-C6 firmware	2026-09-24T11:25:05.3368701Z │ ethernet.c.obj                           │        554 │     0 │     0 │     0 │     0 │        554 │      28 │        0 │   526 │       0 │             0 │           0 │
build	Build ESP32-C6 firmware	2026-09-24T11:25:05.3369816Z │ ieee80211_ftm.o                          │        551 │    61 │    61 │     0 │     0 │        490 │       0 │        0 │   490 │       0 │             0 │           0 │
build	Build ESP32-C6 firmware	2026-09-24T11:25:05.3370965Z │ lv_mem.c.obj                             │        542 │     4 │     0 │     4 │     0 │        538 │       0 │        0 │   538 │       0 │             0 │           0 │
build	Build ESP32-C6 firmware	2026-09-24T11:25:05.3372069Z │ ecdh.c.obj                               │        542 │     0 │     0 │     0 │     0 │        542 │       0 │        0 │   542 │       0 │             0 │           0 │
build	Build ESP32-C6 firmware	2026-09-24T11:25:05.3373170Z │ regi2c_ctrl.c.obj                        │        538 │   322 │     4 │     4 │   314 │        216 │       0 │        0 │   216 │       0 │             0 │           0 │
build	Build ESP32-C6 firmware	2026-09-24T11:25:05.3374333Z │ libc_a-lcltime_r.o                       │        538 │     0 │     0 │     0 │     0 │        538 │       0 │        0 │   538 │       0 │             0 │           0 │
build	Build ESP32-C6 firmware	2026-09-24T11:25:05.3375660Z │ esp_clk_tree_common.c.obj                │        535 │    12 │    12 │     0 │     0 │        523 │      63 │        0 │   460 │       0 │             0 │           0 │
build	Build ESP32-C6 firmware	2026-09-24T11:25:05.3376818Z │ newlib_init.c.obj                        │        530 │   156 │     0 │   156 │     0 │        374 │      16 │        0 │   358 │       0 │             0 │           0 │
build	Build ESP32-C6 firmware	2026-09-24T11:25:05.3377956Z │ lv_gc.c.obj                              │        528 │   528 │   528 │     0 │     0 │          0 │       0 │        0 │     0 │       0 │             0 │           0 │
build	Build ESP32-C6 firmware	2026-09-24T11:25:05.3379048Z │ lv_tileview.c.obj                        │        519 │     9 │     9 │     0 │     0 │        510 │      56 │        0 │   454 │       0 │             0 │           0 │
build	Build ESP32-C6 firmware	2026-09-24T11:25:05.3380193Z │ idf_additions.c.obj                      │        516 │     0 │     0 │     0 │     0 │        516 │      46 │        0 │   470 │       0 │             0 │           0 │
build	Build ESP32-C6 firmware	2026-09-24T11:25:05.3381303Z │ clk_tree_hal.c.obj                       │        512 │     0 │     0 │     0 │     0 │        512 │      58 │        0 │   454 │       0 │             0 │           0 │
build	Build ESP32-C6 firmware	2026-09-24T11:25:05.3382378Z │ diskio.c.obj                             │        507 │     8 │     8 │     0 │     0 │        499 │      23 │        0 │   476 │       0 │             0 │           0 │
build	Build ESP32-C6 firmware	2026-09-24T11:25:05.3383484Z │ coexist_hw.o                             │        506 │     0 │     0 │     0 │     0 │        506 │      40 │        0 │   466 │       0 │             0 │           0 │
build	Build ESP32-C6 firmware	2026-09-24T11:25:05.3384727Z │ memp.c.obj                               │        500 │     4 │     4 │     0 │     0 │        496 │     146 │        0 │   350 │       0 │             0 │           0 │
build	Build ESP32-C6 firmware	2026-09-24T11:25:05.3386026Z │ bignum_alt.c.obj                         │        496 │     0 │     0 │     0 │     0 │        496 │       0 │        0 │   496 │       0 │             0 │           0 │
build	Build ESP32-C6 firmware	2026-09-24T11:25:05.3387183Z │ libc_a-fflush.o                          │        494 │     0 │     0 │     0 │     0 │        494 │       0 │        0 │   494 │       0 │             0 │           0 │
build	Build ESP32-C6 firmware	2026-09-24T11:25:05.3388336Z │ ip6_frag.c.obj                           │        489 │     4 │     4 │     0 │     0 │        485 │       9 │        0 │   476 │       0 │             0 │           0 │
build	Build ESP32-C6 firmware	2026-09-24T11:25:05.3389489Z │ esp_coex_adapter.c.obj                   │        488 │   246 │     0 │    80 │   166 │        242 │       0 │        0 │   242 │       0 │             0 │           0 │
build	Build ESP32-C6 firmware	2026-09-24T11:25:05.3390827Z │ sta_info.c.obj                           │        488 │     0 │     0 │     0 │     0 │        488 │       0 │        0 │   488 │       0 │             0 │           0 │
build	Build ESP32-C6 firmware	2026-09-24T11:25:05.3391933Z │ pm_coex.o                                │        484 │   356 │     0 │     0 │   356 │        128 │      58 │        0 │    70 │       0 │             0 │           0 │
build	Build ESP32-C6 firmware	2026-09-24T11:25:05.3393043Z │ aes-wrap.c.obj                           │        482 │     0 │     0 │     0 │     0 │        482 │       0 │        0 │   482 │       0 │             0 │           0 │
build	Build ESP32-C6 firmware	2026-09-24T11:25:05.3394217Z │ esp_console_repl_chip.c.obj              │        478 │     0 │     0 │     0 │     0 │        478 │       0 │        0 │   478 │       0 │             0 │           0 │
build	Build ESP32-C6 firmware	2026-09-24T11:25:05.3395553Z │ interrupt.c.obj                          │        476 │   372 │   256 │     0 │   116 │        104 │      50 │        0 │    54 │       0 │             0 │           0 │
build	Build ESP32-C6 firmware	2026-09-24T11:25:05.3396706Z │ tcp_isn_default.c.obj                    │        476 │    68 │    68 │     0 │     0 │        408 │       0 │        0 │   408 │       0 │             0 │           0 │
build	Build ESP32-C6 firmware	2026-09-24T11:25:05.3397849Z │ phy_feature.o                            │        476 │     0 │     0 │     0 │     0 │        476 │       0 │        0 │   476 │       0 │             0 │           0 │
build	Build ESP32-C6 firmware	2026-09-24T11:25:05.3399030Z │ ieee80211_crypto_sms4.o                  │        475 │    24 │     0 │    24 │     0 │        451 │      61 │        0 │   390 │       0 │             0 │           0 │
build	Build ESP32-C6 firmware	2026-09-24T11:25:05.3400196Z │ ip4_frag.c.obj                           │        475 │     0 │     0 │     0 │     0 │        475 │       9 │        0 │   466 │       0 │             0 │           0 │
build	Build ESP32-C6 firmware	2026-09-24T11:25:05.3401288Z │ arg_end.c.obj                            │        472 │     0 │     0 │     0 │     0 │        472 │       0 │        0 │   472 │       0 │             0 │           0 │
build	Build ESP32-C6 firmware	2026-09-24T11:25:05.3402408Z │ esp_lcd_panel_ops.c.obj                  │        471 │     0 │     0 │     0 │     0 │        471 │      65 │        0 │   406 │       0 │             0 │           0 │
build	Build ESP32-C6 firmware	2026-09-24T11:25:05.3403525Z │ vectors.S.obj                            │        470 │   470 │     0 │     0 │   470 │          0 │       0 │        0 │     0 │       0 │             0 │           0 │
build	Build ESP32-C6 firmware	2026-09-24T11:25:05.3404997Z │ esp_common.c.obj                         │        466 │   168 │   168 │     0 │     0 │        298 │       0 │        0 │   298 │       0 │             0 │           0 │
build	Build ESP32-C6 firmware	2026-09-24T11:25:05.3406163Z │ libc_a-setvbuf.o                         │        466 │     0 │     0 │     0 │     0 │        466 │       0 │        0 │   466 │       0 │             0 │           0 │
build	Build ESP32-C6 firmware	2026-09-24T11:25:05.3407291Z │ esp_clk_tree.c.obj                       │        465 │     0 │     0 │     0 │     0 │        465 │      29 │        0 │   436 │       0 │             0 │           0 │
build	Build ESP32-C6 firmware	2026-09-24T11:25:05.3408632Z │ sleep_cpu_asm.S.obj                      │        464 │   464 │     0 │     4 │   460 │          0 │       0 │        0 │     0 │       0 │             0 │           0 │
build	Build ESP32-C6 firmware	2026-09-24T11:25:05.3409774Z │ mpi_hal.c.obj                            │        464 │     0 │     0 │     0 │     0 │        464 │       0 │        0 │   464 │       0 │             0 │           0 │
build	Build ESP32-C6 firmware	2026-09-24T11:25:05.3410892Z │ dh_groups.c.obj                          │        463 │     0 │     0 │     0 │     0 │        463 │     417 │        0 │    46 │       0 │             0 │           0 │
build	Build ESP32-C6 firmware	2026-09-24T11:25:05.3412026Z │ board_touch.c.obj                        │        461 │     9 │     5 │     4 │     0 │        452 │       0 │        0 │   452 │       0 │             0 │           0 │
build	Build ESP32-C6 firmware	2026-09-24T11:25:05.3413250Z │ lv_calendar_header_dropdown.c.obj        │        456 │     0 │     0 │     0 │     0 │        456 │      28 │        0 │   428 │       0 │             0 │           0 │
build	Build ESP32-C6 firmware	2026-09-24T11:25:05.3414564Z │ si_class_type_info.o                     │        456 │     0 │     0 │     0 │     0 │        456 │      44 │        0 │   412 │       0 │             0 │           0 │
build	Build ESP32-C6 firmware	2026-09-24T11:25:05.3415887Z │ ledc_hal_iram.c.obj                      │        454 │   454 │     0 │    24 │   430 │          0 │       0 │        0 │     0 │       0 │             0 │           0 │
build	Build ESP32-C6 firmware	2026-09-24T11:25:05.3416767Z │ ocode_init.c.obj                         │        453 │     0 │     0 │     0 │     0 │        453 │      19 │        0 │   434 │       0 │             0 │           0 │
build	Build ESP32-C6 firmware	2026-09-24T11:25:05.3417538Z │ arg_str.c.obj                            │        446 │     0 │     0 │     0 │     0 │        446 │       0 │        0 │   446 │       0 │             0 │           0 │
build	Build ESP32-C6 firmware	2026-09-24T11:25:05.3418295Z │ nvs_types.cpp.obj                        │        446 │     0 │     0 │     0 │     0 │        446 │       0 │        0 │   446 │       0 │             0 │           0 │
build	Build ESP32-C6 firmware	2026-09-24T11:25:05.3419093Z │ log_buffers.c.obj                        │        442 │     0 │     0 │     0 │     0 │        442 │       0 │        0 │   442 │       0 │             0 │           0 │
build	Build ESP32-C6 firmware	2026-09-24T11:25:05.3419837Z │ rtc_io_hal.c.obj                         │        440 │     0 │     0 │     0 │     0 │        440 │       0 │        0 │   440 │       0 │             0 │           0 │
build	Build ESP32-C6 firmware	2026-09-24T11:25:05.3420614Z │ ieee802_11_common.c.obj                  │        436 │     0 │     0 │     0 │     0 │        436 │       0 │        0 │   436 │       0 │             0 │           0 │
build	Build ESP32-C6 firmware	2026-09-24T11:25:05.3421383Z │ esp_clk.c.obj                            │        431 │    71 │     0 │     1 │    70 │        336 │       0 │        0 │   336 │      24 │            24 │           0 │
build	Build ESP32-C6 firmware	2026-09-24T11:25:05.3422139Z │ freertos_hooks.c.obj                     │        430 │   112 │    64 │     0 │    48 │        318 │       0 │        0 │   318 │       0 │             0 │           0 │
build	Build ESP32-C6 firmware	2026-09-24T11:25:05.3422919Z │ acd_dhcp_check.c.obj                     │        430 │     0 │     0 │     0 │     0 │        430 │       0 │        0 │   430 │       0 │             0 │           0 │
build	Build ESP32-C6 firmware	2026-09-24T11:25:05.3423665Z │ aes-unwrap.c.obj                         │        428 │     0 │     0 │     0 │     0 │        428 │       0 │        0 │   428 │       0 │             0 │           0 │
build	Build ESP32-C6 firmware	2026-09-24T11:25:05.3424909Z │ ieee80211_reg_db.o                       │        427 │   230 │     0 │   230 │     0 │        197 │      49 │        0 │   148 │       0 │             0 │           0 │
build	Build ESP32-C6 firmware	2026-09-24T11:25:05.3425675Z │ pm_mbssid.o                              │        424 │     0 │     0 │     0 │     0 │        424 │       0 │        0 │   424 │       0 │             0 │           0 │
build	Build ESP32-C6 firmware	2026-09-24T11:25:05.3426458Z │ brownout.c.obj                           │        419 │   293 │     0 │    47 │   246 │        126 │      24 │        0 │   102 │       0 │             0 │           0 │
build	Build ESP32-C6 firmware	2026-09-24T11:25:05.3427377Z │ libc_a-gmtime_r.o                        │        418 │     0 │     0 │     0 │     0 │        418 │       0 │        0 │   418 │       0 │             0 │           0 │
build	Build ESP32-C6 firmware	2026-09-24T11:25:05.3428159Z │ task_wdt_impl_timergroup.c.obj           │        416 │    12 │    12 │     0 │     0 │        404 │       0 │        0 │   404 │       0 │             0 │           0 │
build	Build ESP32-C6 firmware	2026-09-24T11:25:05.3428946Z │ ap_config.c.obj                          │        408 │     0 │     0 │     0 │     0 │        408 │       0 │        0 │   408 │       0 │             0 │           0 │
build	Build ESP32-C6 firmware	2026-09-24T11:25:05.3429693Z │ class_type_info.o                        │        402 │     0 │     0 │     0 │     0 │        402 │      44 │        0 │   358 │       0 │             0 │           0 │
build	Build ESP32-C6 firmware	2026-09-24T11:25:05.3430458Z │ ieee80211_crypto_tkip.o                  │        394 │    24 │     0 │    24 │     0 │        370 │       0 │        0 │   370 │       0 │             0 │           0 │
build	Build ESP32-C6 firmware	2026-09-24T11:25:05.3431243Z │ reset_reason.c.obj                       │        388 │    70 │     4 │     0 │    66 │        318 │      30 │        0 │   288 │       0 │             0 │           0 │
build	Build ESP32-C6 firmware	2026-09-24T11:25:05.3431997Z │ panic_handler.c.obj                      │        386 │    94 │     4 │     8 │    82 │        292 │       0 │        0 │   292 │       0 │             0 │           0 │
build	Build ESP32-C6 firmware	2026-09-24T11:25:05.3432780Z │ esp_efuse_startup.c.obj                  │        386 │     0 │     0 │     0 │     0 │        386 │      56 │        0 │   330 │       0 │             0 │           0 │
build	Build ESP32-C6 firmware	2026-09-24T11:25:05.3433532Z │ lv_img_buf.c.obj                         │        386 │     0 │     0 │     0 │     0 │        386 │       0 │        0 │   386 │       0 │             0 │           0 │
build	Build ESP32-C6 firmware	2026-09-24T11:25:05.3434262Z │ int_wdt.c.obj                            │        382 │   102 │     8 │     0 │    94 │        280 │       0 │        0 │   280 │       0 │             0 │           0 │
build	Build ESP32-C6 firmware	2026-09-24T11:25:05.3435221Z │ startup_funcs.c.obj                      │        382 │     0 │     0 │     0 │     0 │        382 │      80 │        0 │   302 │       0 │             0 │           0 │
build	Build ESP32-C6 firmware	2026-09-24T11:25:05.3435976Z │ vfs_lwip.c.obj                           │        382 │     0 │     0 │     0 │     0 │        382 │      30 │        0 │   352 │       0 │             0 │           0 │
build	Build ESP32-C6 firmware	2026-09-24T11:25:05.3436869Z │ hal_sniffer.o                            │        382 │     0 │     0 │     0 │     0 │        382 │       0 │        0 │   382 │       0 │             0 │           0 │
build	Build ESP32-C6 firmware	2026-09-24T11:25:05.3437593Z │ aes_hal.c.obj                            │        374 │     0 │     0 │     0 │     0 │        374 │       0 │        0 │   374 │       0 │             0 │           0 │
build	Build ESP32-C6 firmware	2026-09-24T11:25:05.3438342Z │ libc_a-tzcalc_limits.o                   │        370 │     0 │     0 │     0 │     0 │        370 │       0 │        0 │   370 │       0 │             0 │           0 │
build	Build ESP32-C6 firmware	2026-09-24T11:25:05.3439093Z │ libm_a-s_floor.o                         │        368 │     0 │     0 │     0 │     0 │        368 │       0 │        0 │   368 │       0 │             0 │           0 │
build	Build ESP32-C6 firmware	2026-09-24T11:25:05.3439982Z │ coexist_param.o                          │        367 │    47 │     1 │    46 │     0 │        320 │       0 │        0 │   320 │       0 │             0 │           0 │
build	Build ESP32-C6 firmware	2026-09-24T11:25:05.3440751Z │ app_startup.c.obj                        │        366 │     0 │     0 │     0 │     0 │        366 │      32 │        0 │   334 │       0 │             0 │           0 │
build	Build ESP32-C6 firmware	2026-09-24T11:25:05.3441493Z │ uart_hal_iram.c.obj                      │        366 │     0 │     0 │     0 │     0 │        366 │       0 │        0 │   366 │       0 │             0 │           0 │
build	Build ESP32-C6 firmware	2026-09-24T11:25:05.3442242Z │ esp_time_impl.c.obj                      │        364 │    12 │    12 │     0 │     0 │        352 │       0 │        0 │   352 │       0 │             0 │           0 │
build	Build ESP32-C6 firmware	2026-09-24T11:25:05.3442983Z │ misc_nvs.o                               │        360 │     9 │     9 │     0 │     0 │        351 │      43 │        0 │   308 │       0 │             0 │           0 │
build	Build ESP32-C6 firmware	2026-09-24T11:25:05.3443721Z │ board_i2c.c.obj                          │        347 │     1 │     1 │     0 │     0 │        346 │       0 │        0 │   346 │       0 │             0 │           0 │
build	Build ESP32-C6 firmware	2026-09-24T11:25:05.3444643Z │ crosscore_int.c.obj                      │        344 │   198 │     4 │     0 │   194 │        146 │      46 │        0 │   100 │       0 │             0 │           0 │
build	Build ESP32-C6 firmware	2026-09-24T11:25:05.3445427Z │ ieee80211_crypto_gcmp.o                  │        344 │    24 │     0 │    24 │     0 │        320 │       0 │        0 │   320 │       0 │             0 │           0 │
build	Build ESP32-C6 firmware	2026-09-24T11:25:05.3446208Z │ nvs_partition.cpp.obj                    │        344 │     0 │     0 │     0 │     0 │        344 │     104 │        0 │   240 │       0 │             0 │           0 │
build	Build ESP32-C6 firmware	2026-09-24T11:25:05.3446978Z │ sdspi_crc.c.obj                          │        344 │     0 │     0 │     0 │     0 │        344 │     256 │        0 │    88 │       0 │             0 │           0 │
build	Build ESP32-C6 firmware	2026-09-24T11:25:05.3447739Z │ lv_draw_sw.c.obj                         │        344 │     0 │     0 │     0 │     0 │        344 │       0 │        0 │   344 │       0 │             0 │           0 │
build	Build ESP32-C6 firmware	2026-09-24T11:25:05.3448481Z │ esp_ecc.c.obj                            │        344 │     0 │     0 │     0 │     0 │        344 │       0 │        0 │   344 │       0 │             0 │           0 │
build	Build ESP32-C6 firmware	2026-09-24T11:25:05.3449214Z │ assert.c.obj                             │        342 │   342 │     0 │     0 │   342 │          0 │       0 │        0 │     0 │       0 │             0 │           0 │
build	Build ESP32-C6 firmware	2026-09-24T11:25:05.3449975Z │ ieee80211_mesh_quick.o                   │        337 │   187 │   180 │     7 │     0 │        150 │       0 │        0 │   150 │       0 │             0 │           0 │
build	Build ESP32-C6 firmware	2026-09-24T11:25:05.3450755Z │ lwip_default_hooks.c.obj                 │        332 │     0 │     0 │     0 │     0 │        332 │       0 │        0 │   332 │       0 │             0 │           0 │
build	Build ESP32-C6 firmware	2026-09-24T11:25:05.3451513Z │ sha_hal.c.obj                            │        324 │     0 │     0 │     0 │     0 │        324 │       0 │        0 │   324 │       0 │             0 │           0 │
build	Build ESP32-C6 firmware	2026-09-24T11:25:05.3452241Z │ asn1write.c.obj                          │        324 │     0 │     0 │     0 │     0 │        324 │       0 │        0 │   324 │       0 │             0 │           0 │
build	Build ESP32-C6 firmware	2026-09-24T11:25:05.3453160Z │ libc_a-refill.o                          │        322 │     0 │     0 │     0 │     0 │        322 │       0 │        0 │   322 │       0 │             0 │           0 │
build	Build ESP32-C6 firmware	2026-09-24T11:25:05.3453892Z │ wpabuf.c.obj                             │        320 │     0 │     0 │     0 │     0 │        320 │       0 │        0 │   320 │       0 │             0 │           0 │
build	Build ESP32-C6 firmware	2026-09-24T11:25:05.3454946Z │ phy_pwdet.o                              │        318 │   126 │     0 │     0 │   126 │        192 │       0 │        0 │   192 │       0 │             0 │           0 │
build	Build ESP32-C6 firmware	2026-09-24T11:25:05.3455856Z │ log_linked_list.c.obj                    │        314 │     4 │     4 │     0 │     0 │        310 │       0 │        0 │   310 │       0 │             0 │           0 │
build	Build ESP32-C6 firmware	2026-09-24T11:25:05.3456605Z │ libc_a-fgets.o                           │        314 │     0 │     0 │     0 │     0 │        314 │       0 │        0 │   314 │       0 │             0 │           0 │
build	Build ESP32-C6 firmware	2026-09-24T11:25:05.3457348Z │ io_mux.c.obj                             │        312 │    12 │    12 │     0 │     0 │        300 │       0 │        0 │   300 │       0 │             0 │           0 │
build	Build ESP32-C6 firmware	2026-09-24T11:25:05.3458092Z │ pmu_sleep.c.obj                          │        312 │   312 │     1 │    63 │   248 │          0 │       0 │        0 │     0 │       0 │             0 │           0 │
build	Build ESP32-C6 firmware	2026-09-24T11:25:05.3458847Z │ ieee80211_ets.o                          │        311 │     0 │     0 │     0 │     0 │        311 │      63 │        0 │   248 │       0 │             0 │           0 │
build	Build ESP32-C6 firmware	2026-09-24T11:25:05.3459605Z │ pp_debug.o                               │        308 │   284 │   264 │     4 │    16 │         24 │       0 │        0 │    24 │       0 │             0 │           0 │
build	Build ESP32-C6 firmware	2026-09-24T11:25:05.3460376Z │ spi_flash_encrypt_hal_iram.c.obj         │        308 │   308 │     0 │    36 │   272 │          0 │       0 │        0 │     0 │       0 │             0 │           0 │
build	Build ESP32-C6 firmware	2026-09-24T11:25:05.3461179Z │ interrupts.c.obj                         │        308 │     0 │     0 │     0 │     0 │        308 │     308 │        0 │     0 │       0 │             0 │           0 │
build	Build ESP32-C6 firmware	2026-09-24T11:25:05.3461925Z │ lv_hal_indev.c.obj                       │        308 │     0 │     0 │     0 │     0 │        308 │       0 │        0 │   308 │       0 │             0 │           0 │
build	Build ESP32-C6 firmware	2026-09-24T11:25:05.3462678Z │ constant_time.c.obj                      │        306 │     0 │     0 │     0 │     0 │        306 │       0 │        0 │   306 │       0 │             0 │           0 │
build	Build ESP32-C6 firmware	2026-09-24T11:25:05.3463459Z │ board_backlight.c.obj                    │        305 │     1 │     1 │     0 │     0 │        304 │       0 │        0 │   304 │       0 │             0 │           0 │
build	Build ESP32-C6 firmware	2026-09-24T11:25:05.3464219Z │ esp_netif_lwip.c.obj                     │        300 │     8 │     8 │     0 │     0 │        292 │       0 │        0 │   292 │       0 │             0 │           0 │
build	Build ESP32-C6 firmware	2026-09-24T11:25:05.3465389Z │ sleep_clock.c.obj                        │        300 │     0 │     0 │     0 │     0 │        300 │     130 │        0 │   170 │       0 │             0 │           0 │
build	Build ESP32-C6 firmware	2026-09-24T11:25:05.3466163Z │ lv_obj_style_gen.c.obj                   │        300 │     0 │     0 │     0 │     0 │        300 │       0 │        0 │   300 │       0 │             0 │           0 │
build	Build ESP32-C6 firmware	2026-09-24T11:25:05.3466909Z │ apm_hal.c.obj                            │        292 │     0 │     0 │     0 │     0 │        292 │       0 │        0 │   292 │       0 │             0 │           0 │
build	Build ESP32-C6 firmware	2026-09-24T11:25:05.3467800Z │ hw_random.c.obj                          │        290 │   138 │     4 │     0 │   134 │        152 │      24 │        0 │   128 │       0 │             0 │           0 │
build	Build ESP32-C6 firmware	2026-09-24T11:25:05.3468576Z │ esp_rom_tlsf.c.obj                       │        288 │   284 │    84 │     0 │   200 │          4 │       4 │        0 │     0 │       0 │             0 │           0 │
build	Build ESP32-C6 firmware	2026-09-24T11:25:05.3469348Z │ phy_basic.o                              │        288 │     0 │     0 │     0 │     0 │        288 │       0 │        0 │   288 │       0 │             0 │           0 │
build	Build ESP32-C6 firmware	2026-09-24T11:25:05.3470088Z │ sha256-prf.c.obj                         │        284 │     0 │     0 │     0 │     0 │        284 │       0 │        0 │   284 │       0 │             0 │           0 │
build	Build ESP32-C6 firmware	2026-09-24T11:25:05.3470828Z │ pp_he_ctrl.o                             │        280 │    28 │    26 │     2 │     0 │        252 │       0 │        0 │   252 │       0 │             0 │           0 │
build	Build ESP32-C6 firmware	2026-09-24T11:25:05.3471572Z │ sha256-kdf.c.obj                         │        280 │     0 │     0 │     0 │     0 │        280 │       0 │        0 │   280 │       0 │             0 │           0 │
build	Build ESP32-C6 firmware	2026-09-24T11:25:05.3472322Z │ adc_share_hw_ctrl.c.obj                  │        278 │     4 │     4 │     0 │     0 │        274 │      20 │        0 │   254 │       0 │             0 │           0 │
build	Build ESP32-C6 firmware	2026-09-24T11:25:05.3473085Z │ lv_font.c.obj                            │        278 │     0 │     0 │     0 │     0 │        278 │       0 │        0 │   278 │       0 │             0 │           0 │
build	Build ESP32-C6 firmware	2026-09-24T11:25:05.3473826Z │ hopper_policy.c.obj                      │        278 │     0 │     0 │     0 │     0 │        278 │       0 │        0 │   278 │       0 │             0 │           0 │
build	Build ESP32-C6 firmware	2026-09-24T11:25:05.3474796Z │ phy_analog_cal.o                         │        274 │     0 │     0 │     0 │     0 │        274 │       0 │        0 │   274 │       0 │             0 │           0 │
build	Build ESP32-C6 firmware	2026-09-24T11:25:05.3475596Z │ ieee80211_debug.o                        │        268 │    64 │    64 │     0 │     0 │        204 │       0 │        0 │   204 │       0 │             0 │           0 │
build	Build ESP32-C6 firmware	2026-09-24T11:25:05.3476353Z │ lv_draw_layer.c.obj                      │        268 │     0 │     0 │     0 │     0 │        268 │       0 │        0 │   268 │       0 │             0 │           0 │
build	Build ESP32-C6 firmware	2026-09-24T11:25:05.3477099Z │ phy_11ax.o                               │        266 │     0 │     0 │     0 │     0 │        266 │       0 │        0 │   266 │       0 │             0 │           0 │
build	Build ESP32-C6 firmware	2026-09-24T11:25:05.3477837Z │ vectors_intc.S.obj                       │        258 │   258 │     0 │     0 │   258 │          0 │       0 │        0 │     0 │       0 │             0 │           0 │
build	Build ESP32-C6 firmware	2026-09-24T11:25:05.3478584Z │ libc_a-fdopen.o                          │        258 │     0 │     0 │     0 │     0 │        258 │       0 │        0 │   258 │       0 │             0 │           0 │
build	Build ESP32-C6 firmware	2026-09-24T11:25:05.3479343Z │ libc_a-ctype_.o                          │        257 │     0 │     0 │     0 │     0 │        257 │     257 │        0 │     0 │       0 │             0 │           0 │
build	Build ESP32-C6 firmware	2026-09-24T11:25:05.3480075Z │ libc_a-fopen.o                           │        252 │     0 │     0 │     0 │     0 │        252 │       0 │        0 │   252 │       0 │             0 │           0 │
build	Build ESP32-C6 firmware	2026-09-24T11:25:05.3480981Z │ libc_a-reent.o                           │        252 │     0 │     0 │     0 │     0 │        252 │       0 │        0 │   252 │       0 │             0 │           0 │
build	Build ESP32-C6 firmware	2026-09-24T11:25:05.3481712Z │ startup.c.obj                            │        250 │     8 │     8 │     0 │     0 │        242 │       4 │        0 │   238 │       0 │             0 │           0 │
build	Build ESP32-C6 firmware	2026-09-24T11:25:05.3482435Z │ rc4.c.obj                                │        250 │     0 │     0 │     0 │     0 │        250 │       0 │        0 │   250 │       0 │             0 │           0 │
build	Build ESP32-C6 firmware	2026-09-24T11:25:05.3483203Z │ eh_globals.o                             │        249 │    13 │    13 │     0 │     0 │        236 │      12 │        0 │   224 │       0 │             0 │           0 │
build	Build ESP32-C6 firmware	2026-09-24T11:25:05.3484166Z │ clk_ctrl_os.c.obj                        │        246 │     5 │     5 │     0 │     0 │        241 │      29 │        0 │   212 │       0 │             0 │           0 │
build	Build ESP32-C6 firmware	2026-09-24T11:25:05.3485032Z │ flash_ops.c.obj                          │        246 │    66 │     0 │     8 │    58 │        180 │      22 │        0 │   158 │       0 │             0 │           0 │
build	Build ESP32-C6 firmware	2026-09-24T11:25:05.3485784Z │ libc_a-impure.o                          │        244 │   244 │     0 │   244 │     0 │          0 │       0 │        0 │     0 │       0 │             0 │           0 │
build	Build ESP32-C6 firmware	2026-09-24T11:25:05.3486526Z │ split_argv.c.obj                         │        244 │     0 │     0 │     0 │     0 │        244 │       0 │        0 │   244 │       0 │             0 │           0 │
build	Build ESP32-C6 firmware	2026-09-24T11:25:05.3487268Z │ libc_a-fclose.o                          │        238 │     0 │     0 │     0 │     0 │        238 │       0 │        0 │   238 │       0 │             0 │           0 │
build	Build ESP32-C6 firmware	2026-09-24T11:25:05.3488042Z │ periph_ctrl.c.obj                        │        235 │   161 │    41 │     0 │   120 │         74 │       0 │        0 │    74 │       0 │             0 │           0 │
build	Build ESP32-C6 firmware	2026-09-24T11:25:05.3488808Z │ esp_ota_ops.c.obj                        │        232 │     4 │     4 │     0 │     0 │        228 │      30 │        0 │   198 │       0 │             0 │           0 │
build	Build ESP32-C6 firmware	2026-09-24T11:25:05.3489551Z │ i2c_hal_iram.c.obj                       │        232 │   232 │     0 │     0 │   232 │          0 │       0 │        0 │     0 │       0 │             0 │           0 │
build	Build ESP32-C6 firmware	2026-09-24T11:25:05.3490302Z │ libc_a-__call_atexit.o                   │        230 │     8 │     4 │     4 │     0 │        222 │       0 │        0 │   222 │       0 │             0 │           0 │
build	Build ESP32-C6 firmware	2026-09-24T11:25:05.3491041Z │ util.c.obj                               │        228 │     0 │     0 │     0 │     0 │        228 │       0 │        0 │   228 │       0 │             0 │           0 │
build	Build ESP32-C6 firmware	2026-09-24T11:25:05.3491774Z │ if_hecfg.o                               │        224 │   146 │     0 │     0 │   146 │         78 │      78 │        0 │     0 │       0 │             0 │           0 │
build	Build ESP32-C6 firmware	2026-09-24T11:25:05.3492513Z │ rate_control.o                           │        224 │     0 │     0 │     0 │     0 │        224 │       0 │        0 │   224 │       0 │             0 │           0 │
build	Build ESP32-C6 firmware	2026-09-24T11:25:05.3493448Z │ lv_spinner.c.obj                         │        220 │     8 │     8 │     0 │     0 │        212 │      28 │        0 │   184 │       0 │             0 │           0 │
build	Build ESP32-C6 firmware	2026-09-24T11:25:05.3494192Z │ portasm.S.obj                            │        216 │   216 │     0 │     0 │   216 │          0 │       0 │        0 │     0 │       0 │             0 │           0 │
build	Build ESP32-C6 firmware	2026-09-24T11:25:05.3495042Z │ brownout_hal.c.obj                       │        216 │     0 │     0 │     0 │     0 │        216 │       0 │        0 │   216 │       0 │             0 │           0 │
build	Build ESP32-C6 firmware	2026-09-24T11:25:05.3495924Z │ eh_catch.o                               │        214 │     0 │     0 │     0 │     0 │        214 │       0 │        0 │   214 │       0 │             0 │           0 │
build	Build ESP32-C6 firmware	2026-09-24T11:25:05.3496655Z │ libc_a-fwrite.o                          │        212 │     0 │     0 │     0 │     0 │        212 │       0 │        0 │   212 │       0 │             0 │           0 │
build	Build ESP32-C6 firmware	2026-09-24T11:25:05.3497403Z │ board_spi.c.obj                          │        211 │     1 │     1 │     0 │     0 │        210 │       0 │        0 │   210 │       0 │             0 │           0 │
build	Build ESP32-C6 firmware	2026-09-24T11:25:05.3498131Z │ mem.c.obj                                │        210 │     0 │     0 │     0 │     0 │        210 │      20 │        0 │   190 │       0 │             0 │           0 │
build	Build ESP32-C6 firmware	2026-09-24T11:25:05.3498839Z │ pk.c.obj                                 │        208 │     0 │     0 │     0 │     0 │        208 │       0 │        0 │   208 │       0 │             0 │           0 │
build	Build ESP32-C6 firmware	2026-09-24T11:25:05.3499576Z │ ffsystem.c.obj                           │        206 │    12 │    12 │     0 │     0 │        194 │       0 │        0 │   194 │       0 │             0 │           0 │
build	Build ESP32-C6 firmware	2026-09-24T11:25:05.3500316Z │ coexist_api.o                            │        204 │    46 │     0 │     4 │    42 │        158 │       0 │        0 │   158 │       0 │             0 │           0 │
build	Build ESP32-C6 firmware	2026-09-24T11:25:05.3501060Z │ libc_a-stdio.o                           │        200 │     0 │     0 │     0 │     0 │        200 │       0 │        0 │   200 │       0 │             0 │           0 │
build	Build ESP32-C6 firmware	2026-09-24T11:25:05.3501807Z │ esp_lcd_panel_io.c.obj                   │        196 │     0 │     0 │     0 │     0 │        196 │      52 │        0 │   144 │       0 │             0 │           0 │
build	Build ESP32-C6 firmware	2026-09-24T11:25:05.3502543Z │ phy_api.o                                │        194 │     0 │     0 │     0 │     0 │        194 │       0 │        0 │   194 │       0 │             0 │           0 │
build	Build ESP32-C6 firmware	2026-09-24T11:25:05.3503285Z │ lv_img_cache.c.obj                       │        192 │     0 │     0 │     0 │     0 │        192 │       0 │        0 │   192 │       0 │             0 │           0 │
build	Build ESP32-C6 firmware	2026-09-24T11:25:05.3504006Z │ dns.c.obj                                │        190 │    72 │    72 │     0 │     0 │        118 │       0 │        0 │   118 │       0 │             0 │           0 │
build	Build ESP32-C6 firmware	2026-09-24T11:25:05.3505062Z │ heap.c.obj                               │        190 │   190 │     0 │     0 │   190 │          0 │       0 │        0 │     0 │       0 │             0 │           0 │
build	Build ESP32-C6 firmware	2026-09-24T11:25:05.3505817Z │ hw_stack_guard.c.obj                     │        188 │     0 │     0 │     0 │     0 │        188 │       8 │        0 │   180 │       0 │             0 │           0 │
build	Build ESP32-C6 firmware	2026-09-24T11:25:05.3506572Z │ memory_layout.c.obj                      │        188 │     0 │     0 │     0 │     0 │        188 │     188 │        0 │     0 │       0 │             0 │           0 │
build	Build ESP32-C6 firmware	2026-09-24T11:25:05.3507355Z │ tag_log_level.c.obj                      │        188 │     0 │     0 │     0 │     0 │        188 │       0 │        0 │   188 │       0 │             0 │           0 │
build	Build ESP32-C6 firmware	2026-09-24T11:25:05.3508089Z │ sha1-prf.c.obj                           │        188 │     0 │     0 │     0 │     0 │        188 │       0 │        0 │   188 │       0 │             0 │           0 │
build	Build ESP32-C6 firmware	2026-09-24T11:25:05.3508988Z │ netbuf.c.obj                             │        187 │     0 │     0 │     0 │     0 │        187 │      13 │        0 │   174 │       0 │             0 │           0 │
build	Build ESP32-C6 firmware	2026-09-24T11:25:05.3509755Z │ system_time.c.obj                        │        184 │    44 │     8 │     0 │    36 │        140 │       0 │        0 │   140 │       0 │             0 │           0 │
build	Build ESP32-C6 firmware	2026-09-24T11:25:05.3510527Z │ cache_utils.c.obj                        │        184 │   146 │     8 │     0 │   138 │         38 │       0 │        0 │    38 │       0 │             0 │           0 │
build	Build ESP32-C6 firmware	2026-09-24T11:25:05.3511516Z │ lv_draw_rect.c.obj                       │        184 │   122 │     0 │     0 │   122 │         62 │       0 │        0 │    62 │       0 │             0 │           0 │
build	Build ESP32-C6 firmware	2026-09-24T11:25:05.3512249Z │ pk_ecc.c.obj                             │        184 │     0 │     0 │     0 │     0 │        184 │       0 │        0 │   184 │       0 │             0 │           0 │
build	Build ESP32-C6 firmware	2026-09-24T11:25:05.3512983Z │ libc_a-putc.o                            │        182 │     0 │     0 │     0 │     0 │        182 │       0 │        0 │   182 │       0 │             0 │           0 │
build	Build ESP32-C6 firmware	2026-09-24T11:25:05.3513701Z │ phy_tsens.o                              │        180 │     0 │     0 │     0 │     0 │        180 │       0 │        0 │   180 │       0 │             0 │           0 │
build	Build ESP32-C6 firmware	2026-09-24T11:25:05.3514539Z │ esp_err.c.obj                            │        178 │   178 │     0 │     0 │   178 │          0 │       0 │        0 │     0 │       0 │             0 │           0 │
build	Build ESP32-C6 firmware	2026-09-24T11:25:05.3515302Z │ log_lock.c.obj                           │        172 │   172 │     4 │     0 │   168 │          0 │       0 │        0 │     0 │       0 │             0 │           0 │
build	Build ESP32-C6 firmware	2026-09-24T11:25:05.3516042Z │ esp_efuse_api.c.obj                      │        172 │     0 │     0 │     0 │     0 │        172 │       0 │        0 │   172 │       0 │             0 │           0 │
build	Build ESP32-C6 firmware	2026-09-24T11:25:05.3516800Z │ libc_a-getenv_r.o                        │        172 │     0 │     0 │     0 │     0 │        172 │       0 │        0 │   172 │       0 │             0 │           0 │
build	Build ESP32-C6 firmware	2026-09-24T11:25:05.3517524Z │ libc_a-puts.o                            │        172 │     0 │     0 │     0 │     0 │        172 │       0 │        0 │   172 │       0 │             0 │           0 │
build	Build ESP32-C6 firmware	2026-09-24T11:25:05.3518307Z │ usb_serial_jtag_connection_monitor.c.obj │        169 │   109 │     5 │     0 │   104 │         60 │       8 │        0 │    52 │       0 │             0 │           0 │
build	Build ESP32-C6 firmware	2026-09-24T11:25:05.3519130Z │ esp_crypto_lock.c.obj                    │        168 │    12 │    12 │     0 │     0 │        156 │       0 │        0 │   156 │       0 │             0 │           0 │
build	Build ESP32-C6 firmware	2026-09-24T11:25:05.3519865Z │ hal_test.o                               │        166 │    56 │    56 │     0 │     0 │        110 │       0 │        0 │   110 │       0 │             0 │           0 │
build	Build ESP32-C6 firmware	2026-09-24T11:25:05.3520775Z │ ieee80211_ie_vendor.o                    │        166 │     0 │     0 │     0 │     0 │        166 │       0 │        0 │   166 │       0 │             0 │           0 │
build	Build ESP32-C6 firmware	2026-09-24T11:25:05.3521533Z │ cache_err_int.c.obj                      │        165 │     0 │     0 │     0 │     0 │        165 │      19 │        0 │   146 │       0 │             0 │           0 │
build	Build ESP32-C6 firmware	2026-09-24T11:25:05.3522260Z │ lv_win.c.obj                             │        164 │     2 │     2 │     0 │     0 │        162 │      28 │        0 │   134 │       0 │             0 │           0 │
build	Build ESP32-C6 firmware	2026-09-24T11:25:05.3522999Z │ port_common.c.obj                        │        162 │   132 │     0 │     0 │   132 │         30 │      30 │        0 │     0 │       0 │             0 │           0 │
build	Build ESP32-C6 firmware	2026-09-24T11:25:05.3523878Z │ gpio_hal.c.obj                           │        162 │     0 │     0 │     0 │     0 │        162 │      28 │        0 │   134 │       0 │             0 │           0 │
build	Build ESP32-C6 firmware	2026-09-24T11:25:05.3524756Z │ esp_aes_common.c.obj                     │        162 │     0 │     0 │     0 │     0 │        162 │       0 │        0 │   162 │       0 │             0 │           0 │
build	Build ESP32-C6 firmware	2026-09-24T11:25:05.3525514Z │ pau_regdma.c.obj                         │        156 │   124 │     4 │     4 │   116 │         32 │       0 │        0 │    32 │       0 │             0 │           0 │
build	Build ESP32-C6 firmware	2026-09-24T11:25:05.3526282Z │ libc_a-fputs.o                           │        156 │     0 │     0 │     0 │     0 │        156 │       0 │        0 │   156 │       0 │             0 │           0 │
build	Build ESP32-C6 firmware	2026-09-24T11:25:05.3527047Z │ ieee80211_crypto_wep.o                   │        154 │    24 │     0 │    24 │     0 │        130 │       0 │        0 │   130 │       0 │             0 │           0 │
build	Build ESP32-C6 firmware	2026-09-24T11:25:05.3527827Z │ heap_align_hw.c.obj                      │        152 │   152 │     0 │     0 │   152 │          0 │       0 │        0 │     0 │       0 │             0 │           0 │
build	Build ESP32-C6 firmware	2026-09-24T11:25:05.3528590Z │ gdma_hal_top.c.obj                       │        150 │    42 │     0 │     0 │    42 │        108 │       0 │        0 │   108 │       0 │             0 │           0 │
build	Build ESP32-C6 firmware	2026-09-24T11:25:05.3529336Z │ pm_beacon_offset.o                       │        149 │     4 │     0 │     4 │     0 │        145 │      29 │        0 │   116 │       0 │             0 │           0 │
build	Build ESP32-C6 firmware	2026-09-24T11:25:05.3530074Z │ arg_utils.c.obj                          │        148 │     4 │     0 │     4 │     0 │        144 │       0 │        0 │   144 │       0 │             0 │           0 │
build	Build ESP32-C6 firmware	2026-09-24T11:25:05.3530799Z │ pau_hal.c.obj                            │        146 │     0 │     0 │     0 │     0 │        146 │      32 │        0 │   114 │       0 │             0 │           0 │
build	Build ESP32-C6 firmware	2026-09-24T11:25:05.3531556Z │ debug_helpers.c.obj                      │        144 │   144 │     0 │     0 │   144 │          0 │       0 │        0 │     0 │       0 │             0 │           0 │
build	Build ESP32-C6 firmware	2026-09-24T11:25:05.3532313Z │ heap_idf.c.obj                           │        142 │   142 │     0 │     0 │   142 │          0 │       0 │        0 │     0 │       0 │             0 │           0 │
build	Build ESP32-C6 firmware	2026-09-24T11:25:05.3533039Z │ lv_theme.c.obj                           │        142 │     0 │     0 │     0 │     0 │        142 │       0 │        0 │   142 │       0 │             0 │           0 │
build	Build ESP32-C6 firmware	2026-09-24T11:25:05.3533763Z │ efuse_hal.c.obj                          │        140 │   140 │     0 │     0 │   140 │          0 │       0 │        0 │     0 │       0 │             0 │           0 │
build	Build ESP32-C6 firmware	2026-09-24T11:25:05.3534598Z │ list.c.obj                               │        140 │   140 │     0 │     0 │   140 │          0 │       0 │        0 │     0 │       0 │             0 │           0 │
build	Build ESP32-C6 firmware	2026-09-24T11:25:05.3535345Z │ libc_a-fgetc.o                           │        140 │     0 │     0 │     0 │     0 │        140 │       0 │        0 │   140 │       0 │             0 │           0 │
build	Build ESP32-C6 firmware	2026-09-24T11:25:05.3536071Z │ lv_disp.c.obj                            │        138 │     0 │     0 │     0 │     0 │        138 │       0 │        0 │   138 │       0 │             0 │           0 │
build	Build ESP32-C6 firmware	2026-09-24T11:25:05.3536966Z │ esp_system.c.obj                         │        136 │    20 │    20 │     0 │     0 │        116 │       0 │        0 │   116 │       0 │             0 │           0 │
build	Build ESP32-C6 firmware	2026-09-24T11:25:05.3537697Z │ abort.c.obj                              │        134 │   134 │     0 │     0 │   134 │          0 │       0 │        0 │     0 │       0 │             0 │           0 │
build	Build ESP32-C6 firmware	2026-09-24T11:25:05.3538416Z │ libc_a-fputc.o                           │        132 │     0 │     0 │     0 │     0 │        132 │       0 │        0 │   132 │       0 │             0 │           0 │
build	Build ESP32-C6 firmware	2026-09-24T11:25:05.3539312Z │ default_event_loop.c.obj                 │        130 │     4 │     4 │     0 │     0 │        126 │      20 │        0 │   106 │       0 │             0 │           0 │
build	Build ESP32-C6 firmware	2026-09-24T11:25:05.3540077Z │ usb_serial_jtag.c.obj                    │        128 │     4 │     4 │     0 │     0 │        124 │       0 │        0 │   124 │       0 │             0 │           0 │
build	Build ESP32-C6 firmware	2026-09-24T11:25:05.3540844Z │ phy_init_data.c.obj                      │        128 │     0 │     0 │     0 │     0 │        128 │     128 │        0 │     0 │       0 │             0 │           0 │
build	Build ESP32-C6 firmware	2026-09-24T11:25:05.3541578Z │ os_xtensa.c.obj                          │        128 │     0 │     0 │     0 │     0 │        128 │       0 │        0 │   128 │       0 │             0 │           0 │
build	Build ESP32-C6 firmware	2026-09-24T11:25:05.3542328Z │ spi_flash_os_func_noos.c.obj             │        126 │   126 │     0 │    40 │    86 │          0 │       0 │        0 │     0 │       0 │             0 │           0 │
build	Build ESP32-C6 firmware	2026-09-24T11:25:05.3543098Z │ pmu_hal.c.obj                            │        124 │   124 │     0 │     0 │   124 │          0 │       0 │        0 │     0 │       0 │             0 │           0 │
build	Build ESP32-C6 firmware	2026-09-24T11:25:05.3543827Z │ gpio_periph.c.obj                        │        124 │     0 │     0 │     0 │     0 │        124 │     124 │        0 │     0 │       0 │             0 │           0 │
build	Build ESP32-C6 firmware	2026-09-24T11:25:05.3544836Z │ rtc_io_periph.c.obj                      │        124 │     0 │     0 │     0 │     0 │        124 │     124 │        0 │     0 │       0 │             0 │           0 │
build	Build ESP32-C6 firmware	2026-09-24T11:25:05.3545590Z │ libc_a-flags.o                           │        122 │     0 │     0 │     0 │     0 │        122 │       0 │        0 │   122 │       0 │             0 │           0 │
build	Build ESP32-C6 firmware	2026-09-24T11:25:05.3546311Z │ hal_pwr.o                                │        120 │    92 │     0 │     0 │    92 │         28 │       0 │        0 │    28 │       0 │             0 │           0 │
build	Build ESP32-C6 firmware	2026-09-24T11:25:05.3547043Z │ new_op.o                                 │        120 │     0 │     0 │     0 │     0 │        120 │      46 │        0 │    74 │       0 │             0 │           0 │
build	Build ESP32-C6 firmware	2026-09-24T11:25:05.3547771Z │ log_timestamp.c.obj                      │        118 │   118 │     4 │     0 │   114 │          0 │       0 │        0 │     0 │       0 │             0 │           0 │
build	Build ESP32-C6 firmware	2026-09-24T11:25:05.3548713Z │ libc_a-fileno.o                          │        116 │     0 │     0 │     0 │     0 │        116 │       0 │        0 │   116 │       0 │             0 │           0 │
build	Build ESP32-C6 firmware	2026-09-24T11:25:05.3549485Z │ esp_dpa_protection.c.obj                 │        115 │     0 │     0 │     0 │     0 │        115 │      25 │        0 │    90 │       0 │             0 │           0 │
build	Build ESP32-C6 firmware	2026-09-24T11:25:05.3550246Z │ phy_debug.o                              │        112 │    40 │    40 │     0 │     0 │         72 │       0 │        0 │    72 │       0 │             0 │           0 │
build	Build ESP32-C6 firmware	2026-09-24T11:25:05.3551118Z │ ip4_addr.c.obj                           │        112 │     0 │     0 │     0 │     0 │        112 │      48 │        0 │    64 │       0 │             0 │           0 │
build	Build ESP32-C6 firmware	2026-09-24T11:25:05.3551848Z │ esp_cache.c.obj                          │        110 │   110 │     0 │    24 │    86 │          0 │       0 │        0 │     0 │       0 │             0 │           0 │
build	Build ESP32-C6 firmware	2026-09-24T11:25:05.3552585Z │ ip.c.obj                                 │        108 │    68 │    68 │     0 │     0 │         40 │       0 │        0 │    40 │       0 │             0 │           0 │
build	Build ESP32-C6 firmware	2026-09-24T11:25:05.3553287Z │ cpu.c.obj                                │        108 │    28 │     0 │     0 │    28 │         80 │       0 │        0 │    80 │       0 │             0 │           0 │
build	Build ESP32-C6 firmware	2026-09-24T11:25:05.3554003Z │ syscalls.c.obj                           │        108 │     0 │     0 │     0 │     0 │        108 │       0 │        0 │   108 │       0 │             0 │           0 │
build	Build ESP32-C6 firmware	2026-09-24T11:25:05.3554880Z │ esp_owe.c.obj                            │        108 │     0 │     0 │     0 │     0 │        108 │       0 │        0 │   108 │       0 │             0 │           0 │
build	Build ESP32-C6 firmware	2026-09-24T11:25:05.3555644Z │ err.c.obj                                │        106 │     0 │     0 │     0 │     0 │        106 │      68 │        0 │    38 │       0 │             0 │           0 │
build	Build ESP32-C6 firmware	2026-09-24T11:25:05.3556395Z │ sha256.c.obj                             │        106 │     0 │     0 │     0 │     0 │        106 │       0 │        0 │   106 │       0 │             0 │           0 │
build	Build ESP32-C6 firmware	2026-09-24T11:25:05.3557133Z │ multi_heap.c.obj                         │        104 │   104 │     0 │     8 │    96 │          0 │       0 │        0 │     0 │       0 │             0 │           0 │
build	Build ESP32-C6 firmware	2026-09-24T11:25:05.3557902Z │ libc_a-fwalk.o                           │        104 │     0 │     0 │     0 │     0 │        104 │       0 │        0 │   104 │       0 │             0 │           0 │
build	Build ESP32-C6 firmware	2026-09-24T11:25:05.3558668Z │ esp_cpu_intr.c.obj                       │        102 │     0 │     0 │     0 │     0 │        102 │       0 │        0 │   102 │       0 │             0 │           0 │
build	Build ESP32-C6 firmware	2026-09-24T11:25:05.3559411Z │ sd_pwr_ctrl.c.obj                        │        101 │     0 │     0 │     0 │     0 │        101 │      27 │        0 │    74 │       0 │             0 │           0 │
build	Build ESP32-C6 firmware	2026-09-24T11:25:05.3560230Z │ temperature_sensor_periph.c.obj          │        100 │     0 │     0 │     0 │     0 │        100 │     100 │        0 │     0 │       0 │             0 │           0 │
build	Build ESP32-C6 firmware	2026-09-24T11:25:05.3560998Z │ esp_md.c.obj                             │        100 │     0 │     0 │     0 │     0 │        100 │       0 │        0 │   100 │       0 │             0 │           0 │
build	Build ESP32-C6 firmware	2026-09-24T11:25:05.3561741Z │ libc_a-gettzinfo.o                       │         98 │    88 │     0 │    88 │     0 │         10 │       0 │        0 │    10 │       0 │             0 │           0 │
build	Build ESP32-C6 firmware	2026-09-24T11:25:05.3562488Z │ lv_btn.c.obj                             │         98 │     0 │     0 │     0 │     0 │         98 │      28 │        0 │    70 │       0 │             0 │           0 │
build	Build ESP32-C6 firmware	2026-09-24T11:25:05.3563193Z │ lv_utils.c.obj                           │         98 │     0 │     0 │     0 │     0 │         98 │       0 │        0 │    98 │       0 │             0 │           0 │
build	Build ESP32-C6 firmware	2026-09-24T11:25:05.3564085Z │ phy_override.c.obj                       │         97 │    79 │     1 │     0 │    78 │         18 │       0 │        0 │    18 │       0 │             0 │           0 │
build	Build ESP32-C6 firmware	2026-09-24T11:25:05.3564942Z │ libc_a-month_lengths.o                   │         96 │     0 │     0 │     0 │     0 │         96 │      96 │        0 │     0 │       0 │             0 │           0 │
build	Build ESP32-C6 firmware	2026-09-24T11:25:05.3565688Z │ libc_a-ferror.o                          │         96 │     0 │     0 │     0 │     0 │         96 │       0 │        0 │    96 │       0 │             0 │           0 │
build	Build ESP32-C6 firmware	2026-09-24T11:25:05.3566442Z │ nvs_partition_lookup.cpp.obj             │         90 │     0 │     0 │     0 │     0 │         90 │       0 │        0 │    90 │       0 │             0 │           0 │
build	Build ESP32-C6 firmware	2026-09-24T11:25:05.3567346Z │ lv_draw_line.c.obj                       │         88 │    88 │     0 │     0 │    88 │          0 │       0 │        0 │     0 │       0 │             0 │           0 │
build	Build ESP32-C6 firmware	2026-09-24T11:25:05.3568105Z │ log_write.c.obj                          │         86 │    36 │     0 │     4 │    32 │         50 │       0 │        0 │    50 │       0 │             0 │           0 │
build	Build ESP32-C6 firmware	2026-09-24T11:25:05.3568823Z │ libc_a-rget.o                            │         86 │     0 │     0 │     0 │     0 │         86 │       0 │        0 │    86 │       0 │             0 │           0 │
build	Build ESP32-C6 firmware	2026-09-24T11:25:05.3569541Z │ lv_hal_tick.c.obj                        │         85 │     5 │     5 │     0 │     0 │         80 │       0 │        0 │    80 │       0 │             0 │           0 │
build	Build ESP32-C6 firmware	2026-09-24T11:25:05.3570276Z │ esp_efuse_table.c.obj                    │         84 │    48 │     0 │    48 │     0 │         36 │      36 │        0 │     0 │       0 │             0 │           0 │
build	Build ESP32-C6 firmware	2026-09-24T11:25:05.3571026Z │ lv_list.c.obj                            │         84 │     0 │     0 │     0 │     0 │         84 │      84 │        0 │     0 │       0 │             0 │           0 │
build	Build ESP32-C6 firmware	2026-09-24T11:25:05.3571752Z │ md5.c.obj                                │         84 │     0 │     0 │     0 │     0 │         84 │       0 │        0 │    84 │       0 │             0 │           0 │
build	Build ESP32-C6 firmware	2026-09-24T11:25:05.3572452Z │ sha1.c.obj                               │         84 │     0 │     0 │     0 │     0 │         84 │       0 │        0 │    84 │       0 │             0 │           0 │
build	Build ESP32-C6 firmware	2026-09-24T11:25:05.3573152Z │ wl_offchan.o                             │         82 │     8 │     8 │     0 │     0 │         74 │       0 │        0 │    74 │       0 │             0 │           0 │
build	Build ESP32-C6 firmware	2026-09-24T11:25:05.3573891Z │ flash_brownout_hook.c.obj                │         78 │    78 │     2 │     0 │    76 │          0 │       0 │        0 │     0 │       0 │             0 │           0 │
build	Build ESP32-C6 firmware	2026-09-24T11:25:05.3574782Z │ instruction_decode.c.obj                 │         76 │     0 │     0 │     0 │     0 │         76 │       0 │        0 │    76 │       0 │             0 │           0 │
build	Build ESP32-C6 firmware	2026-09-24T11:25:05.3575547Z │ spi_periph.c.obj                         │         72 │     0 │     0 │     0 │     0 │         72 │      72 │        0 │     0 │       0 │             0 │           0 │
build	Build ESP32-C6 firmware	2026-09-24T11:25:05.3576425Z │ libc_a-time.o                            │         70 │     0 │     0 │     0 │     0 │         70 │       0 │        0 │    70 │       0 │             0 │           0 │
build	Build ESP32-C6 firmware	2026-09-24T11:25:05.3577136Z │ mesh_parent.o                            │         68 │     4 │     4 │     0 │     0 │         64 │       0 │        0 │    64 │       0 │             0 │           0 │
build	Build ESP32-C6 firmware	2026-09-24T11:25:05.3577855Z │ stdatomic.c.obj                          │         68 │    68 │     0 │     0 │    68 │          0 │       0 │        0 │     0 │       0 │             0 │           0 │
build	Build ESP32-C6 firmware	2026-09-24T11:25:05.3578710Z │ init.c.obj                               │         66 │     0 │     0 │     0 │     0 │         66 │       8 │        0 │    42 │       0 │             0 │           0 │
build	Build ESP32-C6 firmware	2026-09-24T11:25:05.3579414Z │ bad_alloc.o                              │         66 │     0 │     0 │     0 │     0 │         66 │      20 │        0 │    46 │       0 │             0 │           0 │
build	Build ESP32-C6 firmware	2026-09-24T11:25:05.3580155Z │ eh_terminate.o                           │         66 │     0 │     0 │     0 │     0 │         66 │      16 │        0 │    50 │       0 │             0 │           0 │
build	Build ESP32-C6 firmware	2026-09-24T11:25:05.3580886Z │ platform_util.c.obj                      │         64 │     0 │     0 │     0 │     0 │         64 │       4 │        0 │    60 │       0 │             0 │           0 │
build	Build ESP32-C6 firmware	2026-09-24T11:25:05.3581598Z │ hal_mac_rx.o                             │         64 │     0 │     0 │     0 │     0 │         64 │       0 │        0 │    64 │       0 │             0 │           0 │
build	Build ESP32-C6 firmware	2026-09-24T11:25:05.3582337Z │ nvs_platform.cpp.obj                     │         60 │     4 │     4 │     0 │     0 │         56 │       0 │        0 │    56 │       0 │             0 │           0 │
build	Build ESP32-C6 firmware	2026-09-24T11:25:05.3583083Z │ esp_system_chip.c.obj                    │         60 │     8 │     0 │     0 │     8 │         52 │       0 │        0 │    52 │       0 │             0 │           0 │
build	Build ESP32-C6 firmware	2026-09-24T11:25:05.3583844Z │ uart_periph.c.obj                        │         60 │     0 │     0 │     0 │     0 │         60 │      60 │        0 │     0 │       0 │             0 │           0 │
build	Build ESP32-C6 firmware	2026-09-24T11:25:05.3584797Z │ reent_init.c.obj                         │         58 │    58 │     0 │     0 │    58 │          0 │       0 │        0 │     0 │       0 │             0 │           0 │
build	Build ESP32-C6 firmware	2026-09-24T11:25:05.3585550Z │ crypto_ops.c.obj                         │         58 │     0 │     0 │     0 │     0 │         58 │      44 │        0 │    14 │       0 │             0 │           0 │
build	Build ESP32-C6 firmware	2026-09-24T11:25:05.3586320Z │ libc_a-sysopen.o                         │         58 │     0 │     0 │     0 │     0 │         58 │       0 │        0 │    58 │       0 │             0 │           0 │
build	Build ESP32-C6 firmware	2026-09-24T11:25:05.3587057Z │ lv_msgbox.c.obj                          │         56 │     0 │     0 │     0 │     0 │         56 │      56 │        0 │     0 │       0 │             0 │           0 │
build	Build ESP32-C6 firmware	2026-09-24T11:25:05.3587834Z │ cxx_exception_stubs.cpp.obj              │         56 │     0 │     0 │     0 │     0 │         56 │       0 │        0 │    56 │       0 │             0 │           0 │
build	Build ESP32-C6 firmware	2026-09-24T11:25:05.3588580Z │ libc_a-getenv.o                          │         56 │     0 │     0 │     0 │     0 │         56 │       0 │        0 │    56 │       0 │             0 │           0 │
build	Build ESP32-C6 firmware	2026-09-24T11:25:05.3589287Z │ def.c.obj                                │         50 │     0 │     0 │     0 │     0 │         50 │       0 │        0 │    50 │       0 │             0 │           0 │
build	Build ESP32-C6 firmware	2026-09-24T11:25:05.3590007Z │ lp_timer_hal.c.obj                       │         44 │    44 │     0 │     4 │    40 │          0 │       0 │        0 │     0 │       0 │             0 │           0 │
build	Build ESP32-C6 firmware	2026-09-24T11:25:05.3590729Z │ libc_a-fseek.o                           │         44 │     0 │     0 │     0 │     0 │         44 │       0 │        0 │    44 │       0 │             0 │           0 │
build	Build ESP32-C6 firmware	2026-09-24T11:25:05.3591628Z │ libc_a-tzset.o                           │         44 │     0 │     0 │     0 │     0 │         44 │       0 │        0 │    44 │       0 │             0 │           0 │
build	Build ESP32-C6 firmware	2026-09-24T11:25:05.3592344Z │ esp_mem.c.obj                            │         42 │     0 │     0 │     0 │     0 │         42 │       0 │        0 │    42 │       0 │             0 │           0 │
build	Build ESP32-C6 firmware	2026-09-24T11:25:05.3593059Z │ platform.c.obj                           │         40 │     8 │     0 │     8 │     0 │         32 │       0 │        0 │    32 │       0 │             0 │           0 │
build	Build ESP32-C6 firmware	2026-09-24T11:25:05.3593909Z │ new_opvnt.o                              │         40 │     4 │     0 │     4 │     0 │         36 │      16 │        0 │    20 │       0 │             0 │           0 │
build	Build ESP32-C6 firmware	2026-09-24T11:25:05.3594770Z │ esp_timer_init.c.obj                     │         40 │     0 │     0 │     0 │     0 │         40 │       8 │        0 │    32 │       0 │             0 │           0 │
build	Build ESP32-C6 firmware	2026-09-24T11:25:05.3595577Z │ libc_a-sysread.o                         │         40 │     0 │     0 │     0 │     0 │         40 │       0 │        0 │    40 │       0 │             0 │           0 │
build	Build ESP32-C6 firmware	2026-09-24T11:25:05.3596327Z │ libc_a-syswrite.o                        │         40 │     0 │     0 │     0 │     0 │         40 │       0 │        0 │    40 │       0 │             0 │           0 │
build	Build ESP32-C6 firmware	2026-09-24T11:25:05.3597075Z │ esp_gpio_reserve.c.obj                   │         36 │     8 │     0 │     8 │     0 │         28 │       0 │        0 │    28 │       0 │             0 │           0 │
build	Build ESP32-C6 firmware	2026-09-24T11:25:05.3597851Z │ libc_a-sysgettod.o                       │         36 │     0 │     0 │     0 │     0 │         36 │       0 │        0 │    36 │       0 │             0 │           0 │
build	Build ESP32-C6 firmware	2026-09-24T11:25:05.3598598Z │ esp_memory_utils.c.obj                   │         34 │    34 │     0 │     0 │    34 │          0 │       0 │        0 │     0 │       0 │             0 │           0 │
build	Build ESP32-C6 firmware	2026-09-24T11:25:05.3599367Z │ esp_hardware.c.obj                       │         34 │     0 │     0 │     0 │     0 │         34 │       0 │        0 │    34 │       0 │             0 │           0 │
build	Build ESP32-C6 firmware	2026-09-24T11:25:05.3600100Z │ ieee80211_rfid.o                         │         34 │     0 │     0 │     0 │     0 │         34 │       0 │        0 │    34 │       0 │             0 │           0 │
build	Build ESP32-C6 firmware	2026-09-24T11:25:05.3600843Z │ lv_draw_transform.c.obj                  │         32 │     0 │     0 │     0 │     0 │         32 │       0 │        0 │    32 │       0 │             0 │           0 │
build	Build ESP32-C6 firmware	2026-09-24T11:25:05.3601654Z │ bootloader_flash_config_esp32c6.c.obj    │         32 │     0 │     0 │     0 │     0 │         32 │       0 │        0 │    32 │       0 │             0 │           0 │
build	Build ESP32-C6 firmware	2026-09-24T11:25:05.3602446Z │ libc_a-exit.o                            │         32 │     0 │     0 │     0 │     0 │         32 │       0 │        0 │    32 │       0 │             0 │           0 │
build	Build ESP32-C6 firmware	2026-09-24T11:25:05.3603345Z │ libc_a-putchar.o                         │         32 │     0 │     0 │     0 │     0 │         32 │       0 │        0 │    32 │       0 │             0 │           0 │
build	Build ESP32-C6 firmware	2026-09-24T11:25:05.3604089Z │ libc_a-tzlock.o                          │         32 │     0 │     0 │     0 │     0 │         32 │       0 │        0 │    32 │       0 │             0 │           0 │
build	Build ESP32-C6 firmware	2026-09-24T11:25:05.3604909Z │ libc_a-sysfstat.o                        │         32 │     0 │     0 │     0 │     0 │         32 │       0 │        0 │    32 │       0 │             0 │           0 │
build	Build ESP32-C6 firmware	2026-09-24T11:25:05.3605644Z │ libc_a-envlock.o                         │         32 │     0 │     0 │     0 │     0 │         32 │       0 │        0 │    32 │       0 │             0 │           0 │
build	Build ESP32-C6 firmware	2026-09-24T11:25:05.3606533Z │ esp_rom_systimer.c.obj                   │         30 │    30 │     0 │     0 │    30 │          0 │       0 │        0 │     0 │       0 │             0 │           0 │
build	Build ESP32-C6 firmware	2026-09-24T11:25:05.3607300Z │ mpi_periph.c.obj                         │         28 │     0 │     0 │     0 │     0 │         28 │      28 │        0 │     0 │       0 │             0 │           0 │
build	Build ESP32-C6 firmware	2026-09-24T11:25:05.3608041Z │ esp_eap_client.c.obj                     │         24 │     4 │     4 │     0 │     0 │         20 │       0 │        0 │    20 │       0 │             0 │           0 │
build	Build ESP32-C6 firmware	2026-09-24T11:25:05.3608792Z │ esp_timer_impl_common.c.obj              │         24 │    24 │     0 │    16 │     8 │          0 │       0 │        0 │     0 │       0 │             0 │           0 │
build	Build ESP32-C6 firmware	2026-09-24T11:25:05.3609536Z │ systimer.c.obj                           │         24 │    24 │     0 │     0 │    24 │          0 │       0 │        0 │     0 │       0 │             0 │           0 │
build	Build ESP32-C6 firmware	2026-09-24T11:25:05.3610280Z │ ext_mem_layout.c.obj                     │         24 │     0 │     0 │     0 │     0 │         24 │      24 │        0 │     0 │       0 │             0 │           0 │
build	Build ESP32-C6 firmware	2026-09-24T11:25:05.3611014Z │ ip6_addr.c.obj                           │         24 │     0 │     0 │     0 │     0 │         24 │      24 │        0 │     0 │       0 │             0 │           0 │
build	Build ESP32-C6 firmware	2026-09-24T11:25:05.3611752Z │ esp_aes_gdma_impl.c.obj                  │         24 │     0 │     0 │     0 │     0 │         24 │       0 │        0 │    24 │       0 │             0 │           0 │
build	Build ESP32-C6 firmware	2026-09-24T11:25:05.3612485Z │ libc_a-sysclose.o                        │         24 │     0 │     0 │     0 │     0 │         24 │       0 │        0 │    24 │       0 │             0 │           0 │
build	Build ESP32-C6 firmware	2026-09-24T11:25:05.3613217Z │ libc_a-sysunlink.o                       │         24 │     0 │     0 │     0 │     0 │         24 │       0 │        0 │    24 │       0 │             0 │           0 │
build	Build ESP32-C6 firmware	2026-09-24T11:25:05.3613968Z │ new_handler.o                            │         21 │     4 │     4 │     0 │     0 │         17 │       1 │        0 │    16 │       0 │             0 │           0 │
build	Build ESP32-C6 firmware	2026-09-24T11:25:05.3614823Z │ coexist_dbg.o                            │         20 │    20 │     0 │     4 │    16 │          0 │       0 │        0 │     0 │       0 │             0 │           0 │
build	Build ESP32-C6 firmware	2026-09-24T11:25:05.3615568Z │ bootloader_mem.c.obj                     │         20 │     0 │     0 │     0 │     0 │         20 │       0 │        0 │    20 │       0 │             0 │           0 │
build	Build ESP32-C6 firmware	2026-09-24T11:25:05.3616294Z │ lv_draw.c.obj                            │         18 │     0 │     0 │     0 │     0 │         18 │       0 │        0 │    18 │       0 │             0 │           0 │
build	Build ESP32-C6 firmware	2026-09-24T11:25:05.3616998Z │ lv_extra.c.obj                           │         18 │     0 │     0 │     0 │     0 │         18 │       0 │        0 │    18 │       0 │             0 │           0 │
build	Build ESP32-C6 firmware	2026-09-24T11:25:05.3617726Z │ libc_a-errno.o                           │         18 │     0 │     0 │     0 │     0 │         18 │       0 │        0 │    18 │       0 │             0 │           0 │
build	Build ESP32-C6 firmware	2026-09-24T11:25:05.3618457Z │ libc_a-tzvars.o                          │         16 │    16 │     8 │     8 │     0 │          0 │       0 │        0 │     0 │       0 │             0 │           0 │
build	Build ESP32-C6 firmware	2026-09-24T11:25:05.3619397Z │ esp_sha_gdma_impl.c.obj                  │         16 │     0 │     0 │     0 │     0 │         16 │       0 │        0 │    16 │       0 │             0 │           0 │
build	Build ESP32-C6 firmware	2026-09-24T11:25:05.3620121Z │ esp_wps.c.obj                            │         14 │     4 │     4 │     0 │     0 │         10 │       0 │        0 │    10 │       0 │             0 │           0 │
build	Build ESP32-C6 firmware	2026-09-24T11:25:05.3620845Z │ flash_encrypt.c.obj                      │         14 │    14 │     0 │     0 │    14 │          0 │       0 │        0 │     0 │       0 │             0 │           0 │
build	Build ESP32-C6 firmware	2026-09-24T11:25:05.3621783Z │ ledc_hal.c.obj                           │         14 │     0 │     0 │     0 │     0 │         14 │       0 │        0 │    14 │       0 │             0 │           0 │
build	Build ESP32-C6 firmware	2026-09-24T11:25:05.3622542Z │ spi_flash_chip_drivers.c.obj             │         12 │    12 │     0 │    12 │     0 │          0 │       0 │        0 │     0 │       0 │             0 │           0 │
build	Build ESP32-C6 firmware	2026-09-24T11:25:05.3623316Z │ i2c_periph.c.obj                         │         12 │     0 │     0 │     0 │     0 │         12 │      12 │        0 │     0 │       0 │             0 │           0 │
build	Build ESP32-C6 firmware	2026-09-24T11:25:05.3624036Z │ log_level.c.obj                          │         10 │     4 │     0 │     4 │     0 │          6 │       0 │        0 │     6 │       0 │             0 │           0 │
build	Build ESP32-C6 firmware	2026-09-24T11:25:05.3624987Z │ libc_a-environ.o                         │          8 │     8 │     4 │     4 │     0 │          0 │       0 │        0 │     0 │       0 │             0 │           0 │
build	Build ESP32-C6 firmware	2026-09-24T11:25:05.3625724Z │ del_op.o                                 │          8 │     0 │     0 │     0 │     0 │          8 │       0 │        0 │     8 │       0 │             0 │           0 │
build	Build ESP32-C6 firmware	2026-09-24T11:25:05.3626442Z │ tinfo.o                                  │          6 │     0 │     0 │     0 │     0 │          6 │       0 │        0 │     6 │       0 │             0 │           0 │
build	Build ESP32-C6 firmware	2026-09-24T11:25:05.3627170Z │ eh_term_handler.o                        │          4 │     4 │     0 │     4 │     0 │          0 │       0 │        0 │     0 │       0 │             0 │           0 │
build	Build ESP32-C6 firmware	2026-09-24T11:25:05.3627891Z │ rtc_module.c.obj                         │          4 │     4 │     0 │     0 │     4 │          0 │       0 │        0 │     0 │       0 │             0 │           0 │
build	Build ESP32-C6 firmware	2026-09-24T11:25:05.3628606Z │ pthread.c.obj                            │          4 │     0 │     0 │     0 │     0 │          4 │       0 │        0 │     2 │       0 │             0 │           0 │
build	Build ESP32-C6 firmware	2026-09-24T11:25:05.3629319Z │ del_ops.o                                │          4 │     0 │     0 │     0 │     0 │          4 │       0 │        0 │     4 │       0 │             0 │           0 │
build	Build ESP32-C6 firmware	2026-09-24T11:25:05.3630017Z │ libc_a-u_strerr.o                        │          4 │     0 │     0 │     0 │     0 │          4 │       0 │        0 │     4 │       0 │             0 │           0 │
build	Build ESP32-C6 firmware	2026-09-24T11:25:05.3630739Z │ ubsan.c.obj                              │          2 │     2 │     0 │     0 │     2 │          0 │       0 │        0 │     0 │       0 │             0 │           0 │
build	Build ESP32-C6 firmware	2026-09-24T11:25:05.3631467Z │ esp_rom_multi_heap.c.obj                 │          2 │     0 │     0 │     0 │     0 │          2 │       0 │        0 │     2 │       0 │             0 │           0 │
build	Build ESP32-C6 firmware	2026-09-24T11:25:05.3632212Z │ getentropy.c.obj                         │          2 │     0 │     0 │     0 │     0 │          2 │       0 │        0 │     2 │       0 │             0 │           0 │
build	Build ESP32-C6 firmware	2026-09-24T11:25:05.3633111Z │ pthread_cond_var.c.obj                   │          2 │     0 │     0 │     0 │     0 │          2 │       0 │        0 │     2 │       0 │             0 │           0 │
build	Build ESP32-C6 firmware	2026-09-24T11:25:05.3633855Z │ pthread_rwlock.c.obj                     │          2 │     0 │     0 │     0 │     0 │          2 │       0 │        0 │     2 │       0 │             0 │           0 │
build	Build ESP32-C6 firmware	2026-09-24T11:25:05.3634871Z │ pthread_semaphore.c.obj                  │          2 │     0 │     0 │     0 │     0 │          2 │       0 │        0 │     2 │       0 │             0 │           0 │
build	Build ESP32-C6 firmware	2026-09-24T11:25:05.3635622Z │ cxx_guards.cpp.obj                       │          2 │     0 │     0 │     0 │     0 │          2 │       0 │        0 │     2 │       0 │             0 │           0 │
build	Build ESP32-C6 firmware	2026-09-24T11:25:05.3636345Z │ cxx_init.cpp.obj                         │          2 │     0 │     0 │     0 │     0 │          2 │       0 │        0 │     2 │       0 │             0 │           0 │
build	Build ESP32-C6 firmware	2026-09-24T11:25:05.3637097Z │ nvs_sec_provider.c.obj                   │          2 │     0 │     0 │     0 │     0 │          2 │       0 │        0 │     2 │       0 │             0 │           0 │
build	Build ESP32-C6 firmware	2026-09-24T11:25:05.3637808Z │ del_opv.o                                │          2 │     0 │     0 │     0 │     0 │          2 │       0 │        0 │     2 │       0 │             0 │           0 │
build	Build ESP32-C6 firmware	2026-09-24T11:25:05.3638504Z │ new_opv.o                                │          2 │     0 │     0 │     0 │     0 │          2 │       0 │        0 │     2 │       0 │             0 │           0 │
build	Build ESP32-C6 firmware	2026-09-24T11:25:05.3639211Z │ eh_exception.o                           │          2 │     0 │     0 │     0 │     0 │          2 │       0 │        0 │     2 │       0 │             0 │           0 │
build	Build ESP32-C6 firmware	2026-09-24T11:25:05.3639939Z │ ledc_periph.c.obj                        │          1 │     0 │     0 │     0 │     0 │          1 │       1 │        0 │     0 │       0 │             0 │           0 │
build	Build ESP32-C6 firmware	2026-09-24T11:25:05.3640792Z └──────────────────────────────────────────┴────────────┴───────┴───────┴───────┴───────┴────────────┴─────────┴──────────┴───────┴─────────┴───────────────┴─────────────┘
build	Build ESP32-C6 firmware	2026-09-24T11:25:05.6053319Z ##[end-action id=__espressif_esp-idf-ci-action.__run;outcome=success;conclusion=success;duration_ms=160275]
build	Assemble firmware.zip	﻿2026-09-24T11:25:05.6089130Z ##[group]Run mkdir -p firmware
build	Assemble firmware.zip	2026-09-24T11:25:05.6089464Z ^[[36;1mmkdir -p firmware^[[0m
build	Assemble firmware.zip	2026-09-24T11:25:05.6089765Z ^[[36;1mcp build/bootloader/bootloader.bin firmware/^[[0m
build	Assemble firmware.zip	2026-09-24T11:25:05.6090168Z ^[[36;1mcp build/partition_table/partition-table.bin firmware/^[[0m
build	Assemble firmware.zip	2026-09-24T11:25:05.6090524Z ^[[36;1mcp build/*.bin firmware/^[[0m
build	Assemble firmware.zip	2026-09-24T11:25:05.6090841Z ^[[36;1mcp build/flash_args firmware/ 2>/dev/null || true^[[0m
build	Assemble firmware.zip	2026-09-24T11:25:05.6091229Z ^[[36;1mcp build/flasher_args.json firmware/ 2>/dev/null || true^[[0m
build	Assemble firmware.zip	2026-09-24T11:25:05.6091663Z ^[[36;1mcp build/project_description.json firmware/ 2>/dev/null || true^[[0m
build	Assemble firmware.zip	2026-09-24T11:25:05.6092105Z ^[[36;1mcp build/config/sdkconfig.h firmware/ 2>/dev/null || true^[[0m
build	Assemble firmware.zip	2026-09-24T11:25:05.6092514Z ^[[36;1mcp build/phase3c-size-report.txt firmware/^[[0m
build	Assemble firmware.zip	2026-09-24T11:25:05.6092882Z ^[[36;1mecho "${GITHUB_SHA}" > firmware/git_commit.txt^[[0m
build	Assemble firmware.zip	2026-09-24T11:25:05.6093246Z ^[[36;1mcd firmware && zip -r ../firmware.zip . && cd ..^[[0m
build	Assemble firmware.zip	2026-09-24T11:25:05.6093582Z ^[[36;1munzip -l firmware.zip^[[0m
build	Assemble firmware.zip	2026-09-24T11:25:05.6132119Z shell: /usr/bin/bash -e {0}
build	Assemble firmware.zip	2026-09-24T11:25:05.6132394Z ##[endgroup]
build	Assemble firmware.zip	2026-09-24T11:25:05.6500698Z   adding: flasher_args.json (deflated 66%)
build	Assemble firmware.zip	2026-09-24T11:25:05.6501260Z   adding: partition-table.bin (deflated 97%)
build	Assemble firmware.zip	2026-09-24T11:25:05.6501680Z   adding: flash_args (deflated 28%)
build	Assemble firmware.zip	2026-09-24T11:25:05.6534195Z   adding: project_description.json (deflated 91%)
build	Assemble firmware.zip	2026-09-24T11:25:05.6534817Z   adding: git_commit.txt (stored 0%)
build	Assemble firmware.zip	2026-09-24T11:25:05.6542478Z   adding: bootloader.bin (deflated 38%)
build	Assemble firmware.zip	2026-09-24T11:25:05.6569777Z   adding: phase3c-size-report.txt (deflated 88%)
build	Assemble firmware.zip	2026-09-24T11:25:05.6580877Z   adding: sdkconfig.h (deflated 80%)
build	Assemble firmware.zip	2026-09-24T11:25:05.7207432Z   adding: esp32c6_pwnagotchi.bin (deflated 42%)
build	Assemble firmware.zip	2026-09-24T11:25:05.7383137Z Archive:  firmware.zip
build	Assemble firmware.zip	2026-09-24T11:25:05.7383589Z   Length      Date    Time    Name
build	Assemble firmware.zip	2026-09-24T11:25:05.7384018Z ---------  ---------- -----   ----
build	Assemble firmware.zip	2026-09-24T11:25:05.7384664Z       927  2026-09-24 11:25   flasher_args.json
build	Assemble firmware.zip	2026-09-24T11:25:05.7385174Z      3072  2026-09-24 11:25   partition-table.bin
build	Assemble firmware.zip	2026-09-24T11:25:05.7385625Z       155  2026-09-24 11:25   flash_args
build	Assemble firmware.zip	2026-09-24T11:25:05.7386097Z    216166  2026-09-24 11:25   project_description.json
build	Assemble firmware.zip	2026-09-24T11:25:05.7386525Z        41  2026-09-24 11:25   git_commit.txt
build	Assemble firmware.zip	2026-09-24T11:25:05.7386808Z     21984  2026-09-24 11:25   bootloader.bin
build	Assemble firmware.zip	2026-09-24T11:25:05.7387114Z    156445  2026-09-24 11:25   phase3c-size-report.txt
build	Assemble firmware.zip	2026-09-24T11:25:05.7387435Z     48583  2026-09-24 11:25   sdkconfig.h
build	Assemble firmware.zip	2026-09-24T11:25:05.7387744Z   1233232  2026-09-24 11:25   esp32c6_pwnagotchi.bin
build	Assemble firmware.zip	2026-09-24T11:25:05.7388039Z ---------                     -------
build	Assemble firmware.zip	2026-09-24T11:25:05.7388329Z   1680605                     9 files
build	Upload firmware artifact	﻿2026-09-24T11:25:05.7447509Z ##[group]Run actions/upload-artifact@v4
build	Upload firmware artifact	2026-09-24T11:25:05.7447800Z with:
build	Upload firmware artifact	2026-09-24T11:25:05.7448065Z   name: firmware-6e4827cf05a3bccd165a06f68ae17de04e065e35
build	Upload firmware artifact	2026-09-24T11:25:05.7448390Z   path: firmware.zip
build	Upload firmware artifact	2026-09-24T11:25:05.7448620Z   if-no-files-found: error
build	Upload firmware artifact	2026-09-24T11:25:05.7448856Z   compression-level: 6
build	Upload firmware artifact	2026-09-24T11:25:05.7449069Z   overwrite: false
build	Upload firmware artifact	2026-09-24T11:25:05.7449283Z   include-hidden-files: false
build	Upload firmware artifact	2026-09-24T11:25:05.7449524Z ##[endgroup]
build	Upload firmware artifact	2026-09-24T11:25:05.9095188Z (node:13437) [DEP0040] DeprecationWarning: The `punycode` module is deprecated. Please use a userland alternative instead.
build	Upload firmware artifact	2026-09-24T11:25:05.9096262Z (Use `node --trace-deprecation ...` to show where the warning was created)
build	Upload firmware artifact	2026-09-24T11:25:05.9140725Z With the provided path, there will be 1 file uploaded
build	Upload firmware artifact	2026-09-24T11:25:05.9146828Z Artifact name is valid!
build	Upload firmware artifact	2026-09-24T11:25:05.9148919Z Root directory input is valid!
build	Upload firmware artifact	2026-09-24T11:25:06.2481137Z Beginning upload of artifact content to blob storage
build	Upload firmware artifact	2026-09-24T11:25:06.2946244Z (node:13437) [DEP0169] DeprecationWarning: `url.parse()` behavior is not standardized and prone to errors that have security implications. Use the WHATWG URL API instead. CVEs are not issued for `url.parse()` vulnerabilities.
build	Upload firmware artifact	2026-09-24T11:25:06.5811726Z Uploaded bytes 778245
build	Upload firmware artifact	2026-09-24T11:25:06.6189688Z Finished uploading artifact content to blob storage!
build	Upload firmware artifact	2026-09-24T11:25:06.6190647Z SHA256 digest of uploaded artifact zip is ece69e5c23a1b69035f553701e5c65ee717a471434d66b274974e3aa1086d64a
build	Upload firmware artifact	2026-09-24T11:25:06.6192316Z Finalizing artifact upload
build	Upload firmware artifact	2026-09-24T11:25:06.8465402Z Artifact firmware-6e4827cf05a3bccd165a06f68ae17de04e065e35.zip successfully finalized. Artifact ID 10804334624
build	Upload firmware artifact	2026-09-24T11:25:06.8466728Z Artifact firmware-6e4827cf05a3bccd165a06f68ae17de04e065e35 has been successfully uploaded! Final size is 778245 bytes. Artifact ID is 10804334624
build	Upload firmware artifact	2026-09-24T11:25:06.8474179Z Artifact download URL: https://github.com/yuanwil1y/esp32c6-Pwnagotchi/actions/runs/35992620025/artifacts/10804334624
build	Upload full flash files	﻿2026-09-24T11:25:06.8640528Z ##[group]Run actions/upload-artifact@v4
build	Upload full flash files	2026-09-24T11:25:06.8640826Z with:
build	Upload full flash files	2026-09-24T11:25:06.8641109Z   name: flash-files-6e4827cf05a3bccd165a06f68ae17de04e065e35
build	Upload full flash files	2026-09-24T11:25:06.8641785Z   path: build/bootloader/bootloader.bin
build	Upload full flash files	build/partition_table/partition-table.bin
build	Upload full flash files	build/*.bin
build	Upload full flash files	build/flash_args
build	Upload full flash files	build/flasher_args.json
build	Upload full flash files	
build	Upload full flash files	2026-09-24T11:25:06.8642388Z   if-no-files-found: error
build	Upload full flash files	2026-09-24T11:25:06.8642637Z   compression-level: 6
build	Upload full flash files	2026-09-24T11:25:06.8642866Z   overwrite: false
build	Upload full flash files	2026-09-24T11:25:06.8643093Z   include-hidden-files: false
build	Upload full flash files	2026-09-24T11:25:06.8643348Z ##[endgroup]
build	Upload full flash files	2026-09-24T11:25:07.0498357Z (node:13449) [DEP0040] DeprecationWarning: The `punycode` module is deprecated. Please use a userland alternative instead.
build	Upload full flash files	2026-09-24T11:25:07.0499302Z (Use `node --trace-deprecation ...` to show where the warning was created)
build	Upload full flash files	2026-09-24T11:25:07.0638528Z With the provided path, there will be 5 files uploaded
build	Upload full flash files	2026-09-24T11:25:07.0645081Z Artifact name is valid!
build	Upload full flash files	2026-09-24T11:25:07.0646072Z Root directory input is valid!
build	Upload full flash files	2026-09-24T11:25:07.3374863Z Beginning upload of artifact content to blob storage
build	Upload full flash files	2026-09-24T11:25:07.4062298Z (node:13449) [DEP0169] DeprecationWarning: `url.parse()` behavior is not standardized and prone to errors that have security implications. Use the WHATWG URL API instead. CVEs are not issued for `url.parse()` vulnerabilities.
build	Upload full flash files	2026-09-24T11:25:07.6848252Z Uploaded bytes 741080
build	Upload full flash files	2026-09-24T11:25:07.7210429Z Finished uploading artifact content to blob storage!
build	Upload full flash files	2026-09-24T11:25:07.7211880Z SHA256 digest of uploaded artifact zip is 32f0069742523b14e51a632a4004d1ef743f22962852128fc003dce761c56cbb
build	Upload full flash files	2026-09-24T11:25:07.7213510Z Finalizing artifact upload
build	Upload full flash files	2026-09-24T11:25:07.9270411Z Artifact flash-files-6e4827cf05a3bccd165a06f68ae17de04e065e35.zip successfully finalized. Artifact ID 10804419499
build	Upload full flash files	2026-09-24T11:25:07.9272015Z Artifact flash-files-6e4827cf05a3bccd165a06f68ae17de04e065e35 has been successfully uploaded! Final size is 741080 bytes. Artifact ID is 10804419499
build	Upload full flash files	2026-09-24T11:25:07.9278178Z Artifact download URL: https://github.com/yuanwil1y/esp32c6-Pwnagotchi/actions/runs/35992620025/artifacts/10804419499
build	Post Checkout	﻿2026-09-24T11:25:07.9490474Z Post job cleanup.
build	Post Checkout	2026-09-24T11:25:08.0360490Z [command]/usr/bin/git version
build	Post Checkout	2026-09-24T11:25:08.0406593Z git version 2.55.0
build	Post Checkout	2026-09-24T11:25:08.0447782Z Temporarily overriding HOME='/home/runner/work/_temp/390bd121-f3f4-4093-be90-924114e6d028' before making global git config changes
build	Post Checkout	2026-09-24T11:25:08.0449047Z Adding repository directory to the temporary git global config as a safe directory
build	Post Checkout	2026-09-24T11:25:08.0453458Z [command]/usr/bin/git config --global --add safe.directory /home/runner/work/esp32c6-Pwnagotchi/esp32c6-Pwnagotchi
build	Post Checkout	2026-09-24T11:25:08.0493750Z [command]/usr/bin/git config --local --name-only --get-regexp core\.sshCommand
build	Post Checkout	2026-09-24T11:25:08.0535097Z [command]/usr/bin/git submodule foreach --recursive sh -c "git config --local --name-only --get-regexp 'core\.sshCommand' && git config --local --unset-all 'core.sshCommand' || :"
build	Post Checkout	2026-09-24T11:25:08.0781185Z Entering 'vendor/waveshare'
build	Post Checkout	2026-09-24T11:25:08.0852018Z [command]/usr/bin/git config --local --name-only --get-regexp http\.https\:\/\/github\.com\/\.extraheader
build	Post Checkout	2026-09-24T11:25:08.0883940Z http.https://github.com/.extraheader
build	Post Checkout	2026-09-24T11:25:08.0906848Z [command]/usr/bin/git config --local --unset-all http.https://github.com/.extraheader
build	Post Checkout	2026-09-24T11:25:08.0945539Z [command]/usr/bin/git submodule foreach --recursive sh -c "git config --local --name-only --get-regexp 'http\.https\:\/\/github\.com\/\.extraheader' && git config --local --unset-all 'http.https://github.com/.extraheader' || :"
build	Post Checkout	2026-09-24T11:25:08.1192491Z Entering 'vendor/waveshare'
build	Post Checkout	2026-09-24T11:25:08.1219100Z http.https://github.com/.extraheader
build	Post Checkout	2026-09-24T11:25:08.1279495Z [command]/usr/bin/git config --local --name-only --get-regexp ^includeIf\.gitdir:
build	Post Checkout	2026-09-24T11:25:08.1323286Z [command]/usr/bin/git submodule foreach --recursive git config --local --show-origin --name-only --get-regexp remote.origin.url
build	Post Checkout	2026-09-24T11:25:08.1585599Z Entering 'vendor/waveshare'
build	Post Checkout	2026-09-24T11:25:08.1606050Z file:/home/runner/work/esp32c6-Pwnagotchi/esp32c6-Pwnagotchi/.git/modules/vendor/waveshare/config	remote.origin.url
build	Post Checkout	2026-09-24T11:25:08.1651356Z [command]/usr/bin/git config --file /home/runner/work/esp32c6-Pwnagotchi/esp32c6-Pwnagotchi/.git/modules/vendor/waveshare/config --name-only --get-regexp ^includeIf\.gitdir:
build	Complete job	﻿2026-09-24T11:25:08.1860958Z Cleaning up orphan processes
build	Complete job	2026-09-24T11:25:08.2180717Z ##[warning]Node.js 20 is deprecated. The following actions target Node.js 20 but are being forced to run on Node.js 24: actions/checkout@v4, actions/upload-artifact@v4. For more information see: https://github.blog/changelog/2025-09-19-deprecation-of-node-20-on-github-actions-runners/
