Host regression tests	Set up job	﻿2026-09-24T11:33:10.4627720Z Current runner version: '2.337.0'
Host regression tests	Set up job	2026-09-24T11:33:10.4653573Z ##[group]Runner Image Provisioner
Host regression tests	Set up job	2026-09-24T11:33:10.4654508Z Hosted Compute Agent
Host regression tests	Set up job	2026-09-24T11:33:10.4655155Z Version: 20260828.587
Host regression tests	Set up job	2026-09-24T11:33:10.4655875Z Commit: abac92662cab4cc7352de4f9f9d2e2419aad9c29
Host regression tests	Set up job	2026-09-24T11:33:10.4656642Z Build Date: 2026-08-28T16:44:25Z
Host regression tests	Set up job	2026-09-24T11:33:10.4657361Z Worker ID: {3d06881e-9ee4-4bcc-993e-1f152c4d5fa6}
Host regression tests	Set up job	2026-09-24T11:33:10.4658101Z Azure Region: westus
Host regression tests	Set up job	2026-09-24T11:33:10.4658655Z ##[endgroup]
Host regression tests	Set up job	2026-09-24T11:33:10.4660575Z ##[group]Operating System
Host regression tests	Set up job	2026-09-24T11:33:10.4661311Z Ubuntu
Host regression tests	Set up job	2026-09-24T11:33:10.4661900Z 24.04.5
Host regression tests	Set up job	2026-09-24T11:33:10.4662429Z LTS
Host regression tests	Set up job	2026-09-24T11:33:10.4662945Z ##[endgroup]
Host regression tests	Set up job	2026-09-24T11:33:10.4663567Z ##[group]Runner Image
Host regression tests	Set up job	2026-09-24T11:33:10.4664178Z Image: ubuntu-24.04
Host regression tests	Set up job	2026-09-24T11:33:10.4664727Z Version: 20260920.314.1
Host regression tests	Set up job	2026-09-24T11:33:10.4665837Z Included Software: https://github.com/actions/runner-images/blob/ubuntu24/20260920.314/images/ubuntu/Ubuntu2404-Readme.md
Host regression tests	Set up job	2026-09-24T11:33:10.4667639Z Image Release: https://github.com/actions/runner-images/releases/tag/ubuntu24%2F20260920.314
Host regression tests	Set up job	2026-09-24T11:33:10.4668608Z ##[endgroup]
Host regression tests	Set up job	2026-09-24T11:33:10.4670070Z ##[group]GITHUB_TOKEN Permissions
Host regression tests	Set up job	2026-09-24T11:33:10.4671916Z Contents: read
Host regression tests	Set up job	2026-09-24T11:33:10.4672992Z Metadata: read
Host regression tests	Set up job	2026-09-24T11:33:10.4673694Z Packages: read
Host regression tests	Set up job	2026-09-24T11:33:10.4674287Z ##[endgroup]
Host regression tests	Set up job	2026-09-24T11:33:10.4676372Z Secret source: Actions
Host regression tests	Set up job	2026-09-24T11:33:10.4677321Z Cache mode: write
Host regression tests	Set up job	2026-09-24T11:33:10.4678081Z Prepare workflow directory
Host regression tests	Set up job	2026-09-24T11:33:10.5022586Z Prepare all required actions
Host regression tests	Set up job	2026-09-24T11:33:10.5072159Z Getting action download info
Host regression tests	Set up job	2026-09-24T11:33:10.9117953Z Download action repository 'actions/checkout@v4' (SHA:11d5960a326750d5838078e36cf38b85af677262)
Host regression tests	Set up job	2026-09-24T11:33:11.0337805Z Download action repository 'actions/upload-artifact@v4' (SHA:ea165f8d65b6e75b540449e92b4886f43607fa02)
Host regression tests	Set up job	2026-09-24T11:33:11.3259685Z Complete job name: Host regression tests
Host regression tests	Checkout	﻿2026-09-24T11:33:11.4027530Z ##[group]Run actions/checkout@v4
Host regression tests	Checkout	2026-09-24T11:33:11.4028468Z with:
Host regression tests	Checkout	2026-09-24T11:33:11.4028948Z   repository: yuanwil1y/esp32c6-Pwnagotchi
Host regression tests	Checkout	2026-09-24T11:33:11.4032992Z   token: ***
Host regression tests	Checkout	2026-09-24T11:33:11.4033431Z   ssh-strict: true
Host regression tests	Checkout	2026-09-24T11:33:11.4033861Z   ssh-user: git
Host regression tests	Checkout	2026-09-24T11:33:11.4034306Z   persist-credentials: true
Host regression tests	Checkout	2026-09-24T11:33:11.4034784Z   clean: true
Host regression tests	Checkout	2026-09-24T11:33:11.4035220Z   sparse-checkout-cone-mode: true
Host regression tests	Checkout	2026-09-24T11:33:11.4035747Z   fetch-depth: 1
Host regression tests	Checkout	2026-09-24T11:33:11.4036183Z   fetch-tags: false
Host regression tests	Checkout	2026-09-24T11:33:11.4036632Z   show-progress: true
Host regression tests	Checkout	2026-09-24T11:33:11.4037080Z   lfs: false
Host regression tests	Checkout	2026-09-24T11:33:11.4037498Z   submodules: false
Host regression tests	Checkout	2026-09-24T11:33:11.4037951Z   set-safe-directory: true
Host regression tests	Checkout	2026-09-24T11:33:11.4038460Z   allow-unsafe-pr-checkout: false
Host regression tests	Checkout	2026-09-24T11:33:11.4039225Z ##[endgroup]
Host regression tests	Checkout	2026-09-24T11:33:11.5064945Z Syncing repository: yuanwil1y/esp32c6-Pwnagotchi
Host regression tests	Checkout	2026-09-24T11:33:11.5067604Z ##[group]Getting Git version info
Host regression tests	Checkout	2026-09-24T11:33:11.5069242Z Working directory is '/home/runner/work/esp32c6-Pwnagotchi/esp32c6-Pwnagotchi'
Host regression tests	Checkout	2026-09-24T11:33:11.5071426Z [command]/usr/bin/git version
Host regression tests	Checkout	2026-09-24T11:33:11.5191288Z git version 2.55.0
Host regression tests	Checkout	2026-09-24T11:33:11.5220694Z ##[endgroup]
Host regression tests	Checkout	2026-09-24T11:33:11.5238307Z Temporarily overriding HOME='/home/runner/work/_temp/c27e1cf0-feb8-4e24-9bc2-e2c70fdc4199' before making global git config changes
Host regression tests	Checkout	2026-09-24T11:33:11.5248688Z Adding repository directory to the temporary git global config as a safe directory
Host regression tests	Checkout	2026-09-24T11:33:11.5264769Z [command]/usr/bin/git config --global --add safe.directory /home/runner/work/esp32c6-Pwnagotchi/esp32c6-Pwnagotchi
Host regression tests	Checkout	2026-09-24T11:33:11.5330651Z Deleting the contents of '/home/runner/work/esp32c6-Pwnagotchi/esp32c6-Pwnagotchi'
Host regression tests	Checkout	2026-09-24T11:33:11.5344792Z ##[group]Initializing the repository
Host regression tests	Checkout	2026-09-24T11:33:11.5351322Z [command]/usr/bin/git init /home/runner/work/esp32c6-Pwnagotchi/esp32c6-Pwnagotchi
Host regression tests	Checkout	2026-09-24T11:33:11.5486149Z hint: Using 'master' as the name for the initial branch. This default branch name
Host regression tests	Checkout	2026-09-24T11:33:11.5488494Z hint: will change to "main" in Git 3.0. To configure the initial branch name
Host regression tests	Checkout	2026-09-24T11:33:11.5495352Z hint: to use in all of your new repositories, which will suppress this warning,
Host regression tests	Checkout	2026-09-24T11:33:11.5498019Z hint: call:
Host regression tests	Checkout	2026-09-24T11:33:11.5500766Z hint:
Host regression tests	Checkout	2026-09-24T11:33:11.5501903Z hint: 	git config --global init.defaultBranch <name>
Host regression tests	Checkout	2026-09-24T11:33:11.5503145Z hint:
Host regression tests	Checkout	2026-09-24T11:33:11.5504426Z hint: Names commonly chosen instead of 'master' are 'main', 'trunk' and
Host regression tests	Checkout	2026-09-24T11:33:11.5506461Z hint: 'development'. The just-created branch can be renamed via this command:
Host regression tests	Checkout	2026-09-24T11:33:11.5507973Z hint:
Host regression tests	Checkout	2026-09-24T11:33:11.5508822Z hint: 	git branch -m <name>
Host regression tests	Checkout	2026-09-24T11:33:11.5510101Z hint:
Host regression tests	Checkout	2026-09-24T11:33:11.5511365Z hint: Disable this message with "git config set advice.defaultBranchName false"
Host regression tests	Checkout	2026-09-24T11:33:11.5513584Z Initialized empty Git repository in /home/runner/work/esp32c6-Pwnagotchi/esp32c6-Pwnagotchi/.git/
Host regression tests	Checkout	2026-09-24T11:33:11.5517089Z [command]/usr/bin/git remote add origin https://github.com/yuanwil1y/esp32c6-Pwnagotchi
Host regression tests	Checkout	2026-09-24T11:33:11.5577059Z ##[endgroup]
Host regression tests	Checkout	2026-09-24T11:33:11.5578649Z ##[group]Disabling automatic garbage collection
Host regression tests	Checkout	2026-09-24T11:33:11.5603104Z [command]/usr/bin/git config --local gc.auto 0
Host regression tests	Checkout	2026-09-24T11:33:11.5640239Z ##[endgroup]
Host regression tests	Checkout	2026-09-24T11:33:11.5641611Z ##[group]Setting up auth
Host regression tests	Checkout	2026-09-24T11:33:11.5648686Z [command]/usr/bin/git config --local --name-only --get-regexp core\.sshCommand
Host regression tests	Checkout	2026-09-24T11:33:11.5691713Z [command]/usr/bin/git submodule foreach --recursive sh -c "git config --local --name-only --get-regexp 'core\.sshCommand' && git config --local --unset-all 'core.sshCommand' || :"
Host regression tests	Checkout	2026-09-24T11:33:11.6115882Z [command]/usr/bin/git config --local --name-only --get-regexp http\.https\:\/\/github\.com\/\.extraheader
Host regression tests	Checkout	2026-09-24T11:33:11.6160326Z [command]/usr/bin/git submodule foreach --recursive sh -c "git config --local --name-only --get-regexp 'http\.https\:\/\/github\.com\/\.extraheader' && git config --local --unset-all 'http.https://github.com/.extraheader' || :"
Host regression tests	Checkout	2026-09-24T11:33:11.6393642Z [command]/usr/bin/git config --local --name-only --get-regexp ^includeIf\.gitdir:
Host regression tests	Checkout	2026-09-24T11:33:11.6431875Z [command]/usr/bin/git submodule foreach --recursive git config --local --show-origin --name-only --get-regexp remote.origin.url
Host regression tests	Checkout	2026-09-24T11:33:11.6662350Z [command]/usr/bin/git config --local http.https://github.com/.extraheader AUTHORIZATION: basic ***
Host regression tests	Checkout	2026-09-24T11:33:11.6702881Z ##[endgroup]
Host regression tests	Checkout	2026-09-24T11:33:11.6703750Z ##[group]Fetching the repository
Host regression tests	Checkout	2026-09-24T11:33:11.6712906Z [command]/usr/bin/git -c protocol.version=2 fetch --no-tags --prune --no-recurse-submodules --depth=1 origin +e43968db4d8181b5cd00dd586184c2ce300e921b:refs/remotes/origin/phase3c-sd-logger
Host regression tests	Checkout	2026-09-24T11:33:12.2534435Z From https://github.com/yuanwil1y/esp32c6-Pwnagotchi
Host regression tests	Checkout	2026-09-24T11:33:12.2536969Z  * [new ref]         e43968db4d8181b5cd00dd586184c2ce300e921b -> origin/phase3c-sd-logger
Host regression tests	Checkout	2026-09-24T11:33:12.2542380Z ##[endgroup]
Host regression tests	Checkout	2026-09-24T11:33:12.2544427Z ##[group]Determining the checkout info
Host regression tests	Checkout	2026-09-24T11:33:12.2546571Z ##[endgroup]
Host regression tests	Checkout	2026-09-24T11:33:12.2548425Z [command]/usr/bin/git sparse-checkout disable
Host regression tests	Checkout	2026-09-24T11:33:12.2603608Z [command]/usr/bin/git config --local --unset-all extensions.worktreeConfig
Host regression tests	Checkout	2026-09-24T11:33:12.2641947Z ##[group]Checking out the ref
Host regression tests	Checkout	2026-09-24T11:33:12.2646395Z [command]/usr/bin/git checkout --progress --force -B phase3c-sd-logger refs/remotes/origin/phase3c-sd-logger
Host regression tests	Checkout	2026-09-24T11:33:12.2851912Z Switched to a new branch 'phase3c-sd-logger'
Host regression tests	Checkout	2026-09-24T11:33:12.2861429Z branch 'phase3c-sd-logger' set up to track 'origin/phase3c-sd-logger'.
Host regression tests	Checkout	2026-09-24T11:33:12.2867617Z ##[endgroup]
Host regression tests	Checkout	2026-09-24T11:33:12.2914702Z [command]/usr/bin/git log -1 --format=%H
Host regression tests	Checkout	2026-09-24T11:33:12.2943465Z e43968db4d8181b5cd00dd586184c2ce300e921b
Host regression tests	Run host tests (plain + ASan/UBSan)	﻿2026-09-24T11:33:12.3209114Z ##[group]Run bash tests/host/run.sh
Host regression tests	Run host tests (plain + ASan/UBSan)	2026-09-24T11:33:12.3210892Z ^[[36;1mbash tests/host/run.sh^[[0m
Host regression tests	Run host tests (plain + ASan/UBSan)	2026-09-24T11:33:12.3495276Z shell: /usr/bin/bash -e {0}
Host regression tests	Run host tests (plain + ASan/UBSan)	2026-09-24T11:33:12.3497032Z ##[endgroup]
Host regression tests	Run host tests (plain + ASan/UBSan)	2026-09-24T11:33:12.3660053Z == host tests (plain) ==
Host regression tests	Run host tests (plain + ASan/UBSan)	2026-09-24T11:33:13.3054390Z RUN  parse_fc_basic
Host regression tests	Run host tests (plain + ASan/UBSan)	2026-09-24T11:33:13.3054982Z PASS parse_fc_basic
Host regression tests	Run host tests (plain + ASan/UBSan)	2026-09-24T11:33:13.3055401Z RUN  parse_short_rejected
Host regression tests	Run host tests (plain + ASan/UBSan)	2026-09-24T11:33:13.3055848Z PASS parse_short_rejected
Host regression tests	Run host tests (plain + ASan/UBSan)	2026-09-24T11:33:13.3056287Z RUN  beacon_minimal_complete
Host regression tests	Run host tests (plain + ASan/UBSan)	2026-09-24T11:33:13.3056729Z PASS beacon_minimal_complete
Host regression tests	Run host tests (plain + ASan/UBSan)	2026-09-24T11:33:13.3057165Z RUN  beacon_typical_fields
Host regression tests	Run host tests (plain + ASan/UBSan)	2026-09-24T11:33:13.3057602Z PASS beacon_typical_fields
Host regression tests	Run host tests (plain + ASan/UBSan)	2026-09-24T11:33:13.3058074Z RUN  ssid_lengths
Host regression tests	Run host tests (plain + ASan/UBSan)	2026-09-24T11:33:13.3058469Z PASS ssid_lengths
Host regression tests	Run host tests (plain + ASan/UBSan)	2026-09-24T11:33:13.3059104Z RUN  ssid_all_zero_is_hidden
Host regression tests	Run host tests (plain + ASan/UBSan)	2026-09-24T11:33:13.3059895Z PASS ssid_all_zero_is_hidden
Host regression tests	Run host tests (plain + ASan/UBSan)	2026-09-24T11:33:13.3060650Z RUN  duplicate_ssid_first_wins
Host regression tests	Run host tests (plain + ASan/UBSan)	2026-09-24T11:33:13.3061383Z PASS duplicate_ssid_first_wins
Host regression tests	Run host tests (plain + ASan/UBSan)	2026-09-24T11:33:13.3062137Z RUN  ds_param_validation
Host regression tests	Run host tests (plain + ASan/UBSan)	2026-09-24T11:33:13.3062577Z PASS ds_param_validation
Host regression tests	Run host tests (plain + ASan/UBSan)	2026-09-24T11:33:13.3063004Z RUN  trailing_byte_in_complete_body
Host regression tests	Run host tests (plain + ASan/UBSan)	2026-09-24T11:33:13.3063491Z PASS trailing_byte_in_complete_body
Host regression tests	Run host tests (plain + ASan/UBSan)	2026-09-24T11:33:13.3063930Z RUN  ie_body_overrun_complete_frame
Host regression tests	Run host tests (plain + ASan/UBSan)	2026-09-24T11:33:13.3064365Z PASS ie_body_overrun_complete_frame
Host regression tests	Run host tests (plain + ASan/UBSan)	2026-09-24T11:33:13.3064796Z RUN  capture_cut_inside_ie_body
Host regression tests	Run host tests (plain + ASan/UBSan)	2026-09-24T11:33:13.3065221Z PASS capture_cut_inside_ie_body
Host regression tests	Run host tests (plain + ASan/UBSan)	2026-09-24T11:33:13.3065634Z RUN  capture_cut_at_ie_boundary
Host regression tests	Run host tests (plain + ASan/UBSan)	2026-09-24T11:33:13.3066034Z PASS capture_cut_at_ie_boundary
Host regression tests	Run host tests (plain + ASan/UBSan)	2026-09-24T11:33:13.3066446Z RUN  fcs_never_walked_as_ie_513
Host regression tests	Run host tests (plain + ASan/UBSan)	2026-09-24T11:33:13.3066849Z PASS fcs_never_walked_as_ie_513
Host regression tests	Run host tests (plain + ASan/UBSan)	2026-09-24T11:33:13.3067264Z RUN  fcs_never_walked_as_ie_514
Host regression tests	Run host tests (plain + ASan/UBSan)	2026-09-24T11:33:13.3067660Z PASS fcs_never_walked_as_ie_514
Host regression tests	Run host tests (plain + ASan/UBSan)	2026-09-24T11:33:13.3068067Z RUN  capture_cut_inside_mac_body
Host regression tests	Run host tests (plain + ASan/UBSan)	2026-09-24T11:33:13.3068517Z PASS capture_cut_inside_mac_body
Host regression tests	Run host tests (plain + ASan/UBSan)	2026-09-24T11:33:13.3068947Z RUN  deep_parse_rejects_protocol_version_1
Host regression tests	Run host tests (plain + ASan/UBSan)	2026-09-24T11:33:13.3069413Z PASS deep_parse_rejects_protocol_version_1
Host regression tests	Run host tests (plain + ASan/UBSan)	2026-09-24T11:33:13.3070158Z RUN  deep_parse_rejects_order_bit
Host regression tests	Run host tests (plain + ASan/UBSan)	2026-09-24T11:33:13.3070697Z PASS deep_parse_rejects_order_bit
Host regression tests	Run host tests (plain + ASan/UBSan)	2026-09-24T11:33:13.3071126Z RUN  deep_parse_rejects_more_fragments
Host regression tests	Run host tests (plain + ASan/UBSan)	2026-09-24T11:33:13.3071579Z PASS deep_parse_rejects_more_fragments
Host regression tests	Run host tests (plain + ASan/UBSan)	2026-09-24T11:33:13.3072019Z RUN  deep_parse_rejects_short_fixed_body
Host regression tests	Run host tests (plain + ASan/UBSan)	2026-09-24T11:33:13.3072462Z PASS deep_parse_rejects_short_fixed_body
Host regression tests	Run host tests (plain + ASan/UBSan)	2026-09-24T11:33:13.3072907Z RUN  probe_req_parse_and_truncation
Host regression tests	Run host tests (plain + ASan/UBSan)	2026-09-24T11:33:13.3073327Z PASS probe_req_parse_and_truncation
Host regression tests	Run host tests (plain + ASan/UBSan)	2026-09-24T11:33:13.3073727Z 20/20 passed
Host regression tests	Run host tests (plain + ASan/UBSan)	2026-09-24T11:33:14.0677646Z RUN  rx_good_frame_flow
Host regression tests	Run host tests (plain + ASan/UBSan)	2026-09-24T11:33:14.0678291Z PASS rx_good_frame_flow
Host regression tests	Run host tests (plain + ASan/UBSan)	2026-09-24T11:33:14.0678847Z RUN  rx_timestamp_copy_delay_and_slot_reuse
Host regression tests	Run host tests (plain + ASan/UBSan)	2026-09-24T11:33:14.0679785Z PASS rx_timestamp_copy_delay_and_slot_reuse
Host regression tests	Run host tests (plain + ASan/UBSan)	2026-09-24T11:33:14.0680466Z RUN  rx_packet_pool_memory_budget
Host regression tests	Run host tests (plain + ASan/UBSan)	2026-09-24T11:33:14.0681182Z PASS rx_packet_pool_memory_budget
Host regression tests	Run host tests (plain + ASan/UBSan)	2026-09-24T11:33:14.0682091Z RUN  rx_drop_accounting
Host regression tests	Run host tests (plain + ASan/UBSan)	2026-09-24T11:33:14.0682746Z PASS rx_drop_accounting
Host regression tests	Run host tests (plain + ASan/UBSan)	2026-09-24T11:33:14.0683089Z RUN  rx_state_errors_never_leak_slots
Host regression tests	Run host tests (plain + ASan/UBSan)	2026-09-24T11:33:14.0683498Z PASS rx_state_errors_never_leak_slots
Host regression tests	Run host tests (plain + ASan/UBSan)	2026-09-24T11:33:14.0683898Z RUN  rx_misc_whitelist_no_payload_access
Host regression tests	Run host tests (plain + ASan/UBSan)	2026-09-24T11:33:14.0684309Z PASS rx_misc_whitelist_no_payload_access
Host regression tests	Run host tests (plain + ASan/UBSan)	2026-09-24T11:33:14.0684765Z RUN  rx_misc_defensive_even_with_bogus_payload_len
Host regression tests	Run host tests (plain + ASan/UBSan)	2026-09-24T11:33:14.0685375Z PASS rx_misc_defensive_even_with_bogus_payload_len
Host regression tests	Run host tests (plain + ASan/UBSan)	2026-09-24T11:33:14.0685852Z RUN  rx_zero_payload_mgmt_queued_and_counted
Host regression tests	Run host tests (plain + ASan/UBSan)	2026-09-24T11:33:14.0686288Z PASS rx_zero_payload_mgmt_queued_and_counted
Host regression tests	Run host tests (plain + ASan/UBSan)	2026-09-24T11:33:14.0686733Z RUN  rx_oversized_truncated_at_bound
Host regression tests	Run host tests (plain + ASan/UBSan)	2026-09-24T11:33:14.0687133Z PASS rx_oversized_truncated_at_bound
Host regression tests	Run host tests (plain + ASan/UBSan)	2026-09-24T11:33:14.0687526Z RUN  rx_parse_length_contract
Host regression tests	Run host tests (plain + ASan/UBSan)	2026-09-24T11:33:14.0687889Z PASS rx_parse_length_contract
Host regression tests	Run host tests (plain + ASan/UBSan)	2026-09-24T11:33:14.0688268Z RUN  rx_capture_view_fcs_and_body_truncation
Host regression tests	Run host tests (plain + ASan/UBSan)	2026-09-24T11:33:14.0689058Z PASS rx_capture_view_fcs_and_body_truncation
Host regression tests	Run host tests (plain + ASan/UBSan)	2026-09-24T11:33:14.0689669Z 11/11 passed
Host regression tests	Run host tests (plain + ASan/UBSan)	2026-09-24T11:33:14.7730859Z RUN  hostile_misc_null_payload_never_read
Host regression tests	Run host tests (plain + ASan/UBSan)	2026-09-24T11:33:14.7731974Z PASS hostile_misc_null_payload_never_read
Host regression tests	Run host tests (plain + ASan/UBSan)	2026-09-24T11:33:14.7732774Z RUN  hostile_unknown_type_never_read
Host regression tests	Run host tests (plain + ASan/UBSan)	2026-09-24T11:33:14.7733554Z PASS hostile_unknown_type_never_read
Host regression tests	Run host tests (plain + ASan/UBSan)	2026-09-24T11:33:14.7734055Z 2/2 passed
Host regression tests	Run host tests (plain + ASan/UBSan)	2026-09-24T11:33:15.5000456Z RUN  ap_insert_change_unchanged
Host regression tests	Run host tests (plain + ASan/UBSan)	2026-09-24T11:33:15.5001201Z PASS ap_insert_change_unchanged
Host regression tests	Run host tests (plain + ASan/UBSan)	2026-09-24T11:33:15.5002145Z RUN  ap_eviction_and_reappear
Host regression tests	Run host tests (plain + ASan/UBSan)	2026-09-24T11:33:15.5003650Z PASS ap_eviction_and_reappear
Host regression tests	Run host tests (plain + ASan/UBSan)	2026-09-24T11:33:15.5005607Z RUN  ap_incomplete_observation_skipped
Host regression tests	Run host tests (plain + ASan/UBSan)	2026-09-24T11:33:15.5006259Z PASS ap_incomplete_observation_skipped
Host regression tests	Run host tests (plain + ASan/UBSan)	2026-09-24T11:33:15.5006848Z RUN  ap_hidden_ssid_keeps_known_name
Host regression tests	Run host tests (plain + ASan/UBSan)	2026-09-24T11:33:15.5007407Z PASS ap_hidden_ssid_keeps_known_name
Host regression tests	Run host tests (plain + ASan/UBSan)	2026-09-24T11:33:15.5007984Z RUN  ap_absent_ds_keeps_cached_channel
Host regression tests	Run host tests (plain + ASan/UBSan)	2026-09-24T11:33:15.5008580Z PASS ap_absent_ds_keeps_cached_channel
Host regression tests	Run host tests (plain + ASan/UBSan)	2026-09-24T11:33:15.5009175Z RUN  ap_complete_observation_negative_evidence
Host regression tests	Run host tests (plain + ASan/UBSan)	2026-09-24T11:33:15.5010033Z PASS ap_complete_observation_negative_evidence
Host regression tests	Run host tests (plain + ASan/UBSan)	2026-09-24T11:33:15.5010445Z 6/6 passed
Host regression tests	Run host tests (plain + ASan/UBSan)	2026-09-24T11:33:16.2394803Z RUN  hopper_build_from_country
Host regression tests	Run host tests (plain + ASan/UBSan)	2026-09-24T11:33:16.2395199Z PASS hopper_build_from_country
Host regression tests	Run host tests (plain + ASan/UBSan)	2026-09-24T11:33:16.2395467Z RUN  hopper_err_classify
Host regression tests	Run host tests (plain + ASan/UBSan)	2026-09-24T11:33:16.2395715Z PASS hopper_err_classify
Host regression tests	Run host tests (plain + ASan/UBSan)	2026-09-24T11:33:16.2395971Z RUN  hopper_bounded_failure_policy
Host regression tests	Run host tests (plain + ASan/UBSan)	2026-09-24T11:33:16.2396283Z PASS hopper_bounded_failure_policy
Host regression tests	Run host tests (plain + ASan/UBSan)	2026-09-24T11:33:16.2396560Z RUN  hopper_log_throttle
Host regression tests	Run host tests (plain + ASan/UBSan)	2026-09-24T11:33:16.2396847Z PASS hopper_log_throttle
Host regression tests	Run host tests (plain + ASan/UBSan)	2026-09-24T11:33:16.2397184Z 4/4 passed
Host regression tests	Run host tests (plain + ASan/UBSan)	2026-09-24T11:33:17.0614937Z RUN  world_create_and_merge
Host regression tests	Run host tests (plain + ASan/UBSan)	2026-09-24T11:33:17.0615393Z PASS world_create_and_merge
Host regression tests	Run host tests (plain + ASan/UBSan)	2026-09-24T11:33:17.0615824Z RUN  world_hidden_never_clears_name
Host regression tests	Run host tests (plain + ASan/UBSan)	2026-09-24T11:33:17.0616375Z PASS world_hidden_never_clears_name
Host regression tests	Run host tests (plain + ASan/UBSan)	2026-09-24T11:33:17.0617010Z RUN  world_embedded_nul_and_raw_bytes
Host regression tests	Run host tests (plain + ASan/UBSan)	2026-09-24T11:33:17.0617437Z PASS world_embedded_nul_and_raw_bytes
Host regression tests	Run host tests (plain + ASan/UBSan)	2026-09-24T11:33:17.0618028Z RUN  world_truncated_observation_partial_update
Host regression tests	Run host tests (plain + ASan/UBSan)	2026-09-24T11:33:17.0618707Z PASS world_truncated_observation_partial_update
Host regression tests	Run host tests (plain + ASan/UBSan)	2026-09-24T11:33:17.0619373Z RUN  world_truncated_ds_ie_still_applies
Host regression tests	Run host tests (plain + ASan/UBSan)	2026-09-24T11:33:17.0620269Z PASS world_truncated_ds_ie_still_applies
Host regression tests	Run host tests (plain + ASan/UBSan)	2026-09-24T11:33:17.0620967Z RUN  world_complete_observation_is_authoritative
Host regression tests	Run host tests (plain + ASan/UBSan)	2026-09-24T11:33:17.0621718Z PASS world_complete_observation_is_authoritative
Host regression tests	Run host tests (plain + ASan/UBSan)	2026-09-24T11:33:17.0622421Z RUN  world_invalid_bssid_rejected
Host regression tests	Run host tests (plain + ASan/UBSan)	2026-09-24T11:33:17.0623010Z PASS world_invalid_bssid_rejected
Host regression tests	Run host tests (plain + ASan/UBSan)	2026-09-24T11:33:17.0623537Z RUN  world_stale_timestamp_ignored
Host regression tests	Run host tests (plain + ASan/UBSan)	2026-09-24T11:33:17.0690700Z PASS world_stale_timestamp_ignored
Host regression tests	Run host tests (plain + ASan/UBSan)	2026-09-24T11:33:17.0691333Z RUN  world_ttl_expiry_edges
Host regression tests	Run host tests (plain + ASan/UBSan)	2026-09-24T11:33:17.0691785Z PASS world_ttl_expiry_edges
Host regression tests	Run host tests (plain + ASan/UBSan)	2026-09-24T11:33:17.0692126Z RUN  world_maintenance_without_traffic
Host regression tests	Run host tests (plain + ASan/UBSan)	2026-09-24T11:33:17.0692504Z PASS world_maintenance_without_traffic
Host regression tests	Run host tests (plain + ASan/UBSan)	2026-09-24T11:33:17.0692821Z RUN  world_capacity_evicts_oldest
Host regression tests	Run host tests (plain + ASan/UBSan)	2026-09-24T11:33:17.0693186Z PASS world_capacity_evicts_oldest
Host regression tests	Run host tests (plain + ASan/UBSan)	2026-09-24T11:33:17.0693509Z RUN  world_eviction_tie_breaks_to_lowest_slot
Host regression tests	Run host tests (plain + ASan/UBSan)	2026-09-24T11:33:17.0693853Z PASS world_eviction_tie_breaks_to_lowest_slot
Host regression tests	Run host tests (plain + ASan/UBSan)	2026-09-24T11:33:17.0694209Z RUN  world_full_table_sweeps_expired_before_evicting
Host regression tests	Run host tests (plain + ASan/UBSan)	2026-09-24T11:33:17.0694580Z PASS world_full_table_sweeps_expired_before_evicting
Host regression tests	Run host tests (plain + ASan/UBSan)	2026-09-24T11:33:17.0694899Z RUN  world_loop_churn_bounded
Host regression tests	Run host tests (plain + ASan/UBSan)	2026-09-24T11:33:17.0695159Z PASS world_loop_churn_bounded
Host regression tests	Run host tests (plain + ASan/UBSan)	2026-09-24T11:33:17.0695404Z RUN  world_page_export_bounds
Host regression tests	Run host tests (plain + ASan/UBSan)	2026-09-24T11:33:17.0695644Z PASS world_page_export_bounds
Host regression tests	Run host tests (plain + ASan/UBSan)	2026-09-24T11:33:17.0695896Z RUN  world_parser_to_world_end_to_end
Host regression tests	Run host tests (plain + ASan/UBSan)	2026-09-24T11:33:17.0696170Z PASS world_parser_to_world_end_to_end
Host regression tests	Run host tests (plain + ASan/UBSan)	2026-09-24T11:33:17.0696422Z 16/16 passed
Host regression tests	Run host tests (plain + ASan/UBSan)	2026-09-24T11:33:17.8068689Z RUN  data_addrs_four_ds_combinations
Host regression tests	Run host tests (plain + ASan/UBSan)	2026-09-24T11:33:17.8069313Z PASS data_addrs_four_ds_combinations
Host regression tests	Run host tests (plain + ASan/UBSan)	2026-09-24T11:33:17.8070259Z RUN  data_addrs_header_length_math
Host regression tests	Run host tests (plain + ASan/UBSan)	2026-09-24T11:33:17.8070621Z PASS data_addrs_header_length_math
Host regression tests	Run host tests (plain + ASan/UBSan)	2026-09-24T11:33:17.8070970Z RUN  data_addrs_short_headers_rejected
Host regression tests	Run host tests (plain + ASan/UBSan)	2026-09-24T11:33:17.8071505Z PASS data_addrs_short_headers_rejected
Host regression tests	Run host tests (plain + ASan/UBSan)	2026-09-24T11:33:17.8071787Z RUN  data_addrs_protocol_guards
Host regression tests	Run host tests (plain + ASan/UBSan)	2026-09-24T11:33:17.8072043Z PASS data_addrs_protocol_guards
Host regression tests	Run host tests (plain + ASan/UBSan)	2026-09-24T11:33:17.8072318Z RUN  data_addrs_protected_frame_header_visible
Host regression tests	Run host tests (plain + ASan/UBSan)	2026-09-24T11:33:17.8072681Z PASS data_addrs_protected_frame_header_visible
Host regression tests	Run host tests (plain + ASan/UBSan)	2026-09-24T11:33:17.8073031Z RUN  data_addrs_broadcast_multicast_parsed_but_unfiltered
Host regression tests	Run host tests (plain + ASan/UBSan)	2026-09-24T11:33:17.8073410Z PASS data_addrs_broadcast_multicast_parsed_but_unfiltered
Host regression tests	Run host tests (plain + ASan/UBSan)	2026-09-24T11:33:17.8073721Z 6/6 passed
Host regression tests	Run host tests (plain + ASan/UBSan)	2026-09-24T11:33:18.6395504Z RUN  sta_uplink_discovers_sta_and_provisional_ap
Host regression tests	Run host tests (plain + ASan/UBSan)	2026-09-24T11:33:18.6396186Z PASS sta_uplink_discovers_sta_and_provisional_ap
Host regression tests	Run host tests (plain + ASan/UBSan)	2026-09-24T11:33:18.6396544Z RUN  sta_downlink_rssi_belongs_to_ap
Host regression tests	Run host tests (plain + ASan/UBSan)	2026-09-24T11:33:18.6396843Z PASS sta_downlink_rssi_belongs_to_ap
Host regression tests	Run host tests (plain + ASan/UBSan)	2026-09-24T11:33:18.6397213Z RUN  sta_up_and_down_same_sta_single_record
Host regression tests	Run host tests (plain + ASan/UBSan)	2026-09-24T11:33:18.6397614Z PASS sta_up_and_down_same_sta_single_record
Host regression tests	Run host tests (plain + ASan/UBSan)	2026-09-24T11:33:18.6397947Z RUN  sta_beacon_confirms_provisional_ap
Host regression tests	Run host tests (plain + ASan/UBSan)	2026-09-24T11:33:18.6398249Z PASS sta_beacon_confirms_provisional_ap
Host regression tests	Run host tests (plain + ASan/UBSan)	2026-09-24T11:33:18.6398644Z RUN  sta_broadcast_and_invalid_destinations
Host regression tests	Run host tests (plain + ASan/UBSan)	2026-09-24T11:33:18.6399002Z PASS sta_broadcast_and_invalid_destinations
Host regression tests	Run host tests (plain + ASan/UBSan)	2026-09-24T11:33:18.6399315Z RUN  sta_probe_discovers_sta_only
Host regression tests	Run host tests (plain + ASan/UBSan)	2026-09-24T11:33:18.6399932Z PASS sta_probe_discovers_sta_only
Host regression tests	Run host tests (plain + ASan/UBSan)	2026-09-24T11:33:18.6400380Z RUN  sta_mgmt_tx_records_sta
Host regression tests	Run host tests (plain + ASan/UBSan)	2026-09-24T11:33:18.6400797Z PASS sta_mgmt_tx_records_sta
Host regression tests	Run host tests (plain + ASan/UBSan)	2026-09-24T11:33:18.6401228Z RUN  sta_uplink_switches_to_newer_ap
Host regression tests	Run host tests (plain + ASan/UBSan)	2026-09-24T11:33:18.6401692Z PASS sta_uplink_switches_to_newer_ap
Host regression tests	Run host tests (plain + ASan/UBSan)	2026-09-24T11:33:18.6402314Z RUN  sta_weaker_downlink_never_steals_binding
Host regression tests	Run host tests (plain + ASan/UBSan)	2026-09-24T11:33:18.6403105Z PASS sta_weaker_downlink_never_steals_binding
Host regression tests	Run host tests (plain + ASan/UBSan)	2026-09-24T11:33:18.6403551Z RUN  sta_equal_strength_freshness_wins
Host regression tests	Run host tests (plain + ASan/UBSan)	2026-09-24T11:33:18.6403874Z PASS sta_equal_strength_freshness_wins
Host regression tests	Run host tests (plain + ASan/UBSan)	2026-09-24T11:33:18.6404193Z RUN  sta_uplink_upgrades_downlink_evidence
Host regression tests	Run host tests (plain + ASan/UBSan)	2026-09-24T11:33:18.6404532Z PASS sta_uplink_upgrades_downlink_evidence
Host regression tests	Run host tests (plain + ASan/UBSan)	2026-09-24T11:33:18.6404847Z RUN  sta_relation_ttl_before_sta_ttl
Host regression tests	Run host tests (plain + ASan/UBSan)	2026-09-24T11:33:18.6405141Z PASS sta_relation_ttl_before_sta_ttl
Host regression tests	Run host tests (plain + ASan/UBSan)	2026-09-24T11:33:18.6405432Z RUN  sta_sta_ttl_removes_record
Host regression tests	Run host tests (plain + ASan/UBSan)	2026-09-24T11:33:18.6405708Z PASS sta_sta_ttl_removes_record
Host regression tests	Run host tests (plain + ASan/UBSan)	2026-09-24T11:33:18.6406001Z RUN  sta_ap_expiry_unbinds_but_keeps_sta
Host regression tests	Run host tests (plain + ASan/UBSan)	2026-09-24T11:33:18.6406338Z PASS sta_ap_expiry_unbinds_but_keeps_sta
Host regression tests	Run host tests (plain + ASan/UBSan)	2026-09-24T11:33:18.6406709Z RUN  sta_stale_data_ignored
Host regression tests	Run host tests (plain + ASan/UBSan)	2026-09-24T11:33:18.6406973Z PASS sta_stale_data_ignored
Host regression tests	Run host tests (plain + ASan/UBSan)	2026-09-24T11:33:18.6407241Z RUN  sta_ap_slot_reuse_never_dangles
Host regression tests	Run host tests (plain + ASan/UBSan)	2026-09-24T11:33:18.6407543Z PASS sta_ap_slot_reuse_never_dangles
Host regression tests	Run host tests (plain + ASan/UBSan)	2026-09-24T11:33:18.6407857Z RUN  sta_weak_creators_never_evict
Host regression tests	Run host tests (plain + ASan/UBSan)	2026-09-24T11:33:18.6408164Z PASS sta_weak_creators_never_evict
Host regression tests	Run host tests (plain + ASan/UBSan)	2026-09-24T11:33:18.6408466Z RUN  sta_data_ambiguous_and_wds_counted
Host regression tests	Run host tests (plain + ASan/UBSan)	2026-09-24T11:33:18.6408785Z PASS sta_data_ambiguous_and_wds_counted
Host regression tests	Run host tests (plain + ASan/UBSan)	2026-09-24T11:33:18.6409105Z RUN  sta_parser_to_world_data_end_to_end
Host regression tests	Run host tests (plain + ASan/UBSan)	2026-09-24T11:33:18.6409685Z PASS sta_parser_to_world_data_end_to_end
Host regression tests	Run host tests (plain + ASan/UBSan)	2026-09-24T11:33:18.6410044Z RUN  sta_relation_churn_invariants
Host regression tests	Run host tests (plain + ASan/UBSan)	2026-09-24T11:33:18.6410342Z PASS sta_relation_churn_invariants
Host regression tests	Run host tests (plain + ASan/UBSan)	2026-09-24T11:33:18.6410618Z 20/20 passed
Host regression tests	Run host tests (plain + ASan/UBSan)	2026-09-24T11:33:19.4859958Z RUN  sec_rsn_psk
Host regression tests	Run host tests (plain + ASan/UBSan)	2026-09-24T11:33:19.4860508Z PASS sec_rsn_psk
Host regression tests	Run host tests (plain + ASan/UBSan)	2026-09-24T11:33:19.4861050Z RUN  sec_rsn_enterprise_sae_owe_transition
Host regression tests	Run host tests (plain + ASan/UBSan)	2026-09-24T11:33:19.4861834Z PASS sec_rsn_enterprise_sae_owe_transition
Host regression tests	Run host tests (plain + ASan/UBSan)	2026-09-24T11:33:19.4862580Z RUN  sec_wpa_vendor_psk
Host regression tests	Run host tests (plain + ASan/UBSan)	2026-09-24T11:33:19.4863277Z PASS sec_wpa_vendor_psk
Host regression tests	Run host tests (plain + ASan/UBSan)	2026-09-24T11:33:19.4863958Z RUN  sec_wpa_and_rsn_distinction
Host regression tests	Run host tests (plain + ASan/UBSan)	2026-09-24T11:33:19.4864375Z PASS sec_wpa_and_rsn_distinction
Host regression tests	Run host tests (plain + ASan/UBSan)	2026-09-24T11:33:19.4864745Z RUN  sec_unknown_suites_kept_unknown
Host regression tests	Run host tests (plain + ASan/UBSan)	2026-09-24T11:33:19.4865131Z PASS sec_unknown_suites_kept_unknown
Host regression tests	Run host tests (plain + ASan/UBSan)	2026-09-24T11:33:19.4865736Z RUN  sec_count_overflow_malformed
Host regression tests	Run host tests (plain + ASan/UBSan)	2026-09-24T11:33:19.4866105Z PASS sec_count_overflow_malformed
Host regression tests	Run host tests (plain + ASan/UBSan)	2026-09-24T11:33:19.4866484Z RUN  sec_bad_version_and_short_bodies
Host regression tests	Run host tests (plain + ASan/UBSan)	2026-09-24T11:33:19.4867000Z PASS sec_bad_version_and_short_bodies
Host regression tests	Run host tests (plain + ASan/UBSan)	2026-09-24T11:33:19.4867372Z RUN  sec_optional_tails
Host regression tests	Run host tests (plain + ASan/UBSan)	2026-09-24T11:33:19.4867696Z PASS sec_optional_tails
Host regression tests	Run host tests (plain + ASan/UBSan)	2026-09-24T11:33:19.4868021Z RUN  sec_long_beacon_cut_positions
Host regression tests	Run host tests (plain + ASan/UBSan)	2026-09-24T11:33:19.4868388Z PASS sec_long_beacon_cut_positions
Host regression tests	Run host tests (plain + ASan/UBSan)	2026-09-24T11:33:19.4868752Z RUN  sec_world_open_and_privacy
Host regression tests	Run host tests (plain + ASan/UBSan)	2026-09-24T11:33:19.4869107Z PASS sec_world_open_and_privacy
Host regression tests	Run host tests (plain + ASan/UBSan)	2026-09-24T11:33:19.4869755Z RUN  sec_world_valid_then_malformed_no_downgrade
Host regression tests	Run host tests (plain + ASan/UBSan)	2026-09-24T11:33:19.4870230Z PASS sec_world_valid_then_malformed_no_downgrade
Host regression tests	Run host tests (plain + ASan/UBSan)	2026-09-24T11:33:19.4870681Z RUN  sec_world_truncated_rsn_positive_evidence
Host regression tests	Run host tests (plain + ASan/UBSan)	2026-09-24T11:33:19.4871057Z PASS sec_world_truncated_rsn_positive_evidence
Host regression tests	Run host tests (plain + ASan/UBSan)	2026-09-24T11:33:19.4871407Z RUN  sec_world_security_names
Host regression tests	Run host tests (plain + ASan/UBSan)	2026-09-24T11:33:19.4871701Z PASS sec_world_security_names
Host regression tests	Run host tests (plain + ASan/UBSan)	2026-09-24T11:33:19.4872042Z RUN  sec_ie_commit_is_atomic_and_order_independent
Host regression tests	Run host tests (plain + ASan/UBSan)	2026-09-24T11:33:19.4872440Z PASS sec_ie_commit_is_atomic_and_order_independent
Host regression tests	Run host tests (plain + ASan/UBSan)	2026-09-24T11:33:19.4872887Z RUN  sec_world_partial_protocol_merge_preserves_other_protocol
Host regression tests	Run host tests (plain + ASan/UBSan)	2026-09-24T11:33:19.4873377Z PASS sec_world_partial_protocol_merge_preserves_other_protocol
Host regression tests	Run host tests (plain + ASan/UBSan)	2026-09-24T11:33:19.4873767Z 15/15 passed
Host regression tests	Run host tests (plain + ASan/UBSan)	2026-09-24T11:33:20.1947575Z RUN  mgmt_auth_request_vs_ap_response
Host regression tests	Run host tests (plain + ASan/UBSan)	2026-09-24T11:33:20.1948340Z PASS mgmt_auth_request_vs_ap_response
Host regression tests	Run host tests (plain + ASan/UBSan)	2026-09-24T11:33:20.1949130Z RUN  mgmt_auth_fixed_body_and_status
Host regression tests	Run host tests (plain + ASan/UBSan)	2026-09-24T11:33:20.1950037Z PASS mgmt_auth_fixed_body_and_status
Host regression tests	Run host tests (plain + ASan/UBSan)	2026-09-24T11:33:20.1950646Z RUN  mgmt_assoc_request_and_response
Host regression tests	Run host tests (plain + ASan/UBSan)	2026-09-24T11:33:20.1951029Z PASS mgmt_assoc_request_and_response
Host regression tests	Run host tests (plain + ASan/UBSan)	2026-09-24T11:33:20.1951380Z RUN  mgmt_invalid_or_ambiguous_rejected
Host regression tests	Run host tests (plain + ASan/UBSan)	2026-09-24T11:33:20.1951752Z PASS mgmt_invalid_or_ambiguous_rejected
Host regression tests	Run host tests (plain + ASan/UBSan)	2026-09-24T11:33:20.1952084Z 4/4 passed
Host regression tests	Run host tests (plain + ASan/UBSan)	2026-09-24T11:33:20.9869913Z RUN  eapol_plain_qos_order_direction
Host regression tests	Run host tests (plain + ASan/UBSan)	2026-09-24T11:33:20.9870733Z PASS eapol_plain_qos_order_direction
Host regression tests	Run host tests (plain + ASan/UBSan)	2026-09-24T11:33:20.9871413Z RUN  eapol_strict_llc_snap
Host regression tests	Run host tests (plain + ASan/UBSan)	2026-09-24T11:33:20.9872099Z PASS eapol_strict_llc_snap
Host regression tests	Run host tests (plain + ASan/UBSan)	2026-09-24T11:33:20.9872857Z RUN  eapol_null_protected
Host regression tests	Run host tests (plain + ASan/UBSan)	2026-09-24T11:33:20.9873291Z PASS eapol_null_protected
Host regression tests	Run host tests (plain + ASan/UBSan)	2026-09-24T11:33:20.9873664Z RUN  eapol_unsupported_layouts_fragments
Host regression tests	Run host tests (plain + ASan/UBSan)	2026-09-24T11:33:20.9874096Z PASS eapol_unsupported_layouts_fragments
Host regression tests	Run host tests (plain + ASan/UBSan)	2026-09-24T11:33:20.9874518Z RUN  eapol_versions_lengths_padding_short
Host regression tests	Run host tests (plain + ASan/UBSan)	2026-09-24T11:33:20.9874934Z PASS eapol_versions_lengths_padding_short
Host regression tests	Run host tests (plain + ASan/UBSan)	2026-09-24T11:33:20.9875342Z RUN  eapol_key_bounds_classification
Host regression tests	Run host tests (plain + ASan/UBSan)	2026-09-24T11:33:20.9875731Z PASS eapol_key_bounds_classification
Host regression tests	Run host tests (plain + ASan/UBSan)	2026-09-24T11:33:20.9876117Z RUN  eapol_capture_truncation
Host regression tests	Run host tests (plain + ASan/UBSan)	2026-09-24T11:33:20.9876470Z PASS eapol_capture_truncation
Host regression tests	Run host tests (plain + ASan/UBSan)	2026-09-24T11:33:20.9876818Z RUN  eapol_stats_semantics
Host regression tests	Run host tests (plain + ASan/UBSan)	2026-09-24T11:33:20.9877148Z PASS eapol_stats_semantics
Host regression tests	Run host tests (plain + ASan/UBSan)	2026-09-24T11:33:20.9877463Z 8/8 passed
Host regression tests	Run host tests (plain + ASan/UBSan)	2026-09-24T11:33:22.7782691Z RUN  pcap_global_header_golden
Host regression tests	Run host tests (plain + ASan/UBSan)	2026-09-24T11:33:22.7783504Z PASS pcap_global_header_golden
Host regression tests	Run host tests (plain + ASan/UBSan)	2026-09-24T11:33:22.7787359Z RUN  pcap_global_header_short_atomic
Host regression tests	Run host tests (plain + ASan/UBSan)	2026-09-24T11:33:22.7788096Z PASS pcap_global_header_short_atomic
Host regression tests	Run host tests (plain + ASan/UBSan)	2026-09-24T11:33:22.7788794Z RUN  pcap_channel_radiotap_golden
Host regression tests	Run host tests (plain + ASan/UBSan)	2026-09-24T11:33:22.7789868Z PASS pcap_channel_radiotap_golden
Host regression tests	Run host tests (plain + ASan/UBSan)	2026-09-24T11:33:22.7790690Z RUN  pcap_unknown_channel_omitted
Host regression tests	Run host tests (plain + ASan/UBSan)	2026-09-24T11:33:22.7791415Z PASS pcap_unknown_channel_omitted
Host regression tests	Run host tests (plain + ASan/UBSan)	2026-09-24T11:33:22.7792140Z RUN  pcap_timestamp_boundary_payload
Host regression tests	Run host tests (plain + ASan/UBSan)	2026-09-24T11:33:22.7793058Z PASS pcap_timestamp_boundary_payload
Host regression tests	Run host tests (plain + ASan/UBSan)	2026-09-24T11:33:22.7793803Z RUN  pcap_large_monotonic_and_range
Host regression tests	Run host tests (plain + ASan/UBSan)	2026-09-24T11:33:22.7794494Z PASS pcap_large_monotonic_and_range
Host regression tests	Run host tests (plain + ASan/UBSan)	2026-09-24T11:33:22.7795226Z RUN  pcap_timestamp_before_anchor_atomic
Host regression tests	Run host tests (plain + ASan/UBSan)	2026-09-24T11:33:22.7795996Z PASS pcap_timestamp_before_anchor_atomic
Host regression tests	Run host tests (plain + ASan/UBSan)	2026-09-24T11:33:22.7796662Z RUN  pcap_empty_short_mac
Host regression tests	Run host tests (plain + ASan/UBSan)	2026-09-24T11:33:22.7797255Z PASS pcap_empty_short_mac
Host regression tests	Run host tests (plain + ASan/UBSan)	2026-09-24T11:33:22.7797860Z RUN  pcap_invalid_and_contradictory_lengths
Host regression tests	Run host tests (plain + ASan/UBSan)	2026-09-24T11:33:22.7798838Z PASS pcap_invalid_and_contradictory_lengths
Host regression tests	Run host tests (plain + ASan/UBSan)	2026-09-24T11:33:22.7799805Z RUN  pcap_capacity_failure_atomic
Host regression tests	Run host tests (plain + ASan/UBSan)	2026-09-24T11:33:22.7800704Z PASS pcap_capacity_failure_atomic
Host regression tests	Run host tests (plain + ASan/UBSan)	2026-09-24T11:33:22.7801310Z RUN  pcap_fcs_and_capture_truncation
Host regression tests	Run host tests (plain + ASan/UBSan)	2026-09-24T11:33:22.7801971Z PASS pcap_fcs_and_capture_truncation
Host regression tests	Run host tests (plain + ASan/UBSan)	2026-09-24T11:33:22.7802648Z RUN  pcap_512_bound_max_record
Host regression tests	Run host tests (plain + ASan/UBSan)	2026-09-24T11:33:22.7803349Z PASS pcap_512_bound_max_record
Host regression tests	Run host tests (plain + ASan/UBSan)	2026-09-24T11:33:22.7804004Z RUN  pcap_reference_generate_synthetic
Host regression tests	Run host tests (plain + ASan/UBSan)	2026-09-24T11:33:22.7804662Z PASS pcap_reference_generate_synthetic
Host regression tests	Run host tests (plain + ASan/UBSan)	2026-09-24T11:33:22.7805337Z 13/13 passed
Host regression tests	Run host tests (plain + ASan/UBSan)	2026-09-24T11:33:23.6627218Z RUN  submit_copy_and_stop_sync
Host regression tests	Run host tests (plain + ASan/UBSan)	2026-09-24T11:33:23.6628103Z PASS submit_copy_and_stop_sync
Host regression tests	Run host tests (plain + ASan/UBSan)	2026-09-24T11:33:23.6628569Z RUN  queue_full_fifo_and_drain
Host regression tests	Run host tests (plain + ASan/UBSan)	2026-09-24T11:33:23.6629236Z PASS queue_full_fifo_and_drain
Host regression tests	Run host tests (plain + ASan/UBSan)	2026-09-24T11:33:23.6629928Z RUN  valid_mgmt_control_data
Host regression tests	Run host tests (plain + ASan/UBSan)	2026-09-24T11:33:23.6630379Z PASS valid_mgmt_control_data
Host regression tests	Run host tests (plain + ASan/UBSan)	2026-09-24T11:33:23.6632753Z RUN  slow_writer_not_producer_lock
Host regression tests	Run host tests (plain + ASan/UBSan)	2026-09-24T11:33:23.6633346Z PASS slow_writer_not_producer_lock
Host regression tests	Run host tests (plain + ASan/UBSan)	2026-09-24T11:33:23.6633887Z RUN  partial_write_offset
Host regression tests	Run host tests (plain + ASan/UBSan)	2026-09-24T11:33:23.6634405Z PASS partial_write_offset
Host regression tests	Run host tests (plain + ASan/UBSan)	2026-09-24T11:33:23.6634936Z RUN  partial_write_error_cleanup
Host regression tests	Run host tests (plain + ASan/UBSan)	2026-09-24T11:33:23.6635462Z PASS partial_write_error_cleanup
Host regression tests	Run host tests (plain + ASan/UBSan)	2026-09-24T11:33:23.6636087Z RUN  enospc_and_header_flush
Host regression tests	Run host tests (plain + ASan/UBSan)	2026-09-24T11:33:23.6636750Z PASS enospc_and_header_flush
Host regression tests	Run host tests (plain + ASan/UBSan)	2026-09-24T11:33:23.6637431Z RUN  filename_conflict_restart
Host regression tests	Run host tests (plain + ASan/UBSan)	2026-09-24T11:33:23.6637934Z PASS filename_conflict_restart
Host regression tests	Run host tests (plain + ASan/UBSan)	2026-09-24T11:33:23.6638437Z RUN  rotation_session_limit
Host regression tests	Run host tests (plain + ASan/UBSan)	2026-09-24T11:33:23.6638932Z PASS rotation_session_limit
Host regression tests	Run host tests (plain + ASan/UBSan)	2026-09-24T11:33:23.6639640Z RUN  age_rotation_filtering
Host regression tests	Run host tests (plain + ASan/UBSan)	2026-09-24T11:33:23.6640149Z PASS age_rotation_filtering
Host regression tests	Run host tests (plain + ASan/UBSan)	2026-09-24T11:33:23.6640646Z RUN  pre_session_rx_timestamp
Host regression tests	Run host tests (plain + ASan/UBSan)	2026-09-24T11:33:23.6641143Z PASS pre_session_rx_timestamp
Host regression tests	Run host tests (plain + ASan/UBSan)	2026-09-24T11:33:23.6641637Z RUN  open_close_error_recovery
Host regression tests	Run host tests (plain + ASan/UBSan)	2026-09-24T11:33:23.6642146Z PASS open_close_error_recovery
Host regression tests	Run host tests (plain + ASan/UBSan)	2026-09-24T11:33:23.6642630Z 12/12 passed
Host regression tests	Run host tests (plain + ASan/UBSan)	2026-09-24T11:33:23.6643062Z == host tests (ASan+UBSan) ==
Host regression tests	Run host tests (plain + ASan/UBSan)	2026-09-24T11:33:25.6703326Z RUN  parse_fc_basic
Host regression tests	Run host tests (plain + ASan/UBSan)	2026-09-24T11:33:25.6703982Z PASS parse_fc_basic
Host regression tests	Run host tests (plain + ASan/UBSan)	2026-09-24T11:33:25.6704450Z RUN  parse_short_rejected
Host regression tests	Run host tests (plain + ASan/UBSan)	2026-09-24T11:33:25.6704941Z PASS parse_short_rejected
Host regression tests	Run host tests (plain + ASan/UBSan)	2026-09-24T11:33:25.6705416Z RUN  beacon_minimal_complete
Host regression tests	Run host tests (plain + ASan/UBSan)	2026-09-24T11:33:25.6705906Z PASS beacon_minimal_complete
Host regression tests	Run host tests (plain + ASan/UBSan)	2026-09-24T11:33:25.6706391Z RUN  beacon_typical_fields
Host regression tests	Run host tests (plain + ASan/UBSan)	2026-09-24T11:33:25.6718567Z PASS beacon_typical_fields
Host regression tests	Run host tests (plain + ASan/UBSan)	2026-09-24T11:33:25.6719056Z RUN  ssid_lengths
Host regression tests	Run host tests (plain + ASan/UBSan)	2026-09-24T11:33:25.6719719Z PASS ssid_lengths
Host regression tests	Run host tests (plain + ASan/UBSan)	2026-09-24T11:33:25.6720062Z RUN  ssid_all_zero_is_hidden
Host regression tests	Run host tests (plain + ASan/UBSan)	2026-09-24T11:33:25.6720455Z PASS ssid_all_zero_is_hidden
Host regression tests	Run host tests (plain + ASan/UBSan)	2026-09-24T11:33:25.6720845Z RUN  duplicate_ssid_first_wins
Host regression tests	Run host tests (plain + ASan/UBSan)	2026-09-24T11:33:25.6721242Z PASS duplicate_ssid_first_wins
Host regression tests	Run host tests (plain + ASan/UBSan)	2026-09-24T11:33:25.6721634Z RUN  ds_param_validation
Host regression tests	Run host tests (plain + ASan/UBSan)	2026-09-24T11:33:25.6721998Z PASS ds_param_validation
Host regression tests	Run host tests (plain + ASan/UBSan)	2026-09-24T11:33:25.6722395Z RUN  trailing_byte_in_complete_body
Host regression tests	Run host tests (plain + ASan/UBSan)	2026-09-24T11:33:25.6722826Z PASS trailing_byte_in_complete_body
Host regression tests	Run host tests (plain + ASan/UBSan)	2026-09-24T11:33:25.6723254Z RUN  ie_body_overrun_complete_frame
Host regression tests	Run host tests (plain + ASan/UBSan)	2026-09-24T11:33:25.6723815Z PASS ie_body_overrun_complete_frame
Host regression tests	Run host tests (plain + ASan/UBSan)	2026-09-24T11:33:25.6724244Z RUN  capture_cut_inside_ie_body
Host regression tests	Run host tests (plain + ASan/UBSan)	2026-09-24T11:33:25.6724642Z PASS capture_cut_inside_ie_body
Host regression tests	Run host tests (plain + ASan/UBSan)	2026-09-24T11:33:25.6725040Z RUN  capture_cut_at_ie_boundary
Host regression tests	Run host tests (plain + ASan/UBSan)	2026-09-24T11:33:25.6725430Z PASS capture_cut_at_ie_boundary
Host regression tests	Run host tests (plain + ASan/UBSan)	2026-09-24T11:33:25.6725828Z RUN  fcs_never_walked_as_ie_513
Host regression tests	Run host tests (plain + ASan/UBSan)	2026-09-24T11:33:25.6726220Z PASS fcs_never_walked_as_ie_513
Host regression tests	Run host tests (plain + ASan/UBSan)	2026-09-24T11:33:25.6726614Z RUN  fcs_never_walked_as_ie_514
Host regression tests	Run host tests (plain + ASan/UBSan)	2026-09-24T11:33:25.6727002Z PASS fcs_never_walked_as_ie_514
Host regression tests	Run host tests (plain + ASan/UBSan)	2026-09-24T11:33:25.6727396Z RUN  capture_cut_inside_mac_body
Host regression tests	Run host tests (plain + ASan/UBSan)	2026-09-24T11:33:25.6727806Z PASS capture_cut_inside_mac_body
Host regression tests	Run host tests (plain + ASan/UBSan)	2026-09-24T11:33:25.6728295Z RUN  deep_parse_rejects_protocol_version_1
Host regression tests	Run host tests (plain + ASan/UBSan)	2026-09-24T11:33:25.6728784Z PASS deep_parse_rejects_protocol_version_1
Host regression tests	Run host tests (plain + ASan/UBSan)	2026-09-24T11:33:25.6729250Z RUN  deep_parse_rejects_order_bit
Host regression tests	Run host tests (plain + ASan/UBSan)	2026-09-24T11:33:25.6730196Z PASS deep_parse_rejects_order_bit
Host regression tests	Run host tests (plain + ASan/UBSan)	2026-09-24T11:33:25.6730625Z RUN  deep_parse_rejects_more_fragments
Host regression tests	Run host tests (plain + ASan/UBSan)	2026-09-24T11:33:25.6731236Z PASS deep_parse_rejects_more_fragments
Host regression tests	Run host tests (plain + ASan/UBSan)	2026-09-24T11:33:25.6731690Z RUN  deep_parse_rejects_short_fixed_body
Host regression tests	Run host tests (plain + ASan/UBSan)	2026-09-24T11:33:25.6732149Z PASS deep_parse_rejects_short_fixed_body
Host regression tests	Run host tests (plain + ASan/UBSan)	2026-09-24T11:33:25.6732597Z RUN  probe_req_parse_and_truncation
Host regression tests	Run host tests (plain + ASan/UBSan)	2026-09-24T11:33:25.6733023Z PASS probe_req_parse_and_truncation
Host regression tests	Run host tests (plain + ASan/UBSan)	2026-09-24T11:33:25.6733422Z 20/20 passed
Host regression tests	Run host tests (plain + ASan/UBSan)	2026-09-24T11:33:27.3882235Z RUN  rx_good_frame_flow
Host regression tests	Run host tests (plain + ASan/UBSan)	2026-09-24T11:33:27.3882800Z PASS rx_good_frame_flow
Host regression tests	Run host tests (plain + ASan/UBSan)	2026-09-24T11:33:27.3883571Z RUN  rx_timestamp_copy_delay_and_slot_reuse
Host regression tests	Run host tests (plain + ASan/UBSan)	2026-09-24T11:33:27.3884188Z PASS rx_timestamp_copy_delay_and_slot_reuse
Host regression tests	Run host tests (plain + ASan/UBSan)	2026-09-24T11:33:27.3884821Z RUN  rx_packet_pool_memory_budget
Host regression tests	Run host tests (plain + ASan/UBSan)	2026-09-24T11:33:27.3885304Z PASS rx_packet_pool_memory_budget
Host regression tests	Run host tests (plain + ASan/UBSan)	2026-09-24T11:33:27.3885825Z RUN  rx_drop_accounting
Host regression tests	Run host tests (plain + ASan/UBSan)	2026-09-24T11:33:27.3886253Z PASS rx_drop_accounting
Host regression tests	Run host tests (plain + ASan/UBSan)	2026-09-24T11:33:27.3886694Z RUN  rx_state_errors_never_leak_slots
Host regression tests	Run host tests (plain + ASan/UBSan)	2026-09-24T11:33:27.3887200Z PASS rx_state_errors_never_leak_slots
Host regression tests	Run host tests (plain + ASan/UBSan)	2026-09-24T11:33:27.3887703Z RUN  rx_misc_whitelist_no_payload_access
Host regression tests	Run host tests (plain + ASan/UBSan)	2026-09-24T11:33:27.3888243Z PASS rx_misc_whitelist_no_payload_access
Host regression tests	Run host tests (plain + ASan/UBSan)	2026-09-24T11:33:27.3888785Z RUN  rx_misc_defensive_even_with_bogus_payload_len
Host regression tests	Run host tests (plain + ASan/UBSan)	2026-09-24T11:33:27.3889379Z PASS rx_misc_defensive_even_with_bogus_payload_len
Host regression tests	Run host tests (plain + ASan/UBSan)	2026-09-24T11:33:27.3890269Z RUN  rx_zero_payload_mgmt_queued_and_counted
Host regression tests	Run host tests (plain + ASan/UBSan)	2026-09-24T11:33:27.3890798Z PASS rx_zero_payload_mgmt_queued_and_counted
Host regression tests	Run host tests (plain + ASan/UBSan)	2026-09-24T11:33:27.3891292Z RUN  rx_oversized_truncated_at_bound
Host regression tests	Run host tests (plain + ASan/UBSan)	2026-09-24T11:33:27.3891753Z PASS rx_oversized_truncated_at_bound
Host regression tests	Run host tests (plain + ASan/UBSan)	2026-09-24T11:33:27.3892204Z RUN  rx_parse_length_contract
Host regression tests	Run host tests (plain + ASan/UBSan)	2026-09-24T11:33:27.3892621Z PASS rx_parse_length_contract
Host regression tests	Run host tests (plain + ASan/UBSan)	2026-09-24T11:33:27.3893057Z RUN  rx_capture_view_fcs_and_body_truncation
Host regression tests	Run host tests (plain + ASan/UBSan)	2026-09-24T11:33:27.3893563Z PASS rx_capture_view_fcs_and_body_truncation
Host regression tests	Run host tests (plain + ASan/UBSan)	2026-09-24T11:33:27.3894021Z 11/11 passed
Host regression tests	Run host tests (plain + ASan/UBSan)	2026-09-24T11:33:28.9841504Z RUN  hostile_misc_null_payload_never_read
Host regression tests	Run host tests (plain + ASan/UBSan)	2026-09-24T11:33:28.9843033Z PASS hostile_misc_null_payload_never_read
Host regression tests	Run host tests (plain + ASan/UBSan)	2026-09-24T11:33:28.9843902Z RUN  hostile_unknown_type_never_read
Host regression tests	Run host tests (plain + ASan/UBSan)	2026-09-24T11:33:28.9844600Z PASS hostile_unknown_type_never_read
Host regression tests	Run host tests (plain + ASan/UBSan)	2026-09-24T11:33:28.9845283Z 2/2 passed
Host regression tests	Run host tests (plain + ASan/UBSan)	2026-09-24T11:33:30.6254482Z RUN  ap_insert_change_unchanged
Host regression tests	Run host tests (plain + ASan/UBSan)	2026-09-24T11:33:30.6259842Z PASS ap_insert_change_unchanged
Host regression tests	Run host tests (plain + ASan/UBSan)	2026-09-24T11:33:30.6260804Z RUN  ap_eviction_and_reappear
Host regression tests	Run host tests (plain + ASan/UBSan)	2026-09-24T11:33:30.6261584Z PASS ap_eviction_and_reappear
Host regression tests	Run host tests (plain + ASan/UBSan)	2026-09-24T11:33:30.6262452Z RUN  ap_incomplete_observation_skipped
Host regression tests	Run host tests (plain + ASan/UBSan)	2026-09-24T11:33:30.6263171Z PASS ap_incomplete_observation_skipped
Host regression tests	Run host tests (plain + ASan/UBSan)	2026-09-24T11:33:30.6263870Z RUN  ap_hidden_ssid_keeps_known_name
Host regression tests	Run host tests (plain + ASan/UBSan)	2026-09-24T11:33:30.6264555Z PASS ap_hidden_ssid_keeps_known_name
Host regression tests	Run host tests (plain + ASan/UBSan)	2026-09-24T11:33:30.6265248Z RUN  ap_absent_ds_keeps_cached_channel
Host regression tests	Run host tests (plain + ASan/UBSan)	2026-09-24T11:33:30.6265966Z PASS ap_absent_ds_keeps_cached_channel
Host regression tests	Run host tests (plain + ASan/UBSan)	2026-09-24T11:33:30.6266625Z RUN  ap_complete_observation_negative_evidence
Host regression tests	Run host tests (plain + ASan/UBSan)	2026-09-24T11:33:30.6267347Z PASS ap_complete_observation_negative_evidence
Host regression tests	Run host tests (plain + ASan/UBSan)	2026-09-24T11:33:30.6267985Z 6/6 passed
Host regression tests	Run host tests (plain + ASan/UBSan)	2026-09-24T11:33:32.2270092Z RUN  hopper_build_from_country
Host regression tests	Run host tests (plain + ASan/UBSan)	2026-09-24T11:33:32.2270928Z PASS hopper_build_from_country
Host regression tests	Run host tests (plain + ASan/UBSan)	2026-09-24T11:33:32.2271363Z RUN  hopper_err_classify
Host regression tests	Run host tests (plain + ASan/UBSan)	2026-09-24T11:33:32.2271757Z PASS hopper_err_classify
Host regression tests	Run host tests (plain + ASan/UBSan)	2026-09-24T11:33:32.2272163Z RUN  hopper_bounded_failure_policy
Host regression tests	Run host tests (plain + ASan/UBSan)	2026-09-24T11:33:32.2272612Z PASS hopper_bounded_failure_policy
Host regression tests	Run host tests (plain + ASan/UBSan)	2026-09-24T11:33:32.2273047Z RUN  hopper_log_throttle
Host regression tests	Run host tests (plain + ASan/UBSan)	2026-09-24T11:33:32.2273424Z PASS hopper_log_throttle
Host regression tests	Run host tests (plain + ASan/UBSan)	2026-09-24T11:33:32.2273801Z 4/4 passed
Host regression tests	Run host tests (plain + ASan/UBSan)	2026-09-24T11:33:34.0226503Z RUN  world_create_and_merge
Host regression tests	Run host tests (plain + ASan/UBSan)	2026-09-24T11:33:34.0227906Z PASS world_create_and_merge
Host regression tests	Run host tests (plain + ASan/UBSan)	2026-09-24T11:33:34.0228456Z RUN  world_hidden_never_clears_name
Host regression tests	Run host tests (plain + ASan/UBSan)	2026-09-24T11:33:34.0228918Z PASS world_hidden_never_clears_name
Host regression tests	Run host tests (plain + ASan/UBSan)	2026-09-24T11:33:34.0229373Z RUN  world_embedded_nul_and_raw_bytes
Host regression tests	Run host tests (plain + ASan/UBSan)	2026-09-24T11:33:34.0230039Z PASS world_embedded_nul_and_raw_bytes
Host regression tests	Run host tests (plain + ASan/UBSan)	2026-09-24T11:33:34.0230870Z RUN  world_truncated_observation_partial_update
Host regression tests	Run host tests (plain + ASan/UBSan)	2026-09-24T11:33:34.0231458Z PASS world_truncated_observation_partial_update
Host regression tests	Run host tests (plain + ASan/UBSan)	2026-09-24T11:33:34.0232193Z RUN  world_truncated_ds_ie_still_applies
Host regression tests	Run host tests (plain + ASan/UBSan)	2026-09-24T11:33:34.0232680Z PASS world_truncated_ds_ie_still_applies
Host regression tests	Run host tests (plain + ASan/UBSan)	2026-09-24T11:33:34.0233189Z RUN  world_complete_observation_is_authoritative
Host regression tests	Run host tests (plain + ASan/UBSan)	2026-09-24T11:33:34.0233734Z PASS world_complete_observation_is_authoritative
Host regression tests	Run host tests (plain + ASan/UBSan)	2026-09-24T11:33:34.0234241Z RUN  world_invalid_bssid_rejected
Host regression tests	Run host tests (plain + ASan/UBSan)	2026-09-24T11:33:34.0234668Z PASS world_invalid_bssid_rejected
Host regression tests	Run host tests (plain + ASan/UBSan)	2026-09-24T11:33:34.0235097Z RUN  world_stale_timestamp_ignored
Host regression tests	Run host tests (plain + ASan/UBSan)	2026-09-24T11:33:34.0235530Z PASS world_stale_timestamp_ignored
Host regression tests	Run host tests (plain + ASan/UBSan)	2026-09-24T11:33:34.0235961Z RUN  world_ttl_expiry_edges
Host regression tests	Run host tests (plain + ASan/UBSan)	2026-09-24T11:33:34.0236352Z PASS world_ttl_expiry_edges
Host regression tests	Run host tests (plain + ASan/UBSan)	2026-09-24T11:33:34.0236760Z RUN  world_maintenance_without_traffic
Host regression tests	Run host tests (plain + ASan/UBSan)	2026-09-24T11:33:34.0237230Z PASS world_maintenance_without_traffic
Host regression tests	Run host tests (plain + ASan/UBSan)	2026-09-24T11:33:34.0237689Z RUN  world_capacity_evicts_oldest
Host regression tests	Run host tests (plain + ASan/UBSan)	2026-09-24T11:33:34.0240326Z PASS world_capacity_evicts_oldest
Host regression tests	Run host tests (plain + ASan/UBSan)	2026-09-24T11:33:34.0241065Z RUN  world_eviction_tie_breaks_to_lowest_slot
Host regression tests	Run host tests (plain + ASan/UBSan)	2026-09-24T11:33:34.0241613Z PASS world_eviction_tie_breaks_to_lowest_slot
Host regression tests	Run host tests (plain + ASan/UBSan)	2026-09-24T11:33:34.0242189Z RUN  world_full_table_sweeps_expired_before_evicting
Host regression tests	Run host tests (plain + ASan/UBSan)	2026-09-24T11:33:34.0242783Z PASS world_full_table_sweeps_expired_before_evicting
Host regression tests	Run host tests (plain + ASan/UBSan)	2026-09-24T11:33:34.0243305Z RUN  world_loop_churn_bounded
Host regression tests	Run host tests (plain + ASan/UBSan)	2026-09-24T11:33:34.0319901Z PASS world_loop_churn_bounded
Host regression tests	Run host tests (plain + ASan/UBSan)	2026-09-24T11:33:34.0320877Z RUN  world_page_export_bounds
Host regression tests	Run host tests (plain + ASan/UBSan)	2026-09-24T11:33:34.0322961Z PASS world_page_export_bounds
Host regression tests	Run host tests (plain + ASan/UBSan)	2026-09-24T11:33:34.0324098Z RUN  world_parser_to_world_end_to_end
Host regression tests	Run host tests (plain + ASan/UBSan)	2026-09-24T11:33:34.0325127Z PASS world_parser_to_world_end_to_end
Host regression tests	Run host tests (plain + ASan/UBSan)	2026-09-24T11:33:34.0325863Z 16/16 passed
Host regression tests	Run host tests (plain + ASan/UBSan)	2026-09-24T11:33:35.6655981Z RUN  data_addrs_four_ds_combinations
Host regression tests	Run host tests (plain + ASan/UBSan)	2026-09-24T11:33:35.6661307Z PASS data_addrs_four_ds_combinations
Host regression tests	Run host tests (plain + ASan/UBSan)	2026-09-24T11:33:35.6661966Z RUN  data_addrs_header_length_math
Host regression tests	Run host tests (plain + ASan/UBSan)	2026-09-24T11:33:35.6662438Z PASS data_addrs_header_length_math
Host regression tests	Run host tests (plain + ASan/UBSan)	2026-09-24T11:33:35.6662920Z RUN  data_addrs_short_headers_rejected
Host regression tests	Run host tests (plain + ASan/UBSan)	2026-09-24T11:33:35.6663403Z PASS data_addrs_short_headers_rejected
Host regression tests	Run host tests (plain + ASan/UBSan)	2026-09-24T11:33:35.6663878Z RUN  data_addrs_protocol_guards
Host regression tests	Run host tests (plain + ASan/UBSan)	2026-09-24T11:33:35.6664308Z PASS data_addrs_protocol_guards
Host regression tests	Run host tests (plain + ASan/UBSan)	2026-09-24T11:33:35.6664774Z RUN  data_addrs_protected_frame_header_visible
Host regression tests	Run host tests (plain + ASan/UBSan)	2026-09-24T11:33:35.6665456Z PASS data_addrs_protected_frame_header_visible
Host regression tests	Run host tests (plain + ASan/UBSan)	2026-09-24T11:33:35.6666271Z RUN  data_addrs_broadcast_multicast_parsed_but_unfiltered
Host regression tests	Run host tests (plain + ASan/UBSan)	2026-09-24T11:33:35.6666927Z PASS data_addrs_broadcast_multicast_parsed_but_unfiltered
Host regression tests	Run host tests (plain + ASan/UBSan)	2026-09-24T11:33:35.6667453Z 6/6 passed
Host regression tests	Run host tests (plain + ASan/UBSan)	2026-09-24T11:33:37.5718005Z RUN  sta_uplink_discovers_sta_and_provisional_ap
Host regression tests	Run host tests (plain + ASan/UBSan)	2026-09-24T11:33:37.5718694Z PASS sta_uplink_discovers_sta_and_provisional_ap
Host regression tests	Run host tests (plain + ASan/UBSan)	2026-09-24T11:33:37.5719218Z RUN  sta_downlink_rssi_belongs_to_ap
Host regression tests	Run host tests (plain + ASan/UBSan)	2026-09-24T11:33:37.5720095Z PASS sta_downlink_rssi_belongs_to_ap
Host regression tests	Run host tests (plain + ASan/UBSan)	2026-09-24T11:33:37.5720574Z RUN  sta_up_and_down_same_sta_single_record
Host regression tests	Run host tests (plain + ASan/UBSan)	2026-09-24T11:33:37.5721089Z PASS sta_up_and_down_same_sta_single_record
Host regression tests	Run host tests (plain + ASan/UBSan)	2026-09-24T11:33:37.5721611Z RUN  sta_beacon_confirms_provisional_ap
Host regression tests	Run host tests (plain + ASan/UBSan)	2026-09-24T11:33:37.5722068Z PASS sta_beacon_confirms_provisional_ap
Host regression tests	Run host tests (plain + ASan/UBSan)	2026-09-24T11:33:37.5722391Z RUN  sta_broadcast_and_invalid_destinations
Host regression tests	Run host tests (plain + ASan/UBSan)	2026-09-24T11:33:37.5722740Z PASS sta_broadcast_and_invalid_destinations
Host regression tests	Run host tests (plain + ASan/UBSan)	2026-09-24T11:33:37.5723034Z RUN  sta_probe_discovers_sta_only
Host regression tests	Run host tests (plain + ASan/UBSan)	2026-09-24T11:33:37.5723296Z PASS sta_probe_discovers_sta_only
Host regression tests	Run host tests (plain + ASan/UBSan)	2026-09-24T11:33:37.5723548Z RUN  sta_mgmt_tx_records_sta
Host regression tests	Run host tests (plain + ASan/UBSan)	2026-09-24T11:33:37.5723795Z PASS sta_mgmt_tx_records_sta
Host regression tests	Run host tests (plain + ASan/UBSan)	2026-09-24T11:33:37.5724046Z RUN  sta_uplink_switches_to_newer_ap
Host regression tests	Run host tests (plain + ASan/UBSan)	2026-09-24T11:33:37.5724313Z PASS sta_uplink_switches_to_newer_ap
Host regression tests	Run host tests (plain + ASan/UBSan)	2026-09-24T11:33:37.5724592Z RUN  sta_weaker_downlink_never_steals_binding
Host regression tests	Run host tests (plain + ASan/UBSan)	2026-09-24T11:33:37.5724902Z PASS sta_weaker_downlink_never_steals_binding
Host regression tests	Run host tests (plain + ASan/UBSan)	2026-09-24T11:33:37.5725194Z RUN  sta_equal_strength_freshness_wins
Host regression tests	Run host tests (plain + ASan/UBSan)	2026-09-24T11:33:37.5725465Z PASS sta_equal_strength_freshness_wins
Host regression tests	Run host tests (plain + ASan/UBSan)	2026-09-24T11:33:37.5725743Z RUN  sta_uplink_upgrades_downlink_evidence
Host regression tests	Run host tests (plain + ASan/UBSan)	2026-09-24T11:33:37.5726324Z PASS sta_uplink_upgrades_downlink_evidence
Host regression tests	Run host tests (plain + ASan/UBSan)	2026-09-24T11:33:37.5726616Z RUN  sta_relation_ttl_before_sta_ttl
Host regression tests	Run host tests (plain + ASan/UBSan)	2026-09-24T11:33:37.5727012Z PASS sta_relation_ttl_before_sta_ttl
Host regression tests	Run host tests (plain + ASan/UBSan)	2026-09-24T11:33:37.5727278Z RUN  sta_sta_ttl_removes_record
Host regression tests	Run host tests (plain + ASan/UBSan)	2026-09-24T11:33:37.5727528Z PASS sta_sta_ttl_removes_record
Host regression tests	Run host tests (plain + ASan/UBSan)	2026-09-24T11:33:37.5727784Z RUN  sta_ap_expiry_unbinds_but_keeps_sta
Host regression tests	Run host tests (plain + ASan/UBSan)	2026-09-24T11:33:37.5728073Z PASS sta_ap_expiry_unbinds_but_keeps_sta
Host regression tests	Run host tests (plain + ASan/UBSan)	2026-09-24T11:33:37.5728343Z RUN  sta_stale_data_ignored
Host regression tests	Run host tests (plain + ASan/UBSan)	2026-09-24T11:33:37.5728576Z PASS sta_stale_data_ignored
Host regression tests	Run host tests (plain + ASan/UBSan)	2026-09-24T11:33:37.5728809Z RUN  sta_ap_slot_reuse_never_dangles
Host regression tests	Run host tests (plain + ASan/UBSan)	2026-09-24T11:33:37.5729068Z PASS sta_ap_slot_reuse_never_dangles
Host regression tests	Run host tests (plain + ASan/UBSan)	2026-09-24T11:33:37.5729326Z RUN  sta_weak_creators_never_evict
Host regression tests	Run host tests (plain + ASan/UBSan)	2026-09-24T11:33:37.5729949Z PASS sta_weak_creators_never_evict
Host regression tests	Run host tests (plain + ASan/UBSan)	2026-09-24T11:33:37.5730454Z RUN  sta_data_ambiguous_and_wds_counted
Host regression tests	Run host tests (plain + ASan/UBSan)	2026-09-24T11:33:37.5730964Z PASS sta_data_ambiguous_and_wds_counted
Host regression tests	Run host tests (plain + ASan/UBSan)	2026-09-24T11:33:37.5731517Z RUN  sta_parser_to_world_data_end_to_end
Host regression tests	Run host tests (plain + ASan/UBSan)	2026-09-24T11:33:37.5732005Z PASS sta_parser_to_world_data_end_to_end
Host regression tests	Run host tests (plain + ASan/UBSan)	2026-09-24T11:33:37.5732486Z RUN  sta_relation_churn_invariants
Host regression tests	Run host tests (plain + ASan/UBSan)	2026-09-24T11:33:37.5732938Z PASS sta_relation_churn_invariants
Host regression tests	Run host tests (plain + ASan/UBSan)	2026-09-24T11:33:37.5733343Z 20/20 passed
Host regression tests	Run host tests (plain + ASan/UBSan)	2026-09-24T11:33:39.6336059Z RUN  sec_rsn_psk
Host regression tests	Run host tests (plain + ASan/UBSan)	2026-09-24T11:33:39.6340301Z PASS sec_rsn_psk
Host regression tests	Run host tests (plain + ASan/UBSan)	2026-09-24T11:33:39.6340984Z RUN  sec_rsn_enterprise_sae_owe_transition
Host regression tests	Run host tests (plain + ASan/UBSan)	2026-09-24T11:33:39.6341648Z PASS sec_rsn_enterprise_sae_owe_transition
Host regression tests	Run host tests (plain + ASan/UBSan)	2026-09-24T11:33:39.6342217Z RUN  sec_wpa_vendor_psk
Host regression tests	Run host tests (plain + ASan/UBSan)	2026-09-24T11:33:39.6342891Z PASS sec_wpa_vendor_psk
Host regression tests	Run host tests (plain + ASan/UBSan)	2026-09-24T11:33:39.6343394Z RUN  sec_wpa_and_rsn_distinction
Host regression tests	Run host tests (plain + ASan/UBSan)	2026-09-24T11:33:39.6343885Z PASS sec_wpa_and_rsn_distinction
Host regression tests	Run host tests (plain + ASan/UBSan)	2026-09-24T11:33:39.6344238Z RUN  sec_unknown_suites_kept_unknown
Host regression tests	Run host tests (plain + ASan/UBSan)	2026-09-24T11:33:39.6344768Z PASS sec_unknown_suites_kept_unknown
Host regression tests	Run host tests (plain + ASan/UBSan)	2026-09-24T11:33:39.6345299Z RUN  sec_count_overflow_malformed
Host regression tests	Run host tests (plain + ASan/UBSan)	2026-09-24T11:33:39.6345805Z PASS sec_count_overflow_malformed
Host regression tests	Run host tests (plain + ASan/UBSan)	2026-09-24T11:33:39.6346337Z RUN  sec_bad_version_and_short_bodies
Host regression tests	Run host tests (plain + ASan/UBSan)	2026-09-24T11:33:39.6346872Z PASS sec_bad_version_and_short_bodies
Host regression tests	Run host tests (plain + ASan/UBSan)	2026-09-24T11:33:39.6347390Z RUN  sec_optional_tails
Host regression tests	Run host tests (plain + ASan/UBSan)	2026-09-24T11:33:39.6347839Z PASS sec_optional_tails
Host regression tests	Run host tests (plain + ASan/UBSan)	2026-09-24T11:33:39.6348299Z RUN  sec_long_beacon_cut_positions
Host regression tests	Run host tests (plain + ASan/UBSan)	2026-09-24T11:33:39.6348781Z PASS sec_long_beacon_cut_positions
Host regression tests	Run host tests (plain + ASan/UBSan)	2026-09-24T11:33:39.6349225Z RUN  sec_world_open_and_privacy
Host regression tests	Run host tests (plain + ASan/UBSan)	2026-09-24T11:33:39.6349881Z PASS sec_world_open_and_privacy
Host regression tests	Run host tests (plain + ASan/UBSan)	2026-09-24T11:33:39.6350351Z RUN  sec_world_valid_then_malformed_no_downgrade
Host regression tests	Run host tests (plain + ASan/UBSan)	2026-09-24T11:33:39.6350911Z PASS sec_world_valid_then_malformed_no_downgrade
Host regression tests	Run host tests (plain + ASan/UBSan)	2026-09-24T11:33:39.6351449Z RUN  sec_world_truncated_rsn_positive_evidence
Host regression tests	Run host tests (plain + ASan/UBSan)	2026-09-24T11:33:39.6351987Z PASS sec_world_truncated_rsn_positive_evidence
Host regression tests	Run host tests (plain + ASan/UBSan)	2026-09-24T11:33:39.6352483Z RUN  sec_world_security_names
Host regression tests	Run host tests (plain + ASan/UBSan)	2026-09-24T11:33:39.6352899Z PASS sec_world_security_names
Host regression tests	Run host tests (plain + ASan/UBSan)	2026-09-24T11:33:39.6353370Z RUN  sec_ie_commit_is_atomic_and_order_independent
Host regression tests	Run host tests (plain + ASan/UBSan)	2026-09-24T11:33:39.6353937Z PASS sec_ie_commit_is_atomic_and_order_independent
Host regression tests	Run host tests (plain + ASan/UBSan)	2026-09-24T11:33:39.6354580Z RUN  sec_world_partial_protocol_merge_preserves_other_protocol
Host regression tests	Run host tests (plain + ASan/UBSan)	2026-09-24T11:33:39.6355275Z PASS sec_world_partial_protocol_merge_preserves_other_protocol
Host regression tests	Run host tests (plain + ASan/UBSan)	2026-09-24T11:33:39.6355839Z 15/15 passed
Host regression tests	Run host tests (plain + ASan/UBSan)	2026-09-24T11:33:41.2579308Z RUN  mgmt_auth_request_vs_ap_response
Host regression tests	Run host tests (plain + ASan/UBSan)	2026-09-24T11:33:41.2580126Z PASS mgmt_auth_request_vs_ap_response
Host regression tests	Run host tests (plain + ASan/UBSan)	2026-09-24T11:33:41.2580538Z RUN  mgmt_auth_fixed_body_and_status
Host regression tests	Run host tests (plain + ASan/UBSan)	2026-09-24T11:33:41.2580845Z PASS mgmt_auth_fixed_body_and_status
Host regression tests	Run host tests (plain + ASan/UBSan)	2026-09-24T11:33:41.2581124Z RUN  mgmt_assoc_request_and_response
Host regression tests	Run host tests (plain + ASan/UBSan)	2026-09-24T11:33:41.2581507Z PASS mgmt_assoc_request_and_response
Host regression tests	Run host tests (plain + ASan/UBSan)	2026-09-24T11:33:41.2581915Z RUN  mgmt_invalid_or_ambiguous_rejected
Host regression tests	Run host tests (plain + ASan/UBSan)	2026-09-24T11:33:41.2582457Z PASS mgmt_invalid_or_ambiguous_rejected
Host regression tests	Run host tests (plain + ASan/UBSan)	2026-09-24T11:33:41.2582839Z 4/4 passed
Host regression tests	Run host tests (plain + ASan/UBSan)	2026-09-24T11:33:43.0648561Z RUN  eapol_plain_qos_order_direction
Host regression tests	Run host tests (plain + ASan/UBSan)	2026-09-24T11:33:43.0651147Z PASS eapol_plain_qos_order_direction
Host regression tests	Run host tests (plain + ASan/UBSan)	2026-09-24T11:33:43.0651942Z RUN  eapol_strict_llc_snap
Host regression tests	Run host tests (plain + ASan/UBSan)	2026-09-24T11:33:43.0653529Z PASS eapol_strict_llc_snap
Host regression tests	Run host tests (plain + ASan/UBSan)	2026-09-24T11:33:43.0654098Z RUN  eapol_null_protected
Host regression tests	Run host tests (plain + ASan/UBSan)	2026-09-24T11:33:43.0654509Z PASS eapol_null_protected
Host regression tests	Run host tests (plain + ASan/UBSan)	2026-09-24T11:33:43.0655504Z RUN  eapol_unsupported_layouts_fragments
Host regression tests	Run host tests (plain + ASan/UBSan)	2026-09-24T11:33:43.0656077Z PASS eapol_unsupported_layouts_fragments
Host regression tests	Run host tests (plain + ASan/UBSan)	2026-09-24T11:33:43.0656923Z RUN  eapol_versions_lengths_padding_short
Host regression tests	Run host tests (plain + ASan/UBSan)	2026-09-24T11:33:43.0657692Z PASS eapol_versions_lengths_padding_short
Host regression tests	Run host tests (plain + ASan/UBSan)	2026-09-24T11:33:43.0658237Z RUN  eapol_key_bounds_classification
Host regression tests	Run host tests (plain + ASan/UBSan)	2026-09-24T11:33:43.0658922Z PASS eapol_key_bounds_classification
Host regression tests	Run host tests (plain + ASan/UBSan)	2026-09-24T11:33:43.0659395Z RUN  eapol_capture_truncation
Host regression tests	Run host tests (plain + ASan/UBSan)	2026-09-24T11:33:43.0660151Z PASS eapol_capture_truncation
Host regression tests	Run host tests (plain + ASan/UBSan)	2026-09-24T11:33:43.0660634Z RUN  eapol_stats_semantics
Host regression tests	Run host tests (plain + ASan/UBSan)	2026-09-24T11:33:43.0661273Z PASS eapol_stats_semantics
Host regression tests	Run host tests (plain + ASan/UBSan)	2026-09-24T11:33:43.0661685Z 8/8 passed
Host regression tests	Run host tests (plain + ASan/UBSan)	2026-09-24T11:33:44.9265986Z RUN  pcap_global_header_golden
Host regression tests	Run host tests (plain + ASan/UBSan)	2026-09-24T11:33:44.9266502Z PASS pcap_global_header_golden
Host regression tests	Run host tests (plain + ASan/UBSan)	2026-09-24T11:33:44.9266787Z RUN  pcap_global_header_short_atomic
Host regression tests	Run host tests (plain + ASan/UBSan)	2026-09-24T11:33:44.9267096Z PASS pcap_global_header_short_atomic
Host regression tests	Run host tests (plain + ASan/UBSan)	2026-09-24T11:33:44.9267371Z RUN  pcap_channel_radiotap_golden
Host regression tests	Run host tests (plain + ASan/UBSan)	2026-09-24T11:33:44.9267660Z PASS pcap_channel_radiotap_golden
Host regression tests	Run host tests (plain + ASan/UBSan)	2026-09-24T11:33:44.9267915Z RUN  pcap_unknown_channel_omitted
Host regression tests	Run host tests (plain + ASan/UBSan)	2026-09-24T11:33:44.9268171Z PASS pcap_unknown_channel_omitted
Host regression tests	Run host tests (plain + ASan/UBSan)	2026-09-24T11:33:44.9268440Z RUN  pcap_timestamp_boundary_payload
Host regression tests	Run host tests (plain + ASan/UBSan)	2026-09-24T11:33:44.9268714Z PASS pcap_timestamp_boundary_payload
Host regression tests	Run host tests (plain + ASan/UBSan)	2026-09-24T11:33:44.9268982Z RUN  pcap_large_monotonic_and_range
Host regression tests	Run host tests (plain + ASan/UBSan)	2026-09-24T11:33:44.9269257Z PASS pcap_large_monotonic_and_range
Host regression tests	Run host tests (plain + ASan/UBSan)	2026-09-24T11:33:44.9269870Z RUN  pcap_timestamp_before_anchor_atomic
Host regression tests	Run host tests (plain + ASan/UBSan)	2026-09-24T11:33:44.9270322Z PASS pcap_timestamp_before_anchor_atomic
Host regression tests	Run host tests (plain + ASan/UBSan)	2026-09-24T11:33:44.9270660Z RUN  pcap_empty_short_mac
Host regression tests	Run host tests (plain + ASan/UBSan)	2026-09-24T11:33:44.9271098Z PASS pcap_empty_short_mac
Host regression tests	Run host tests (plain + ASan/UBSan)	2026-09-24T11:33:44.9271447Z RUN  pcap_invalid_and_contradictory_lengths
Host regression tests	Run host tests (plain + ASan/UBSan)	2026-09-24T11:33:44.9271858Z PASS pcap_invalid_and_contradictory_lengths
Host regression tests	Run host tests (plain + ASan/UBSan)	2026-09-24T11:33:44.9272482Z RUN  pcap_capacity_failure_atomic
Host regression tests	Run host tests (plain + ASan/UBSan)	2026-09-24T11:33:44.9272857Z PASS pcap_capacity_failure_atomic
Host regression tests	Run host tests (plain + ASan/UBSan)	2026-09-24T11:33:44.9273290Z RUN  pcap_fcs_and_capture_truncation
Host regression tests	Run host tests (plain + ASan/UBSan)	2026-09-24T11:33:44.9273785Z PASS pcap_fcs_and_capture_truncation
Host regression tests	Run host tests (plain + ASan/UBSan)	2026-09-24T11:33:44.9274110Z RUN  pcap_512_bound_max_record
Host regression tests	Run host tests (plain + ASan/UBSan)	2026-09-24T11:33:44.9274358Z PASS pcap_512_bound_max_record
Host regression tests	Run host tests (plain + ASan/UBSan)	2026-09-24T11:33:44.9274748Z RUN  pcap_reference_generate_synthetic
Host regression tests	Run host tests (plain + ASan/UBSan)	2026-09-24T11:33:44.9281717Z PASS pcap_reference_generate_synthetic
Host regression tests	Run host tests (plain + ASan/UBSan)	2026-09-24T11:33:44.9282258Z 13/13 passed
Host regression tests	Run host tests (plain + ASan/UBSan)	2026-09-24T11:33:46.7566393Z RUN  submit_copy_and_stop_sync
Host regression tests	Run host tests (plain + ASan/UBSan)	2026-09-24T11:33:46.7578302Z PASS submit_copy_and_stop_sync
Host regression tests	Run host tests (plain + ASan/UBSan)	2026-09-24T11:33:46.7578792Z RUN  queue_full_fifo_and_drain
Host regression tests	Run host tests (plain + ASan/UBSan)	2026-09-24T11:33:46.7579228Z PASS queue_full_fifo_and_drain
Host regression tests	Run host tests (plain + ASan/UBSan)	2026-09-24T11:33:46.7579999Z RUN  valid_mgmt_control_data
Host regression tests	Run host tests (plain + ASan/UBSan)	2026-09-24T11:33:46.7580434Z PASS valid_mgmt_control_data
Host regression tests	Run host tests (plain + ASan/UBSan)	2026-09-24T11:33:46.7580868Z RUN  slow_writer_not_producer_lock
Host regression tests	Run host tests (plain + ASan/UBSan)	2026-09-24T11:33:46.7588451Z PASS slow_writer_not_producer_lock
Host regression tests	Run host tests (plain + ASan/UBSan)	2026-09-24T11:33:46.7589173Z RUN  partial_write_offset
Host regression tests	Run host tests (plain + ASan/UBSan)	2026-09-24T11:33:46.7590156Z PASS partial_write_offset
Host regression tests	Run host tests (plain + ASan/UBSan)	2026-09-24T11:33:46.7591114Z RUN  partial_write_error_cleanup
Host regression tests	Run host tests (plain + ASan/UBSan)	2026-09-24T11:33:46.7592059Z PASS partial_write_error_cleanup
Host regression tests	Run host tests (plain + ASan/UBSan)	2026-09-24T11:33:46.7593045Z RUN  enospc_and_header_flush
Host regression tests	Run host tests (plain + ASan/UBSan)	2026-09-24T11:33:46.7593725Z PASS enospc_and_header_flush
Host regression tests	Run host tests (plain + ASan/UBSan)	2026-09-24T11:33:46.7594636Z RUN  filename_conflict_restart
Host regression tests	Run host tests (plain + ASan/UBSan)	2026-09-24T11:33:46.7595901Z PASS filename_conflict_restart
Host regression tests	Run host tests (plain + ASan/UBSan)	2026-09-24T11:33:46.7596723Z RUN  rotation_session_limit
Host regression tests	Run host tests (plain + ASan/UBSan)	2026-09-24T11:33:46.7597302Z PASS rotation_session_limit
Host regression tests	Run host tests (plain + ASan/UBSan)	2026-09-24T11:33:46.7597864Z RUN  age_rotation_filtering
Host regression tests	Run host tests (plain + ASan/UBSan)	2026-09-24T11:33:46.7598435Z PASS age_rotation_filtering
Host regression tests	Run host tests (plain + ASan/UBSan)	2026-09-24T11:33:46.7598988Z RUN  pre_session_rx_timestamp
Host regression tests	Run host tests (plain + ASan/UBSan)	2026-09-24T11:33:46.7599757Z PASS pre_session_rx_timestamp
Host regression tests	Run host tests (plain + ASan/UBSan)	2026-09-24T11:33:46.7600336Z RUN  open_close_error_recovery
Host regression tests	Run host tests (plain + ASan/UBSan)	2026-09-24T11:33:46.7600792Z PASS open_close_error_recovery
Host regression tests	Run host tests (plain + ASan/UBSan)	2026-09-24T11:33:46.7601165Z 12/12 passed
Host regression tests	Run host tests (plain + ASan/UBSan)	2026-09-24T11:33:46.7631439Z ALL HOST TESTS PASSED
Host regression tests	Install independent pcap reader	﻿2026-09-24T11:33:46.7681781Z ##[group]Run sudo apt-get update
Host regression tests	Install independent pcap reader	2026-09-24T11:33:46.7682129Z ^[[36;1msudo apt-get update^[[0m
Host regression tests	Install independent pcap reader	2026-09-24T11:33:46.7682519Z ^[[36;1msudo DEBIAN_FRONTEND=noninteractive apt-get install -y tshark^[[0m
Host regression tests	Install independent pcap reader	2026-09-24T11:33:46.7756609Z shell: /usr/bin/bash -e {0}
Host regression tests	Install independent pcap reader	2026-09-24T11:33:46.7756915Z ##[endgroup]
Host regression tests	Install independent pcap reader	2026-09-24T11:33:46.8578501Z Get:1 file:/etc/apt/apt-mirrors.txt Mirrorlist [144 B]
Host regression tests	Install independent pcap reader	2026-09-24T11:33:46.8924960Z Hit:2 http://azure.archive.ubuntu.com/ubuntu noble InRelease
Host regression tests	Install independent pcap reader	2026-09-24T11:33:46.8926351Z Get:6 https://packages.microsoft.com/ubuntu/24.04/prod noble InRelease [3600 B]
Host regression tests	Install independent pcap reader	2026-09-24T11:33:46.8945703Z Get:3 http://azure.archive.ubuntu.com/ubuntu noble-updates InRelease [126 kB]
Host regression tests	Install independent pcap reader	2026-09-24T11:33:46.8981942Z Get:4 http://azure.archive.ubuntu.com/ubuntu noble-backports InRelease [126 kB]
Host regression tests	Install independent pcap reader	2026-09-24T11:33:46.9020582Z Get:5 http://azure.archive.ubuntu.com/ubuntu noble-security InRelease [126 kB]
Host regression tests	Install independent pcap reader	2026-09-24T11:33:47.0193165Z Get:7 https://packages.microsoft.com/ubuntu/24.04/prod noble/main amd64 Packages [489 kB]
Host regression tests	Install independent pcap reader	2026-09-24T11:33:47.0340464Z Get:8 https://packages.microsoft.com/ubuntu/24.04/prod noble/main arm64 Packages [439 kB]
Host regression tests	Install independent pcap reader	2026-09-24T11:33:47.0711341Z Get:9 http://azure.archive.ubuntu.com/ubuntu noble-updates/main amd64 Packages [1308 kB]
Host regression tests	Install independent pcap reader	2026-09-24T11:33:47.0803320Z Get:10 http://azure.archive.ubuntu.com/ubuntu noble-updates/main Translation-en [298 kB]
Host regression tests	Install independent pcap reader	2026-09-24T11:33:47.0810359Z Get:11 http://azure.archive.ubuntu.com/ubuntu noble-updates/main amd64 Components [181 kB]
Host regression tests	Install independent pcap reader	2026-09-24T11:33:47.0847114Z Get:12 http://azure.archive.ubuntu.com/ubuntu noble-updates/universe amd64 Packages [1698 kB]
Host regression tests	Install independent pcap reader	2026-09-24T11:33:47.0973957Z Get:13 http://azure.archive.ubuntu.com/ubuntu noble-updates/universe Translation-en [340 kB]
Host regression tests	Install independent pcap reader	2026-09-24T11:33:47.1010864Z Get:14 http://azure.archive.ubuntu.com/ubuntu noble-updates/universe amd64 Components [388 kB]
Host regression tests	Install independent pcap reader	2026-09-24T11:33:47.1036238Z Get:15 http://azure.archive.ubuntu.com/ubuntu noble-updates/restricted amd64 Packages [1635 kB]
Host regression tests	Install independent pcap reader	2026-09-24T11:33:47.1114446Z Get:16 http://azure.archive.ubuntu.com/ubuntu noble-updates/restricted Translation-en [372 kB]
Host regression tests	Install independent pcap reader	2026-09-24T11:33:47.1139400Z Get:17 http://azure.archive.ubuntu.com/ubuntu noble-updates/multiverse amd64 Components [940 B]
Host regression tests	Install independent pcap reader	2026-09-24T11:33:47.1491068Z Get:18 http://azure.archive.ubuntu.com/ubuntu noble-backports/main amd64 Packages [40.6 kB]
Host regression tests	Install independent pcap reader	2026-09-24T11:33:47.1991072Z Get:19 http://azure.archive.ubuntu.com/ubuntu noble-backports/main amd64 Components [5740 B]
Host regression tests	Install independent pcap reader	2026-09-24T11:33:47.1998799Z Get:20 http://azure.archive.ubuntu.com/ubuntu noble-backports/universe amd64 Packages [31.0 kB]
Host regression tests	Install independent pcap reader	2026-09-24T11:33:47.2005040Z Get:21 http://azure.archive.ubuntu.com/ubuntu noble-backports/universe Translation-en [18.6 kB]
Host regression tests	Install independent pcap reader	2026-09-24T11:33:47.2011525Z Get:22 http://azure.archive.ubuntu.com/ubuntu noble-backports/universe amd64 Components [12.6 kB]
Host regression tests	Install independent pcap reader	2026-09-24T11:33:47.2158134Z Get:23 http://azure.archive.ubuntu.com/ubuntu noble-security/main amd64 Packages [1053 kB]
Host regression tests	Install independent pcap reader	2026-09-24T11:33:47.2333892Z Get:24 http://azure.archive.ubuntu.com/ubuntu noble-security/main Translation-en [219 kB]
Host regression tests	Install independent pcap reader	2026-09-24T11:33:47.2356344Z Get:25 http://azure.archive.ubuntu.com/ubuntu noble-security/main amd64 Components [46.4 kB]
Host regression tests	Install independent pcap reader	2026-09-24T11:33:47.2380645Z Get:26 http://azure.archive.ubuntu.com/ubuntu noble-security/universe amd64 Packages [1218 kB]
Host regression tests	Install independent pcap reader	2026-09-24T11:33:47.2442570Z Get:27 http://azure.archive.ubuntu.com/ubuntu noble-security/universe Translation-en [244 kB]
Host regression tests	Install independent pcap reader	2026-09-24T11:33:47.2453063Z Get:28 http://azure.archive.ubuntu.com/ubuntu noble-security/universe amd64 Components [76.4 kB]
Host regression tests	Install independent pcap reader	2026-09-24T11:33:47.2454612Z Get:29 http://azure.archive.ubuntu.com/ubuntu noble-security/restricted amd64 Packages [1535 kB]
Host regression tests	Install independent pcap reader	2026-09-24T11:33:47.2519754Z Get:30 http://azure.archive.ubuntu.com/ubuntu noble-security/restricted Translation-en [353 kB]
Host regression tests	Install independent pcap reader	2026-09-24T11:33:51.4888462Z Fetched 12.4 MB in 1s (9103 kB/s)
Host regression tests	Install independent pcap reader	2026-09-24T11:33:52.3422028Z Reading package lists...
Host regression tests	Install independent pcap reader	2026-09-24T11:33:52.3738673Z Reading package lists...
Host regression tests	Install independent pcap reader	2026-09-24T11:33:52.5823303Z Building dependency tree...
Host regression tests	Install independent pcap reader	2026-09-24T11:33:52.5831022Z Reading state information...
Host regression tests	Install independent pcap reader	2026-09-24T11:33:52.7446196Z The following additional packages will be installed:
Host regression tests	Install independent pcap reader	2026-09-24T11:33:52.7448346Z   libbcg729-0 liblua5.2-0 libnghttp3-3 libopencore-amrnb0 libopus0 libsbc1
Host regression tests	Install independent pcap reader	2026-09-24T11:33:52.7449792Z   libsmi2t64 libspandsp2t64 libspeexdsp1 libssh-gcrypt-4 libwireshark-data
Host regression tests	Install independent pcap reader	2026-09-24T11:33:52.7459850Z   libwireshark17t64 libwiretap14t64 libwsutil15t64 wireshark-common
Host regression tests	Install independent pcap reader	2026-09-24T11:33:52.7460479Z Suggested packages:
Host regression tests	Install independent pcap reader	2026-09-24T11:33:52.7460803Z   opus-tools snmp-mibs-downloader geoipupdate geoip-database
Host regression tests	Install independent pcap reader	2026-09-24T11:33:52.7461316Z   geoip-database-extra libjs-leaflet libjs-leaflet.markercluster wireshark-doc
Host regression tests	Install independent pcap reader	2026-09-24T11:33:52.7692240Z The following NEW packages will be installed:
Host regression tests	Install independent pcap reader	2026-09-24T11:33:52.7695895Z   libbcg729-0 liblua5.2-0 libnghttp3-3 libopencore-amrnb0 libopus0 libsbc1
Host regression tests	Install independent pcap reader	2026-09-24T11:33:52.7696652Z   libsmi2t64 libspandsp2t64 libspeexdsp1 libssh-gcrypt-4 libwireshark-data
Host regression tests	Install independent pcap reader	2026-09-24T11:33:52.7701716Z   libwireshark17t64 libwiretap14t64 libwsutil15t64 tshark wireshark-common
Host regression tests	Install independent pcap reader	2026-09-24T11:33:52.7882381Z 0 upgraded, 16 newly installed, 0 to remove and 28 not upgraded.
Host regression tests	Install independent pcap reader	2026-09-24T11:33:52.7883120Z Need to get 26.5 MB of archives.
Host regression tests	Install independent pcap reader	2026-09-24T11:33:52.7883711Z After this operation, 138 MB of additional disk space will be used.
Host regression tests	Install independent pcap reader	2026-09-24T11:33:52.7884424Z Get:1 file:/etc/apt/apt-mirrors.txt Mirrorlist [144 B]
Host regression tests	Install independent pcap reader	2026-09-24T11:33:52.8636908Z Get:2 http://azure.archive.ubuntu.com/ubuntu noble/universe amd64 libbcg729-0 amd64 1.1.1-2build1 [35.3 kB]
Host regression tests	Install independent pcap reader	2026-09-24T11:33:52.9247002Z Get:3 http://azure.archive.ubuntu.com/ubuntu noble/universe amd64 liblua5.2-0 amd64 5.2.4-3build2 [123 kB]
Host regression tests	Install independent pcap reader	2026-09-24T11:33:52.9859761Z Get:4 http://azure.archive.ubuntu.com/ubuntu noble/universe amd64 libnghttp3-3 amd64 0.8.0-2 [59.0 kB]
Host regression tests	Install independent pcap reader	2026-09-24T11:33:53.0470911Z Get:5 http://azure.archive.ubuntu.com/ubuntu noble/universe amd64 libopencore-amrnb0 amd64 0.1.6-1build1 [98.2 kB]
Host regression tests	Install independent pcap reader	2026-09-24T11:33:53.1081028Z Get:6 http://azure.archive.ubuntu.com/ubuntu noble/main amd64 libopus0 amd64 1.4-1build1 [208 kB]
Host regression tests	Install independent pcap reader	2026-09-24T11:33:53.1703158Z Get:7 http://azure.archive.ubuntu.com/ubuntu noble/universe amd64 libsmi2t64 amd64 0.4.8+dfsg2-16.1build1 [112 kB]
Host regression tests	Install independent pcap reader	2026-09-24T11:33:53.2315712Z Get:8 http://azure.archive.ubuntu.com/ubuntu noble/universe amd64 libspandsp2t64 amd64 0.0.6+dfsg-2.1build1 [311 kB]
Host regression tests	Install independent pcap reader	2026-09-24T11:33:53.2949218Z Get:9 http://azure.archive.ubuntu.com/ubuntu noble/main amd64 libspeexdsp1 amd64 1.2.1-1ubuntu3 [43.1 kB]
Host regression tests	Install independent pcap reader	2026-09-24T11:33:53.3553492Z Get:10 http://azure.archive.ubuntu.com/ubuntu noble-updates/main amd64 libssh-gcrypt-4 amd64 0.10.6-2ubuntu0.5 [226 kB]
Host regression tests	Install independent pcap reader	2026-09-24T11:33:53.4171115Z Get:11 http://azure.archive.ubuntu.com/ubuntu noble/universe amd64 libwireshark-data all 4.2.2-1.1build3 [454 kB]
Host regression tests	Install independent pcap reader	2026-09-24T11:33:53.4800338Z Get:12 http://azure.archive.ubuntu.com/ubuntu noble/main amd64 libsbc1 amd64 2.0-1build1 [33.9 kB]
Host regression tests	Install independent pcap reader	2026-09-24T11:33:53.5408022Z Get:13 http://azure.archive.ubuntu.com/ubuntu noble/universe amd64 libwsutil15t64 amd64 4.2.2-1.1build3 [121 kB]
Host regression tests	Install independent pcap reader	2026-09-24T11:33:53.6016272Z Get:14 http://azure.archive.ubuntu.com/ubuntu noble/universe amd64 libwiretap14t64 amd64 4.2.2-1.1build3 [259 kB]
Host regression tests	Install independent pcap reader	2026-09-24T11:33:53.6641706Z Get:15 http://azure.archive.ubuntu.com/ubuntu noble/universe amd64 libwireshark17t64 amd64 4.2.2-1.1build3 [23.7 MB]
Host regression tests	Install independent pcap reader	2026-09-24T11:33:54.3440102Z Get:16 http://azure.archive.ubuntu.com/ubuntu noble/universe amd64 wireshark-common amd64 4.2.2-1.1build3 [587 kB]
Host regression tests	Install independent pcap reader	2026-09-24T11:33:54.7475342Z Get:17 http://azure.archive.ubuntu.com/ubuntu noble/universe amd64 tshark amd64 4.2.2-1.1build3 [158 kB]
Host regression tests	Install independent pcap reader	2026-09-24T11:33:54.9828709Z Preconfiguring packages ...
Host regression tests	Install independent pcap reader	2026-09-24T11:33:55.0430518Z Fetched 26.5 MB in 2s (13.4 MB/s)
Host regression tests	Install independent pcap reader	2026-09-24T11:33:55.0660696Z Selecting previously unselected package libbcg729-0:amd64.
Host regression tests	Install independent pcap reader	2026-09-24T11:33:55.0956054Z (Reading database ... 
Host regression tests	Install independent pcap reader	2026-09-24T11:33:55.0956502Z (Reading database ... 5%
Host regression tests	Install independent pcap reader	2026-09-24T11:33:55.0956901Z (Reading database ... 10%
Host regression tests	Install independent pcap reader	2026-09-24T11:33:55.0957207Z (Reading database ... 15%
Host regression tests	Install independent pcap reader	2026-09-24T11:33:55.0957500Z (Reading database ... 20%
Host regression tests	Install independent pcap reader	2026-09-24T11:33:55.0958058Z (Reading database ... 25%
Host regression tests	Install independent pcap reader	2026-09-24T11:33:55.0958384Z (Reading database ... 30%
Host regression tests	Install independent pcap reader	2026-09-24T11:33:55.0958887Z (Reading database ... 35%
Host regression tests	Install independent pcap reader	2026-09-24T11:33:55.0959223Z (Reading database ... 40%
Host regression tests	Install independent pcap reader	2026-09-24T11:33:55.0959800Z (Reading database ... 45%
Host regression tests	Install independent pcap reader	2026-09-24T11:33:55.0960241Z (Reading database ... 50%
Host regression tests	Install independent pcap reader	2026-09-24T11:33:55.1022484Z (Reading database ... 55%
Host regression tests	Install independent pcap reader	2026-09-24T11:33:55.2206588Z (Reading database ... 60%
Host regression tests	Install independent pcap reader	2026-09-24T11:33:55.4122974Z (Reading database ... 65%
Host regression tests	Install independent pcap reader	2026-09-24T11:33:55.6122784Z (Reading database ... 70%
Host regression tests	Install independent pcap reader	2026-09-24T11:33:55.7800565Z (Reading database ... 75%
Host regression tests	Install independent pcap reader	2026-09-24T11:33:55.9580915Z (Reading database ... 80%
Host regression tests	Install independent pcap reader	2026-09-24T11:33:56.1717978Z (Reading database ... 85%
Host regression tests	Install independent pcap reader	2026-09-24T11:33:56.4196928Z (Reading database ... 90%
Host regression tests	Install independent pcap reader	2026-09-24T11:33:56.6242973Z (Reading database ... 95%
Host regression tests	Install independent pcap reader	2026-09-24T11:33:56.6243596Z (Reading database ... 100%
Host regression tests	Install independent pcap reader	2026-09-24T11:33:56.6244308Z (Reading database ... 202190 files and directories currently installed.)
Host regression tests	Install independent pcap reader	2026-09-24T11:33:56.6286521Z Preparing to unpack .../00-libbcg729-0_1.1.1-2build1_amd64.deb ...
Host regression tests	Install independent pcap reader	2026-09-24T11:33:56.6328656Z Unpacking libbcg729-0:amd64 (1.1.1-2build1) ...
Host regression tests	Install independent pcap reader	2026-09-24T11:33:56.6554294Z Selecting previously unselected package liblua5.2-0:amd64.
Host regression tests	Install independent pcap reader	2026-09-24T11:33:56.6681640Z Preparing to unpack .../01-liblua5.2-0_5.2.4-3build2_amd64.deb ...
Host regression tests	Install independent pcap reader	2026-09-24T11:33:56.6698029Z Unpacking liblua5.2-0:amd64 (5.2.4-3build2) ...
Host regression tests	Install independent pcap reader	2026-09-24T11:33:56.6935248Z Selecting previously unselected package libnghttp3-3:amd64.
Host regression tests	Install independent pcap reader	2026-09-24T11:33:56.7063297Z Preparing to unpack .../02-libnghttp3-3_0.8.0-2_amd64.deb ...
Host regression tests	Install independent pcap reader	2026-09-24T11:33:56.7071636Z Unpacking libnghttp3-3:amd64 (0.8.0-2) ...
Host regression tests	Install independent pcap reader	2026-09-24T11:33:56.7284087Z Selecting previously unselected package libopencore-amrnb0:amd64.
Host regression tests	Install independent pcap reader	2026-09-24T11:33:56.7409180Z Preparing to unpack .../03-libopencore-amrnb0_0.1.6-1build1_amd64.deb ...
Host regression tests	Install independent pcap reader	2026-09-24T11:33:56.7417773Z Unpacking libopencore-amrnb0:amd64 (0.1.6-1build1) ...
Host regression tests	Install independent pcap reader	2026-09-24T11:33:56.7632936Z Selecting previously unselected package libopus0:amd64.
Host regression tests	Install independent pcap reader	2026-09-24T11:33:56.7757185Z Preparing to unpack .../04-libopus0_1.4-1build1_amd64.deb ...
Host regression tests	Install independent pcap reader	2026-09-24T11:33:56.7765640Z Unpacking libopus0:amd64 (1.4-1build1) ...
Host regression tests	Install independent pcap reader	2026-09-24T11:33:56.8032334Z Selecting previously unselected package libsmi2t64:amd64.
Host regression tests	Install independent pcap reader	2026-09-24T11:33:56.8155496Z Preparing to unpack .../05-libsmi2t64_0.4.8+dfsg2-16.1build1_amd64.deb ...
Host regression tests	Install independent pcap reader	2026-09-24T11:33:56.8164227Z Unpacking libsmi2t64:amd64 (0.4.8+dfsg2-16.1build1) ...
Host regression tests	Install independent pcap reader	2026-09-24T11:33:56.8611792Z Selecting previously unselected package libspandsp2t64:amd64.
Host regression tests	Install independent pcap reader	2026-09-24T11:33:56.8736061Z Preparing to unpack .../06-libspandsp2t64_0.0.6+dfsg-2.1build1_amd64.deb ...
Host regression tests	Install independent pcap reader	2026-09-24T11:33:56.8744141Z Unpacking libspandsp2t64:amd64 (0.0.6+dfsg-2.1build1) ...
Host regression tests	Install independent pcap reader	2026-09-24T11:33:56.9055808Z Selecting previously unselected package libspeexdsp1:amd64.
Host regression tests	Install independent pcap reader	2026-09-24T11:33:56.9182669Z Preparing to unpack .../07-libspeexdsp1_1.2.1-1ubuntu3_amd64.deb ...
Host regression tests	Install independent pcap reader	2026-09-24T11:33:56.9191944Z Unpacking libspeexdsp1:amd64 (1.2.1-1ubuntu3) ...
Host regression tests	Install independent pcap reader	2026-09-24T11:33:56.9409389Z Selecting previously unselected package libssh-gcrypt-4:amd64.
Host regression tests	Install independent pcap reader	2026-09-24T11:33:56.9534291Z Preparing to unpack .../08-libssh-gcrypt-4_0.10.6-2ubuntu0.5_amd64.deb ...
Host regression tests	Install independent pcap reader	2026-09-24T11:33:56.9543889Z Unpacking libssh-gcrypt-4:amd64 (0.10.6-2ubuntu0.5) ...
Host regression tests	Install independent pcap reader	2026-09-24T11:33:56.9790370Z Selecting previously unselected package libwireshark-data.
Host regression tests	Install independent pcap reader	2026-09-24T11:33:56.9914262Z Preparing to unpack .../09-libwireshark-data_4.2.2-1.1build3_all.deb ...
Host regression tests	Install independent pcap reader	2026-09-24T11:33:56.9983805Z Unpacking libwireshark-data (4.2.2-1.1build3) ...
Host regression tests	Install independent pcap reader	2026-09-24T11:33:57.0741838Z Selecting previously unselected package libsbc1:amd64.
Host regression tests	Install independent pcap reader	2026-09-24T11:33:57.0868090Z Preparing to unpack .../10-libsbc1_2.0-1build1_amd64.deb ...
Host regression tests	Install independent pcap reader	2026-09-24T11:33:57.0877509Z Unpacking libsbc1:amd64 (2.0-1build1) ...
Host regression tests	Install independent pcap reader	2026-09-24T11:33:57.1092788Z Selecting previously unselected package libwsutil15t64:amd64.
Host regression tests	Install independent pcap reader	2026-09-24T11:33:57.1218167Z Preparing to unpack .../11-libwsutil15t64_4.2.2-1.1build3_amd64.deb ...
Host regression tests	Install independent pcap reader	2026-09-24T11:33:57.1227819Z Unpacking libwsutil15t64:amd64 (4.2.2-1.1build3) ...
Host regression tests	Install independent pcap reader	2026-09-24T11:33:57.1451382Z Selecting previously unselected package libwiretap14t64:amd64.
Host regression tests	Install independent pcap reader	2026-09-24T11:33:57.1576216Z Preparing to unpack .../12-libwiretap14t64_4.2.2-1.1build3_amd64.deb ...
Host regression tests	Install independent pcap reader	2026-09-24T11:33:57.1586939Z Unpacking libwiretap14t64:amd64 (4.2.2-1.1build3) ...
Host regression tests	Install independent pcap reader	2026-09-24T11:33:57.1840478Z Selecting previously unselected package libwireshark17t64:amd64.
Host regression tests	Install independent pcap reader	2026-09-24T11:33:57.1965120Z Preparing to unpack .../13-libwireshark17t64_4.2.2-1.1build3_amd64.deb ...
Host regression tests	Install independent pcap reader	2026-09-24T11:33:57.1976587Z Unpacking libwireshark17t64:amd64 (4.2.2-1.1build3) ...
Host regression tests	Install independent pcap reader	2026-09-24T11:33:57.6333762Z Selecting previously unselected package wireshark-common.
Host regression tests	Install independent pcap reader	2026-09-24T11:33:57.6461561Z Preparing to unpack .../14-wireshark-common_4.2.2-1.1build3_amd64.deb ...
Host regression tests	Install independent pcap reader	2026-09-24T11:33:57.6469919Z Unpacking wireshark-common (4.2.2-1.1build3) ...
Host regression tests	Install independent pcap reader	2026-09-24T11:33:57.8009096Z Selecting previously unselected package tshark.
Host regression tests	Install independent pcap reader	2026-09-24T11:33:57.8134531Z Preparing to unpack .../15-tshark_4.2.2-1.1build3_amd64.deb ...
Host regression tests	Install independent pcap reader	2026-09-24T11:33:57.8143185Z Unpacking tshark (4.2.2-1.1build3) ...
Host regression tests	Install independent pcap reader	2026-09-24T11:33:57.8589137Z Setting up libssh-gcrypt-4:amd64 (0.10.6-2ubuntu0.5) ...
Host regression tests	Install independent pcap reader	2026-09-24T11:33:57.8617705Z Setting up libnghttp3-3:amd64 (0.8.0-2) ...
Host regression tests	Install independent pcap reader	2026-09-24T11:33:57.8642684Z Setting up libsbc1:amd64 (2.0-1build1) ...
Host regression tests	Install independent pcap reader	2026-09-24T11:33:57.8671797Z Setting up libsmi2t64:amd64 (0.4.8+dfsg2-16.1build1) ...
Host regression tests	Install independent pcap reader	2026-09-24T11:33:57.8712746Z Setting up libbcg729-0:amd64 (1.1.1-2build1) ...
Host regression tests	Install independent pcap reader	2026-09-24T11:33:57.8741476Z Setting up libopus0:amd64 (1.4-1build1) ...
Host regression tests	Install independent pcap reader	2026-09-24T11:33:57.8767829Z Setting up libspandsp2t64:amd64 (0.0.6+dfsg-2.1build1) ...
Host regression tests	Install independent pcap reader	2026-09-24T11:33:57.8794114Z Setting up libwireshark-data (4.2.2-1.1build3) ...
Host regression tests	Install independent pcap reader	2026-09-24T11:33:57.8861342Z Setting up liblua5.2-0:amd64 (5.2.4-3build2) ...
Host regression tests	Install independent pcap reader	2026-09-24T11:33:57.8887363Z Setting up libspeexdsp1:amd64 (1.2.1-1ubuntu3) ...
Host regression tests	Install independent pcap reader	2026-09-24T11:33:57.8913726Z Setting up libopencore-amrnb0:amd64 (0.1.6-1build1) ...
Host regression tests	Install independent pcap reader	2026-09-24T11:33:57.8939891Z Setting up libwsutil15t64:amd64 (4.2.2-1.1build3) ...
Host regression tests	Install independent pcap reader	2026-09-24T11:33:57.8964406Z Setting up libwiretap14t64:amd64 (4.2.2-1.1build3) ...
Host regression tests	Install independent pcap reader	2026-09-24T11:33:57.8992861Z Setting up libwireshark17t64:amd64 (4.2.2-1.1build3) ...
Host regression tests	Install independent pcap reader	2026-09-24T11:33:57.9018504Z Setting up wireshark-common (4.2.2-1.1build3) ...
Host regression tests	Install independent pcap reader	2026-09-24T11:33:58.0710077Z Setting up tshark (4.2.2-1.1build3) ...
Host regression tests	Install independent pcap reader	2026-09-24T11:33:58.0742469Z Processing triggers for hicolor-icon-theme (0.17-2) ...
Host regression tests	Install independent pcap reader	2026-09-24T11:33:58.4557069Z Processing triggers for libc-bin (2.39-0ubuntu8.9) ...
Host regression tests	Install independent pcap reader	2026-09-24T11:33:58.5220508Z Processing triggers for man-db (2.12.0-4build2) ...
Host regression tests	Install independent pcap reader	2026-09-24T11:33:58.5242840Z Not building database; man-db/auto-update is not 'true'.
Host regression tests	Install independent pcap reader	2026-09-24T11:33:58.5257732Z Processing triggers for shared-mime-info (2.4-4) ...
Host regression tests	Install independent pcap reader	2026-09-24T11:34:00.1316736Z 
Host regression tests	Install independent pcap reader	2026-09-24T11:34:00.1317628Z Running kernel seems to be up-to-date.
Host regression tests	Install independent pcap reader	2026-09-24T11:34:00.1318003Z 
Host regression tests	Install independent pcap reader	2026-09-24T11:34:00.1318144Z No services need to be restarted.
Host regression tests	Install independent pcap reader	2026-09-24T11:34:00.1318403Z 
Host regression tests	Install independent pcap reader	2026-09-24T11:34:00.1318536Z No containers need to be restarted.
Host regression tests	Install independent pcap reader	2026-09-24T11:34:00.1318811Z 
Host regression tests	Install independent pcap reader	2026-09-24T11:34:00.1318974Z No user sessions are running outdated binaries.
Host regression tests	Install independent pcap reader	2026-09-24T11:34:00.1319283Z 
Host regression tests	Install independent pcap reader	2026-09-24T11:34:00.1319882Z No VM guests are running outdated hypervisor (qemu) binaries on this host.
Host regression tests	Validate reference capture with TShark	﻿2026-09-24T11:34:01.0427671Z ##[group]Run python3 tests/host/validate_reference_pcap.py tests/host/build/reference.pcap
Host regression tests	Validate reference capture with TShark	2026-09-24T11:34:01.0428363Z ^[[36;1mpython3 tests/host/validate_reference_pcap.py tests/host/build/reference.pcap^[[0m
Host regression tests	Validate reference capture with TShark	2026-09-24T11:34:01.0492003Z shell: /usr/bin/bash -e {0}
Host regression tests	Validate reference capture with TShark	2026-09-24T11:34:01.0492276Z ##[endgroup]
Host regression tests	Validate reference capture with TShark	2026-09-24T11:34:01.4924098Z TShark (Wireshark) 4.2.2 (Git v4.2.2 packaged as 4.2.2-1.1build3).
Host regression tests	Validate reference capture with TShark	2026-09-24T11:34:01.4924629Z == capinfos ==
Host regression tests	Validate reference capture with TShark	2026-09-24T11:34:01.4924912Z File name:           tests/host/build/reference.pcap
Host regression tests	Validate reference capture with TShark	2026-09-24T11:34:01.4925286Z Packet size limit:   file hdr: 527 bytes
Host regression tests	Validate reference capture with TShark	2026-09-24T11:34:01.4925609Z Packet size limit:   inferred: 63 bytes
Host regression tests	Validate reference capture with TShark	2026-09-24T11:34:01.4925909Z Number of packets:   11
Host regression tests	Validate reference capture with TShark	2026-09-24T11:34:01.4926164Z File size:           810 bytes
Host regression tests	Validate reference capture with TShark	2026-09-24T11:34:01.4926437Z == TShark fields (tab-separated) ==
Host regression tests	Validate reference capture with TShark	2026-09-24T11:34:01.4927101Z frame.number	frame.cap_len	frame.len	frame.time_epoch	radiotap.channel.freq	radiotap.dbm_antsignal	wlan.sa	wlan.da	eapol.type
Host regression tests	Validate reference capture with TShark	2026-09-24T11:34:01.4928292Z 1	60	60	1700000000.999900000	2412	-42	02:11:22:33:44:55	ff:ff:ff:ff:ff:ff	
Host regression tests	Validate reference capture with TShark	2026-09-24T11:34:01.4928934Z 2	41	41	1700000000.999950000	2437	-65	02:aa:bb:cc:dd:01	ff:ff:ff:ff:ff:ff	
Host regression tests	Validate reference capture with TShark	2026-09-24T11:34:01.4929620Z 3	47	47	1700000001.000100000	2462	-47	02:aa:bb:cc:dd:01	02:11:22:33:44:55	
Host regression tests	Validate reference capture with TShark	2026-09-24T11:34:01.4930185Z 4	44	44	1700000001.001000000		-55	02:aa:bb:cc:dd:01	02:11:22:33:44:55	
Host regression tests	Validate reference capture with TShark	2026-09-24T11:34:01.4930770Z 5	39	39	1700000001.002000000	2484	-78	02:aa:bb:cc:dd:01	02:11:22:33:44:55	
Host regression tests	Validate reference capture with TShark	2026-09-24T11:34:01.4931268Z 6	41	41	1700000001.003000000	2412	-83	02:aa:bb:cc:dd:01	02:11:22:33:44:55	
Host regression tests	Validate reference capture with TShark	2026-09-24T11:34:01.4931689Z 7	25	25	1700000001.999900000	2437	-90			
Host regression tests	Validate reference capture with TShark	2026-09-24T11:34:01.4932070Z 8	56	56	1700000002.000000000	2437	-42	02:aa:bb:cc:dd:01	02:11:22:33:44:55	0
Host regression tests	Validate reference capture with TShark	2026-09-24T11:34:01.4932567Z 9	146	146	1700000002.099900000	2462	-37	02:11:22:33:44:55	02:aa:bb:cc:dd:01	3
Host regression tests	Validate reference capture with TShark	2026-09-24T11:34:01.4933067Z 10	63	146	1700000002.199900000	2484	-60	02:11:22:33:44:55	02:aa:bb:cc:dd:01	3
Host regression tests	Validate reference capture with TShark	2026-09-24T11:34:01.4933555Z 11	48	48	1700000002.234467000		-80	ff:ff:ff:ff:ff:ff	02:11:22:33:44:55
Host regression tests	Validate reference capture with TShark	2026-09-24T11:34:01.4934059Z PASS: generated PCAP matches committed reference.pcap (810 bytes)
Host regression tests	Validate reference capture with TShark	2026-09-24T11:34:01.4934483Z PASS: 11 frame rows match expected.tsv
Host regression tests	Validate reference capture with TShark	2026-09-24T11:34:01.4934791Z == malformed diagnostic frame numbers ==
Host regression tests	Validate reference capture with TShark	2026-09-24T11:34:01.4935081Z (none)
Host regression tests	Validate reference capture with TShark	2026-09-24T11:34:01.4935394Z PASS: only the intentionally capture-truncated frame may be malformed
Host regression tests	Validate SD logger state-machine capture with TShark	﻿2026-09-24T11:34:01.5019250Z ##[group]Run python3 tests/host/validate_phase3c_capture.py tests/host/build/phase3c_logger_sample.pcap
Host regression tests	Validate SD logger state-machine capture with TShark	2026-09-24T11:34:01.5020342Z ^[[36;1mpython3 tests/host/validate_phase3c_capture.py tests/host/build/phase3c_logger_sample.pcap^[[0m
Host regression tests	Validate SD logger state-machine capture with TShark	2026-09-24T11:34:01.5083331Z shell: /usr/bin/bash -e {0}
Host regression tests	Validate SD logger state-machine capture with TShark	2026-09-24T11:34:01.5083628Z ##[endgroup]
Host regression tests	Validate SD logger state-machine capture with TShark	2026-09-24T11:34:01.9196291Z TShark (Wireshark) 4.2.2 (Git v4.2.2 packaged as 4.2.2-1.1build3).
Host regression tests	Validate SD logger state-machine capture with TShark	2026-09-24T11:34:01.9196959Z == capinfos ==
Host regression tests	Validate SD logger state-machine capture with TShark	2026-09-24T11:34:01.9197272Z File name:           tests/host/build/phase3c_logger_sample.pcap
Host regression tests	Validate SD logger state-machine capture with TShark	2026-09-24T11:34:01.9197645Z Packet size limit:   file hdr: 527 bytes
Host regression tests	Validate SD logger state-machine capture with TShark	2026-09-24T11:34:01.9197938Z Packet size limit:   inferred: 527 bytes
Host regression tests	Validate SD logger state-machine capture with TShark	2026-09-24T11:34:01.9198207Z Number of packets:   1
Host regression tests	Validate SD logger state-machine capture with TShark	2026-09-24T11:34:01.9198437Z File size:           567 bytes
Host regression tests	Validate SD logger state-machine capture with TShark	2026-09-24T11:34:01.9198676Z == TShark fields ==
Host regression tests	Validate SD logger state-machine capture with TShark	2026-09-24T11:34:01.9199189Z frame.number	frame.cap_len	frame.len	frame.time_epoch	radiotap.channel.freq	radiotap.dbm_antsignal	wlan.sa	wlan.da	eapol.type
Host regression tests	Validate SD logger state-machine capture with TShark	2026-09-24T11:34:01.9200271Z 1	527	1035	0.000100000	2437	-47	02:aa:bb:cc:dd:ee	00:11:22:33:44:55	1
Host regression tests	Validate SD logger state-machine capture with TShark	2026-09-24T11:34:01.9200749Z PASS: frame lengths, timestamp, channel, RSSI, addresses and EAPOL type match
Host regression tests	Validate SD logger state-machine capture with TShark	2026-09-24T11:34:01.9201166Z == malformed diagnostics ==
Host regression tests	Validate SD logger state-machine capture with TShark	2026-09-24T11:34:01.9201394Z (none)
Host regression tests	Validate SD logger state-machine capture with TShark	2026-09-24T11:34:01.9201660Z PASS: sidecar reports accepted=serialized=written=flushed=1
Host regression tests	Upload synthetic reference capture	﻿2026-09-24T11:34:01.9335521Z ##[group]Run actions/upload-artifact@v4
Host regression tests	Upload synthetic reference capture	2026-09-24T11:34:01.9335846Z with:
Host regression tests	Upload synthetic reference capture	2026-09-24T11:34:01.9336154Z   name: reference-pcap-e43968db4d8181b5cd00dd586184c2ce300e921b
Host regression tests	Upload synthetic reference capture	2026-09-24T11:34:01.9336858Z   path: tests/host/build/reference.pcap
Host regression tests	Upload synthetic reference capture	tests/host/build/phase3c_logger_sample.pcap
Host regression tests	Upload synthetic reference capture	tests/host/build/phase3c_logger_sample.summary.txt
Host regression tests	Upload synthetic reference capture	
Host regression tests	Upload synthetic reference capture	2026-09-24T11:34:01.9337468Z   if-no-files-found: error
Host regression tests	Upload synthetic reference capture	2026-09-24T11:34:01.9337704Z   compression-level: 6
Host regression tests	Upload synthetic reference capture	2026-09-24T11:34:01.9337922Z   overwrite: false
Host regression tests	Upload synthetic reference capture	2026-09-24T11:34:01.9338140Z   include-hidden-files: false
Host regression tests	Upload synthetic reference capture	2026-09-24T11:34:01.9338380Z ##[endgroup]
Host regression tests	Upload synthetic reference capture	2026-09-24T11:34:02.1052432Z (node:3497) [DEP0040] DeprecationWarning: The `punycode` module is deprecated. Please use a userland alternative instead.
Host regression tests	Upload synthetic reference capture	2026-09-24T11:34:02.1053199Z (Use `node --trace-deprecation ...` to show where the warning was created)
Host regression tests	Upload synthetic reference capture	2026-09-24T11:34:02.1137629Z Multiple search paths detected. Calculating the least common ancestor of all paths
Host regression tests	Upload synthetic reference capture	2026-09-24T11:34:02.1145286Z The least common ancestor is /home/runner/work/esp32c6-Pwnagotchi/esp32c6-Pwnagotchi/tests/host/build. This will be the root directory of the artifact
Host regression tests	Upload synthetic reference capture	2026-09-24T11:34:02.1147257Z With the provided path, there will be 3 files uploaded
Host regression tests	Upload synthetic reference capture	2026-09-24T11:34:02.1148135Z Artifact name is valid!
Host regression tests	Upload synthetic reference capture	2026-09-24T11:34:02.1148547Z Root directory input is valid!
Host regression tests	Upload synthetic reference capture	2026-09-24T11:34:02.5261214Z Beginning upload of artifact content to blob storage
Host regression tests	Upload synthetic reference capture	2026-09-24T11:34:02.5482145Z (node:3497) [DEP0169] DeprecationWarning: `url.parse()` behavior is not standardized and prone to errors that have security implications. Use the WHATWG URL API instead. CVEs are not issued for `url.parse()` vulnerabilities.
Host regression tests	Upload synthetic reference capture	2026-09-24T11:34:02.8110709Z Uploaded bytes 1241
Host regression tests	Upload synthetic reference capture	2026-09-24T11:34:02.8852476Z Finished uploading artifact content to blob storage!
Host regression tests	Upload synthetic reference capture	2026-09-24T11:34:02.8853796Z SHA256 digest of uploaded artifact zip is cea4815705792b099cd18a68a18d4e1b5a00d1457678345d1b8979d56f648186
Host regression tests	Upload synthetic reference capture	2026-09-24T11:34:02.8855938Z Finalizing artifact upload
Host regression tests	Upload synthetic reference capture	2026-09-24T11:34:03.1670618Z Artifact reference-pcap-e43968db4d8181b5cd00dd586184c2ce300e921b.zip successfully finalized. Artifact ID 10805173330
Host regression tests	Upload synthetic reference capture	2026-09-24T11:34:03.1672866Z Artifact reference-pcap-e43968db4d8181b5cd00dd586184c2ce300e921b has been successfully uploaded! Final size is 1241 bytes. Artifact ID is 10805173330
Host regression tests	Upload synthetic reference capture	2026-09-24T11:34:03.1678637Z Artifact download URL: https://github.com/yuanwil1y/esp32c6-Pwnagotchi/actions/runs/35993675554/artifacts/10805173330
Host regression tests	Post Checkout	﻿2026-09-24T11:34:03.1893046Z Post job cleanup.
Host regression tests	Post Checkout	2026-09-24T11:34:03.2765395Z [command]/usr/bin/git version
Host regression tests	Post Checkout	2026-09-24T11:34:03.2811936Z git version 2.55.0
Host regression tests	Post Checkout	2026-09-24T11:34:03.2855205Z Temporarily overriding HOME='/home/runner/work/_temp/dbf138cf-7b76-415c-aad3-b7ab0417cf64' before making global git config changes
Host regression tests	Post Checkout	2026-09-24T11:34:03.2856601Z Adding repository directory to the temporary git global config as a safe directory
Host regression tests	Post Checkout	2026-09-24T11:34:03.2862955Z [command]/usr/bin/git config --global --add safe.directory /home/runner/work/esp32c6-Pwnagotchi/esp32c6-Pwnagotchi
Host regression tests	Post Checkout	2026-09-24T11:34:03.2912243Z [command]/usr/bin/git config --local --name-only --get-regexp core\.sshCommand
Host regression tests	Post Checkout	2026-09-24T11:34:03.2956139Z [command]/usr/bin/git submodule foreach --recursive sh -c "git config --local --name-only --get-regexp 'core\.sshCommand' && git config --local --unset-all 'core.sshCommand' || :"
Host regression tests	Post Checkout	2026-09-24T11:34:03.3223705Z [command]/usr/bin/git config --local --name-only --get-regexp http\.https\:\/\/github\.com\/\.extraheader
Host regression tests	Post Checkout	2026-09-24T11:34:03.3255976Z http.https://github.com/.extraheader
Host regression tests	Post Checkout	2026-09-24T11:34:03.3277560Z [command]/usr/bin/git config --local --unset-all http.https://github.com/.extraheader
Host regression tests	Post Checkout	2026-09-24T11:34:03.3317803Z [command]/usr/bin/git submodule foreach --recursive sh -c "git config --local --name-only --get-regexp 'http\.https\:\/\/github\.com\/\.extraheader' && git config --local --unset-all 'http.https://github.com/.extraheader' || :"
Host regression tests	Post Checkout	2026-09-24T11:34:03.3585551Z [command]/usr/bin/git config --local --name-only --get-regexp ^includeIf\.gitdir:
Host regression tests	Post Checkout	2026-09-24T11:34:03.3632953Z [command]/usr/bin/git submodule foreach --recursive git config --local --show-origin --name-only --get-regexp remote.origin.url
Host regression tests	Complete job	﻿2026-09-24T11:34:03.4199167Z Cleaning up orphan processes
Host regression tests	Complete job	2026-09-24T11:34:03.4612241Z ##[warning]Node.js 20 is deprecated. The following actions target Node.js 20 but are being forced to run on Node.js 24: actions/checkout@v4, actions/upload-artifact@v4. For more information see: https://github.blog/changelog/2025-09-19-deprecation-of-node-20-on-github-actions-runners/
