build	Set up job	﻿2026-09-24T11:33:09.6932595Z Current runner version: '2.337.0'
build	Set up job	2026-09-24T11:33:09.6950412Z ##[group]Runner Image Provisioner
build	Set up job	2026-09-24T11:33:09.6951095Z Hosted Compute Agent
build	Set up job	2026-09-24T11:33:09.6951473Z Version: 20260828.587
build	Set up job	2026-09-24T11:33:09.6951870Z Commit: abac92662cab4cc7352de4f9f9d2e2419aad9c29
build	Set up job	2026-09-24T11:33:09.6952298Z Build Date: 2026-08-28T16:44:25Z
build	Set up job	2026-09-24T11:33:09.6952694Z Worker ID: {511a412b-94ab-422b-b2e7-b1acb108793d}
build	Set up job	2026-09-24T11:33:09.6953142Z Azure Region: centralus
build	Set up job	2026-09-24T11:33:09.6953516Z ##[endgroup]
build	Set up job	2026-09-24T11:33:09.6954349Z ##[group]Operating System
build	Set up job	2026-09-24T11:33:09.6954775Z Ubuntu
build	Set up job	2026-09-24T11:33:09.6955083Z 24.04.5
build	Set up job	2026-09-24T11:33:09.6955418Z LTS
build	Set up job	2026-09-24T11:33:09.6955751Z ##[endgroup]
build	Set up job	2026-09-24T11:33:09.6956070Z ##[group]Runner Image
build	Set up job	2026-09-24T11:33:09.6956477Z Image: ubuntu-24.04
build	Set up job	2026-09-24T11:33:09.6956807Z Version: 20260920.314.1
build	Set up job	2026-09-24T11:33:09.6957690Z Included Software: https://github.com/actions/runner-images/blob/ubuntu24/20260920.314/images/ubuntu/Ubuntu2404-Readme.md
build	Set up job	2026-09-24T11:33:09.6958727Z Image Release: https://github.com/actions/runner-images/releases/tag/ubuntu24%2F20260920.314
build	Set up job	2026-09-24T11:33:09.6959312Z ##[endgroup]
build	Set up job	2026-09-24T11:33:09.6959996Z ##[group]GITHUB_TOKEN Permissions
build	Set up job	2026-09-24T11:33:09.6961511Z Contents: read
build	Set up job	2026-09-24T11:33:09.6961854Z Metadata: read
build	Set up job	2026-09-24T11:33:09.6962217Z Packages: read
build	Set up job	2026-09-24T11:33:09.6962578Z ##[endgroup]
build	Set up job	2026-09-24T11:33:09.6963906Z Secret source: Actions
build	Set up job	2026-09-24T11:33:09.6964523Z Cache mode: write
build	Set up job	2026-09-24T11:33:09.6964926Z Prepare workflow directory
build	Set up job	2026-09-24T11:33:09.7196825Z Prepare all required actions
build	Set up job	2026-09-24T11:33:09.7227593Z Getting action download info
build	Set up job	2026-09-24T11:33:09.9707106Z Download action repository 'actions/checkout@v4' (SHA:11d5960a326750d5838078e36cf38b85af677262)
build	Set up job	2026-09-24T11:33:10.0473672Z Download action repository 'espressif/esp-idf-ci-action@v1' (SHA:9d38657f3d789ca759b2b37aaf5ceffbc42c4f0d)
build	Set up job	2026-09-24T11:33:10.2563389Z Download action repository 'actions/upload-artifact@v4' (SHA:ea165f8d65b6e75b540449e92b4886f43607fa02)
build	Set up job	2026-09-24T11:33:10.7293695Z Complete job name: build
build	Checkout	﻿2026-09-24T11:33:10.7846940Z ##[group]Run actions/checkout@v4
build	Checkout	2026-09-24T11:33:10.7847670Z with:
build	Checkout	2026-09-24T11:33:10.7848096Z   submodules: recursive
build	Checkout	2026-09-24T11:33:10.7848639Z   repository: yuanwil1y/esp32c6-Pwnagotchi
build	Checkout	2026-09-24T11:33:10.7853921Z   token: ***
build	Checkout	2026-09-24T11:33:10.7854361Z   ssh-strict: true
build	Checkout	2026-09-24T11:33:10.7854813Z   ssh-user: git
build	Checkout	2026-09-24T11:33:10.7855283Z   persist-credentials: true
build	Checkout	2026-09-24T11:33:10.7855791Z   clean: true
build	Checkout	2026-09-24T11:33:10.7856256Z   sparse-checkout-cone-mode: true
build	Checkout	2026-09-24T11:33:10.7856813Z   fetch-depth: 1
build	Checkout	2026-09-24T11:33:10.7857265Z   fetch-tags: false
build	Checkout	2026-09-24T11:33:10.7857728Z   show-progress: true
build	Checkout	2026-09-24T11:33:10.7858191Z   lfs: false
build	Checkout	2026-09-24T11:33:10.7858647Z   set-safe-directory: true
build	Checkout	2026-09-24T11:33:10.7859183Z   allow-unsafe-pr-checkout: false
build	Checkout	2026-09-24T11:33:10.7859842Z ##[endgroup]
build	Checkout	2026-09-24T11:33:10.8535123Z Syncing repository: yuanwil1y/esp32c6-Pwnagotchi
build	Checkout	2026-09-24T11:33:10.8536849Z ##[group]Getting Git version info
build	Checkout	2026-09-24T11:33:10.8537784Z Working directory is '/home/runner/work/esp32c6-Pwnagotchi/esp32c6-Pwnagotchi'
build	Checkout	2026-09-24T11:33:10.8539062Z [command]/usr/bin/git version
build	Checkout	2026-09-24T11:33:10.8607346Z git version 2.55.0
build	Checkout	2026-09-24T11:33:10.8625764Z ##[endgroup]
build	Checkout	2026-09-24T11:33:10.8635358Z Temporarily overriding HOME='/home/runner/work/_temp/6c642623-bbd2-439a-a366-d1febb033251' before making global git config changes
build	Checkout	2026-09-24T11:33:10.8637773Z Adding repository directory to the temporary git global config as a safe directory
build	Checkout	2026-09-24T11:33:10.8641767Z [command]/usr/bin/git config --global --add safe.directory /home/runner/work/esp32c6-Pwnagotchi/esp32c6-Pwnagotchi
build	Checkout	2026-09-24T11:33:10.9360518Z Deleting the contents of '/home/runner/work/esp32c6-Pwnagotchi/esp32c6-Pwnagotchi'
build	Checkout	2026-09-24T11:33:10.9372521Z ##[group]Initializing the repository
build	Checkout	2026-09-24T11:33:10.9373721Z [command]/usr/bin/git init /home/runner/work/esp32c6-Pwnagotchi/esp32c6-Pwnagotchi
build	Checkout	2026-09-24T11:33:11.0010111Z hint: Using 'master' as the name for the initial branch. This default branch name
build	Checkout	2026-09-24T11:33:11.0014331Z hint: will change to "main" in Git 3.0. To configure the initial branch name
build	Checkout	2026-09-24T11:33:11.0018877Z hint: to use in all of your new repositories, which will suppress this warning,
build	Checkout	2026-09-24T11:33:11.0021127Z hint: call:
build	Checkout	2026-09-24T11:33:11.0022951Z hint:
build	Checkout	2026-09-24T11:33:11.0024979Z hint: 	git config --global init.defaultBranch <name>
build	Checkout	2026-09-24T11:33:11.0026959Z hint:
build	Checkout	2026-09-24T11:33:11.0027820Z hint: Names commonly chosen instead of 'master' are 'main', 'trunk' and
build	Checkout	2026-09-24T11:33:11.0031996Z hint: 'development'. The just-created branch can be renamed via this command:
build	Checkout	2026-09-24T11:33:11.0034468Z hint:
build	Checkout	2026-09-24T11:33:11.0036623Z hint: 	git branch -m <name>
build	Checkout	2026-09-24T11:33:11.0038235Z hint:
build	Checkout	2026-09-24T11:33:11.0048539Z hint: Disable this message with "git config set advice.defaultBranchName false"
build	Checkout	2026-09-24T11:33:11.0052569Z Initialized empty Git repository in /home/runner/work/esp32c6-Pwnagotchi/esp32c6-Pwnagotchi/.git/
build	Checkout	2026-09-24T11:33:11.0059146Z [command]/usr/bin/git remote add origin https://github.com/yuanwil1y/esp32c6-Pwnagotchi
build	Checkout	2026-09-24T11:33:11.0269420Z ##[endgroup]
build	Checkout	2026-09-24T11:33:11.0278566Z ##[group]Disabling automatic garbage collection
build	Checkout	2026-09-24T11:33:11.0288606Z [command]/usr/bin/git config --local gc.auto 0
build	Checkout	2026-09-24T11:33:11.0366848Z ##[endgroup]
build	Checkout	2026-09-24T11:33:11.0367920Z ##[group]Setting up auth
build	Checkout	2026-09-24T11:33:11.0373703Z [command]/usr/bin/git config --local --name-only --get-regexp core\.sshCommand
build	Checkout	2026-09-24T11:33:11.0426424Z [command]/usr/bin/git submodule foreach --recursive sh -c "git config --local --name-only --get-regexp 'core\.sshCommand' && git config --local --unset-all 'core.sshCommand' || :"
build	Checkout	2026-09-24T11:33:11.1008189Z [command]/usr/bin/git config --local --name-only --get-regexp http\.https\:\/\/github\.com\/\.extraheader
build	Checkout	2026-09-24T11:33:11.1113677Z [command]/usr/bin/git submodule foreach --recursive sh -c "git config --local --name-only --get-regexp 'http\.https\:\/\/github\.com\/\.extraheader' && git config --local --unset-all 'http.https://github.com/.extraheader' || :"
build	Checkout	2026-09-24T11:33:11.1552200Z [command]/usr/bin/git config --local --name-only --get-regexp ^includeIf\.gitdir:
build	Checkout	2026-09-24T11:33:11.1582981Z [command]/usr/bin/git submodule foreach --recursive git config --local --show-origin --name-only --get-regexp remote.origin.url
build	Checkout	2026-09-24T11:33:11.1762882Z [command]/usr/bin/git config --local http.https://github.com/.extraheader AUTHORIZATION: basic ***
build	Checkout	2026-09-24T11:33:11.1987856Z ##[endgroup]
build	Checkout	2026-09-24T11:33:11.1988789Z ##[group]Fetching the repository
build	Checkout	2026-09-24T11:33:11.1996048Z [command]/usr/bin/git -c protocol.version=2 fetch --no-tags --prune --no-recurse-submodules --depth=1 origin +e43968db4d8181b5cd00dd586184c2ce300e921b:refs/remotes/origin/phase3c-sd-logger
build	Checkout	2026-09-24T11:33:12.0320597Z From https://github.com/yuanwil1y/esp32c6-Pwnagotchi
build	Checkout	2026-09-24T11:33:12.0321450Z  * [new ref]         e43968db4d8181b5cd00dd586184c2ce300e921b -> origin/phase3c-sd-logger
build	Checkout	2026-09-24T11:33:12.0323803Z ##[endgroup]
build	Checkout	2026-09-24T11:33:12.0324552Z ##[group]Determining the checkout info
build	Checkout	2026-09-24T11:33:12.0325880Z ##[endgroup]
build	Checkout	2026-09-24T11:33:12.0330473Z [command]/usr/bin/git sparse-checkout disable
build	Checkout	2026-09-24T11:33:12.0463686Z [command]/usr/bin/git config --local --unset-all extensions.worktreeConfig
build	Checkout	2026-09-24T11:33:12.0554271Z ##[group]Checking out the ref
build	Checkout	2026-09-24T11:33:12.0557656Z [command]/usr/bin/git checkout --progress --force -B phase3c-sd-logger refs/remotes/origin/phase3c-sd-logger
build	Checkout	2026-09-24T11:33:12.0762983Z Switched to a new branch 'phase3c-sd-logger'
build	Checkout	2026-09-24T11:33:12.0766583Z branch 'phase3c-sd-logger' set up to track 'origin/phase3c-sd-logger'.
build	Checkout	2026-09-24T11:33:12.0773527Z ##[endgroup]
build	Checkout	2026-09-24T11:33:12.0774042Z ##[group]Setting up auth for fetching submodules
build	Checkout	2026-09-24T11:33:12.0778558Z [command]/usr/bin/git config --global http.https://github.com/.extraheader AUTHORIZATION: basic ***
build	Checkout	2026-09-24T11:33:12.0866731Z [command]/usr/bin/git config --global --unset-all url.https://github.com/.insteadOf
build	Checkout	2026-09-24T11:33:12.0892553Z [command]/usr/bin/git config --global --add url.https://github.com/.insteadOf git@github.com:
build	Checkout	2026-09-24T11:33:12.1363968Z [command]/usr/bin/git config --global --add url.https://github.com/.insteadOf org-65474623@github.com:
build	Checkout	2026-09-24T11:33:12.1859938Z ##[endgroup]
build	Checkout	2026-09-24T11:33:12.1860810Z ##[group]Fetching submodules
build	Checkout	2026-09-24T11:33:12.1863591Z [command]/usr/bin/git submodule sync --recursive
build	Checkout	2026-09-24T11:33:12.2074288Z [command]/usr/bin/git -c protocol.version=2 submodule update --init --force --depth=1 --recursive
build	Checkout	2026-09-24T11:33:12.2865121Z Submodule 'vendor/waveshare' (https://github.com/waveshareteam/ESP32-C6-LCD-1.9.git) registered for path 'vendor/waveshare'
build	Checkout	2026-09-24T11:33:12.2880533Z Cloning into '/home/runner/work/esp32c6-Pwnagotchi/esp32c6-Pwnagotchi/vendor/waveshare'...
build	Checkout	2026-09-24T11:33:14.9281619Z Submodule path 'vendor/waveshare': checked out '1fed15e32977de11afe1f710a0f5e915bfcc35a5'
build	Checkout	2026-09-24T11:33:14.9313435Z [command]/usr/bin/git submodule foreach --recursive git config --local gc.auto 0
build	Checkout	2026-09-24T11:33:14.9486513Z Entering 'vendor/waveshare'
build	Checkout	2026-09-24T11:33:14.9534576Z ##[endgroup]
build	Checkout	2026-09-24T11:33:14.9534947Z ##[group]Persisting credentials for submodules
build	Checkout	2026-09-24T11:33:14.9540870Z [command]/usr/bin/git submodule foreach --recursive sh -c "git config --local --name-only --get-regexp 'url\.https\:\/\/github\.com\/\.insteadOf' && git config --local --unset-all 'url.https://github.com/.insteadOf' || :"
build	Checkout	2026-09-24T11:33:14.9710624Z Entering 'vendor/waveshare'
build	Checkout	2026-09-24T11:33:14.9756002Z [command]/usr/bin/git submodule foreach --recursive sh -c "git config --local 'http.https://github.com/.extraheader' 'AUTHORIZATION: basic ***' && git config --local --show-origin --name-only --get-regexp remote.origin.url"
build	Checkout	2026-09-24T11:33:14.9921064Z Entering 'vendor/waveshare'
build	Checkout	2026-09-24T11:33:14.9955267Z file:/home/runner/work/esp32c6-Pwnagotchi/esp32c6-Pwnagotchi/.git/modules/vendor/waveshare/config	remote.origin.url
build	Checkout	2026-09-24T11:33:14.9992298Z [command]/usr/bin/git submodule foreach --recursive git config --local --add 'url.https://github.com/.insteadOf' 'git@github.com:'
build	Checkout	2026-09-24T11:33:15.0155807Z Entering 'vendor/waveshare'
build	Checkout	2026-09-24T11:33:15.0199890Z [command]/usr/bin/git submodule foreach --recursive git config --local --add 'url.https://github.com/.insteadOf' 'org-65474623@github.com:'
build	Checkout	2026-09-24T11:33:15.0357368Z Entering 'vendor/waveshare'
build	Checkout	2026-09-24T11:33:15.0402369Z ##[endgroup]
build	Checkout	2026-09-24T11:33:15.0435395Z [command]/usr/bin/git log -1 --format=%H
build	Checkout	2026-09-24T11:33:15.0457937Z e43968db4d8181b5cd00dd586184c2ce300e921b
build	Stamp git commit into firmware	﻿2026-09-24T11:33:15.0664320Z ##[group]Run printf '#define APP_BUILD_GIT_SHA "%s"\n#define APP_BUILD_GIT_SHORT "%s"\n' \
build	Stamp git commit into firmware	2026-09-24T11:33:15.0664781Z ^[[36;1mprintf '#define APP_BUILD_GIT_SHA "%s"\n#define APP_BUILD_GIT_SHORT "%s"\n' \^[[0m
build	Stamp git commit into firmware	2026-09-24T11:33:15.0665046Z ^[[36;1m  "${GITHUB_SHA}" "${GITHUB_SHA::7}" > main/build_info.h^[[0m
build	Stamp git commit into firmware	2026-09-24T11:33:15.0665234Z ^[[36;1mcat main/build_info.h^[[0m
build	Stamp git commit into firmware	2026-09-24T11:33:15.0905319Z shell: /usr/bin/bash -e {0}
build	Stamp git commit into firmware	2026-09-24T11:33:15.0905479Z ##[endgroup]
build	Stamp git commit into firmware	2026-09-24T11:33:15.0986377Z #define APP_BUILD_GIT_SHA "e43968db4d8181b5cd00dd586184c2ce300e921b"
build	Stamp git commit into firmware	2026-09-24T11:33:15.0986742Z #define APP_BUILD_GIT_SHORT "e43968d"
build	Build ESP32-C6 firmware	﻿2026-09-24T11:33:15.1028673Z ##[group]Run espressif/esp-idf-ci-action@v1
build	Build ESP32-C6 firmware	2026-09-24T11:33:15.1028847Z with:
build	Build ESP32-C6 firmware	2026-09-24T11:33:15.1028968Z   esp_idf_version: v5.4
build	Build ESP32-C6 firmware	2026-09-24T11:33:15.1029117Z   target: esp32c6
build	Build ESP32-C6 firmware	2026-09-24T11:33:15.1029225Z   path: .
build	Build ESP32-C6 firmware	2026-09-24T11:33:15.1029444Z   command: idf.py build &&
build	Build ESP32-C6 firmware	idf.py size size-components size-files | tee build/phase3c-size-report.txt
build	Build ESP32-C6 firmware	
build	Build ESP32-C6 firmware	2026-09-24T11:33:15.1029696Z   esp_idf_docker_image: espressif/idf
build	Build ESP32-C6 firmware	2026-09-24T11:33:15.1029837Z ##[endgroup]
build	Build ESP32-C6 firmware	2026-09-24T11:33:15.1081840Z ##[start-action display=Run export IDF_TARGET=$(echo "esp32c6" | tr '[:upper:%5D' '[:lower:%5D' | tr -d '_-');id=__espressif_esp-idf-ci-action.__run]
build	Build ESP32-C6 firmware	2026-09-24T11:33:15.1100318Z ##[group]Run export IDF_TARGET=$(echo "esp32c6" | tr '[:upper:]' '[:lower:]' | tr -d '_-')
build	Build ESP32-C6 firmware	2026-09-24T11:33:15.1100758Z ^[[36;1mexport IDF_TARGET=$(echo "esp32c6" | tr '[:upper:]' '[:lower:]' | tr -d '_-')^[[0m
build	Build ESP32-C6 firmware	2026-09-24T11:33:15.1100975Z ^[[36;1mdocker run -t \^[[0m
build	Build ESP32-C6 firmware	2026-09-24T11:33:15.1101110Z ^[[36;1m-e IDF_TARGET="${IDF_TARGET}" \^[[0m
build	Build ESP32-C6 firmware	2026-09-24T11:33:15.1101329Z ^[[36;1m-v "${GITHUB_WORKSPACE}:/app/yuanwil1y/esp32c6-Pwnagotchi" \^[[0m
build	Build ESP32-C6 firmware	2026-09-24T11:33:15.1101594Z ^[[36;1m-w "/app/yuanwil1y/esp32c6-Pwnagotchi/." \^[[0m
build	Build ESP32-C6 firmware	2026-09-24T11:33:15.1101769Z ^[[36;1m \^[[0m
build	Build ESP32-C6 firmware	2026-09-24T11:33:15.1101881Z ^[[36;1mespressif/idf:v5.4 \^[[0m
build	Build ESP32-C6 firmware	2026-09-24T11:33:15.1102086Z ^[[36;1m/bin/bash -c 'git config --global --add safe.directory "*" && idf.py build &&^[[0m
build	Build ESP32-C6 firmware	2026-09-24T11:33:15.1102368Z ^[[36;1midf.py size size-components size-files | tee build/phase3c-size-report.txt^[[0m
build	Build ESP32-C6 firmware	2026-09-24T11:33:15.1102573Z ^[[36;1m'^[[0m
build	Build ESP32-C6 firmware	2026-09-24T11:33:15.1144787Z shell: /usr/bin/bash --noprofile --norc -e -o pipefail {0}
build	Build ESP32-C6 firmware	2026-09-24T11:33:15.1144973Z ##[endgroup]
build	Build ESP32-C6 firmware	2026-09-24T11:33:15.2005576Z Unable to find image 'espressif/idf:v5.4' locally
build	Build ESP32-C6 firmware	2026-09-24T11:33:15.7940468Z v5.4: Pulling from espressif/idf
build	Build ESP32-C6 firmware	2026-09-24T11:33:15.9404746Z de44b265507a: Pulling fs layer
build	Build ESP32-C6 firmware	2026-09-24T11:33:15.9405103Z e77999699af9: Pulling fs layer
build	Build ESP32-C6 firmware	2026-09-24T11:33:15.9405323Z 50f1c1b63b65: Pulling fs layer
build	Build ESP32-C6 firmware	2026-09-24T11:33:15.9405529Z 57851bba112a: Pulling fs layer
build	Build ESP32-C6 firmware	2026-09-24T11:33:15.9405767Z a31a0a15b4ae: Pulling fs layer
build	Build ESP32-C6 firmware	2026-09-24T11:33:15.9405945Z 996bede91559: Pulling fs layer
build	Build ESP32-C6 firmware	2026-09-24T11:33:15.9406075Z c275d5c9b1df: Pulling fs layer
build	Build ESP32-C6 firmware	2026-09-24T11:33:15.9406203Z 4f4fb700ef54: Pulling fs layer
build	Build ESP32-C6 firmware	2026-09-24T11:33:15.9406329Z a31a0a15b4ae: Waiting
build	Build ESP32-C6 firmware	2026-09-24T11:33:15.9406472Z 996bede91559: Waiting
build	Build ESP32-C6 firmware	2026-09-24T11:33:15.9406590Z c275d5c9b1df: Waiting
build	Build ESP32-C6 firmware	2026-09-24T11:33:15.9406703Z 4f4fb700ef54: Waiting
build	Build ESP32-C6 firmware	2026-09-24T11:33:15.9406810Z 57851bba112a: Waiting
build	Build ESP32-C6 firmware	2026-09-24T11:33:16.2303823Z de44b265507a: Verifying Checksum
build	Build ESP32-C6 firmware	2026-09-24T11:33:16.2304427Z de44b265507a: Download complete
build	Build ESP32-C6 firmware	2026-09-24T11:33:16.2567287Z 50f1c1b63b65: Verifying Checksum
build	Build ESP32-C6 firmware	2026-09-24T11:33:16.2568380Z 50f1c1b63b65: Download complete
build	Build ESP32-C6 firmware	2026-09-24T11:33:16.6778885Z e77999699af9: Verifying Checksum
build	Build ESP32-C6 firmware	2026-09-24T11:33:16.6784275Z e77999699af9: Download complete
build	Build ESP32-C6 firmware	2026-09-24T11:33:16.8101158Z 996bede91559: Download complete
build	Build ESP32-C6 firmware	2026-09-24T11:33:16.9587379Z c275d5c9b1df: Verifying Checksum
build	Build ESP32-C6 firmware	2026-09-24T11:33:16.9588269Z c275d5c9b1df: Download complete
build	Build ESP32-C6 firmware	2026-09-24T11:33:17.1105891Z 4f4fb700ef54: Verifying Checksum
build	Build ESP32-C6 firmware	2026-09-24T11:33:17.1106295Z 4f4fb700ef54: Download complete
build	Build ESP32-C6 firmware	2026-09-24T11:33:18.0581948Z de44b265507a: Pull complete
build	Build ESP32-C6 firmware	2026-09-24T11:33:22.8268878Z a31a0a15b4ae: Verifying Checksum
build	Build ESP32-C6 firmware	2026-09-24T11:33:22.8269147Z a31a0a15b4ae: Download complete
build	Build ESP32-C6 firmware	2026-09-24T11:33:27.2087346Z 57851bba112a: Verifying Checksum
build	Build ESP32-C6 firmware	2026-09-24T11:33:27.2087614Z 57851bba112a: Download complete
build	Build ESP32-C6 firmware	2026-09-24T11:33:44.8871931Z e77999699af9: Pull complete
build	Build ESP32-C6 firmware	2026-09-24T11:33:45.6478027Z 50f1c1b63b65: Pull complete
build	Build ESP32-C6 firmware	2026-09-24T11:34:02.6849775Z 57851bba112a: Pull complete
build	Build ESP32-C6 firmware	2026-09-24T11:34:17.1044646Z a31a0a15b4ae: Pull complete
build	Build ESP32-C6 firmware	2026-09-24T11:34:17.1529538Z 996bede91559: Pull complete
build	Build ESP32-C6 firmware	2026-09-24T11:34:29.6833238Z c275d5c9b1df: Pull complete
build	Build ESP32-C6 firmware	2026-09-24T11:34:29.6888112Z 4f4fb700ef54: Pull complete
build	Build ESP32-C6 firmware	2026-09-24T11:34:29.6937531Z Digest: sha256:f1e9f69dc052b9afc7801ca884e0ef40c17e014bb05ce73d9c09d29290bd17fb
build	Build ESP32-C6 firmware	2026-09-24T11:34:29.6997877Z Status: Downloaded newer image for espressif/idf:v5.4
build	Build ESP32-C6 firmware	2026-09-24T11:34:29.8378231Z Checking "python3" ...
build	Build ESP32-C6 firmware	2026-09-24T11:34:29.8530413Z Python 3.12.3
build	Build ESP32-C6 firmware	2026-09-24T11:34:29.8532438Z "python3" has been detected
build	Build ESP32-C6 firmware	2026-09-24T11:34:29.9607435Z ^[[91mActivating ESP-IDF ^[[0m^[[1;91m5.4^[[0m
build	Build ESP32-C6 firmware	2026-09-24T11:34:29.9754503Z ^[[91m*^[[0m Checking python version ^[[33m...^[[0m ^[[1;32m3.12^[[0m^[[32m.^[[0m^[[1;32m3^[[0m
build	Build ESP32-C6 firmware	2026-09-24T11:34:30.1345950Z ^[[91m*^[[0m Checking python dependencies ^[[33m...^[[0m ^[[32mOK^[[0m
build	Build ESP32-C6 firmware	2026-09-24T11:34:30.1923880Z ^[[91m*^[[0m Deactivating the current ESP-IDF environment ^[[1m(^[[0mif any^[[1m)^[[0m ^[[33m...^[[0m ^[[32mOK^[[0m
build	Build ESP32-C6 firmware	2026-09-24T11:34:30.2932454Z ^[[91m*^[[0m Establishing a new ESP-IDF environment ^[[33m...^[[0m ^[[32mOK^[[0m
build	Build ESP32-C6 firmware	2026-09-24T11:34:30.3004260Z ^[[91m*^[[0m Identifying shell ^[[33m...^[[0m ^[[32mbash^[[0m
build	Build ESP32-C6 firmware	2026-09-24T11:34:30.3573581Z ^[[91m*^[[0m Detecting outdated tools in system ^[[33m...^[[0m ^[[32mOK - no outdated tools found^[[0m
build	Build ESP32-C6 firmware	2026-09-24T11:34:30.3582846Z ^[[91m*^[[0m Shell completion ^[[33m...^[[0m ^[[32mAutocompletion code generated^[[0m
build	Build ESP32-C6 firmware	2026-09-24T11:34:30.7139510Z 
build	Build ESP32-C6 firmware	2026-09-24T11:34:30.7139985Z Done! You can now compile ESP-IDF projects.
build	Build ESP32-C6 firmware	2026-09-24T11:34:30.7140379Z Go to the project directory and run:
build	Build ESP32-C6 firmware	2026-09-24T11:34:30.7140491Z 
build	Build ESP32-C6 firmware	2026-09-24T11:34:30.7140538Z   idf.py build
build	Build ESP32-C6 firmware	2026-09-24T11:34:31.1627892Z Executing action: all (aliases: build)
build	Build ESP32-C6 firmware	2026-09-24T11:34:31.1662271Z Running cmake in directory /app/yuanwil1y/esp32c6-Pwnagotchi/build
build	Build ESP32-C6 firmware	2026-09-24T11:34:31.1662998Z Executing "cmake -G Ninja -DPYTHON_DEPS_CHECKED=1 -DPYTHON=/opt/esp/python_env/idf5.4_py3.12_env/bin/python -DESP_PLATFORM=1 -DCCACHE_ENABLE=1 /app/yuanwil1y/esp32c6-Pwnagotchi"...
build	Build ESP32-C6 firmware	2026-09-24T11:34:31.1984336Z -- Found Git: /usr/bin/git (found version "2.43.0")
build	Build ESP32-C6 firmware	2026-09-24T11:34:32.6699396Z -- ccache will be used for faster recompilation
build	Build ESP32-C6 firmware	2026-09-24T11:34:32.7070776Z -- The C compiler identification is GNU 14.2.0
build	Build ESP32-C6 firmware	2026-09-24T11:34:32.7461526Z -- The CXX compiler identification is GNU 14.2.0
build	Build ESP32-C6 firmware	2026-09-24T11:34:32.7542740Z -- The ASM compiler identification is GNU
build	Build ESP32-C6 firmware	2026-09-24T11:34:32.7560873Z -- Found assembler: /opt/esp/tools/riscv32-esp-elf/esp-14.2.0_20241119/riscv32-esp-elf/bin/riscv32-esp-elf-gcc
build	Build ESP32-C6 firmware	2026-09-24T11:34:32.7614290Z -- Detecting C compiler ABI info
build	Build ESP32-C6 firmware	2026-09-24T11:34:32.7961051Z -- Detecting C compiler ABI info - done
build	Build ESP32-C6 firmware	2026-09-24T11:34:32.8042892Z -- Check for working C compiler: /opt/esp/tools/riscv32-esp-elf/esp-14.2.0_20241119/riscv32-esp-elf/bin/riscv32-esp-elf-gcc - skipped
build	Build ESP32-C6 firmware	2026-09-24T11:34:32.8044756Z -- Detecting C compile features
build	Build ESP32-C6 firmware	2026-09-24T11:34:32.8047971Z -- Detecting C compile features - done
build	Build ESP32-C6 firmware	2026-09-24T11:34:32.8094103Z -- Detecting CXX compiler ABI info
build	Build ESP32-C6 firmware	2026-09-24T11:34:32.8471723Z -- Detecting CXX compiler ABI info - done
build	Build ESP32-C6 firmware	2026-09-24T11:34:32.8550572Z -- Check for working CXX compiler: /opt/esp/tools/riscv32-esp-elf/esp-14.2.0_20241119/riscv32-esp-elf/bin/riscv32-esp-elf-g++ - skipped
build	Build ESP32-C6 firmware	2026-09-24T11:34:32.8552995Z -- Detecting CXX compile features
build	Build ESP32-C6 firmware	2026-09-24T11:34:32.8557867Z -- Detecting CXX compile features - done
build	Build ESP32-C6 firmware	2026-09-24T11:34:33.3416616Z -- Building ESP-IDF components for target esp32c6
build	Build ESP32-C6 firmware	2026-09-24T11:34:33.5748674Z NOTICE: Dependencies lock doesn't exist, solving dependencies.
build	Build ESP32-C6 firmware	2026-09-24T11:34:33.9891575Z ......NOTICE: Updating lock file at /app/yuanwil1y/esp32c6-Pwnagotchi/dependencies.lock
build	Build ESP32-C6 firmware	2026-09-24T11:34:33.9892001Z NOTICE: Processing 4 dependencies:
build	Build ESP32-C6 firmware	2026-09-24T11:34:33.9892225Z NOTICE: [1/4] espressif/cmake_utilities (0.5.3)
build	Build ESP32-C6 firmware	2026-09-24T11:34:34.0139669Z NOTICE: [2/4] espressif/esp_lcd_sh8601 (1.0.0)
build	Build ESP32-C6 firmware	2026-09-24T11:34:34.0353895Z NOTICE: [3/4] lvgl/lvgl (8.3.11)
build	Build ESP32-C6 firmware	2026-09-24T11:34:34.5610447Z NOTICE: [4/4] idf (5.4.0)
build	Build ESP32-C6 firmware	2026-09-24T11:34:35.3031578Z -- Project sdkconfig file /app/yuanwil1y/esp32c6-Pwnagotchi/sdkconfig
build	Build ESP32-C6 firmware	2026-09-24T11:34:35.4215760Z Loading defaults file /app/yuanwil1y/esp32c6-Pwnagotchi/sdkconfig.defaults...
build	Build ESP32-C6 firmware	2026-09-24T11:34:35.5206485Z -- Adding linker script /opt/esp/idf/components/riscv/ld/rom.api.ld
build	Build ESP32-C6 firmware	2026-09-24T11:34:35.5628847Z -- Found Python3: /opt/esp/python_env/idf5.4_py3.12_env/bin/python (found version "3.12.3") found components: Interpreter
build	Build ESP32-C6 firmware	2026-09-24T11:34:35.5879806Z -- Performing Test CMAKE_HAVE_LIBC_PTHREAD
build	Build ESP32-C6 firmware	2026-09-24T11:34:35.6295007Z -- Performing Test CMAKE_HAVE_LIBC_PTHREAD - Success
build	Build ESP32-C6 firmware	2026-09-24T11:34:35.6300806Z -- Found Threads: TRUE
build	Build ESP32-C6 firmware	2026-09-24T11:34:35.6321454Z -- Performing Test C_COMPILER_SUPPORTS_WFORMAT_SIGNEDNESS
build	Build ESP32-C6 firmware	2026-09-24T11:34:35.6686171Z -- Performing Test C_COMPILER_SUPPORTS_WFORMAT_SIGNEDNESS - Success
build	Build ESP32-C6 firmware	2026-09-24T11:34:35.7743972Z -- App "esp32c6_pwnagotchi" version: e43968d
build	Build ESP32-C6 firmware	2026-09-24T11:34:35.8473274Z -- Adding linker script /app/yuanwil1y/esp32c6-Pwnagotchi/build/esp-idf/esp_system/ld/memory.ld
build	Build ESP32-C6 firmware	2026-09-24T11:34:35.8473941Z -- Adding linker script /app/yuanwil1y/esp32c6-Pwnagotchi/build/esp-idf/esp_system/ld/sections.ld.in
build	Build ESP32-C6 firmware	2026-09-24T11:34:35.8538449Z -- Adding linker script /opt/esp/idf/components/esp_rom/esp32c6/ld/esp32c6.rom.ld
build	Build ESP32-C6 firmware	2026-09-24T11:34:35.8538967Z -- Adding linker script /opt/esp/idf/components/esp_rom/esp32c6/ld/esp32c6.rom.api.ld
build	Build ESP32-C6 firmware	2026-09-24T11:34:35.8539749Z -- Adding linker script /opt/esp/idf/components/esp_rom/esp32c6/ld/esp32c6.rom.rvfp.ld
build	Build ESP32-C6 firmware	2026-09-24T11:34:35.8540410Z -- Adding linker script /opt/esp/idf/components/esp_rom/esp32c6/ld/esp32c6.rom.wdt.ld
build	Build ESP32-C6 firmware	2026-09-24T11:34:35.8541086Z -- Adding linker script /opt/esp/idf/components/esp_rom/esp32c6/ld/esp32c6.rom.systimer.ld
build	Build ESP32-C6 firmware	2026-09-24T11:34:35.8541687Z -- Adding linker script /opt/esp/idf/components/esp_rom/esp32c6/ld/esp32c6.rom.version.ld
build	Build ESP32-C6 firmware	2026-09-24T11:34:35.8542438Z -- Adding linker script /opt/esp/idf/components/esp_rom/esp32c6/ld/esp32c6.rom.phy.ld
build	Build ESP32-C6 firmware	2026-09-24T11:34:35.8543595Z -- Adding linker script /opt/esp/idf/components/esp_rom/esp32c6/ld/esp32c6.rom.coexist.ld
build	Build ESP32-C6 firmware	2026-09-24T11:34:35.8544260Z -- Adding linker script /opt/esp/idf/components/esp_rom/esp32c6/ld/esp32c6.rom.net80211.ld
build	Build ESP32-C6 firmware	2026-09-24T11:34:35.8545145Z -- Adding linker script /opt/esp/idf/components/esp_rom/esp32c6/ld/esp32c6.rom.pp.ld
build	Build ESP32-C6 firmware	2026-09-24T11:34:35.8562144Z -- Adding linker script /opt/esp/idf/components/esp_rom/esp32c6/ld/esp32c6.rom.newlib.ld
build	Build ESP32-C6 firmware	2026-09-24T11:34:35.8562537Z -- Adding linker script /opt/esp/idf/components/esp_rom/esp32c6/ld/esp32c6.rom.newlib-normal.ld
build	Build ESP32-C6 firmware	2026-09-24T11:34:35.8562839Z -- Adding linker script /opt/esp/idf/components/esp_rom/esp32c6/ld/esp32c6.rom.heap.ld
build	Build ESP32-C6 firmware	2026-09-24T11:34:35.8637966Z -- Adding linker script /opt/esp/idf/components/soc/esp32c6/ld/esp32c6.peripherals.ld
build	Build ESP32-C6 firmware	2026-09-24T11:34:36.0435908Z -- ESP_LCD_SH8601: 1.0.0
build	Build ESP32-C6 firmware	2026-09-24T11:34:36.1500912Z -- Components: app_trace app_update board bootloader bootloader_support bt cmock console cxx driver efuse esp-tls esp_adc esp_app_format esp_bootloader_format esp_coex esp_common esp_driver_ana_cmpr esp_driver_cam esp_driver_dac esp_driver_gpio esp_driver_gptimer esp_driver_i2c esp_driver_i2s esp_driver_isp esp_driver_jpeg esp_driver_ledc esp_driver_mcpwm esp_driver_parlio esp_driver_pcnt esp_driver_ppa esp_driver_rmt esp_driver_sdio esp_driver_sdm esp_driver_sdmmc esp_driver_sdspi esp_driver_spi esp_driver_touch_sens esp_driver_tsens esp_driver_uart esp_driver_usb_serial_jtag esp_eth esp_event esp_gdbstub esp_hid esp_http_client esp_http_server esp_https_ota esp_https_server esp_hw_support esp_lcd esp_local_ctrl esp_mm esp_netif esp_netif_stack esp_partition esp_phy esp_pm esp_psram esp_ringbuf esp_rom esp_security esp_system esp_timer esp_vfs_console esp_wifi espcoredump espressif__cmake_utilities espressif__esp_lcd_sh8601 esptool_py fatfs freertos hal heap http_parser idf_test ieee802154 json log lvgl__lvgl lwip main mbedtls mqtt newlib nvs_flash nvs_sec_provider openthread partition_table protobuf-c protocomm pthread radio riscv rt sdmmc soc spi_flash spiffs storage tcp_transport ulp unity usb vfs wear_levelling wifi_provisioning world wpa_supplicant
build	Build ESP32-C6 firmware	2026-09-24T11:34:36.1517548Z -- Component paths: /opt/esp/idf/components/app_trace /opt/esp/idf/components/app_update /app/yuanwil1y/esp32c6-Pwnagotchi/components/board /opt/esp/idf/components/bootloader /opt/esp/idf/components/bootloader_support /opt/esp/idf/components/bt /opt/esp/idf/components/cmock /opt/esp/idf/components/console /opt/esp/idf/components/cxx /opt/esp/idf/components/driver /opt/esp/idf/components/efuse /opt/esp/idf/components/esp-tls /opt/esp/idf/components/esp_adc /opt/esp/idf/components/esp_app_format /opt/esp/idf/components/esp_bootloader_format /opt/esp/idf/components/esp_coex /opt/esp/idf/components/esp_common /opt/esp/idf/components/esp_driver_ana_cmpr /opt/esp/idf/components/esp_driver_cam /opt/esp/idf/components/esp_driver_dac /opt/esp/idf/components/esp_driver_gpio /opt/esp/idf/components/esp_driver_gptimer /opt/esp/idf/components/esp_driver_i2c /opt/esp/idf/components/esp_driver_i2s /opt/esp/idf/components/esp_driver_isp /opt/esp/idf/components/esp_driver_jpeg /opt/esp/idf/components/esp_driver_ledc /opt/esp/idf/components/esp_driver_mcpwm /opt/esp/idf/components/esp_driver_parlio /opt/esp/idf/components/esp_driver_pcnt /opt/esp/idf/components/esp_driver_ppa /opt/esp/idf/components/esp_driver_rmt /opt/esp/idf/components/esp_driver_sdio /opt/esp/idf/components/esp_driver_sdm /opt/esp/idf/components/esp_driver_sdmmc /opt/esp/idf/components/esp_driver_sdspi /opt/esp/idf/components/esp_driver_spi /opt/esp/idf/components/esp_driver_touch_sens /opt/esp/idf/components/esp_driver_tsens /opt/esp/idf/components/esp_driver_uart /opt/esp/idf/components/esp_driver_usb_serial_jtag /opt/esp/idf/components/esp_eth /opt/esp/idf/components/esp_event /opt/esp/idf/components/esp_gdbstub /opt/esp/idf/components/esp_hid /opt/esp/idf/components/esp_http_client /opt/esp/idf/components/esp_http_server /opt/esp/idf/components/esp_https_ota /opt/esp/idf/components/esp_https_server /opt/esp/idf/components/esp_hw_support /opt/esp/idf/components/esp_lcd /opt/esp/idf/components/esp_local_ctrl /opt/esp/idf/components/esp_mm /opt/esp/idf/components/esp_netif /opt/esp/idf/components/esp_netif_stack /opt/esp/idf/components/esp_partition /opt/esp/idf/components/esp_phy /opt/esp/idf/components/esp_pm /opt/esp/idf/components/esp_psram /opt/esp/idf/components/esp_ringbuf /opt/esp/idf/components/esp_rom /opt/esp/idf/components/esp_security /opt/esp/idf/components/esp_system /opt/esp/idf/components/esp_timer /opt/esp/idf/components/esp_vfs_console /opt/esp/idf/components/esp_wifi /opt/esp/idf/components/espcoredump /app/yuanwil1y/esp32c6-Pwnagotchi/managed_components/espressif__cmake_utilities /app/yuanwil1y/esp32c6-Pwnagotchi/managed_components/espressif__esp_lcd_sh8601 /opt/esp/idf/components/esptool_py /opt/esp/idf/components/fatfs /opt/esp/idf/components/freertos /opt/esp/idf/components/hal /opt/esp/idf/components/heap /opt/esp/idf/components/http_parser /opt/esp/idf/components/idf_test /opt/esp/idf/components/ieee802154 /opt/esp/idf/components/json /opt/esp/idf/components/log /app/yuanwil1y/esp32c6-Pwnagotchi/managed_components/lvgl__lvgl /opt/esp/idf/components/lwip /app/yuanwil1y/esp32c6-Pwnagotchi/main /opt/esp/idf/components/mbedtls /opt/esp/idf/components/mqtt /opt/esp/idf/components/newlib /opt/esp/idf/components/nvs_flash /opt/esp/idf/components/nvs_sec_provider /opt/esp/idf/components/openthread /opt/esp/idf/components/partition_table /opt/esp/idf/components/protobuf-c /opt/esp/idf/components/protocomm /opt/esp/idf/components/pthread /app/yuanwil1y/esp32c6-Pwnagotchi/components/radio /opt/esp/idf/components/riscv /opt/esp/idf/components/rt /opt/esp/idf/components/sdmmc /opt/esp/idf/components/soc /opt/esp/idf/components/spi_flash /opt/esp/idf/components/spiffs /app/yuanwil1y/esp32c6-Pwnagotchi/components/storage /opt/esp/idf/components/tcp_transport /opt/esp/idf/components/ulp /opt/esp/idf/components/unity /opt/esp/idf/components/usb /opt/esp/idf/components/vfs /opt/esp/idf/components/wear_levelling /opt/esp/idf/components/wifi_provisioning /app/yuanwil1y/esp32c6-Pwnagotchi/components/world /opt/esp/idf/components/wpa_supplicant
build	Build ESP32-C6 firmware	2026-09-24T11:34:36.1556760Z -- Configuring done (5.0s)
build	Build ESP32-C6 firmware	2026-09-24T11:34:36.5575543Z -- Generating done (0.4s)
build	Build ESP32-C6 firmware	2026-09-24T11:34:36.5577543Z -- Build files have been written to: /app/yuanwil1y/esp32c6-Pwnagotchi/build
build	Build ESP32-C6 firmware	2026-09-24T11:34:36.6118806Z Running ninja in directory /app/yuanwil1y/esp32c6-Pwnagotchi/build
build	Build ESP32-C6 firmware	2026-09-24T11:34:36.6119176Z Executing "ninja all"...
build	Build ESP32-C6 firmware	2026-09-24T11:34:36.6443461Z 
build	Build ESP32-C6 firmware	2026-09-24T11:34:36.6504062Z [1/1416] Generating project_elf_src_esp32c6.c^[[K
build	Build ESP32-C6 firmware	2026-09-24T11:34:36.6513454Z [2/1416] Generating /app/yuanwil1y/esp32c6-Pwnagotchi/build/esp-idf/esp_system/ld/sections.ld.in linker script...^[[K
build	Build ESP32-C6 firmware	2026-09-24T11:34:36.7350650Z [3/1416] Generating /app/yuanwil1y/esp32c6-Pwnagotchi/build/esp-idf/esp_system/ld/memory.ld linker script...^[[K
build	Build ESP32-C6 firmware	2026-09-24T11:34:36.7370314Z [4/1416] Building C object esp-idf/mbedtls/mbedtls/3rdparty/everest/CMakeFiles/everest.dir/library/everest.c.obj^[[K
build	Build ESP32-C6 firmware	2026-09-24T11:34:36.7373297Z [5/1416] Generating ../../partition_table/partition-table.bin^[[K
build	Build ESP32-C6 firmware	2026-09-24T11:34:36.7374137Z Partition table binary generated. Contents:
build	Build ESP32-C6 firmware	2026-09-24T11:34:36.7374697Z *******************************************************************************
build	Build ESP32-C6 firmware	2026-09-24T11:34:36.7375020Z # ESP-IDF Partition Table
build	Build ESP32-C6 firmware	2026-09-24T11:34:36.7375252Z # Name, Type, SubType, Offset, Size, Flags
build	Build ESP32-C6 firmware	2026-09-24T11:34:36.7375610Z nvs,data,nvs,0x9000,24K,
build	Build ESP32-C6 firmware	2026-09-24T11:34:36.7375835Z phy_init,data,phy,0xf000,4K,
build	Build ESP32-C6 firmware	2026-09-24T11:34:36.7376051Z factory,app,factory,0x10000,4M,
build	Build ESP32-C6 firmware	2026-09-24T11:34:36.7376399Z *******************************************************************************
build	Build ESP32-C6 firmware	2026-09-24T11:34:36.7571766Z 
build	Build ESP32-C6 firmware	2026-09-24T11:34:36.7583320Z [6/1416] Building C object esp-idf/mbedtls/mbedtls/3rdparty/everest/CMakeFiles/everest.dir/library/Hacl_Curve25519_joined.c.obj^[[K
build	Build ESP32-C6 firmware	2026-09-24T11:34:36.7838730Z [7/1416] Building C object esp-idf/mbedtls/mbedtls/3rdparty/everest/CMakeFiles/everest.dir/library/x25519.c.obj^[[K
build	Build ESP32-C6 firmware	2026-09-24T11:34:36.8026519Z [8/1416] Building C object esp-idf/mbedtls/mbedtls/3rdparty/p256-m/CMakeFiles/p256m.dir/p256-m/p256-m.c.obj^[[K
build	Build ESP32-C6 firmware	2026-09-24T11:34:36.8238035Z [9/1416] Building C object esp-idf/mbedtls/mbedtls/3rdparty/p256-m/CMakeFiles/p256m.dir/p256-m_driver_entrypoints.c.obj^[[K
build	Build ESP32-C6 firmware	2026-09-24T11:34:36.8622315Z [10/1416] Building C object esp-idf/mbedtls/mbedtls/library/CMakeFiles/mbedcrypto.dir/aesni.c.obj^[[K
build	Build ESP32-C6 firmware	2026-09-24T11:34:36.9254628Z [11/1416] Building C object esp-idf/mbedtls/mbedtls/library/CMakeFiles/mbedcrypto.dir/aesce.c.obj^[[K
build	Build ESP32-C6 firmware	2026-09-24T11:34:36.9564174Z [12/1416] Building C object esp-idf/mbedtls/mbedtls/library/CMakeFiles/mbedcrypto.dir/aes.c.obj^[[K
build	Build ESP32-C6 firmware	2026-09-24T11:34:36.9732475Z [13/1416] Building C object esp-idf/mbedtls/mbedtls/library/CMakeFiles/mbedcrypto.dir/aria.c.obj^[[K
build	Build ESP32-C6 firmware	2026-09-24T11:34:36.9973075Z [14/1416] Building C object esp-idf/mbedtls/mbedtls/library/CMakeFiles/mbedcrypto.dir/base64.c.obj^[[K
build	Build ESP32-C6 firmware	2026-09-24T11:34:37.0170799Z [15/1416] Building C object esp-idf/mbedtls/mbedtls/library/CMakeFiles/mbedcrypto.dir/asn1parse.c.obj^[[K
build	Build ESP32-C6 firmware	2026-09-24T11:34:37.0230845Z [16/1416] Building C object esp-idf/mbedtls/mbedtls/library/CMakeFiles/mbedcrypto.dir/asn1write.c.obj^[[K
build	Build ESP32-C6 firmware	2026-09-24T11:34:37.0830664Z [17/1416] Building C object esp-idf/mbedtls/mbedtls/library/CMakeFiles/mbedcrypto.dir/bignum_mod.c.obj^[[K
build	Build ESP32-C6 firmware	2026-09-24T11:34:37.0838726Z [18/1416] Building C object esp-idf/mbedtls/mbedtls/library/CMakeFiles/mbedcrypto.dir/bignum_mod_raw.c.obj^[[K
build	Build ESP32-C6 firmware	2026-09-24T11:34:37.0995612Z [19/1416] Building C object esp-idf/mbedtls/mbedtls/library/CMakeFiles/mbedcrypto.dir/camellia.c.obj^[[K
build	Build ESP32-C6 firmware	2026-09-24T11:34:37.1579105Z [20/1416] Building C object esp-idf/mbedtls/mbedtls/library/CMakeFiles/mbedcrypto.dir/block_cipher.c.obj^[[K
build	Build ESP32-C6 firmware	2026-09-24T11:34:37.1625521Z [21/1416] Building C object esp-idf/mbedtls/mbedtls/library/CMakeFiles/mbedcrypto.dir/bignum_core.c.obj^[[K
build	Build ESP32-C6 firmware	2026-09-24T11:34:37.1812676Z [22/1416] Building C object esp-idf/mbedtls/mbedtls/library/CMakeFiles/mbedcrypto.dir/chachapoly.c.obj^[[K
build	Build ESP32-C6 firmware	2026-09-24T11:34:37.2721732Z [23/1416] Building C object esp-idf/mbedtls/mbedtls/library/CMakeFiles/mbedcrypto.dir/chacha20.c.obj^[[K
build	Build ESP32-C6 firmware	2026-09-24T11:34:37.2735544Z [24/1416] Building C object esp-idf/mbedtls/mbedtls/library/CMakeFiles/mbedcrypto.dir/ccm.c.obj^[[K
build	Build ESP32-C6 firmware	2026-09-24T11:34:37.3176057Z [25/1416] Building C object esp-idf/mbedtls/mbedtls/library/CMakeFiles/mbedcrypto.dir/bignum.c.obj^[[K
build	Build ESP32-C6 firmware	2026-09-24T11:34:37.3406854Z [26/1416] Building C object esp-idf/mbedtls/mbedtls/library/CMakeFiles/mbedcrypto.dir/cipher_wrap.c.obj^[[K
build	Build ESP32-C6 firmware	2026-09-24T11:34:37.3475082Z [27/1416] Building C object esp-idf/mbedtls/mbedtls/library/CMakeFiles/mbedcrypto.dir/des.c.obj^[[K
build	Build ESP32-C6 firmware	2026-09-24T11:34:37.3972166Z [28/1416] Building C object esp-idf/mbedtls/mbedtls/library/CMakeFiles/mbedcrypto.dir/constant_time.c.obj^[[K
build	Build ESP32-C6 firmware	2026-09-24T11:34:37.4016471Z [29/1416] Building C object esp-idf/mbedtls/mbedtls/library/CMakeFiles/mbedcrypto.dir/cmac.c.obj^[[K
build	Build ESP32-C6 firmware	2026-09-24T11:34:37.4453566Z [30/1416] Building C object esp-idf/mbedtls/mbedtls/library/CMakeFiles/mbedcrypto.dir/dhm.c.obj^[[K
build	Build ESP32-C6 firmware	2026-09-24T11:34:37.4679817Z [31/1416] Building C object esp-idf/mbedtls/mbedtls/library/CMakeFiles/mbedcrypto.dir/cipher.c.obj^[[K
build	Build ESP32-C6 firmware	2026-09-24T11:34:37.4930379Z [32/1416] Building C object esp-idf/mbedtls/mbedtls/library/CMakeFiles/mbedcrypto.dir/ecjpake.c.obj^[[K
build	Build ESP32-C6 firmware	2026-09-24T11:34:37.5353254Z [33/1416] Building C object esp-idf/mbedtls/mbedtls/library/CMakeFiles/mbedcrypto.dir/ecdh.c.obj^[[K
build	Build ESP32-C6 firmware	2026-09-24T11:34:37.5639092Z [34/1416] Building C object esp-idf/mbedtls/mbedtls/library/CMakeFiles/mbedcrypto.dir/ctr_drbg.c.obj^[[K
build	Build ESP32-C6 firmware	2026-09-24T11:34:37.5965671Z [35/1416] Building C object esp-idf/mbedtls/mbedtls/library/CMakeFiles/mbedcrypto.dir/ecp_curves_new.c.obj^[[K
build	Build ESP32-C6 firmware	2026-09-24T11:34:37.6586326Z [36/1416] Building C object esp-idf/mbedtls/mbedtls/library/CMakeFiles/mbedcrypto.dir/ecdsa.c.obj^[[K
build	Build ESP32-C6 firmware	2026-09-24T11:34:37.6743829Z [37/1416] Building C object esp-idf/mbedtls/mbedtls/library/CMakeFiles/mbedcrypto.dir/entropy.c.obj^[[K
build	Build ESP32-C6 firmware	2026-09-24T11:34:37.7239460Z [38/1416] Building C object esp-idf/mbedtls/mbedtls/library/CMakeFiles/mbedcrypto.dir/entropy_poll.c.obj^[[K
build	Build ESP32-C6 firmware	2026-09-24T11:34:37.7287854Z [39/1416] Building C object esp-idf/mbedtls/mbedtls/library/CMakeFiles/mbedcrypto.dir/hkdf.c.obj^[[K
build	Build ESP32-C6 firmware	2026-09-24T11:34:37.8123379Z [40/1416] Building C object esp-idf/mbedtls/mbedtls/library/CMakeFiles/mbedcrypto.dir/ecp_curves.c.obj^[[K
build	Build ESP32-C6 firmware	2026-09-24T11:34:37.8496314Z [41/1416] Building C object esp-idf/mbedtls/mbedtls/library/CMakeFiles/mbedcrypto.dir/error.c.obj^[[K
build	Build ESP32-C6 firmware	2026-09-24T11:34:37.8623882Z [42/1416] Building C object esp-idf/mbedtls/mbedtls/library/CMakeFiles/mbedcrypto.dir/gcm.c.obj^[[K
build	Build ESP32-C6 firmware	2026-09-24T11:34:37.8803530Z [43/1416] Building C object esp-idf/mbedtls/mbedtls/library/CMakeFiles/mbedcrypto.dir/ecp.c.obj^[[K
build	Build ESP32-C6 firmware	2026-09-24T11:34:37.9183698Z [44/1416] Building C object esp-idf/mbedtls/mbedtls/library/CMakeFiles/mbedcrypto.dir/hmac_drbg.c.obj^[[K
build	Build ESP32-C6 firmware	2026-09-24T11:34:37.9549765Z [45/1416] Building C object esp-idf/mbedtls/mbedtls/library/CMakeFiles/mbedcrypto.dir/lmots.c.obj^[[K
build	Build ESP32-C6 firmware	2026-09-24T11:34:37.9612113Z [46/1416] Building C object esp-idf/mbedtls/mbedtls/library/CMakeFiles/mbedcrypto.dir/memory_buffer_alloc.c.obj^[[K
build	Build ESP32-C6 firmware	2026-09-24T11:34:37.9891436Z [47/1416] Building C object esp-idf/mbedtls/mbedtls/library/CMakeFiles/mbedcrypto.dir/lms.c.obj^[[K
build	Build ESP32-C6 firmware	2026-09-24T11:34:37.9946586Z [48/1416] Building C object esp-idf/mbedtls/mbedtls/library/CMakeFiles/mbedcrypto.dir/md5.c.obj^[[K
build	Build ESP32-C6 firmware	2026-09-24T11:34:38.0440930Z [49/1416] Building C object esp-idf/mbedtls/mbedtls/library/CMakeFiles/mbedcrypto.dir/nist_kw.c.obj^[[K
build	Build ESP32-C6 firmware	2026-09-24T11:34:38.0458214Z [50/1416] Building C object esp-idf/mbedtls/mbedtls/library/CMakeFiles/mbedcrypto.dir/padlock.c.obj^[[K
build	Build ESP32-C6 firmware	2026-09-24T11:34:38.1958093Z [51/1416] Building C object esp-idf/mbedtls/mbedtls/library/CMakeFiles/mbedcrypto.dir/md.c.obj^[[K
build	Build ESP32-C6 firmware	2026-09-24T11:34:38.1964911Z [52/1416] Building C object esp-idf/mbedtls/mbedtls/library/CMakeFiles/mbedcrypto.dir/oid.c.obj^[[K
build	Build ESP32-C6 firmware	2026-09-24T11:34:38.1977078Z [53/1416] Building C object esp-idf/mbedtls/mbedtls/library/CMakeFiles/mbedcrypto.dir/pem.c.obj^[[K
build	Build ESP32-C6 firmware	2026-09-24T11:34:38.2046935Z [54/1416] Building C object esp-idf/mbedtls/mbedtls/library/CMakeFiles/mbedcrypto.dir/pk_ecc.c.obj^[[K
build	Build ESP32-C6 firmware	2026-09-24T11:34:38.2628306Z [55/1416] Building C object esp-idf/mbedtls/mbedtls/library/CMakeFiles/mbedcrypto.dir/pk_wrap.c.obj^[[K
build	Build ESP32-C6 firmware	2026-09-24T11:34:38.3194414Z [56/1416] Building C object esp-idf/mbedtls/mbedtls/library/CMakeFiles/mbedcrypto.dir/pkcs12.c.obj^[[K
build	Build ESP32-C6 firmware	2026-09-24T11:34:38.3803808Z [57/1416] Building C object esp-idf/mbedtls/mbedtls/library/CMakeFiles/mbedcrypto.dir/pk.c.obj^[[K
build	Build ESP32-C6 firmware	2026-09-24T11:34:38.3974583Z [58/1416] Building C object esp-idf/mbedtls/mbedtls/library/CMakeFiles/mbedcrypto.dir/platform.c.obj^[[K
build	Build ESP32-C6 firmware	2026-09-24T11:34:38.4102716Z [59/1416] Building C object esp-idf/mbedtls/mbedtls/library/CMakeFiles/mbedcrypto.dir/poly1305.c.obj^[[K
build	Build ESP32-C6 firmware	2026-09-24T11:34:38.4327828Z [60/1416] Building C object esp-idf/mbedtls/mbedtls/library/CMakeFiles/mbedcrypto.dir/pkcs5.c.obj^[[K
build	Build ESP32-C6 firmware	2026-09-24T11:34:38.4594032Z [61/1416] Building C object esp-idf/mbedtls/mbedtls/library/CMakeFiles/mbedcrypto.dir/platform_util.c.obj^[[K
build	Build ESP32-C6 firmware	2026-09-24T11:34:38.4868430Z [62/1416] Building C object esp-idf/mbedtls/mbedtls/library/CMakeFiles/mbedcrypto.dir/pkparse.c.obj^[[K
build	Build ESP32-C6 firmware	2026-09-24T11:34:38.5987287Z [63/1416] Building C object esp-idf/mbedtls/mbedtls/library/CMakeFiles/mbedcrypto.dir/pkwrite.c.obj^[[K
build	Build ESP32-C6 firmware	2026-09-24T11:34:38.6388162Z [64/1416] Building C object esp-idf/mbedtls/mbedtls/library/CMakeFiles/mbedcrypto.dir/psa_crypto_client.c.obj^[[K
build	Build ESP32-C6 firmware	2026-09-24T11:34:38.6728763Z [65/1416] Building C object esp-idf/mbedtls/mbedtls/library/CMakeFiles/mbedcrypto.dir/psa_crypto_aead.c.obj^[[K
build	Build ESP32-C6 firmware	2026-09-24T11:34:38.7116689Z [66/1416] Building C object esp-idf/mbedtls/mbedtls/library/CMakeFiles/mbedcrypto.dir/psa_crypto_driver_wrappers_no_static.c.obj^[[K
build	Build ESP32-C6 firmware	2026-09-24T11:34:38.7216862Z [67/1416] Building C object esp-idf/mbedtls/mbedtls/library/CMakeFiles/mbedcrypto.dir/psa_crypto_cipher.c.obj^[[K
build	Build ESP32-C6 firmware	2026-09-24T11:34:38.7944279Z [68/1416] Building C object esp-idf/mbedtls/mbedtls/library/CMakeFiles/mbedcrypto.dir/psa_crypto_ecp.c.obj^[[K
build	Build ESP32-C6 firmware	2026-09-24T11:34:38.8376603Z [69/1416] Building C object esp-idf/mbedtls/mbedtls/library/CMakeFiles/mbedcrypto.dir/psa_crypto_ffdh.c.obj^[[K
build	Build ESP32-C6 firmware	2026-09-24T11:34:38.8943544Z [70/1416] Building C object esp-idf/mbedtls/mbedtls/library/CMakeFiles/mbedcrypto.dir/psa_crypto_pake.c.obj^[[K
build	Build ESP32-C6 firmware	2026-09-24T11:34:38.9091201Z [71/1416] Building C object esp-idf/mbedtls/mbedtls/library/CMakeFiles/mbedcrypto.dir/psa_crypto_hash.c.obj^[[K
build	Build ESP32-C6 firmware	2026-09-24T11:34:38.9128322Z [72/1416] Building C object esp-idf/mbedtls/mbedtls/library/CMakeFiles/mbedcrypto.dir/psa_crypto_se.c.obj^[[K
build	Build ESP32-C6 firmware	2026-09-24T11:34:38.9473409Z [73/1416] Building C object esp-idf/mbedtls/mbedtls/library/CMakeFiles/mbedcrypto.dir/psa_crypto_mac.c.obj^[[K
build	Build ESP32-C6 firmware	2026-09-24T11:34:39.0258084Z [74/1416] Building C object esp-idf/mbedtls/mbedtls/library/CMakeFiles/mbedcrypto.dir/psa_crypto_rsa.c.obj^[[K
build	Build ESP32-C6 firmware	2026-09-24T11:34:39.0781522Z [75/1416] Building C object esp-idf/mbedtls/mbedtls/library/CMakeFiles/mbedcrypto.dir/ripemd160.c.obj^[[K
build	Build ESP32-C6 firmware	2026-09-24T11:34:39.1138844Z [76/1416] Building C object esp-idf/mbedtls/mbedtls/library/CMakeFiles/mbedcrypto.dir/psa_its_file.c.obj^[[K
build	Build ESP32-C6 firmware	2026-09-24T11:34:39.1272719Z [77/1416] Building C object esp-idf/mbedtls/mbedtls/library/CMakeFiles/mbedcrypto.dir/psa_crypto_storage.c.obj^[[K
build	Build ESP32-C6 firmware	2026-09-24T11:34:39.1411898Z [78/1416] Building C object esp-idf/mbedtls/mbedtls/library/CMakeFiles/mbedcrypto.dir/psa_util.c.obj^[[K
build	Build ESP32-C6 firmware	2026-09-24T11:34:39.2811493Z [79/1416] Building C object esp-idf/mbedtls/mbedtls/library/CMakeFiles/mbedcrypto.dir/psa_crypto_slot_management.c.obj^[[K
build	Build ESP32-C6 firmware	2026-09-24T11:34:39.2872805Z [80/1416] Building C object esp-idf/mbedtls/mbedtls/library/CMakeFiles/mbedcrypto.dir/sha1.c.obj^[[K
build	Build ESP32-C6 firmware	2026-09-24T11:34:39.3303342Z [81/1416] Building C object esp-idf/mbedtls/mbedtls/library/CMakeFiles/mbedcrypto.dir/rsa_alt_helpers.c.obj^[[K
build	Build ESP32-C6 firmware	2026-09-24T11:34:39.3343228Z [82/1416] Building C object esp-idf/mbedtls/mbedtls/library/CMakeFiles/mbedcrypto.dir/sha256.c.obj^[[K
build	Build ESP32-C6 firmware	2026-09-24T11:34:39.3836855Z [83/1416] Building C object esp-idf/mbedtls/mbedtls/library/CMakeFiles/mbedcrypto.dir/sha512.c.obj^[[K
build	Build ESP32-C6 firmware	2026-09-24T11:34:39.3943359Z [84/1416] Building C object esp-idf/mbedtls/mbedtls/library/CMakeFiles/mbedcrypto.dir/sha3.c.obj^[[K
build	Build ESP32-C6 firmware	2026-09-24T11:34:39.4032386Z [85/1416] Building C object esp-idf/mbedtls/mbedtls/library/CMakeFiles/mbedcrypto.dir/psa_crypto.c.obj^[[K
build	Build ESP32-C6 firmware	2026-09-24T11:34:39.4387257Z [86/1416] Building C object esp-idf/mbedtls/mbedtls/library/CMakeFiles/mbedcrypto.dir/threading.c.obj^[[K
build	Build ESP32-C6 firmware	2026-09-24T11:34:39.4462945Z [87/1416] Building C object esp-idf/mbedtls/mbedtls/library/CMakeFiles/mbedcrypto.dir/version.c.obj^[[K
build	Build ESP32-C6 firmware	2026-09-24T11:34:39.4929450Z [88/1416] Building C object esp-idf/mbedtls/mbedtls/library/CMakeFiles/mbedcrypto.dir/timing.c.obj^[[K
build	Build ESP32-C6 firmware	2026-09-24T11:34:39.5070570Z [89/1416] Building C object esp-idf/mbedtls/mbedtls/library/CMakeFiles/mbedcrypto.dir/rsa.c.obj^[[K
build	Build ESP32-C6 firmware	2026-09-24T11:34:39.5306914Z [90/1416] Building C object esp-idf/mbedtls/mbedtls/library/CMakeFiles/mbedcrypto.dir/version_features.c.obj^[[K
build	Build ESP32-C6 firmware	2026-09-24T11:34:39.5321156Z [91/1416] Building C object esp-idf/mbedtls/mbedtls/library/CMakeFiles/mbedcrypto.dir/opt/esp/idf/components/mbedtls/port/sha/dma/esp_sha_gdma_impl.c.obj^[[K
build	Build ESP32-C6 firmware	2026-09-24T11:34:39.5953154Z [92/1416] Building C object esp-idf/mbedtls/mbedtls/library/CMakeFiles/mbedcrypto.dir/opt/esp/idf/components/mbedtls/port/aes/dma/esp_aes_gdma_impl.c.obj^[[K
build	Build ESP32-C6 firmware	2026-09-24T11:34:39.6215307Z [93/1416] Building C object esp-idf/mbedtls/mbedtls/library/CMakeFiles/mbedcrypto.dir/opt/esp/idf/components/mbedtls/port/esp_mem.c.obj^[[K
build	Build ESP32-C6 firmware	2026-09-24T11:34:39.6266070Z [94/1416] Building C object esp-idf/mbedtls/mbedtls/library/CMakeFiles/mbedcrypto.dir/opt/esp/idf/components/mbedtls/port/esp_hardware.c.obj^[[K
build	Build ESP32-C6 firmware	2026-09-24T11:34:39.6626539Z [95/1416] Building C object esp-idf/mbedtls/mbedtls/library/CMakeFiles/mbedcrypto.dir/opt/esp/idf/components/mbedtls/port/crypto_shared_gdma/esp_crypto_shared_gdma.c.obj^[[K
build	Build ESP32-C6 firmware	2026-09-24T11:34:39.6786576Z [96/1416] Building C object esp-idf/mbedtls/mbedtls/library/CMakeFiles/mbedcrypto.dir/opt/esp/idf/components/mbedtls/port/esp_timing.c.obj^[[K
build	Build ESP32-C6 firmware	2026-09-24T11:34:39.6806785Z [97/1416] Building C object esp-idf/mbedtls/mbedtls/library/CMakeFiles/mbedcrypto.dir/opt/esp/idf/components/mbedtls/port/aes/esp_aes_xts.c.obj^[[K
build	Build ESP32-C6 firmware	2026-09-24T11:34:39.7272124Z [98/1416] Building C object esp-idf/mbedtls/mbedtls/library/CMakeFiles/mbedcrypto.dir/opt/esp/idf/components/mbedtls/port/aes/dma/esp_aes_dma_core.c.obj^[[K
build	Build ESP32-C6 firmware	2026-09-24T11:34:39.7573304Z [99/1416] Building C object esp-idf/mbedtls/mbedtls/library/CMakeFiles/mbedcrypto.dir/opt/esp/idf/components/mbedtls/port/sha/esp_sha.c.obj^[[K
build	Build ESP32-C6 firmware	2026-09-24T11:34:39.8329141Z [100/1416] Building C object esp-idf/mbedtls/mbedtls/library/CMakeFiles/mbedcrypto.dir/opt/esp/idf/components/mbedtls/port/aes/esp_aes_common.c.obj^[[K
build	Build ESP32-C6 firmware	2026-09-24T11:34:39.8673150Z [101/1416] Building C object esp-idf/mbedtls/mbedtls/library/CMakeFiles/mbedcrypto.dir/opt/esp/idf/components/mbedtls/port/aes/dma/esp_aes.c.obj^[[K
build	Build ESP32-C6 firmware	2026-09-24T11:34:39.8717897Z [102/1416] Building C object esp-idf/mbedtls/mbedtls/library/CMakeFiles/mbedcrypto.dir/opt/esp/idf/components/mbedtls/port/sha/dma/sha.c.obj^[[K
build	Build ESP32-C6 firmware	2026-09-24T11:34:39.9186983Z [103/1416] Building C object esp-idf/mbedtls/mbedtls/library/CMakeFiles/mbedcrypto.dir/opt/esp/idf/components/mbedtls/port/bignum/bignum_alt.c.obj^[[K
build	Build ESP32-C6 firmware	2026-09-24T11:34:39.9212299Z [104/1416] Building C object esp-idf/mbedtls/mbedtls/library/CMakeFiles/mbedcrypto.dir/opt/esp/idf/components/mbedtls/port/bignum/esp_bignum.c.obj^[[K
build	Build ESP32-C6 firmware	2026-09-24T11:34:39.9269901Z [105/1416] Building C object esp-idf/mbedtls/mbedtls/library/CMakeFiles/mbedcrypto.dir/opt/esp/idf/components/mbedtls/port/sha/dma/esp_sha1.c.obj^[[K
build	Build ESP32-C6 firmware	2026-09-24T11:34:39.9672854Z [106/1416] Building C object esp-idf/mbedtls/mbedtls/library/CMakeFiles/mbedcrypto.dir/opt/esp/idf/components/mbedtls/port/esp_ds/esp_rsa_sign_alt.c.obj^[[K
build	Build ESP32-C6 firmware	2026-09-24T11:34:39.9985263Z [107/1416] Building C object esp-idf/mbedtls/mbedtls/library/CMakeFiles/mbedcrypto.dir/opt/esp/idf/components/mbedtls/port/sha/dma/esp_sha512.c.obj^[[K
build	Build ESP32-C6 firmware	2026-09-24T11:34:40.0458335Z [108/1416] Building C object esp-idf/mbedtls/mbedtls/library/CMakeFiles/mbedcrypto.dir/opt/esp/idf/components/mbedtls/port/sha/dma/esp_sha256.c.obj^[[K
build	Build ESP32-C6 firmware	2026-09-24T11:34:40.0614886Z [109/1416] Building C object esp-idf/mbedtls/mbedtls/library/CMakeFiles/mbedcrypto.dir/opt/esp/idf/components/mbedtls/port/ecc/ecc_alt.c.obj^[[K
build	Build ESP32-C6 firmware	2026-09-24T11:34:40.0678027Z [110/1416] Building C object esp-idf/mbedtls/mbedtls/library/CMakeFiles/mbedcrypto.dir/opt/esp/idf/components/mbedtls/port/ecc/esp_ecc.c.obj^[[K
build	Build ESP32-C6 firmware	2026-09-24T11:34:40.1029002Z [111/1416] Building C object esp-idf/mbedtls/mbedtls/library/CMakeFiles/mbedcrypto.dir/opt/esp/idf/components/mbedtls/port/md/esp_md.c.obj^[[K
build	Build ESP32-C6 firmware	2026-09-24T11:34:40.2746278Z [112/1416] Building C object esp-idf/mbedtls/mbedtls/library/CMakeFiles/mbedcrypto.dir/opt/esp/idf/components/mbedtls/port/aes/esp_aes_gcm.c.obj^[[K
build	Build ESP32-C6 firmware	2026-09-24T11:34:40.3123894Z [113/1416] Building C object esp-idf/mbedtls/mbedtls/library/CMakeFiles/mbedx509.dir/pkcs7.c.obj^[[K
build	Build ESP32-C6 firmware	2026-09-24T11:34:40.3130334Z [114/1416] Building C object esp-idf/mbedtls/mbedtls/library/CMakeFiles/mbedx509.dir/x509.c.obj^[[K
build	Build ESP32-C6 firmware	2026-09-24T11:34:40.3149510Z [115/1416] Building C object esp-idf/mbedtls/mbedtls/library/CMakeFiles/mbedx509.dir/x509_csr.c.obj^[[K
build	Build ESP32-C6 firmware	2026-09-24T11:34:40.3214347Z [116/1416] Building C object esp-idf/mbedtls/mbedtls/library/CMakeFiles/mbedx509.dir/x509_create.c.obj^[[K
build	Build ESP32-C6 firmware	2026-09-24T11:34:40.4166248Z [117/1416] Building C object esp-idf/mbedtls/mbedtls/library/CMakeFiles/mbedx509.dir/x509_crl.c.obj^[[K
build	Build ESP32-C6 firmware	2026-09-24T11:34:40.4207565Z [118/1416] Building C object esp-idf/mbedtls/mbedtls/library/CMakeFiles/mbedtls.dir/debug.c.obj^[[K
build	Build ESP32-C6 firmware	2026-09-24T11:34:40.4877105Z [119/1416] Building C object esp-idf/mbedtls/mbedtls/library/CMakeFiles/mbedtls.dir/mps_reader.c.obj^[[K
build	Build ESP32-C6 firmware	2026-09-24T11:34:40.5275667Z [120/1416] Building C object esp-idf/mbedtls/mbedtls/library/CMakeFiles/mbedtls.dir/mps_trace.c.obj^[[K
build	Build ESP32-C6 firmware	2026-09-24T11:34:40.5544582Z [121/1416] Building C object esp-idf/mbedtls/mbedtls/library/CMakeFiles/mbedx509.dir/x509write.c.obj^[[K
build	Build ESP32-C6 firmware	2026-09-24T11:34:40.5961174Z [122/1416] Building C object esp-idf/mbedtls/mbedtls/library/CMakeFiles/mbedx509.dir/x509write_csr.c.obj^[[K
build	Build ESP32-C6 firmware	2026-09-24T11:34:40.6255532Z [123/1416] Building C object esp-idf/mbedtls/mbedtls/library/CMakeFiles/mbedx509.dir/x509write_crt.c.obj^[[K
build	Build ESP32-C6 firmware	2026-09-24T11:34:40.7014190Z [124/1416] Building C object esp-idf/mbedtls/mbedtls/library/CMakeFiles/mbedx509.dir/x509_crt.c.obj^[[K
build	Build ESP32-C6 firmware	2026-09-24T11:34:40.7059606Z [125/1416] Building C object esp-idf/mbedtls/mbedtls/library/CMakeFiles/mbedtls.dir/ssl_cache.c.obj^[[K
build	Build ESP32-C6 firmware	2026-09-24T11:34:40.7447379Z [126/1416] Building C object esp-idf/mbedtls/mbedtls/library/CMakeFiles/mbedtls.dir/ssl_debug_helpers_generated.c.obj^[[K
build	Build ESP32-C6 firmware	2026-09-24T11:34:40.7957134Z [127/1416] Building C object esp-idf/mbedtls/mbedtls/library/CMakeFiles/mbedtls.dir/ssl_ciphersuites.c.obj^[[K
build	Build ESP32-C6 firmware	2026-09-24T11:34:40.8717833Z [128/1416] Building C object esp-idf/mbedtls/mbedtls/library/CMakeFiles/mbedtls.dir/ssl_cookie.c.obj^[[K
build	Build ESP32-C6 firmware	2026-09-24T11:34:41.1117917Z [129/1416] Building C object esp-idf/mbedtls/mbedtls/library/CMakeFiles/mbedtls.dir/ssl_client.c.obj^[[K
build	Build ESP32-C6 firmware	2026-09-24T11:34:41.1168183Z [130/1416] Building C object esp-idf/mbedtls/mbedtls/library/CMakeFiles/mbedtls.dir/ssl_ticket.c.obj^[[K
build	Build ESP32-C6 firmware	2026-09-24T11:34:41.3215685Z [131/1416] Building C object esp-idf/mbedtls/mbedtls/library/CMakeFiles/mbedtls.dir/ssl_msg.c.obj^[[K
build	Build ESP32-C6 firmware	2026-09-24T11:34:41.3217637Z [132/1416] Building C object esp-idf/mbedtls/mbedtls/library/CMakeFiles/mbedtls.dir/ssl_tls12_server.c.obj^[[K
build	Build ESP32-C6 firmware	2026-09-24T11:34:41.3628800Z [133/1416] Building C object esp-idf/mbedtls/mbedtls/library/CMakeFiles/mbedtls.dir/ssl_tls12_client.c.obj^[[K
build	Build ESP32-C6 firmware	2026-09-24T11:34:41.4228847Z [134/1416] Building C object esp-idf/mbedtls/mbedtls/library/CMakeFiles/mbedtls.dir/ssl_tls13_keys.c.obj^[[K
build	Build ESP32-C6 firmware	2026-09-24T11:34:41.4232750Z [135/1416] Building C object esp-idf/mbedtls/mbedtls/library/CMakeFiles/mbedtls.dir/ssl_tls.c.obj^[[K
build	Build ESP32-C6 firmware	2026-09-24T11:34:41.4236149Z [136/1416] Building C object esp-idf/mbedtls/mbedtls/library/CMakeFiles/mbedtls.dir/ssl_tls13_client.c.obj^[[K
build	Build ESP32-C6 firmware	2026-09-24T11:34:41.4324179Z [137/1416] Building C object esp-idf/mbedtls/mbedtls/library/CMakeFiles/mbedtls.dir/ssl_tls13_server.c.obj^[[K
build	Build ESP32-C6 firmware	2026-09-24T11:34:41.4420858Z [138/1416] Creating directories for 'bootloader'^[[K
build	Build ESP32-C6 firmware	2026-09-24T11:34:41.4535567Z [139/1416] No download step for 'bootloader'^[[K
build	Build ESP32-C6 firmware	2026-09-24T11:34:41.4573595Z [140/1416] No update step for 'bootloader'^[[K
build	Build ESP32-C6 firmware	2026-09-24T11:34:41.5182482Z [141/1416] No patch step for 'bootloader'^[[K
build	Build ESP32-C6 firmware	2026-09-24T11:34:41.5968033Z [142/1416] Building C object esp-idf/mbedtls/mbedtls/library/CMakeFiles/mbedtls.dir/ssl_tls13_generic.c.obj^[[K
build	Build ESP32-C6 firmware	2026-09-24T11:34:41.6107074Z [143/1416] Building C object esp-idf/mbedtls/mbedtls/library/CMakeFiles/mbedtls.dir/opt/esp/idf/components/mbedtls/port/esp_platform_time.c.obj^[[K
build	Build ESP32-C6 firmware	2026-09-24T11:34:41.6113164Z [144/1416] Building C object esp-idf/mbedtls/mbedtls/library/CMakeFiles/mbedtls.dir/opt/esp/idf/components/mbedtls/port/mbedtls_debug.c.obj^[[K
build	Build ESP32-C6 firmware	2026-09-24T11:34:41.6207498Z [145/1416] Building C object esp-idf/esp_app_format/CMakeFiles/__idf_esp_app_format.dir/esp_app_desc.c.obj^[[K
build	Build ESP32-C6 firmware	2026-09-24T11:34:41.7121636Z [146/1416] Building C object esp-idf/esp_bootloader_format/CMakeFiles/__idf_esp_bootloader_format.dir/esp_bootloader_desc.c.obj^[[K
build	Build ESP32-C6 firmware	2026-09-24T11:34:41.7203057Z [147/1416] Building C object esp-idf/mbedtls/mbedtls/library/CMakeFiles/mbedtls.dir/opt/esp/idf/components/mbedtls/port/net_sockets.c.obj^[[K
build	Build ESP32-C6 firmware	2026-09-24T11:34:41.8074377Z [148/1416] Building C object esp-idf/app_update/CMakeFiles/__idf_app_update.dir/esp_ota_app_desc.c.obj^[[K
build	Build ESP32-C6 firmware	2026-09-24T11:34:41.8198790Z [149/1416] Building C object esp-idf/esp_partition/CMakeFiles/__idf_esp_partition.dir/partition_target.c.obj^[[K
build	Build ESP32-C6 firmware	2026-09-24T11:34:41.8389478Z [150/1416] Building C object esp-idf/esp_partition/CMakeFiles/__idf_esp_partition.dir/partition.c.obj^[[K
build	Build ESP32-C6 firmware	2026-09-24T11:34:41.8472645Z [151/1416] Building C object esp-idf/efuse/CMakeFiles/__idf_efuse.dir/esp32c6/esp_efuse_fields.c.obj^[[K
build	Build ESP32-C6 firmware	2026-09-24T11:34:41.8989157Z [152/1416] Building C object esp-idf/efuse/CMakeFiles/__idf_efuse.dir/esp32c6/esp_efuse_table.c.obj^[[K
build	Build ESP32-C6 firmware	2026-09-24T11:34:41.9426434Z [153/1416] Building C object esp-idf/app_update/CMakeFiles/__idf_app_update.dir/esp_ota_ops.c.obj^[[K
build	Build ESP32-C6 firmware	2026-09-24T11:34:41.9739003Z [154/1416] Building C object esp-idf/efuse/CMakeFiles/__idf_efuse.dir/esp32c6/esp_efuse_rtc_calib.c.obj^[[K
build	Build ESP32-C6 firmware	2026-09-24T11:34:42.0269615Z [155/1416] Building C object esp-idf/efuse/CMakeFiles/__idf_efuse.dir/esp32c6/esp_efuse_utility.c.obj^[[K
build	Build ESP32-C6 firmware	2026-09-24T11:34:42.0960405Z [156/1416] Building C object esp-idf/efuse/CMakeFiles/__idf_efuse.dir/src/esp_efuse_fields.c.obj^[[K
build	Build ESP32-C6 firmware	2026-09-24T11:34:42.0973597Z [157/1416] Building C object esp-idf/efuse/CMakeFiles/__idf_efuse.dir/src/esp_efuse_utility.c.obj^[[K
build	Build ESP32-C6 firmware	2026-09-24T11:34:42.1269934Z [158/1416] Building C object esp-idf/efuse/CMakeFiles/__idf_efuse.dir/src/esp_efuse_api.c.obj^[[K
build	Build ESP32-C6 firmware	2026-09-24T11:34:42.1583215Z [159/1416] Building C object esp-idf/efuse/CMakeFiles/__idf_efuse.dir/src/efuse_controller/keys/with_key_purposes/esp_efuse_api_key.c.obj^[[K
build	Build ESP32-C6 firmware	2026-09-24T11:34:42.2645098Z [160/1416] Building C object esp-idf/efuse/CMakeFiles/__idf_efuse.dir/src/esp_efuse_startup.c.obj^[[K
build	Build ESP32-C6 firmware	2026-09-24T11:34:42.2782504Z [161/1416] Building C object esp-idf/bootloader_support/CMakeFiles/__idf_bootloader_support.dir/src/bootloader_mem.c.obj^[[K
build	Build ESP32-C6 firmware	2026-09-24T11:34:42.2828348Z [162/1416] Building C object esp-idf/bootloader_support/CMakeFiles/__idf_bootloader_support.dir/src/bootloader_clock_init.c.obj^[[K
build	Build ESP32-C6 firmware	2026-09-24T11:34:42.2953149Z [163/1416] Building C object esp-idf/bootloader_support/CMakeFiles/__idf_bootloader_support.dir/src/bootloader_common_loader.c.obj^[[K
build	Build ESP32-C6 firmware	2026-09-24T11:34:42.3077952Z [164/1416] Building C object esp-idf/bootloader_support/CMakeFiles/__idf_bootloader_support.dir/src/bootloader_common.c.obj^[[K
build	Build ESP32-C6 firmware	2026-09-24T11:34:42.4000831Z [165/1416] Building C object esp-idf/bootloader_support/CMakeFiles/__idf_bootloader_support.dir/src/bootloader_random.c.obj^[[K
build	Build ESP32-C6 firmware	2026-09-24T11:34:42.4146395Z [166/1416] Building C object esp-idf/bootloader_support/CMakeFiles/__idf_bootloader_support.dir/src/bootloader_efuse.c.obj^[[K
build	Build ESP32-C6 firmware	2026-09-24T11:34:42.4187453Z [167/1416] Building C object esp-idf/bootloader_support/CMakeFiles/__idf_bootloader_support.dir/src/bootloader_random_esp32c6.c.obj^[[K
build	Build ESP32-C6 firmware	2026-09-24T11:34:42.4291823Z [168/1416] Building C object esp-idf/bootloader_support/CMakeFiles/__idf_bootloader_support.dir/src/secure_boot.c.obj^[[K
build	Build ESP32-C6 firmware	2026-09-24T11:34:42.5642004Z [169/1416] Building C object esp-idf/bootloader_support/CMakeFiles/__idf_bootloader_support.dir/src/flash_encrypt.c.obj^[[K
build	Build ESP32-C6 firmware	2026-09-24T11:34:42.5685993Z [170/1416] Building C object esp-idf/bootloader_support/CMakeFiles/__idf_bootloader_support.dir/bootloader_flash/src/bootloader_flash.c.obj^[[K
build	Build ESP32-C6 firmware	2026-09-24T11:34:42.5853708Z [171/1416] Building C object esp-idf/bootloader_support/CMakeFiles/__idf_bootloader_support.dir/src/flash_partitions.c.obj^[[K
build	Build ESP32-C6 firmware	2026-09-24T11:34:42.6153324Z [172/1416] Building C object esp-idf/bootloader_support/CMakeFiles/__idf_bootloader_support.dir/bootloader_flash/src/bootloader_flash_config_esp32c6.c.obj^[[K
build	Build ESP32-C6 firmware	2026-09-24T11:34:42.7370695Z [173/1416] Building C object esp-idf/bootloader_support/CMakeFiles/__idf_bootloader_support.dir/bootloader_flash/src/flash_qio_mode.c.obj^[[K
build	Build ESP32-C6 firmware	2026-09-24T11:34:42.7723409Z [174/1416] Building C object esp-idf/bootloader_support/CMakeFiles/__idf_bootloader_support.dir/src/esp32c6/secure_boot_secure_features.c.obj^[[K
build	Build ESP32-C6 firmware	2026-09-24T11:34:42.7746815Z [175/1416] Building C object esp-idf/bootloader_support/CMakeFiles/__idf_bootloader_support.dir/src/bootloader_utility.c.obj^[[K
build	Build ESP32-C6 firmware	2026-09-24T11:34:42.8357128Z [176/1416] Building C object esp-idf/bootloader_support/CMakeFiles/__idf_bootloader_support.dir/src/idf/bootloader_sha.c.obj^[[K
build	Build ESP32-C6 firmware	2026-09-24T11:34:42.8783256Z [177/1416] Building C object esp-idf/esp_mm/CMakeFiles/__idf_esp_mm.dir/port/esp32c6/ext_mem_layout.c.obj^[[K
build	Build ESP32-C6 firmware	2026-09-24T11:34:42.9147763Z [178/1416] Building C object esp-idf/bootloader_support/CMakeFiles/__idf_bootloader_support.dir/src/esp_image_format.c.obj^[[K
build	Build ESP32-C6 firmware	2026-09-24T11:34:42.9155229Z [179/1416] Building C object esp-idf/spi_flash/CMakeFiles/__idf_spi_flash.dir/flash_brownout_hook.c.obj^[[K
build	Build ESP32-C6 firmware	2026-09-24T11:34:42.9200697Z [180/1416] Building C object esp-idf/esp_mm/CMakeFiles/__idf_esp_mm.dir/esp_mmu_map.c.obj^[[K
build	Build ESP32-C6 firmware	2026-09-24T11:34:42.9786960Z [181/1416] Building C object esp-idf/esp_mm/CMakeFiles/__idf_esp_mm.dir/heap_align_hw.c.obj^[[K
build	Build ESP32-C6 firmware	2026-09-24T11:34:42.9788059Z [182/1416] Building C object esp-idf/esp_mm/CMakeFiles/__idf_esp_mm.dir/esp_cache.c.obj^[[K
build	Build ESP32-C6 firmware	2026-09-24T11:34:43.0330396Z [183/1416] Building C object esp-idf/spi_flash/CMakeFiles/__idf_spi_flash.dir/spi_flash_chip_drivers.c.obj^[[K
build	Build ESP32-C6 firmware	2026-09-24T11:34:43.0609646Z [184/1416] Building C object esp-idf/spi_flash/CMakeFiles/__idf_spi_flash.dir/spi_flash_chip_issi.c.obj^[[K
build	Build ESP32-C6 firmware	2026-09-24T11:34:43.1016477Z [185/1416] Building C object esp-idf/spi_flash/CMakeFiles/__idf_spi_flash.dir/spi_flash_chip_mxic.c.obj^[[K
build	Build ESP32-C6 firmware	2026-09-24T11:34:43.1351596Z [186/1416] Building C object esp-idf/spi_flash/CMakeFiles/__idf_spi_flash.dir/spi_flash_chip_gd.c.obj^[[K
build	Build ESP32-C6 firmware	2026-09-24T11:34:43.1742456Z [187/1416] Building C object esp-idf/spi_flash/CMakeFiles/__idf_spi_flash.dir/spi_flash_chip_boya.c.obj^[[K
build	Build ESP32-C6 firmware	2026-09-24T11:34:43.1855240Z [188/1416] Building C object esp-idf/spi_flash/CMakeFiles/__idf_spi_flash.dir/spi_flash_chip_winbond.c.obj^[[K
build	Build ESP32-C6 firmware	2026-09-24T11:34:43.2493543Z [189/1416] Building C object esp-idf/spi_flash/CMakeFiles/__idf_spi_flash.dir/spi_flash_chip_generic.c.obj^[[K
build	Build ESP32-C6 firmware	2026-09-24T11:34:43.2716842Z [190/1416] Building C object esp-idf/spi_flash/CMakeFiles/__idf_spi_flash.dir/spi_flash_chip_th.c.obj^[[K
build	Build ESP32-C6 firmware	2026-09-24T11:34:43.3701407Z [191/1416] Building C object esp-idf/spi_flash/CMakeFiles/__idf_spi_flash.dir/spi_flash_chip_mxic_opi.c.obj^[[K
build	Build ESP32-C6 firmware	2026-09-24T11:34:43.4102514Z [192/1416] Building C object esp-idf/spi_flash/CMakeFiles/__idf_spi_flash.dir/memspi_host_driver.c.obj^[[K
build	Build ESP32-C6 firmware	2026-09-24T11:34:43.4566574Z [193/1416] Building C object esp-idf/spi_flash/CMakeFiles/__idf_spi_flash.dir/cache_utils.c.obj^[[K
build	Build ESP32-C6 firmware	2026-09-24T11:34:43.4641564Z [194/1416] Building C object esp-idf/spi_flash/CMakeFiles/__idf_spi_flash.dir/flash_ops.c.obj^[[K
build	Build ESP32-C6 firmware	2026-09-24T11:34:43.4642289Z [195/1416] Building C object esp-idf/spi_flash/CMakeFiles/__idf_spi_flash.dir/spi_flash_wrap.c.obj^[[K
build	Build ESP32-C6 firmware	2026-09-24T11:34:43.5605271Z [196/1416] Building C object esp-idf/spi_flash/CMakeFiles/__idf_spi_flash.dir/flash_mmap.c.obj^[[K
build	Build ESP32-C6 firmware	2026-09-24T11:34:43.6152303Z [197/1416] Building C object esp-idf/spi_flash/CMakeFiles/__idf_spi_flash.dir/spi_flash_os_func_noos.c.obj^[[K
build	Build ESP32-C6 firmware	2026-09-24T11:34:43.6702881Z [198/1416] Building C object esp-idf/esp_system/CMakeFiles/__idf_esp_system.dir/esp_err.c.obj^[[K
build	Build ESP32-C6 firmware	2026-09-24T11:34:43.6745388Z [199/1416] Building C object esp-idf/spi_flash/CMakeFiles/__idf_spi_flash.dir/esp_flash_spi_init.c.obj^[[K
build	Build ESP32-C6 firmware	2026-09-24T11:34:43.7430344Z [200/1416] Building C object esp-idf/spi_flash/CMakeFiles/__idf_spi_flash.dir/spi_flash_os_func_app.c.obj^[[K
build	Build ESP32-C6 firmware	2026-09-24T11:34:43.7675060Z [201/1416] Building C object esp-idf/esp_system/CMakeFiles/__idf_esp_system.dir/crosscore_int.c.obj^[[K
build	Build ESP32-C6 firmware	2026-09-24T11:34:43.8200710Z [202/1416] Building C object esp-idf/spi_flash/CMakeFiles/__idf_spi_flash.dir/esp_flash_api.c.obj^[[K
build	Build ESP32-C6 firmware	2026-09-24T11:34:43.8378025Z [203/1416] Building C object esp-idf/esp_system/CMakeFiles/__idf_esp_system.dir/esp_ipc.c.obj^[[K
build	Build ESP32-C6 firmware	2026-09-24T11:34:43.8823441Z [204/1416] Building C object esp-idf/esp_system/CMakeFiles/__idf_esp_system.dir/int_wdt.c.obj^[[K
build	Build ESP32-C6 firmware	2026-09-24T11:34:43.9345105Z [205/1416] Building C object esp-idf/esp_system/CMakeFiles/__idf_esp_system.dir/freertos_hooks.c.obj^[[K
build	Build ESP32-C6 firmware	2026-09-24T11:34:43.9549506Z [206/1416] Building C object esp-idf/esp_system/CMakeFiles/__idf_esp_system.dir/startup.c.obj^[[K
build	Build ESP32-C6 firmware	2026-09-24T11:34:43.9736327Z [207/1416] Building C object esp-idf/esp_system/CMakeFiles/__idf_esp_system.dir/esp_system.c.obj^[[K
build	Build ESP32-C6 firmware	2026-09-24T11:34:44.0289672Z [208/1416] Building C object esp-idf/esp_system/CMakeFiles/__idf_esp_system.dir/panic.c.obj^[[K
build	Build ESP32-C6 firmware	2026-09-24T11:34:44.0390826Z [209/1416] Building C object esp-idf/esp_system/CMakeFiles/__idf_esp_system.dir/stack_check.c.obj^[[K
build	Build ESP32-C6 firmware	2026-09-24T11:34:44.1006106Z [210/1416] Building C object esp-idf/esp_system/CMakeFiles/__idf_esp_system.dir/system_time.c.obj^[[K
build	Build ESP32-C6 firmware	2026-09-24T11:34:44.1406798Z [211/1416] Building C object esp-idf/esp_system/CMakeFiles/__idf_esp_system.dir/ubsan.c.obj^[[K
build	Build ESP32-C6 firmware	2026-09-24T11:34:44.1612346Z [212/1416] Building C object esp-idf/esp_system/CMakeFiles/__idf_esp_system.dir/xt_wdt.c.obj^[[K
build	Build ESP32-C6 firmware	2026-09-24T11:34:44.2023803Z [213/1416] Building C object esp-idf/esp_system/CMakeFiles/__idf_esp_system.dir/startup_funcs.c.obj^[[K
build	Build ESP32-C6 firmware	2026-09-24T11:34:44.2634638Z [214/1416] Building C object esp-idf/esp_system/CMakeFiles/__idf_esp_system.dir/systick_etm.c.obj^[[K
build	Build ESP32-C6 firmware	2026-09-24T11:34:44.3243938Z [215/1416] Building C object esp-idf/esp_system/CMakeFiles/__idf_esp_system.dir/task_wdt/task_wdt_impl_timergroup.c.obj^[[K
build	Build ESP32-C6 firmware	2026-09-24T11:34:44.3676737Z [216/1416] Building C object esp-idf/esp_system/CMakeFiles/__idf_esp_system.dir/hw_stack_guard.c.obj^[[K
build	Build ESP32-C6 firmware	2026-09-24T11:34:44.3808091Z [217/1416] Building C object esp-idf/esp_system/CMakeFiles/__idf_esp_system.dir/task_wdt/task_wdt.c.obj^[[K
build	Build ESP32-C6 firmware	2026-09-24T11:34:44.4173793Z [218/1416] Building C object esp-idf/esp_system/CMakeFiles/__idf_esp_system.dir/port/esp_system_chip.c.obj^[[K
build	Build ESP32-C6 firmware	2026-09-24T11:34:44.4547827Z [219/1416] Building C object esp-idf/esp_system/CMakeFiles/__idf_esp_system.dir/port/panic_handler.c.obj^[[K
build	Build ESP32-C6 firmware	2026-09-24T11:34:44.5213564Z [220/1416] Building C object esp-idf/esp_system/CMakeFiles/__idf_esp_system.dir/port/cpu_start.c.obj^[[K
build	Build ESP32-C6 firmware	2026-09-24T11:34:44.5739496Z [221/1416] Building C object esp-idf/esp_system/CMakeFiles/__idf_esp_system.dir/port/image_process.c.obj^[[K
build	Build ESP32-C6 firmware	2026-09-24T11:34:44.5903188Z [222/1416] Building C object esp-idf/esp_system/CMakeFiles/__idf_esp_system.dir/port/arch/riscv/expression_with_stack.c.obj^[[K
build	Build ESP32-C6 firmware	2026-09-24T11:34:44.5908905Z [223/1416] Building C object esp-idf/esp_system/CMakeFiles/__idf_esp_system.dir/port/brownout.c.obj^[[K
build	Build ESP32-C6 firmware	2026-09-24T11:34:44.6170705Z [224/1416] Building C object esp-idf/esp_system/CMakeFiles/__idf_esp_system.dir/port/arch/riscv/debug_helpers.c.obj^[[K
build	Build ESP32-C6 firmware	2026-09-24T11:34:44.6889513Z [225/1416] Building C object esp-idf/esp_system/CMakeFiles/__idf_esp_system.dir/port/arch/riscv/panic_arch.c.obj^[[K
build	Build ESP32-C6 firmware	2026-09-24T11:34:44.7431363Z [226/1416] Building C object esp-idf/esp_system/CMakeFiles/__idf_esp_system.dir/port/arch/riscv/debug_stubs.c.obj^[[K
build	Build ESP32-C6 firmware	2026-09-24T11:34:44.7681078Z [227/1416] Building C object esp-idf/esp_system/CMakeFiles/__idf_esp_system.dir/port/soc/esp32c6/cache_err_int.c.obj^[[K
build	Build ESP32-C6 firmware	2026-09-24T11:34:44.8159991Z [228/1416] Building C object esp-idf/esp_system/CMakeFiles/__idf_esp_system.dir/port/soc/esp32c6/reset_reason.c.obj^[[K
build	Build ESP32-C6 firmware	2026-09-24T11:34:44.8304416Z [229/1416] Building C object esp-idf/esp_system/CMakeFiles/__idf_esp_system.dir/port/soc/esp32c6/system_internal.c.obj^[[K
build	Build ESP32-C6 firmware	2026-09-24T11:34:44.8717895Z [230/1416] Building C object esp-idf/esp_rom/CMakeFiles/__idf_esp_rom.dir/patches/esp_rom_sys.c.obj^[[K
build	Build ESP32-C6 firmware	2026-09-24T11:34:44.8804246Z [231/1416] Building C object esp-idf/esp_rom/CMakeFiles/__idf_esp_rom.dir/patches/esp_rom_crc.c.obj^[[K
build	Build ESP32-C6 firmware	2026-09-24T11:34:44.9408495Z [232/1416] Building C object esp-idf/esp_rom/CMakeFiles/__idf_esp_rom.dir/patches/esp_rom_print.c.obj^[[K
build	Build ESP32-C6 firmware	2026-09-24T11:34:44.9410462Z [233/1416] Performing configure step for 'bootloader'^[[K
build	Build ESP32-C6 firmware	2026-09-24T11:34:44.9411941Z -- Found Git: /usr/bin/git (found version "2.43.0")
build	Build ESP32-C6 firmware	2026-09-24T11:34:44.9413138Z -- The C compiler identification is GNU 14.2.0
build	Build ESP32-C6 firmware	2026-09-24T11:34:44.9415057Z -- The CXX compiler identification is GNU 14.2.0
build	Build ESP32-C6 firmware	2026-09-24T11:34:44.9417059Z -- The ASM compiler identification is GNU
build	Build ESP32-C6 firmware	2026-09-24T11:34:44.9419199Z -- Found assembler: /opt/esp/tools/riscv32-esp-elf/esp-14.2.0_20241119/riscv32-esp-elf/bin/riscv32-esp-elf-gcc
build	Build ESP32-C6 firmware	2026-09-24T11:34:44.9421165Z -- Detecting C compiler ABI info
build	Build ESP32-C6 firmware	2026-09-24T11:34:44.9423316Z -- Detecting C compiler ABI info - done
build	Build ESP32-C6 firmware	2026-09-24T11:34:44.9425623Z -- Check for working C compiler: /opt/esp/tools/riscv32-esp-elf/esp-14.2.0_20241119/riscv32-esp-elf/bin/riscv32-esp-elf-gcc - skipped
build	Build ESP32-C6 firmware	2026-09-24T11:34:44.9427403Z -- Detecting C compile features
build	Build ESP32-C6 firmware	2026-09-24T11:34:44.9429090Z -- Detecting C compile features - done
build	Build ESP32-C6 firmware	2026-09-24T11:34:44.9431482Z -- Detecting CXX compiler ABI info
build	Build ESP32-C6 firmware	2026-09-24T11:34:44.9433537Z -- Detecting CXX compiler ABI info - done
build	Build ESP32-C6 firmware	2026-09-24T11:34:44.9435648Z -- Check for working CXX compiler: /opt/esp/tools/riscv32-esp-elf/esp-14.2.0_20241119/riscv32-esp-elf/bin/riscv32-esp-elf-g++ - skipped
build	Build ESP32-C6 firmware	2026-09-24T11:34:44.9437276Z -- Detecting CXX compile features
build	Build ESP32-C6 firmware	2026-09-24T11:34:44.9438969Z -- Detecting CXX compile features - done
build	Build ESP32-C6 firmware	2026-09-24T11:34:44.9441190Z -- Building ESP-IDF components for target esp32c6
build	Build ESP32-C6 firmware	2026-09-24T11:34:44.9443098Z -- Project sdkconfig file /app/yuanwil1y/esp32c6-Pwnagotchi/sdkconfig
build	Build ESP32-C6 firmware	2026-09-24T11:34:44.9465780Z -- Adding linker script /opt/esp/idf/components/riscv/ld/rom.api.ld
build	Build ESP32-C6 firmware	2026-09-24T11:34:44.9466356Z -- Adding linker script /opt/esp/idf/components/soc/esp32c6/ld/esp32c6.peripherals.ld
build	Build ESP32-C6 firmware	2026-09-24T11:34:44.9466868Z -- Bootloader project name: "bootloader" version: 1
build	Build ESP32-C6 firmware	2026-09-24T11:34:44.9467231Z -- Adding linker script /opt/esp/idf/components/esp_rom/esp32c6/ld/esp32c6.rom.ld
build	Build ESP32-C6 firmware	2026-09-24T11:34:44.9467689Z -- Adding linker script /opt/esp/idf/components/esp_rom/esp32c6/ld/esp32c6.rom.api.ld
build	Build ESP32-C6 firmware	2026-09-24T11:34:44.9468119Z -- Adding linker script /opt/esp/idf/components/esp_rom/esp32c6/ld/esp32c6.rom.rvfp.ld
build	Build ESP32-C6 firmware	2026-09-24T11:34:44.9468533Z -- Adding linker script /opt/esp/idf/components/esp_rom/esp32c6/ld/esp32c6.rom.wdt.ld
build	Build ESP32-C6 firmware	2026-09-24T11:34:44.9468971Z -- Adding linker script /opt/esp/idf/components/esp_rom/esp32c6/ld/esp32c6.rom.systimer.ld
build	Build ESP32-C6 firmware	2026-09-24T11:34:44.9469416Z -- Adding linker script /opt/esp/idf/components/esp_rom/esp32c6/ld/esp32c6.rom.version.ld
build	Build ESP32-C6 firmware	2026-09-24T11:34:44.9469846Z -- Adding linker script /opt/esp/idf/components/esp_rom/esp32c6/ld/esp32c6.rom.newlib.ld
build	Build ESP32-C6 firmware	2026-09-24T11:34:44.9470448Z -- Adding linker script /opt/esp/idf/components/bootloader/subproject/main/ld/esp32c6/bootloader.ld
build	Build ESP32-C6 firmware	2026-09-24T11:34:44.9470986Z -- Adding linker script /opt/esp/idf/components/bootloader/subproject/main/ld/esp32c6/bootloader.rom.ld
build	Build ESP32-C6 firmware	2026-09-24T11:34:44.9472023Z -- Components: bootloader bootloader_support efuse esp_app_format esp_bootloader_format esp_common esp_hw_support esp_rom esp_security esp_system esptool_py freertos hal log main micro-ecc newlib partition_table riscv soc spi_flash
build	Build ESP32-C6 firmware	2026-09-24T11:34:44.9475054Z -- Component paths: /opt/esp/idf/components/bootloader /opt/esp/idf/components/bootloader_support /opt/esp/idf/components/efuse /opt/esp/idf/components/esp_app_format /opt/esp/idf/components/esp_bootloader_format /opt/esp/idf/components/esp_common /opt/esp/idf/components/esp_hw_support /opt/esp/idf/components/esp_rom /opt/esp/idf/components/esp_security /opt/esp/idf/components/esp_system /opt/esp/idf/components/esptool_py /opt/esp/idf/components/freertos /opt/esp/idf/components/hal /opt/esp/idf/components/log /opt/esp/idf/components/bootloader/subproject/main /opt/esp/idf/components/bootloader/subproject/components/micro-ecc /opt/esp/idf/components/newlib /opt/esp/idf/components/partition_table /opt/esp/idf/components/riscv /opt/esp/idf/components/soc /opt/esp/idf/components/spi_flash
build	Build ESP32-C6 firmware	2026-09-24T11:34:44.9477779Z -- Configuring done (3.4s)
build	Build ESP32-C6 firmware	2026-09-24T11:34:44.9477999Z -- Generating done (0.1s)
build	Build ESP32-C6 firmware	2026-09-24T11:34:44.9478982Z -- Build files have been written to: /app/yuanwil1y/esp32c6-Pwnagotchi/build/bootloader
build	Build ESP32-C6 firmware	2026-09-24T11:34:44.9864182Z 
build	Build ESP32-C6 firmware	2026-09-24T11:34:44.9918268Z [234/1416] Building C object esp-idf/esp_rom/CMakeFiles/__idf_esp_rom.dir/patches/esp_rom_uart.c.obj^[[K
build	Build ESP32-C6 firmware	2026-09-24T11:34:45.0108887Z [235/1416] Building C object esp-idf/esp_rom/CMakeFiles/__idf_esp_rom.dir/patches/esp_rom_efuse.c.obj^[[K
build	Build ESP32-C6 firmware	2026-09-24T11:34:45.1163517Z [236/1416] Building C object esp-idf/esp_rom/CMakeFiles/__idf_esp_rom.dir/patches/esp_rom_spiflash.c.obj^[[K
build	Build ESP32-C6 firmware	2026-09-24T11:34:45.1712952Z [237/1416] Building C object esp-idf/esp_rom/CMakeFiles/__idf_esp_rom.dir/patches/esp_rom_gpio.c.obj^[[K
build	Build ESP32-C6 firmware	2026-09-24T11:34:45.1724328Z [238/1416] Building C object esp-idf/esp_system/CMakeFiles/__idf_esp_system.dir/port/soc/esp32c6/clk.c.obj^[[K
build	Build ESP32-C6 firmware	2026-09-24T11:34:45.1772480Z [239/1416] Building C object esp-idf/esp_rom/CMakeFiles/__idf_esp_rom.dir/patches/esp_rom_tlsf.c.obj^[[K
build	Build ESP32-C6 firmware	2026-09-24T11:34:45.2290264Z [240/1416] Building C object esp-idf/esp_rom/CMakeFiles/__idf_esp_rom.dir/patches/esp_rom_hp_regi2c_esp32c6.c.obj^[[K
build	Build ESP32-C6 firmware	2026-09-24T11:34:45.3824351Z [241/1416] Building C object esp-idf/esp_rom/CMakeFiles/__idf_esp_rom.dir/patches/esp_rom_multi_heap.c.obj^[[K
build	Build ESP32-C6 firmware	2026-09-24T11:34:45.3837966Z [242/1416] Building C object esp-idf/esp_rom/CMakeFiles/__idf_esp_rom.dir/patches/esp_rom_systimer.c.obj^[[K
build	Build ESP32-C6 firmware	2026-09-24T11:34:45.4051639Z [243/1416] Building C object esp-idf/esp_common/CMakeFiles/__idf_esp_common.dir/src/esp_err_to_name.c.obj^[[K
build	Build ESP32-C6 firmware	2026-09-24T11:34:45.4243187Z [244/1416] Building C object esp-idf/hal/CMakeFiles/__idf_hal.dir/hal_utils.c.obj^[[K
build	Build ESP32-C6 firmware	2026-09-24T11:34:45.4409945Z [245/1416] Building C object esp-idf/hal/CMakeFiles/__idf_hal.dir/efuse_hal.c.obj^[[K
build	Build ESP32-C6 firmware	2026-09-24T11:34:45.5560881Z [246/1416] Building C object esp-idf/esp_rom/CMakeFiles/__idf_esp_rom.dir/patches/esp_rom_wdt.c.obj^[[K
build	Build ESP32-C6 firmware	2026-09-24T11:34:45.5836764Z [247/1416] Building C object esp-idf/hal/CMakeFiles/__idf_hal.dir/lp_timer_hal.c.obj^[[K
build	Build ESP32-C6 firmware	2026-09-24T11:34:45.6732252Z [248/1416] Building C object esp-idf/hal/CMakeFiles/__idf_hal.dir/color_hal.c.obj^[[K
build	Build ESP32-C6 firmware	2026-09-24T11:34:45.7491033Z [249/1416] Building C object esp-idf/hal/CMakeFiles/__idf_hal.dir/esp32c6/efuse_hal.c.obj^[[K
build	Build ESP32-C6 firmware	2026-09-24T11:34:45.7952523Z [250/1416] Building C object esp-idf/hal/CMakeFiles/__idf_hal.dir/cache_hal.c.obj^[[K
build	Build ESP32-C6 firmware	2026-09-24T11:34:45.8884244Z [251/1416] Building C object esp-idf/hal/CMakeFiles/__idf_hal.dir/mmu_hal.c.obj^[[K
build	Build ESP32-C6 firmware	2026-09-24T11:34:45.9369985Z [252/1416] Building C object esp-idf/hal/CMakeFiles/__idf_hal.dir/spi_flash_encrypt_hal_iram.c.obj^[[K
build	Build ESP32-C6 firmware	2026-09-24T11:34:46.0318860Z [253/1416] Building C object esp-idf/hal/CMakeFiles/__idf_hal.dir/spi_flash_hal.c.obj^[[K
build	Build ESP32-C6 firmware	2026-09-24T11:34:46.1261700Z [254/1416] Building C object esp-idf/hal/CMakeFiles/__idf_hal.dir/uart_hal.c.obj^[[K
build	Build ESP32-C6 firmware	2026-09-24T11:34:46.1554893Z [255/1416] Building C object esp-idf/hal/CMakeFiles/__idf_hal.dir/esp32c6/clk_tree_hal.c.obj^[[K
build	Build ESP32-C6 firmware	2026-09-24T11:34:46.1841043Z [256/1416] Building C object esp-idf/hal/CMakeFiles/__idf_hal.dir/spi_flash_hal_iram.c.obj^[[K
build	Build ESP32-C6 firmware	2026-09-24T11:34:46.2501071Z [257/1416] Building C object esp-idf/hal/CMakeFiles/__idf_hal.dir/uart_hal_iram.c.obj^[[K
build	Build ESP32-C6 firmware	2026-09-24T11:34:46.2965800Z [258/1416] Building C object esp-idf/hal/CMakeFiles/__idf_hal.dir/gpio_hal.c.obj^[[K
build	Build ESP32-C6 firmware	2026-09-24T11:34:46.3411741Z [259/1416] Building C object esp-idf/hal/CMakeFiles/__idf_hal.dir/rtc_io_hal.c.obj^[[K
build	Build ESP32-C6 firmware	2026-09-24T11:34:46.3795618Z [260/1416] Building C object esp-idf/hal/CMakeFiles/__idf_hal.dir/timer_hal.c.obj^[[K
build	Build ESP32-C6 firmware	2026-09-24T11:34:46.4079240Z [261/1416] Building C object esp-idf/hal/CMakeFiles/__idf_hal.dir/ledc_hal.c.obj^[[K
build	Build ESP32-C6 firmware	2026-09-24T11:34:46.5852965Z [262/1416] Building C object esp-idf/hal/CMakeFiles/__idf_hal.dir/ledc_hal_iram.c.obj^[[K
build	Build ESP32-C6 firmware	2026-09-24T11:34:46.5870861Z [263/1416] Building C object esp-idf/hal/CMakeFiles/__idf_hal.dir/pcnt_hal.c.obj^[[K
build	Build ESP32-C6 firmware	2026-09-24T11:34:46.6025081Z [264/1416] Building C object esp-idf/hal/CMakeFiles/__idf_hal.dir/i2c_hal.c.obj^[[K
build	Build ESP32-C6 firmware	2026-09-24T11:34:46.6168567Z [265/1416] Building C object esp-idf/hal/CMakeFiles/__idf_hal.dir/i2c_hal_iram.c.obj^[[K
build	Build ESP32-C6 firmware	2026-09-24T11:34:46.6231531Z [266/1416] Building C object esp-idf/hal/CMakeFiles/__idf_hal.dir/rmt_hal.c.obj^[[K
build	Build ESP32-C6 firmware	2026-09-24T11:34:46.7604731Z [267/1416] Building C object esp-idf/hal/CMakeFiles/__idf_hal.dir/mcpwm_hal.c.obj^[[K
build	Build ESP32-C6 firmware	2026-09-24T11:34:46.8014918Z [268/1416] Building C object esp-idf/hal/CMakeFiles/__idf_hal.dir/twai_hal_iram.c.obj^[[K
build	Build ESP32-C6 firmware	2026-09-24T11:34:46.8203290Z [269/1416] Building C object esp-idf/hal/CMakeFiles/__idf_hal.dir/gdma_hal_top.c.obj^[[K
build	Build ESP32-C6 firmware	2026-09-24T11:34:46.8679680Z [270/1416] Building C object esp-idf/hal/CMakeFiles/__idf_hal.dir/twai_hal.c.obj^[[K
build	Build ESP32-C6 firmware	2026-09-24T11:34:46.9321848Z [271/1416] Building C object esp-idf/hal/CMakeFiles/__idf_hal.dir/gdma_hal_ahb_v1.c.obj^[[K
build	Build ESP32-C6 firmware	2026-09-24T11:34:46.9381531Z [272/1416] Building C object esp-idf/hal/CMakeFiles/__idf_hal.dir/i2s_hal.c.obj^[[K
build	Build ESP32-C6 firmware	2026-09-24T11:34:47.0179435Z [273/1416] Building C object esp-idf/hal/CMakeFiles/__idf_hal.dir/sdm_hal.c.obj^[[K
build	Build ESP32-C6 firmware	2026-09-24T11:34:47.0847100Z [274/1416] Building C object esp-idf/hal/CMakeFiles/__idf_hal.dir/etm_hal.c.obj^[[K
build	Build ESP32-C6 firmware	2026-09-24T11:34:47.1498786Z [275/1416] Building C object esp-idf/hal/CMakeFiles/__idf_hal.dir/parlio_hal.c.obj^[[K
build	Build ESP32-C6 firmware	2026-09-24T11:34:47.2456661Z [276/1416] Building C object esp-idf/hal/CMakeFiles/__idf_hal.dir/adc_hal_common.c.obj^[[K
build	Build ESP32-C6 firmware	2026-09-24T11:34:47.2469517Z [277/1416] Building C object esp-idf/hal/CMakeFiles/__idf_hal.dir/adc_hal.c.obj^[[K
build	Build ESP32-C6 firmware	2026-09-24T11:34:47.3003758Z [278/1416] Building C object esp-idf/hal/CMakeFiles/__idf_hal.dir/adc_oneshot_hal.c.obj^[[K
build	Build ESP32-C6 firmware	2026-09-24T11:34:47.3454213Z [279/1416] Building C object esp-idf/hal/CMakeFiles/__idf_hal.dir/sha_hal.c.obj^[[K
build	Build ESP32-C6 firmware	2026-09-24T11:34:47.3915416Z [280/1416] Building C object esp-idf/hal/CMakeFiles/__idf_hal.dir/ecc_hal.c.obj^[[K
build	Build ESP32-C6 firmware	2026-09-24T11:34:47.4920335Z [281/1416] Building C object esp-idf/hal/CMakeFiles/__idf_hal.dir/mpi_hal.c.obj^[[K
build	Build ESP32-C6 firmware	2026-09-24T11:34:47.5340868Z [282/1416] Building C object esp-idf/hal/CMakeFiles/__idf_hal.dir/brownout_hal.c.obj^[[K
build	Build ESP32-C6 firmware	2026-09-24T11:34:47.5419462Z [283/1416] Building C object esp-idf/hal/CMakeFiles/__idf_hal.dir/esp32c6/modem_clock_hal.c.obj^[[K
build	Build ESP32-C6 firmware	2026-09-24T11:34:47.5689830Z [284/1416] Building C object esp-idf/hal/CMakeFiles/__idf_hal.dir/aes_hal.c.obj^[[K
build	Build ESP32-C6 firmware	2026-09-24T11:34:47.7891193Z [285/1416] Building C object esp-idf/hal/CMakeFiles/__idf_hal.dir/esp32c6/pau_hal.c.obj^[[K
build	Build ESP32-C6 firmware	2026-09-24T11:34:47.8123919Z [286/1416] Building C object esp-idf/hal/CMakeFiles/__idf_hal.dir/spi_hal.c.obj^[[K
build	Build ESP32-C6 firmware	2026-09-24T11:34:47.9144378Z [287/1416] Building C object esp-idf/hal/CMakeFiles/__idf_hal.dir/spi_slave_hal.c.obj^[[K
build	Build ESP32-C6 firmware	2026-09-24T11:34:47.9728037Z [288/1416] Building C object esp-idf/hal/CMakeFiles/__idf_hal.dir/spi_slave_hal_iram.c.obj^[[K
build	Build ESP32-C6 firmware	2026-09-24T11:34:48.0105117Z [289/1416] Building C object esp-idf/hal/CMakeFiles/__idf_hal.dir/spi_hal_iram.c.obj^[[K
build	Build ESP32-C6 firmware	2026-09-24T11:34:48.0244183Z [290/1416] Building C object esp-idf/hal/CMakeFiles/__idf_hal.dir/spi_slave_hd_hal.c.obj^[[K
build	Build ESP32-C6 firmware	2026-09-24T11:34:48.0314236Z [291/1416] Building C object esp-idf/hal/CMakeFiles/__idf_hal.dir/spi_flash_hal_gpspi.c.obj^[[K
build	Build ESP32-C6 firmware	2026-09-24T11:34:48.1226158Z [292/1416] Building C object esp-idf/hal/CMakeFiles/__idf_hal.dir/esp32c6/pmu_hal.c.obj^[[K
build	Build ESP32-C6 firmware	2026-09-24T11:34:48.1338894Z [293/1416] Building C object esp-idf/hal/CMakeFiles/__idf_hal.dir/sdio_slave_hal.c.obj^[[K
build	Build ESP32-C6 firmware	2026-09-24T11:34:48.1354441Z [294/1416] Building C object esp-idf/hal/CMakeFiles/__idf_hal.dir/apm_hal.c.obj^[[K
build	Build ESP32-C6 firmware	2026-09-24T11:34:48.1722555Z [295/1416] Building C object esp-idf/hal/CMakeFiles/__idf_hal.dir/usb_serial_jtag_hal.c.obj^[[K
build	Build ESP32-C6 firmware	2026-09-24T11:34:48.1898735Z [296/1416] Building C object esp-idf/hal/CMakeFiles/__idf_hal.dir/ds_hal.c.obj^[[K
build	Build ESP32-C6 firmware	2026-09-24T11:34:48.2419843Z [297/1416] Building C object esp-idf/hal/CMakeFiles/__idf_hal.dir/hmac_hal.c.obj^[[K
build	Build ESP32-C6 firmware	2026-09-24T11:34:48.2467412Z [298/1416] Building C object esp-idf/log/CMakeFiles/__idf_log.dir/src/os/log_timestamp.c.obj^[[K
build	Build ESP32-C6 firmware	2026-09-24T11:34:48.2597470Z [299/1416] Building C object esp-idf/log/CMakeFiles/__idf_log.dir/src/os/log_lock.c.obj^[[K
build	Build ESP32-C6 firmware	2026-09-24T11:34:48.2966083Z [300/1416] Building C object esp-idf/log/CMakeFiles/__idf_log.dir/src/log_timestamp_common.c.obj^[[K
build	Build ESP32-C6 firmware	2026-09-24T11:34:48.3076252Z [301/1416] Building C object esp-idf/log/CMakeFiles/__idf_log.dir/src/util.c.obj^[[K
build	Build ESP32-C6 firmware	2026-09-24T11:34:48.3091134Z [302/1416] Building C object esp-idf/log/CMakeFiles/__idf_log.dir/src/os/log_write.c.obj^[[K
build	Build ESP32-C6 firmware	2026-09-24T11:34:48.3234321Z [303/1416] Building C object esp-idf/log/CMakeFiles/__idf_log.dir/src/buffer/log_buffers.c.obj^[[K
build	Build ESP32-C6 firmware	2026-09-24T11:34:48.3762240Z [304/1416] Building C object esp-idf/log/CMakeFiles/__idf_log.dir/src/log_level/log_level.c.obj^[[K
build	Build ESP32-C6 firmware	2026-09-24T11:34:48.4060474Z [305/1416] Building C object esp-idf/log/CMakeFiles/__idf_log.dir/src/log_level/tag_log_level/tag_log_level.c.obj^[[K
build	Build ESP32-C6 firmware	2026-09-24T11:34:48.4061426Z [306/1416] Performing build step for 'bootloader'^[[K
build	Build ESP32-C6 firmware	2026-09-24T11:34:48.4062827Z [1/114] Generating project_elf_src_esp32c6.c^[[K
build	Build ESP32-C6 firmware	2026-09-24T11:34:48.4064179Z [2/114] Building C object CMakeFiles/bootloader.elf.dir/project_elf_src_esp32c6.c.obj^[[K
build	Build ESP32-C6 firmware	2026-09-24T11:34:48.4065579Z [3/114] Building C object esp-idf/soc/CMakeFiles/__idf_soc.dir/esp32c6/interrupts.c.obj^[[K
build	Build ESP32-C6 firmware	2026-09-24T11:34:48.4066729Z [4/114] Building C object esp-idf/soc/CMakeFiles/__idf_soc.dir/esp32c6/adc_periph.c.obj^[[K
build	Build ESP32-C6 firmware	2026-09-24T11:34:48.4067935Z [5/114] Building C object esp-idf/soc/CMakeFiles/__idf_soc.dir/lldesc.c.obj^[[K
build	Build ESP32-C6 firmware	2026-09-24T11:34:48.4069415Z [6/114] Building C object esp-idf/soc/CMakeFiles/__idf_soc.dir/esp32c6/uart_periph.c.obj^[[K
build	Build ESP32-C6 firmware	2026-09-24T11:34:48.4070870Z [7/114] Building C object esp-idf/soc/CMakeFiles/__idf_soc.dir/esp32c6/gpio_periph.c.obj^[[K
build	Build ESP32-C6 firmware	2026-09-24T11:34:48.4072642Z [8/114] Building C object esp-idf/soc/CMakeFiles/__idf_soc.dir/esp32c6/dedic_gpio_periph.c.obj^[[K
build	Build ESP32-C6 firmware	2026-09-24T11:34:48.4073443Z [9/114] Building C object esp-idf/soc/CMakeFiles/__idf_soc.dir/dport_access_common.c.obj^[[K
build	Build ESP32-C6 firmware	2026-09-24T11:34:48.4074332Z [10/114] Building C object esp-idf/soc/CMakeFiles/__idf_soc.dir/esp32c6/etm_periph.c.obj^[[K
build	Build ESP32-C6 firmware	2026-09-24T11:34:48.4074986Z [11/114] Building C object esp-idf/soc/CMakeFiles/__idf_soc.dir/esp32c6/pcnt_periph.c.obj^[[K
build	Build ESP32-C6 firmware	2026-09-24T11:34:48.4075581Z [12/114] Building C object esp-idf/soc/CMakeFiles/__idf_soc.dir/esp32c6/gdma_periph.c.obj^[[K
build	Build ESP32-C6 firmware	2026-09-24T11:34:48.4076164Z [13/114] Building C object esp-idf/soc/CMakeFiles/__idf_soc.dir/esp32c6/spi_periph.c.obj^[[K
build	Build ESP32-C6 firmware	2026-09-24T11:34:48.4077063Z [14/114] Building C object esp-idf/soc/CMakeFiles/__idf_soc.dir/esp32c6/rmt_periph.c.obj^[[K
build	Build ESP32-C6 firmware	2026-09-24T11:34:48.4078066Z [15/114] Building C object esp-idf/soc/CMakeFiles/__idf_soc.dir/esp32c6/ledc_periph.c.obj^[[K
build	Build ESP32-C6 firmware	2026-09-24T11:34:48.4079052Z [16/114] Building C object esp-idf/soc/CMakeFiles/__idf_soc.dir/esp32c6/sdm_periph.c.obj^[[K
build	Build ESP32-C6 firmware	2026-09-24T11:34:48.4079935Z [17/114] Building C object esp-idf/soc/CMakeFiles/__idf_soc.dir/esp32c6/i2s_periph.c.obj^[[K
build	Build ESP32-C6 firmware	2026-09-24T11:34:48.4081487Z [18/114] Building C object esp-idf/soc/CMakeFiles/__idf_soc.dir/esp32c6/i2c_periph.c.obj^[[K
build	Build ESP32-C6 firmware	2026-09-24T11:34:48.4082744Z [19/114] Building C object esp-idf/soc/CMakeFiles/__idf_soc.dir/esp32c6/parlio_periph.c.obj^[[K
build	Build ESP32-C6 firmware	2026-09-24T11:34:48.4084075Z [20/114] Building C object esp-idf/soc/CMakeFiles/__idf_soc.dir/esp32c6/mpi_periph.c.obj^[[K
build	Build ESP32-C6 firmware	2026-09-24T11:34:48.4085259Z [21/114] Building C object esp-idf/soc/CMakeFiles/__idf_soc.dir/esp32c6/mcpwm_periph.c.obj^[[K
build	Build ESP32-C6 firmware	2026-09-24T11:34:48.4086513Z [22/114] Building C object esp-idf/soc/CMakeFiles/__idf_soc.dir/esp32c6/temperature_sensor_periph.c.obj^[[K
build	Build ESP32-C6 firmware	2026-09-24T11:34:48.4087841Z [23/114] Building C object esp-idf/soc/CMakeFiles/__idf_soc.dir/esp32c6/timer_periph.c.obj^[[K
build	Build ESP32-C6 firmware	2026-09-24T11:34:48.4089740Z [24/114] Building C object esp-idf/soc/CMakeFiles/__idf_soc.dir/esp32c6/wdt_periph.c.obj^[[K
build	Build ESP32-C6 firmware	2026-09-24T11:34:48.4091191Z [25/114] Building C object esp-idf/soc/CMakeFiles/__idf_soc.dir/esp32c6/ieee802154_periph.c.obj^[[K
build	Build ESP32-C6 firmware	2026-09-24T11:34:48.4092125Z [26/114] Building C object esp-idf/soc/CMakeFiles/__idf_soc.dir/esp32c6/twai_periph.c.obj^[[K
build	Build ESP32-C6 firmware	2026-09-24T11:34:48.4092897Z [27/114] Building C object esp-idf/soc/CMakeFiles/__idf_soc.dir/esp32c6/system_retention_periph.c.obj^[[K
build	Build ESP32-C6 firmware	2026-09-24T11:34:48.4093655Z [28/114] Building C object esp-idf/soc/CMakeFiles/__idf_soc.dir/esp32c6/rtc_io_periph.c.obj^[[K
build	Build ESP32-C6 firmware	2026-09-24T11:34:48.4094419Z [29/114] Building C object esp-idf/soc/CMakeFiles/__idf_soc.dir/esp32c6/sdio_slave_periph.c.obj^[[K
build	Build ESP32-C6 firmware	2026-09-24T11:34:48.4095260Z [30/114] Building C object esp-idf/hal/CMakeFiles/__idf_hal.dir/esp32c6/efuse_hal.c.obj^[[K
build	Build ESP32-C6 firmware	2026-09-24T11:34:48.4096104Z [31/114] Building C object esp-idf/hal/CMakeFiles/__idf_hal.dir/lp_timer_hal.c.obj^[[K
build	Build ESP32-C6 firmware	2026-09-24T11:34:48.4096659Z [32/114] Building C object esp-idf/hal/CMakeFiles/__idf_hal.dir/efuse_hal.c.obj^[[K
build	Build ESP32-C6 firmware	2026-09-24T11:34:48.4097167Z [33/114] Building C object esp-idf/hal/CMakeFiles/__idf_hal.dir/hal_utils.c.obj^[[K
build	Build ESP32-C6 firmware	2026-09-24T11:34:48.4097668Z [34/114] Building C object esp-idf/hal/CMakeFiles/__idf_hal.dir/mmu_hal.c.obj^[[K
build	Build ESP32-C6 firmware	2026-09-24T11:34:48.4098344Z [35/114] Building C object esp-idf/esp_bootloader_format/CMakeFiles/__idf_esp_bootloader_format.dir/esp_bootloader_desc.c.obj^[[K
build	Build ESP32-C6 firmware	2026-09-24T11:34:48.4099063Z [36/114] Building C object esp-idf/spi_flash/CMakeFiles/__idf_spi_flash.dir/spi_flash_wrap.c.obj^[[K
build	Build ESP32-C6 firmware	2026-09-24T11:34:48.4099751Z [37/114] Building C object esp-idf/hal/CMakeFiles/__idf_hal.dir/cache_hal.c.obj^[[K
build	Build ESP32-C6 firmware	2026-09-24T11:34:48.4100971Z [38/114] Building C object esp-idf/bootloader_support/CMakeFiles/__idf_bootloader_support.dir/src/bootloader_clock_init.c.obj^[[K
build	Build ESP32-C6 firmware	2026-09-24T11:34:48.4101869Z [39/114] Building C object esp-idf/bootloader_support/CMakeFiles/__idf_bootloader_support.dir/src/bootloader_mem.c.obj^[[K
build	Build ESP32-C6 firmware	2026-09-24T11:34:48.4102861Z [40/114] Building C object esp-idf/bootloader_support/CMakeFiles/__idf_bootloader_support.dir/src/bootloader_efuse.c.obj^[[K
build	Build ESP32-C6 firmware	2026-09-24T11:34:48.4103881Z [41/114] Building C object esp-idf/bootloader_support/CMakeFiles/__idf_bootloader_support.dir/src/bootloader_common.c.obj^[[K
build	Build ESP32-C6 firmware	2026-09-24T11:34:48.4105008Z [42/114] Building C object esp-idf/bootloader_support/CMakeFiles/__idf_bootloader_support.dir/src/bootloader_common_loader.c.obj^[[K
build	Build ESP32-C6 firmware	2026-09-24T11:34:48.4106790Z [43/114] Building C object esp-idf/bootloader_support/CMakeFiles/__idf_bootloader_support.dir/src/bootloader_random.c.obj^[[K
build	Build ESP32-C6 firmware	2026-09-24T11:34:48.4107922Z [44/114] Building C object esp-idf/bootloader_support/CMakeFiles/__idf_bootloader_support.dir/src/secure_boot.c.obj^[[K
build	Build ESP32-C6 firmware	2026-09-24T11:34:48.4109292Z [45/114] Building C object esp-idf/bootloader_support/CMakeFiles/__idf_bootloader_support.dir/src/bootloader_random_esp32c6.c.obj^[[K
build	Build ESP32-C6 firmware	2026-09-24T11:34:48.4110087Z [46/114] Building C object esp-idf/bootloader_support/CMakeFiles/__idf_bootloader_support.dir/src/flash_encrypt.c.obj^[[K
build	Build ESP32-C6 firmware	2026-09-24T11:34:48.4111006Z [47/114] Building C object esp-idf/bootloader_support/CMakeFiles/__idf_bootloader_support.dir/bootloader_flash/src/flash_qio_mode.c.obj^[[K
build	Build ESP32-C6 firmware	2026-09-24T11:34:48.4111851Z [48/114] Building C object esp-idf/bootloader_support/CMakeFiles/__idf_bootloader_support.dir/src/flash_partitions.c.obj^[[K
build	Build ESP32-C6 firmware	2026-09-24T11:34:48.4112757Z [49/114] Building C object esp-idf/bootloader_support/CMakeFiles/__idf_bootloader_support.dir/bootloader_flash/src/bootloader_flash_config_esp32c6.c.obj^[[K
build	Build ESP32-C6 firmware	2026-09-24T11:34:48.4113583Z [50/114] Building C object esp-idf/micro-ecc/CMakeFiles/__idf_micro-ecc.dir/uECC_verify_antifault.c.obj^[[K
build	Build ESP32-C6 firmware	2026-09-24T11:34:48.4114338Z [51/114] Building C object esp-idf/bootloader_support/CMakeFiles/__idf_bootloader_support.dir/src/bootloader_clock_loader.c.obj^[[K
build	Build ESP32-C6 firmware	2026-09-24T11:34:48.4115212Z [52/114] Building C object esp-idf/bootloader_support/CMakeFiles/__idf_bootloader_support.dir/bootloader_flash/src/bootloader_flash.c.obj^[[K
build	Build ESP32-C6 firmware	2026-09-24T11:34:48.4116050Z [53/114] Building C object esp-idf/bootloader_support/CMakeFiles/__idf_bootloader_support.dir/src/bootloader_init.c.obj^[[K
build	Build ESP32-C6 firmware	2026-09-24T11:34:48.4116830Z [54/114] Building C object esp-idf/bootloader_support/CMakeFiles/__idf_bootloader_support.dir/src/esp_image_format.c.obj^[[K
build	Build ESP32-C6 firmware	2026-09-24T11:34:48.4117827Z [55/114] Building C object esp-idf/bootloader_support/CMakeFiles/__idf_bootloader_support.dir/src/esp32c6/bootloader_sha.c.obj^[[K
build	Build ESP32-C6 firmware	2026-09-24T11:34:48.4118661Z [56/114] Building C object esp-idf/bootloader_support/CMakeFiles/__idf_bootloader_support.dir/src/bootloader_console_loader.c.obj^[[K
build	Build ESP32-C6 firmware	2026-09-24T11:34:48.4119655Z [57/114] Building C object esp-idf/bootloader_support/CMakeFiles/__idf_bootloader_support.dir/src/bootloader_console.c.obj^[[K
build	Build ESP32-C6 firmware	2026-09-24T11:34:48.4120561Z [58/114] Building C object esp-idf/bootloader_support/CMakeFiles/__idf_bootloader_support.dir/src/esp32c6/bootloader_soc.c.obj^[[K
build	Build ESP32-C6 firmware	2026-09-24T11:34:48.4121623Z [59/114] Building C object esp-idf/bootloader_support/CMakeFiles/__idf_bootloader_support.dir/src/bootloader_utility.c.obj^[[K
build	Build ESP32-C6 firmware	2026-09-24T11:34:48.4122779Z [60/114] Building C object esp-idf/bootloader_support/CMakeFiles/__idf_bootloader_support.dir/src/esp32c6/bootloader_ecdsa.c.obj^[[K
build	Build ESP32-C6 firmware	2026-09-24T11:34:48.4123573Z [61/114] Building C object esp-idf/efuse/CMakeFiles/__idf_efuse.dir/esp32c6/esp_efuse_table.c.obj^[[K
build	Build ESP32-C6 firmware	2026-09-24T11:34:48.4124600Z [62/114] Building C object esp-idf/bootloader_support/CMakeFiles/__idf_bootloader_support.dir/src/bootloader_panic.c.obj^[[K
build	Build ESP32-C6 firmware	2026-09-24T11:34:48.4125721Z [63/114] Building C object esp-idf/efuse/CMakeFiles/__idf_efuse.dir/esp32c6/esp_efuse_fields.c.obj^[[K
build	Build ESP32-C6 firmware	2026-09-24T11:34:48.4126761Z [64/114] Building C object esp-idf/efuse/CMakeFiles/__idf_efuse.dir/esp32c6/esp_efuse_rtc_calib.c.obj^[[K
build	Build ESP32-C6 firmware	2026-09-24T11:34:48.4128056Z [65/114] Building C object esp-idf/efuse/CMakeFiles/__idf_efuse.dir/src/esp_efuse_fields.c.obj^[[K
build	Build ESP32-C6 firmware	2026-09-24T11:34:48.4128794Z [66/114] Building C object esp-idf/bootloader_support/CMakeFiles/__idf_bootloader_support.dir/src/esp32c6/bootloader_esp32c6.c.obj^[[K
build	Build ESP32-C6 firmware	2026-09-24T11:34:48.4129494Z [67/114] Building C object esp-idf/esp_system/CMakeFiles/__idf_esp_system.dir/esp_err.c.obj^[[K
build	Build ESP32-C6 firmware	2026-09-24T11:34:48.4130114Z [68/114] Building C object esp-idf/efuse/CMakeFiles/__idf_efuse.dir/esp32c6/esp_efuse_utility.c.obj^[[K
build	Build ESP32-C6 firmware	2026-09-24T11:34:48.4131097Z [69/114] Building C object esp-idf/efuse/CMakeFiles/__idf_efuse.dir/src/efuse_controller/keys/with_key_purposes/esp_efuse_api_key.c.obj^[[K
build	Build ESP32-C6 firmware	2026-09-24T11:34:48.4131871Z [70/114] Building C object esp-idf/esp_hw_support/CMakeFiles/__idf_esp_hw_support.dir/esp_memory_utils.c.obj^[[K
build	Build ESP32-C6 firmware	2026-09-24T11:34:48.4132517Z [71/114] Building C object esp-idf/efuse/CMakeFiles/__idf_efuse.dir/src/esp_efuse_api.c.obj^[[K
build	Build ESP32-C6 firmware	2026-09-24T11:34:48.4133193Z [72/114] Building C object esp-idf/esp_hw_support/CMakeFiles/__idf_esp_hw_support.dir/port/esp32c6/esp_cpu_intr.c.obj^[[K
build	Build ESP32-C6 firmware	2026-09-24T11:34:48.4134103Z [73/114] Building C object esp-idf/esp_hw_support/CMakeFiles/__idf_esp_hw_support.dir/port/esp32c6/cpu_region_protect.c.obj^[[K
build	Build ESP32-C6 firmware	2026-09-24T11:34:48.4134993Z [74/114] Building C object esp-idf/esp_hw_support/CMakeFiles/__idf_esp_hw_support.dir/cpu.c.obj^[[K
build	Build ESP32-C6 firmware	2026-09-24T11:34:48.4135891Z [75/114] Building C object esp-idf/efuse/CMakeFiles/__idf_efuse.dir/src/esp_efuse_utility.c.obj^[[K
build	Build ESP32-C6 firmware	2026-09-24T11:34:48.4136856Z [76/114] Building C object esp-idf/esp_hw_support/CMakeFiles/__idf_esp_hw_support.dir/port/esp32c6/pmu_param.c.obj^[[K
build	Build ESP32-C6 firmware	2026-09-24T11:34:48.4137884Z [77/114] Building C object esp-idf/esp_hw_support/CMakeFiles/__idf_esp_hw_support.dir/port/esp32c6/pmu_init.c.obj^[[K
build	Build ESP32-C6 firmware	2026-09-24T11:34:48.4139508Z [78/114] Building C object esp-idf/esp_hw_support/CMakeFiles/__idf_esp_hw_support.dir/port/esp32c6/rtc_time.c.obj^[[K
build	Build ESP32-C6 firmware	2026-09-24T11:34:48.4141709Z [79/114] Building C object esp-idf/esp_hw_support/CMakeFiles/__idf_esp_hw_support.dir/port/esp32c6/chip_info.c.obj^[[K
build	Build ESP32-C6 firmware	2026-09-24T11:34:48.4143217Z [80/114] Building C object esp-idf/esp_hw_support/CMakeFiles/__idf_esp_hw_support.dir/port/esp32c6/rtc_clk_init.c.obj^[[K
build	Build ESP32-C6 firmware	2026-09-24T11:34:48.4144459Z [81/114] Building C object esp-idf/esp_hw_support/CMakeFiles/__idf_esp_hw_support.dir/port/esp32c6/ocode_init.c.obj^[[K
build	Build ESP32-C6 firmware	2026-09-24T11:34:48.4145685Z [82/114] Building C object esp-idf/esp_rom/CMakeFiles/__idf_esp_rom.dir/patches/esp_rom_sys.c.obj^[[K
build	Build ESP32-C6 firmware	2026-09-24T11:34:48.4147058Z [83/114] Building C object esp-idf/esp_common/CMakeFiles/__idf_esp_common.dir/src/esp_err_to_name.c.obj^[[K
build	Build ESP32-C6 firmware	2026-09-24T11:34:48.4148319Z [84/114] Building C object esp-idf/esp_rom/CMakeFiles/__idf_esp_rom.dir/patches/esp_rom_crc.c.obj^[[K
build	Build ESP32-C6 firmware	2026-09-24T11:34:48.4149587Z [85/114] Building C object esp-idf/esp_hw_support/CMakeFiles/__idf_esp_hw_support.dir/port/esp32c6/pmu_sleep.c.obj^[[K
build	Build ESP32-C6 firmware	2026-09-24T11:34:48.4151463Z [86/114] Building C object esp-idf/esp_rom/CMakeFiles/__idf_esp_rom.dir/patches/esp_rom_spiflash.c.obj^[[K
build	Build ESP32-C6 firmware	2026-09-24T11:34:48.4152536Z [87/114] Building C object esp-idf/esp_rom/CMakeFiles/__idf_esp_rom.dir/patches/esp_rom_uart.c.obj^[[K
build	Build ESP32-C6 firmware	2026-09-24T11:34:48.4154170Z [88/114] Building C object esp-idf/esp_hw_support/CMakeFiles/__idf_esp_hw_support.dir/port/esp32c6/rtc_clk.c.obj^[[K
build	Build ESP32-C6 firmware	2026-09-24T11:34:48.4155112Z [89/114] Building C object esp-idf/esp_rom/CMakeFiles/__idf_esp_rom.dir/patches/esp_rom_efuse.c.obj^[[K
build	Build ESP32-C6 firmware	2026-09-24T11:34:48.4156127Z [90/114] Building C object esp-idf/esp_rom/CMakeFiles/__idf_esp_rom.dir/patches/esp_rom_gpio.c.obj^[[K
build	Build ESP32-C6 firmware	2026-09-24T11:34:48.4158221Z [91/114] Building C object esp-idf/esp_rom/CMakeFiles/__idf_esp_rom.dir/patches/esp_rom_systimer.c.obj^[[K
build	Build ESP32-C6 firmware	2026-09-24T11:34:48.4159446Z [92/114] Building C object esp-idf/esp_rom/CMakeFiles/__idf_esp_rom.dir/patches/esp_rom_print.c.obj^[[K
build	Build ESP32-C6 firmware	2026-09-24T11:34:48.4160430Z [93/114] Building C object esp-idf/log/CMakeFiles/__idf_log.dir/src/noos/log_lock.c.obj^[[K
build	Build ESP32-C6 firmware	2026-09-24T11:34:48.4162572Z [94/114] Building C object esp-idf/esp_rom/CMakeFiles/__idf_esp_rom.dir/patches/esp_rom_hp_regi2c_esp32c6.c.obj^[[K
build	Build ESP32-C6 firmware	2026-09-24T11:34:48.4163201Z [95/114] Building C object esp-idf/main/CMakeFiles/__idf_main.dir/bootloader_start.c.obj^[[K
build	Build ESP32-C6 firmware	2026-09-24T11:34:48.4163792Z [96/114] Building C object esp-idf/log/CMakeFiles/__idf_log.dir/src/log_timestamp_common.c.obj^[[K
build	Build ESP32-C6 firmware	2026-09-24T11:34:48.4164501Z [97/114] Building C object esp-idf/log/CMakeFiles/__idf_log.dir/src/noos/log_timestamp.c.obj^[[K
build	Build ESP32-C6 firmware	2026-09-24T11:34:48.4165031Z [98/114] Linking C static library esp-idf/log/liblog.a^[[K
build	Build ESP32-C6 firmware	2026-09-24T11:34:48.4165584Z [99/114] Building C object esp-idf/esp_rom/CMakeFiles/__idf_esp_rom.dir/patches/esp_rom_wdt.c.obj^[[K
build	Build ESP32-C6 firmware	2026-09-24T11:34:48.4166109Z [100/114] Linking C static library esp-idf/esp_rom/libesp_rom.a^[[K
build	Build ESP32-C6 firmware	2026-09-24T11:34:48.4167248Z [101/114] Linking C static library esp-idf/esp_common/libesp_common.a^[[K
build	Build ESP32-C6 firmware	2026-09-24T11:34:48.4168624Z [102/114] Linking C static library esp-idf/esp_hw_support/libesp_hw_support.a^[[K
build	Build ESP32-C6 firmware	2026-09-24T11:34:48.4169098Z [103/114] Linking C static library esp-idf/esp_system/libesp_system.a^[[K
build	Build ESP32-C6 firmware	2026-09-24T11:34:48.4169717Z [104/114] Linking C static library esp-idf/efuse/libefuse.a^[[K
build	Build ESP32-C6 firmware	2026-09-24T11:34:48.4170346Z [105/114] Linking C static library esp-idf/bootloader_support/libbootloader_support.a^[[K
build	Build ESP32-C6 firmware	2026-09-24T11:34:48.4170926Z [106/114] Linking C static library esp-idf/esp_bootloader_format/libesp_bootloader_format.a^[[K
build	Build ESP32-C6 firmware	2026-09-24T11:34:48.4171731Z [107/114] Linking C static library esp-idf/spi_flash/libspi_flash.a^[[K
build	Build ESP32-C6 firmware	2026-09-24T11:34:48.4172806Z [108/114] Linking C static library esp-idf/hal/libhal.a^[[K
build	Build ESP32-C6 firmware	2026-09-24T11:34:48.4173859Z [109/114] Linking C static library esp-idf/micro-ecc/libmicro-ecc.a^[[K
build	Build ESP32-C6 firmware	2026-09-24T11:34:48.4174879Z [110/114] Linking C static library esp-idf/soc/libsoc.a^[[K
build	Build ESP32-C6 firmware	2026-09-24T11:34:48.4175250Z [111/114] Linking C static library esp-idf/main/libmain.a^[[K
build	Build ESP32-C6 firmware	2026-09-24T11:34:48.4175615Z [112/114] Linking C executable bootloader.elf^[[K
build	Build ESP32-C6 firmware	2026-09-24T11:34:48.4176689Z [113/114] Generating binary image from built executable^[[K
build	Build ESP32-C6 firmware	2026-09-24T11:34:48.4178283Z esptool.py v4.8.1
build	Build ESP32-C6 firmware	2026-09-24T11:34:48.4179830Z Creating esp32c6 image...
build	Build ESP32-C6 firmware	2026-09-24T11:34:48.4182052Z Merged 2 ELF sections
build	Build ESP32-C6 firmware	2026-09-24T11:34:48.4183736Z Successfully created esp32c6 image.
build	Build ESP32-C6 firmware	2026-09-24T11:34:48.4185395Z Generated /app/yuanwil1y/esp32c6-Pwnagotchi/build/bootloader/bootloader.bin
build	Build ESP32-C6 firmware	2026-09-24T11:34:48.4186204Z 
build	Build ESP32-C6 firmware	2026-09-24T11:34:48.4188123Z [114/114] cd /app/yuanwil1y/esp32c6-Pwnagotchi/build/bootloader/esp-idf/esptool_py && /opt/esp/python_env/idf5.4_py3.12_env/bin/python /opt/esp/idf/components/partition_table/check_sizes.py --offset 0x8000 bootloader 0x0 /app/yuanwil1y/esp32c6-Pwnagotchi/build/bootloader/bootloader.bin^[[K
build	Build ESP32-C6 firmware	2026-09-24T11:34:48.4189401Z Bootloader binary size 0x55e0 bytes. 0x2a20 bytes (33%) free.
build	Build ESP32-C6 firmware	2026-09-24T11:34:48.4190276Z 
build	Build ESP32-C6 firmware	2026-09-24T11:34:48.4286415Z [307/1416] Building C object esp-idf/log/CMakeFiles/__idf_log.dir/src/log_level/tag_log_level/linked_list/log_linked_list.c.obj^[[K
build	Build ESP32-C6 firmware	2026-09-24T11:34:48.4366563Z [308/1416] No install step for 'bootloader'^[[K
build	Build ESP32-C6 firmware	2026-09-24T11:34:48.4381919Z [309/1416] Building C object esp-idf/log/CMakeFiles/__idf_log.dir/src/log_level/tag_log_level/cache/log_binary_heap.c.obj^[[K
build	Build ESP32-C6 firmware	2026-09-24T11:34:48.5091608Z [310/1416] Completed 'bootloader'^[[K
build	Build ESP32-C6 firmware	2026-09-24T11:34:48.5485493Z [311/1416] Building C object esp-idf/heap/CMakeFiles/__idf_heap.dir/heap_caps_base.c.obj^[[K
build	Build ESP32-C6 firmware	2026-09-24T11:34:48.5610710Z [312/1416] Building C object esp-idf/heap/CMakeFiles/__idf_heap.dir/port/esp32c6/memory_layout.c.obj^[[K
build	Build ESP32-C6 firmware	2026-09-24T11:34:48.5773208Z [313/1416] Building C object esp-idf/heap/CMakeFiles/__idf_heap.dir/port/memory_layout_utils.c.obj^[[K
build	Build ESP32-C6 firmware	2026-09-24T11:34:48.5871296Z [314/1416] Building C object esp-idf/heap/CMakeFiles/__idf_heap.dir/heap_caps.c.obj^[[K
build	Build ESP32-C6 firmware	2026-09-24T11:34:48.6016843Z [315/1416] Building C object esp-idf/heap/CMakeFiles/__idf_heap.dir/heap_caps_init.c.obj^[[K
build	Build ESP32-C6 firmware	2026-09-24T11:34:48.6039780Z [316/1416] Building C object esp-idf/heap/CMakeFiles/__idf_heap.dir/multi_heap.c.obj^[[K
build	Build ESP32-C6 firmware	2026-09-24T11:34:48.6226163Z [317/1416] Building C object esp-idf/soc/CMakeFiles/__idf_soc.dir/lldesc.c.obj^[[K
build	Build ESP32-C6 firmware	2026-09-24T11:34:48.6251922Z [318/1416] Building C object esp-idf/soc/CMakeFiles/__idf_soc.dir/dport_access_common.c.obj^[[K
build	Build ESP32-C6 firmware	2026-09-24T11:34:48.6476248Z [319/1416] Building C object esp-idf/soc/CMakeFiles/__idf_soc.dir/esp32c6/interrupts.c.obj^[[K
build	Build ESP32-C6 firmware	2026-09-24T11:34:48.6537243Z [320/1416] Building C object esp-idf/soc/CMakeFiles/__idf_soc.dir/esp32c6/gpio_periph.c.obj^[[K
build	Build ESP32-C6 firmware	2026-09-24T11:34:48.6703042Z [321/1416] Building C object esp-idf/soc/CMakeFiles/__idf_soc.dir/esp32c6/uart_periph.c.obj^[[K
build	Build ESP32-C6 firmware	2026-09-24T11:34:48.6887589Z [322/1416] Building C object esp-idf/soc/CMakeFiles/__idf_soc.dir/esp32c6/dedic_gpio_periph.c.obj^[[K
build	Build ESP32-C6 firmware	2026-09-24T11:34:48.6916687Z [323/1416] Building C object esp-idf/soc/CMakeFiles/__idf_soc.dir/esp32c6/adc_periph.c.obj^[[K
build	Build ESP32-C6 firmware	2026-09-24T11:34:48.7231275Z [324/1416] Building C object esp-idf/soc/CMakeFiles/__idf_soc.dir/esp32c6/gdma_periph.c.obj^[[K
build	Build ESP32-C6 firmware	2026-09-24T11:34:48.7241042Z [325/1416] Building C object esp-idf/soc/CMakeFiles/__idf_soc.dir/esp32c6/sdm_periph.c.obj^[[K
build	Build ESP32-C6 firmware	2026-09-24T11:34:48.7371567Z [326/1416] Building C object esp-idf/soc/CMakeFiles/__idf_soc.dir/esp32c6/etm_periph.c.obj^[[K
build	Build ESP32-C6 firmware	2026-09-24T11:34:48.7484649Z [327/1416] Building C object esp-idf/soc/CMakeFiles/__idf_soc.dir/esp32c6/ledc_periph.c.obj^[[K
build	Build ESP32-C6 firmware	2026-09-24T11:34:48.7497191Z [328/1416] Building C object esp-idf/soc/CMakeFiles/__idf_soc.dir/esp32c6/spi_periph.c.obj^[[K
build	Build ESP32-C6 firmware	2026-09-24T11:34:48.7662608Z [329/1416] Building C object esp-idf/soc/CMakeFiles/__idf_soc.dir/esp32c6/rmt_periph.c.obj^[[K
build	Build ESP32-C6 firmware	2026-09-24T11:34:48.8077832Z [330/1416] Building C object esp-idf/soc/CMakeFiles/__idf_soc.dir/esp32c6/pcnt_periph.c.obj^[[K
build	Build ESP32-C6 firmware	2026-09-24T11:34:48.8083463Z [331/1416] Building C object esp-idf/soc/CMakeFiles/__idf_soc.dir/esp32c6/i2s_periph.c.obj^[[K
build	Build ESP32-C6 firmware	2026-09-24T11:34:48.8169743Z [332/1416] Building C object esp-idf/soc/CMakeFiles/__idf_soc.dir/esp32c6/i2c_periph.c.obj^[[K
build	Build ESP32-C6 firmware	2026-09-24T11:34:48.8276732Z [333/1416] Building C object esp-idf/soc/CMakeFiles/__idf_soc.dir/esp32c6/temperature_sensor_periph.c.obj^[[K
build	Build ESP32-C6 firmware	2026-09-24T11:34:48.8374185Z [334/1416] Building C object esp-idf/soc/CMakeFiles/__idf_soc.dir/esp32c6/timer_periph.c.obj^[[K
build	Build ESP32-C6 firmware	2026-09-24T11:34:48.8424406Z [335/1416] Building C object esp-idf/soc/CMakeFiles/__idf_soc.dir/esp32c6/parlio_periph.c.obj^[[K
build	Build ESP32-C6 firmware	2026-09-24T11:34:48.8625942Z [336/1416] Building C object esp-idf/soc/CMakeFiles/__idf_soc.dir/esp32c6/mcpwm_periph.c.obj^[[K
build	Build ESP32-C6 firmware	2026-09-24T11:34:48.8657595Z [337/1416] Building C object esp-idf/soc/CMakeFiles/__idf_soc.dir/esp32c6/ieee802154_periph.c.obj^[[K
build	Build ESP32-C6 firmware	2026-09-24T11:34:48.9012453Z [338/1416] Building C object esp-idf/soc/CMakeFiles/__idf_soc.dir/esp32c6/mpi_periph.c.obj^[[K
build	Build ESP32-C6 firmware	2026-09-24T11:34:48.9301625Z [339/1416] Building C object esp-idf/soc/CMakeFiles/__idf_soc.dir/esp32c6/twai_periph.c.obj^[[K
build	Build ESP32-C6 firmware	2026-09-24T11:34:48.9311387Z [340/1416] Building C object esp-idf/soc/CMakeFiles/__idf_soc.dir/esp32c6/wdt_periph.c.obj^[[K
build	Build ESP32-C6 firmware	2026-09-24T11:34:48.9426478Z [341/1416] Building C object esp-idf/soc/CMakeFiles/__idf_soc.dir/esp32c6/rtc_io_periph.c.obj^[[K
build	Build ESP32-C6 firmware	2026-09-24T11:34:48.9446447Z [342/1416] Building C object esp-idf/soc/CMakeFiles/__idf_soc.dir/esp32c6/sdio_slave_periph.c.obj^[[K
build	Build ESP32-C6 firmware	2026-09-24T11:34:48.9669087Z [343/1416] Building C object esp-idf/soc/CMakeFiles/__idf_soc.dir/esp32c6/system_retention_periph.c.obj^[[K
build	Build ESP32-C6 firmware	2026-09-24T11:34:49.0163022Z [344/1416] Building C object esp-idf/esp_security/CMakeFiles/__idf_esp_security.dir/src/init.c.obj^[[K
build	Build ESP32-C6 firmware	2026-09-24T11:34:49.0318799Z [345/1416] Building C object esp-idf/esp_security/CMakeFiles/__idf_esp_security.dir/src/esp_dpa_protection.c.obj^[[K
build	Build ESP32-C6 firmware	2026-09-24T11:34:49.0509610Z [346/1416] Building C object esp-idf/esp_security/CMakeFiles/__idf_esp_security.dir/src/esp_hmac.c.obj^[[K
build	Build ESP32-C6 firmware	2026-09-24T11:34:49.0784029Z [347/1416] Building C object esp-idf/esp_security/CMakeFiles/__idf_esp_security.dir/src/esp_crypto_lock.c.obj^[[K
build	Build ESP32-C6 firmware	2026-09-24T11:34:49.1387234Z [348/1416] Building C object esp-idf/esp_security/CMakeFiles/__idf_esp_security.dir/src/esp_ds.c.obj^[[K
build	Build ESP32-C6 firmware	2026-09-24T11:34:49.1528877Z [349/1416] Building C object esp-idf/esp_hw_support/CMakeFiles/__idf_esp_hw_support.dir/port/esp32c6/esp_cpu_intr.c.obj^[[K
build	Build ESP32-C6 firmware	2026-09-24T11:34:49.1544219Z [350/1416] Building C object esp-idf/esp_hw_support/CMakeFiles/__idf_esp_hw_support.dir/esp_memory_utils.c.obj^[[K
build	Build ESP32-C6 firmware	2026-09-24T11:34:49.1649824Z [351/1416] Building C object esp-idf/esp_hw_support/CMakeFiles/__idf_esp_hw_support.dir/port/esp32c6/cpu_region_protect.c.obj^[[K
build	Build ESP32-C6 firmware	2026-09-24T11:34:49.2284990Z [352/1416] Building C object esp-idf/esp_hw_support/CMakeFiles/__idf_esp_hw_support.dir/cpu.c.obj^[[K
build	Build ESP32-C6 firmware	2026-09-24T11:34:49.2371204Z [353/1416] Building C object esp-idf/esp_hw_support/CMakeFiles/__idf_esp_hw_support.dir/clk_ctrl_os.c.obj^[[K
build	Build ESP32-C6 firmware	2026-09-24T11:34:49.2809569Z [354/1416] Building C object esp-idf/esp_hw_support/CMakeFiles/__idf_esp_hw_support.dir/esp_clk.c.obj^[[K
build	Build ESP32-C6 firmware	2026-09-24T11:34:49.3073363Z [355/1416] Building C object esp-idf/esp_hw_support/CMakeFiles/__idf_esp_hw_support.dir/hw_random.c.obj^[[K
build	Build ESP32-C6 firmware	2026-09-24T11:34:49.3341214Z [356/1416] Building C object esp-idf/esp_hw_support/CMakeFiles/__idf_esp_hw_support.dir/mac_addr.c.obj^[[K
build	Build ESP32-C6 firmware	2026-09-24T11:34:49.3895874Z [357/1416] Building C object esp-idf/esp_hw_support/CMakeFiles/__idf_esp_hw_support.dir/revision.c.obj^[[K
build	Build ESP32-C6 firmware	2026-09-24T11:34:49.4166671Z [358/1416] Building C object esp-idf/esp_hw_support/CMakeFiles/__idf_esp_hw_support.dir/rtc_module.c.obj^[[K
build	Build ESP32-C6 firmware	2026-09-24T11:34:49.4442576Z [359/1416] Building C object esp-idf/esp_hw_support/CMakeFiles/__idf_esp_hw_support.dir/periph_ctrl.c.obj^[[K
build	Build ESP32-C6 firmware	2026-09-24T11:34:49.4471142Z [360/1416] Building C object esp-idf/esp_hw_support/CMakeFiles/__idf_esp_hw_support.dir/sleep_console.c.obj^[[K
build	Build ESP32-C6 firmware	2026-09-24T11:34:49.5176849Z [361/1416] Building C object esp-idf/esp_hw_support/CMakeFiles/__idf_esp_hw_support.dir/intr_alloc.c.obj^[[K
build	Build ESP32-C6 firmware	2026-09-24T11:34:49.5321280Z [362/1416] Building C object esp-idf/esp_hw_support/CMakeFiles/__idf_esp_hw_support.dir/sleep_modem.c.obj^[[K
build	Build ESP32-C6 firmware	2026-09-24T11:34:49.5994437Z [363/1416] Building C object esp-idf/esp_hw_support/CMakeFiles/__idf_esp_hw_support.dir/esp_gpio_reserve.c.obj^[[K
build	Build ESP32-C6 firmware	2026-09-24T11:34:49.6295814Z [364/1416] Building C object esp-idf/esp_hw_support/CMakeFiles/__idf_esp_hw_support.dir/sleep_event.c.obj^[[K
build	Build ESP32-C6 firmware	2026-09-24T11:34:49.6642099Z [365/1416] Building C object esp-idf/esp_hw_support/CMakeFiles/__idf_esp_hw_support.dir/regi2c_ctrl.c.obj^[[K
build	Build ESP32-C6 firmware	2026-09-24T11:34:49.6765940Z [366/1416] Building C object esp-idf/esp_hw_support/CMakeFiles/__idf_esp_hw_support.dir/sleep_gpio.c.obj^[[K
build	Build ESP32-C6 firmware	2026-09-24T11:34:49.7221934Z [367/1416] Building C object esp-idf/esp_hw_support/CMakeFiles/__idf_esp_hw_support.dir/sar_periph_ctrl_common.c.obj^[[K
build	Build ESP32-C6 firmware	2026-09-24T11:34:49.7514709Z [368/1416] Building C object esp-idf/esp_hw_support/CMakeFiles/__idf_esp_hw_support.dir/port/esp32c6/io_mux.c.obj^[[K
build	Build ESP32-C6 firmware	2026-09-24T11:34:49.7834693Z [369/1416] Building C object esp-idf/esp_hw_support/CMakeFiles/__idf_esp_hw_support.dir/port/esp32c6/esp_clk_tree.c.obj^[[K
build	Build ESP32-C6 firmware	2026-09-24T11:34:49.8474580Z [370/1416] Building C object esp-idf/esp_hw_support/CMakeFiles/__idf_esp_hw_support.dir/port/esp_clk_tree_common.c.obj^[[K
build	Build ESP32-C6 firmware	2026-09-24T11:34:49.8482012Z [371/1416] Building C object esp-idf/esp_hw_support/CMakeFiles/__idf_esp_hw_support.dir/sleep_modes.c.obj^[[K
build	Build ESP32-C6 firmware	2026-09-24T11:34:49.9173956Z [372/1416] Building C object esp-idf/esp_hw_support/CMakeFiles/__idf_esp_hw_support.dir/dma/esp_dma_utils.c.obj^[[K
build	Build ESP32-C6 firmware	2026-09-24T11:34:49.9810548Z [373/1416] Building C object esp-idf/esp_hw_support/CMakeFiles/__idf_esp_hw_support.dir/dma/gdma_link.c.obj^[[K
build	Build ESP32-C6 firmware	2026-09-24T11:34:50.0040998Z [374/1416] Building C object esp-idf/esp_hw_support/CMakeFiles/__idf_esp_hw_support.dir/adc_share_hw_ctrl.c.obj^[[K
build	Build ESP32-C6 firmware	2026-09-24T11:34:50.0169051Z [375/1416] Building C object esp-idf/esp_hw_support/CMakeFiles/__idf_esp_hw_support.dir/spi_share_hw_ctrl.c.obj^[[K
build	Build ESP32-C6 firmware	2026-09-24T11:34:50.0517687Z [376/1416] Building C object esp-idf/esp_hw_support/CMakeFiles/__idf_esp_hw_support.dir/spi_bus_lock.c.obj^[[K
build	Build ESP32-C6 firmware	2026-09-24T11:34:50.1080983Z [377/1416] Building C object esp-idf/esp_hw_support/CMakeFiles/__idf_esp_hw_support.dir/sleep_system_peripheral.c.obj^[[K
build	Build ESP32-C6 firmware	2026-09-24T11:34:50.1677985Z [378/1416] Building C object esp-idf/esp_hw_support/CMakeFiles/__idf_esp_hw_support.dir/dma/gdma_sleep_retention.c.obj^[[K
build	Build ESP32-C6 firmware	2026-09-24T11:34:50.1756187Z [379/1416] Building C object esp-idf/esp_hw_support/CMakeFiles/__idf_esp_hw_support.dir/dma/esp_async_memcpy.c.obj^[[K
build	Build ESP32-C6 firmware	2026-09-24T11:34:50.2295998Z [380/1416] Building C object esp-idf/esp_hw_support/CMakeFiles/__idf_esp_hw_support.dir/sleep_retention.c.obj^[[K
build	Build ESP32-C6 firmware	2026-09-24T11:34:50.2319868Z [381/1416] Building C object esp-idf/esp_hw_support/CMakeFiles/__idf_esp_hw_support.dir/dma/gdma_etm.c.obj^[[K
build	Build ESP32-C6 firmware	2026-09-24T11:34:50.2323852Z [382/1416] Building C object esp-idf/esp_hw_support/CMakeFiles/__idf_esp_hw_support.dir/deprecated/gdma_legacy.c.obj^[[K
build	Build ESP32-C6 firmware	2026-09-24T11:34:50.2659707Z [383/1416] Building C object esp-idf/esp_hw_support/CMakeFiles/__idf_esp_hw_support.dir/port/esp32c6/systimer.c.obj^[[K
build	Build ESP32-C6 firmware	2026-09-24T11:34:50.3375074Z [384/1416] Building C object esp-idf/esp_hw_support/CMakeFiles/__idf_esp_hw_support.dir/dma/gdma.c.obj^[[K
build	Build ESP32-C6 firmware	2026-09-24T11:34:50.4067126Z [385/1416] Building C object esp-idf/esp_hw_support/CMakeFiles/__idf_esp_hw_support.dir/port/pau_regdma.c.obj^[[K
build	Build ESP32-C6 firmware	2026-09-24T11:34:50.4406524Z [386/1416] Building C object esp-idf/esp_hw_support/CMakeFiles/__idf_esp_hw_support.dir/dma/async_memcpy_gdma.c.obj^[[K
build	Build ESP32-C6 firmware	2026-09-24T11:34:50.4508724Z [387/1416] Building C object esp-idf/esp_hw_support/CMakeFiles/__idf_esp_hw_support.dir/mspi_timing_tuning.c.obj^[[K
build	Build ESP32-C6 firmware	2026-09-24T11:34:50.5008469Z [388/1416] Building C object esp-idf/esp_hw_support/CMakeFiles/__idf_esp_hw_support.dir/esp_etm.c.obj^[[K
build	Build ESP32-C6 firmware	2026-09-24T11:34:50.5637666Z [389/1416] Building C object esp-idf/esp_hw_support/CMakeFiles/__idf_esp_hw_support.dir/modem_clock.c.obj^[[K
build	Build ESP32-C6 firmware	2026-09-24T11:34:50.6024748Z [390/1416] Building C object esp-idf/esp_hw_support/CMakeFiles/__idf_esp_hw_support.dir/sleep_wake_stub.c.obj^[[K
build	Build ESP32-C6 firmware	2026-09-24T11:34:50.6425176Z [391/1416] Building C object esp-idf/esp_hw_support/CMakeFiles/__idf_esp_hw_support.dir/port/regdma_link.c.obj^[[K
build	Build ESP32-C6 firmware	2026-09-24T11:34:50.6929959Z [392/1416] Building C object esp-idf/esp_hw_support/CMakeFiles/__idf_esp_hw_support.dir/esp_clock_output.c.obj^[[K
build	Build ESP32-C6 firmware	2026-09-24T11:34:50.6970691Z [393/1416] Building C object esp-idf/esp_hw_support/CMakeFiles/__idf_esp_hw_support.dir/port/esp32c6/pmu_param.c.obj^[[K
build	Build ESP32-C6 firmware	2026-09-24T11:34:50.7036844Z [394/1416] Building C object esp-idf/esp_hw_support/CMakeFiles/__idf_esp_hw_support.dir/port/esp32c6/rtc_clk_init.c.obj^[[K
build	Build ESP32-C6 firmware	2026-09-24T11:34:50.7627769Z [395/1416] Building C object esp-idf/esp_hw_support/CMakeFiles/__idf_esp_hw_support.dir/port/esp32c6/rtc_clk.c.obj^[[K
build	Build ESP32-C6 firmware	2026-09-24T11:34:50.8014977Z [396/1416] Building C object esp-idf/esp_hw_support/CMakeFiles/__idf_esp_hw_support.dir/port/esp32c6/pmu_init.c.obj^[[K
build	Build ESP32-C6 firmware	2026-09-24T11:34:50.8150578Z [397/1416] Building C object esp-idf/esp_hw_support/CMakeFiles/__idf_esp_hw_support.dir/port/esp32c6/ocode_init.c.obj^[[K
build	Build ESP32-C6 firmware	2026-09-24T11:34:50.8440062Z [398/1416] Building C object esp-idf/esp_hw_support/CMakeFiles/__idf_esp_hw_support.dir/port/esp32c6/chip_info.c.obj^[[K
build	Build ESP32-C6 firmware	2026-09-24T11:34:50.8811936Z [399/1416] Building ASM object esp-idf/esp_hw_support/CMakeFiles/__idf_esp_hw_support.dir/lowpower/port/esp32c6/sleep_cpu_asm.S.obj^[[K
build	Build ESP32-C6 firmware	2026-09-24T11:34:50.9090533Z [400/1416] Building C object esp-idf/esp_hw_support/CMakeFiles/__idf_esp_hw_support.dir/port/esp32c6/rtc_time.c.obj^[[K
build	Build ESP32-C6 firmware	2026-09-24T11:34:50.9574408Z [401/1416] Building C object esp-idf/esp_hw_support/CMakeFiles/__idf_esp_hw_support.dir/port/esp32c6/pmu_sleep.c.obj^[[K
build	Build ESP32-C6 firmware	2026-09-24T11:34:50.9595621Z [402/1416] Building C object esp-idf/esp_hw_support/CMakeFiles/__idf_esp_hw_support.dir/port/esp32c6/sar_periph_ctrl.c.obj^[[K
build	Build ESP32-C6 firmware	2026-09-24T11:34:51.0092505Z [403/1416] Building C object esp-idf/esp_hw_support/CMakeFiles/__idf_esp_hw_support.dir/lowpower/port/esp32c6/sleep_cpu.c.obj^[[K
build	Build ESP32-C6 firmware	2026-09-24T11:34:51.0114827Z [404/1416] Building C object esp-idf/esp_hw_support/CMakeFiles/__idf_esp_hw_support.dir/lowpower/port/esp32c6/sleep_clock.c.obj^[[K
build	Build ESP32-C6 firmware	2026-09-24T11:34:51.0394579Z [405/1416] Building C object esp-idf/esp_hw_support/CMakeFiles/__idf_esp_hw_support.dir/lowpower/port/esp32c6/sleep_modem_state.c.obj^[[K
build	Build ESP32-C6 firmware	2026-09-24T11:34:51.1026690Z [406/1416] Building C object esp-idf/freertos/CMakeFiles/__idf_freertos.dir/heap_idf.c.obj^[[K
build	Build ESP32-C6 firmware	2026-09-24T11:34:51.1302230Z [407/1416] Building C object esp-idf/freertos/CMakeFiles/__idf_freertos.dir/port_common.c.obj^[[K
build	Build ESP32-C6 firmware	2026-09-24T11:34:51.1316614Z [408/1416] Building C object esp-idf/freertos/CMakeFiles/__idf_freertos.dir/app_startup.c.obj^[[K
build	Build ESP32-C6 firmware	2026-09-24T11:34:51.1646323Z [409/1416] Building C object esp-idf/freertos/CMakeFiles/__idf_freertos.dir/port_systick.c.obj^[[K
build	Build ESP32-C6 firmware	2026-09-24T11:34:51.2683714Z [410/1416] Building C object esp-idf/freertos/CMakeFiles/__idf_freertos.dir/FreeRTOS-Kernel/list.c.obj^[[K
build	Build ESP32-C6 firmware	2026-09-24T11:34:51.2951147Z [411/1416] Building C object esp-idf/freertos/CMakeFiles/__idf_freertos.dir/FreeRTOS-Kernel/queue.c.obj^[[K
build	Build ESP32-C6 firmware	2026-09-24T11:34:51.3144056Z [412/1416] Building C object esp-idf/freertos/CMakeFiles/__idf_freertos.dir/FreeRTOS-Kernel/event_groups.c.obj^[[K
build	Build ESP32-C6 firmware	2026-09-24T11:34:51.4006942Z [413/1416] Building ASM object esp-idf/freertos/CMakeFiles/__idf_freertos.dir/FreeRTOS-Kernel/portable/riscv/portasm.S.obj^[[K
build	Build ESP32-C6 firmware	2026-09-24T11:34:51.4180242Z [414/1416] Building C object esp-idf/freertos/CMakeFiles/__idf_freertos.dir/FreeRTOS-Kernel/timers.c.obj^[[K
build	Build ESP32-C6 firmware	2026-09-24T11:34:51.4592351Z [415/1416] Building C object esp-idf/freertos/CMakeFiles/__idf_freertos.dir/FreeRTOS-Kernel/portable/riscv/port.c.obj^[[K
build	Build ESP32-C6 firmware	2026-09-24T11:34:51.4624625Z [416/1416] Building C object esp-idf/freertos/CMakeFiles/__idf_freertos.dir/FreeRTOS-Kernel/stream_buffer.c.obj^[[K
build	Build ESP32-C6 firmware	2026-09-24T11:34:51.4807703Z [417/1416] Building C object esp-idf/freertos/CMakeFiles/__idf_freertos.dir/esp_additions/freertos_compatibility.c.obj^[[K
build	Build ESP32-C6 firmware	2026-09-24T11:34:51.4889398Z [418/1416] Building C object esp-idf/freertos/CMakeFiles/__idf_freertos.dir/esp_additions/idf_additions_event_groups.c.obj^[[K
build	Build ESP32-C6 firmware	2026-09-24T11:34:51.5485739Z [419/1416] Building C object esp-idf/freertos/CMakeFiles/__idf_freertos.dir/FreeRTOS-Kernel/tasks.c.obj^[[K
build	Build ESP32-C6 firmware	2026-09-24T11:34:51.5528157Z [420/1416] Building C object esp-idf/newlib/CMakeFiles/__idf_newlib.dir/abort.c.obj^[[K
build	Build ESP32-C6 firmware	2026-09-24T11:34:51.5737052Z [421/1416] Building C object esp-idf/newlib/CMakeFiles/__idf_newlib.dir/flockfile.c.obj^[[K
build	Build ESP32-C6 firmware	2026-09-24T11:34:51.5796459Z [422/1416] Building C object esp-idf/newlib/CMakeFiles/__idf_newlib.dir/heap.c.obj^[[K
build	Build ESP32-C6 firmware	2026-09-24T11:34:51.6116445Z [423/1416] Building C object esp-idf/newlib/CMakeFiles/__idf_newlib.dir/assert.c.obj^[[K
build	Build ESP32-C6 firmware	2026-09-24T11:34:51.6555067Z [424/1416] Building C object esp-idf/freertos/CMakeFiles/__idf_freertos.dir/esp_additions/idf_additions.c.obj^[[K
build	Build ESP32-C6 firmware	2026-09-24T11:34:51.6720685Z [425/1416] Building C object esp-idf/newlib/CMakeFiles/__idf_newlib.dir/pthread.c.obj^[[K
build	Build ESP32-C6 firmware	2026-09-24T11:34:51.6872738Z [426/1416] Building C object esp-idf/newlib/CMakeFiles/__idf_newlib.dir/locks.c.obj^[[K
build	Build ESP32-C6 firmware	2026-09-24T11:34:51.7033744Z [427/1416] Building C object esp-idf/newlib/CMakeFiles/__idf_newlib.dir/poll.c.obj^[[K
build	Build ESP32-C6 firmware	2026-09-24T11:34:51.7094978Z [428/1416] Building C object esp-idf/newlib/CMakeFiles/__idf_newlib.dir/random.c.obj^[[K
build	Build ESP32-C6 firmware	2026-09-24T11:34:51.7243370Z [429/1416] Building C object esp-idf/newlib/CMakeFiles/__idf_newlib.dir/getentropy.c.obj^[[K
build	Build ESP32-C6 firmware	2026-09-24T11:34:51.8112181Z [430/1416] Building C object esp-idf/newlib/CMakeFiles/__idf_newlib.dir/reent_init.c.obj^[[K
build	Build ESP32-C6 firmware	2026-09-24T11:34:51.8137047Z [431/1416] Building C object esp-idf/newlib/CMakeFiles/__idf_newlib.dir/termios.c.obj^[[K
build	Build ESP32-C6 firmware	2026-09-24T11:34:51.8393582Z [432/1416] Building C object esp-idf/newlib/CMakeFiles/__idf_newlib.dir/sysconf.c.obj^[[K
build	Build ESP32-C6 firmware	2026-09-24T11:34:51.8438336Z [433/1416] Building C object esp-idf/newlib/CMakeFiles/__idf_newlib.dir/syscalls.c.obj^[[K
build	Build ESP32-C6 firmware	2026-09-24T11:34:51.9067723Z [434/1416] Building C object esp-idf/newlib/CMakeFiles/__idf_newlib.dir/newlib_init.c.obj^[[K
build	Build ESP32-C6 firmware	2026-09-24T11:34:51.9220308Z [435/1416] Building C object esp-idf/newlib/CMakeFiles/__idf_newlib.dir/stdatomic.c.obj^[[K
build	Build ESP32-C6 firmware	2026-09-24T11:34:51.9449029Z [436/1416] Building C object esp-idf/newlib/CMakeFiles/__idf_newlib.dir/realpath.c.obj^[[K
build	Build ESP32-C6 firmware	2026-09-24T11:34:51.9537648Z [437/1416] Building C object esp-idf/newlib/CMakeFiles/__idf_newlib.dir/scandir.c.obj^[[K
build	Build ESP32-C6 firmware	2026-09-24T11:34:51.9892365Z [438/1416] Building C object esp-idf/newlib/CMakeFiles/__idf_newlib.dir/time.c.obj^[[K
build	Build ESP32-C6 firmware	2026-09-24T11:34:52.1007271Z [439/1416] Building C object esp-idf/newlib/CMakeFiles/__idf_newlib.dir/port/esp_time_impl.c.obj^[[K
build	Build ESP32-C6 firmware	2026-09-24T11:34:52.1278086Z [440/1416] Building C object esp-idf/pthread/CMakeFiles/__idf_pthread.dir/pthread.c.obj^[[K
build	Build ESP32-C6 firmware	2026-09-24T11:34:52.1296695Z [441/1416] Building C object esp-idf/pthread/CMakeFiles/__idf_pthread.dir/pthread_local_storage.c.obj^[[K
build	Build ESP32-C6 firmware	2026-09-24T11:34:52.1322031Z [442/1416] Building C object esp-idf/pthread/CMakeFiles/__idf_pthread.dir/pthread_cond_var.c.obj^[[K
build	Build ESP32-C6 firmware	2026-09-24T11:34:52.1754428Z [443/1416] Building C object esp-idf/pthread/CMakeFiles/__idf_pthread.dir/pthread_rwlock.c.obj^[[K
build	Build ESP32-C6 firmware	2026-09-24T11:34:52.2448302Z [444/1416] Building C object esp-idf/pthread/CMakeFiles/__idf_pthread.dir/pthread_semaphore.c.obj^[[K
build	Build ESP32-C6 firmware	2026-09-24T11:34:52.2584270Z [445/1416] Building CXX object esp-idf/cxx/CMakeFiles/__idf_cxx.dir/cxx_exception_stubs.cpp.obj^[[K
build	Build ESP32-C6 firmware	2026-09-24T11:34:52.2990849Z [446/1416] Building C object esp-idf/esp_timer/CMakeFiles/__idf_esp_timer.dir/src/esp_timer_init.c.obj^[[K
build	Build ESP32-C6 firmware	2026-09-24T11:34:52.3529024Z [447/1416] Building CXX object esp-idf/cxx/CMakeFiles/__idf_cxx.dir/cxx_init.cpp.obj^[[K
build	Build ESP32-C6 firmware	2026-09-24T11:34:52.3567988Z [448/1416] Building C object esp-idf/esp_timer/CMakeFiles/__idf_esp_timer.dir/src/ets_timer_legacy.c.obj^[[K
build	Build ESP32-C6 firmware	2026-09-24T11:34:52.3844656Z [449/1416] Building C object esp-idf/esp_timer/CMakeFiles/__idf_esp_timer.dir/src/system_time.c.obj^[[K
build	Build ESP32-C6 firmware	2026-09-24T11:34:52.4276980Z [450/1416] Building C object esp-idf/esp_timer/CMakeFiles/__idf_esp_timer.dir/src/esp_timer.c.obj^[[K
build	Build ESP32-C6 firmware	2026-09-24T11:34:52.4423555Z [451/1416] Building C object esp-idf/esp_timer/CMakeFiles/__idf_esp_timer.dir/src/esp_timer_impl_common.c.obj^[[K
build	Build ESP32-C6 firmware	2026-09-24T11:34:52.5135531Z [452/1416] Building C object esp-idf/esp_timer/CMakeFiles/__idf_esp_timer.dir/src/esp_timer_etm.c.obj^[[K
build	Build ESP32-C6 firmware	2026-09-24T11:34:52.6543326Z [453/1416] Building C object esp-idf/esp_timer/CMakeFiles/__idf_esp_timer.dir/src/esp_timer_impl_systimer.c.obj^[[K
build	Build ESP32-C6 firmware	2026-09-24T11:34:52.6847412Z [454/1416] Building C object esp-idf/esp_driver_gptimer/CMakeFiles/__idf_esp_driver_gptimer.dir/src/gptimer_common.c.obj^[[K
build	Build ESP32-C6 firmware	2026-09-24T11:34:52.7011505Z [455/1416] Building CXX object esp-idf/cxx/CMakeFiles/__idf_cxx.dir/cxx_guards.cpp.obj^[[K
build	Build ESP32-C6 firmware	2026-09-24T11:34:52.7389845Z [456/1416] Building C object esp-idf/esp_driver_gptimer/CMakeFiles/__idf_esp_driver_gptimer.dir/src/gptimer_etm.c.obj^[[K
build	Build ESP32-C6 firmware	2026-09-24T11:34:52.7434632Z [457/1416] Building C object esp-idf/esp_driver_gptimer/CMakeFiles/__idf_esp_driver_gptimer.dir/src/gptimer.c.obj^[[K
build	Build ESP32-C6 firmware	2026-09-24T11:34:52.8165758Z [458/1416] Building C object esp-idf/esp_ringbuf/CMakeFiles/__idf_esp_ringbuf.dir/ringbuf.c.obj^[[K
build	Build ESP32-C6 firmware	2026-09-24T11:34:52.9585566Z [459/1416] Building C object esp-idf/esp_event/CMakeFiles/__idf_esp_event.dir/default_event_loop.c.obj^[[K
build	Build ESP32-C6 firmware	2026-09-24T11:34:52.9831342Z [460/1416] Building C object esp-idf/esp_event/CMakeFiles/__idf_esp_event.dir/esp_event_private.c.obj^[[K
build	Build ESP32-C6 firmware	2026-09-24T11:34:53.0374882Z [461/1416] Building C object esp-idf/esp_event/CMakeFiles/__idf_esp_event.dir/esp_event.c.obj^[[K
build	Build ESP32-C6 firmware	2026-09-24T11:34:53.1610328Z [462/1416] Building C object esp-idf/esp_driver_uart/CMakeFiles/__idf_esp_driver_uart.dir/src/uart_vfs.c.obj^[[K
build	Build ESP32-C6 firmware	2026-09-24T11:34:54.7146108Z [463/1416] Building C object esp-idf/esp_driver_uart/CMakeFiles/__idf_esp_driver_uart.dir/src/uart.c.obj^[[K
build	Build ESP32-C6 firmware	2026-09-24T11:34:55.0517144Z [464/1416] Building CXX object esp-idf/nvs_flash/CMakeFiles/__idf_nvs_flash.dir/src/nvs_cxx_api.cpp.obj^[[K
build	Build ESP32-C6 firmware	2026-09-24T11:34:55.1140087Z [465/1416] Building CXX object esp-idf/nvs_flash/CMakeFiles/__idf_nvs_flash.dir/src/nvs_item_hash_list.cpp.obj^[[K
build	Build ESP32-C6 firmware	2026-09-24T11:34:55.1576671Z [466/1416] Building CXX object esp-idf/nvs_flash/CMakeFiles/__idf_nvs_flash.dir/src/nvs_api.cpp.obj^[[K
build	Build ESP32-C6 firmware	2026-09-24T11:34:55.2058592Z [467/1416] Building CXX object esp-idf/nvs_flash/CMakeFiles/__idf_nvs_flash.dir/src/nvs_pagemanager.cpp.obj^[[K
build	Build ESP32-C6 firmware	2026-09-24T11:34:55.2134652Z [468/1416] Building CXX object esp-idf/nvs_flash/CMakeFiles/__idf_nvs_flash.dir/src/nvs_page.cpp.obj^[[K
build	Build ESP32-C6 firmware	2026-09-24T11:34:55.6874918Z [469/1416] Building CXX object esp-idf/nvs_flash/CMakeFiles/__idf_nvs_flash.dir/src/nvs_storage.cpp.obj^[[K
build	Build ESP32-C6 firmware	2026-09-24T11:34:55.7061267Z [470/1416] Building CXX object esp-idf/nvs_flash/CMakeFiles/__idf_nvs_flash.dir/src/nvs_partition.cpp.obj^[[K
build	Build ESP32-C6 firmware	2026-09-24T11:34:55.7992113Z [471/1416] Building CXX object esp-idf/nvs_flash/CMakeFiles/__idf_nvs_flash.dir/src/nvs_partition_lookup.cpp.obj^[[K
build	Build ESP32-C6 firmware	2026-09-24T11:34:55.9815125Z [472/1416] Building CXX object esp-idf/nvs_flash/CMakeFiles/__idf_nvs_flash.dir/src/nvs_platform.cpp.obj^[[K
build	Build ESP32-C6 firmware	2026-09-24T11:34:56.4402980Z [473/1416] Building C object esp-idf/nvs_flash/CMakeFiles/__idf_nvs_flash.dir/src/nvs_bootloader.c.obj^[[K
build	Build ESP32-C6 firmware	2026-09-24T11:34:56.9238152Z [474/1416] Building C object esp-idf/esp_driver_pcnt/CMakeFiles/__idf_esp_driver_pcnt.dir/src/pulse_cnt.c.obj^[[K
build	Build ESP32-C6 firmware	2026-09-24T11:34:56.9379178Z [475/1416] Building CXX object esp-idf/nvs_flash/CMakeFiles/__idf_nvs_flash.dir/src/nvs_handle_simple.cpp.obj^[[K
build	Build ESP32-C6 firmware	2026-09-24T11:34:56.9454368Z [476/1416] Building CXX object esp-idf/nvs_flash/CMakeFiles/__idf_nvs_flash.dir/src/nvs_handle_locked.cpp.obj^[[K
build	Build ESP32-C6 firmware	2026-09-24T11:34:56.9631706Z [477/1416] Building C object esp-idf/esp_driver_spi/CMakeFiles/__idf_esp_driver_spi.dir/src/gpspi/spi_common.c.obj^[[K
build	Build ESP32-C6 firmware	2026-09-24T11:34:56.9968913Z [478/1416] Building CXX object esp-idf/nvs_flash/CMakeFiles/__idf_nvs_flash.dir/src/nvs_types.cpp.obj^[[K
build	Build ESP32-C6 firmware	2026-09-24T11:34:57.0844996Z [479/1416] Building CXX object esp-idf/nvs_flash/CMakeFiles/__idf_nvs_flash.dir/src/nvs_partition_manager.cpp.obj^[[K
build	Build ESP32-C6 firmware	2026-09-24T11:34:57.2257308Z [480/1416] Building C object esp-idf/esp_driver_spi/CMakeFiles/__idf_esp_driver_spi.dir/src/gpspi/spi_dma.c.obj^[[K
build	Build ESP32-C6 firmware	2026-09-24T11:34:57.3488389Z [481/1416] Building C object esp-idf/esp_driver_spi/CMakeFiles/__idf_esp_driver_spi.dir/src/gpspi/spi_slave_hd.c.obj^[[K
build	Build ESP32-C6 firmware	2026-09-24T11:34:57.3567045Z [482/1416] Building C object esp-idf/esp_driver_mcpwm/CMakeFiles/__idf_esp_driver_mcpwm.dir/src/mcpwm_cmpr.c.obj^[[K
build	Build ESP32-C6 firmware	2026-09-24T11:34:57.3606021Z [483/1416] Building C object esp-idf/esp_driver_spi/CMakeFiles/__idf_esp_driver_spi.dir/src/gpspi/spi_slave.c.obj^[[K
build	Build ESP32-C6 firmware	2026-09-24T11:34:57.4882254Z [484/1416] Building C object esp-idf/esp_driver_mcpwm/CMakeFiles/__idf_esp_driver_mcpwm.dir/src/mcpwm_cap.c.obj^[[K
build	Build ESP32-C6 firmware	2026-09-24T11:34:57.4891560Z [485/1416] Building C object esp-idf/esp_driver_spi/CMakeFiles/__idf_esp_driver_spi.dir/src/gpspi/spi_master.c.obj^[[K
build	Build ESP32-C6 firmware	2026-09-24T11:34:57.6447407Z [486/1416] Building C object esp-idf/esp_driver_mcpwm/CMakeFiles/__idf_esp_driver_mcpwm.dir/src/mcpwm_com.c.obj^[[K
build	Build ESP32-C6 firmware	2026-09-24T11:34:57.6838264Z [487/1416] Building C object esp-idf/esp_driver_mcpwm/CMakeFiles/__idf_esp_driver_mcpwm.dir/src/mcpwm_fault.c.obj^[[K
build	Build ESP32-C6 firmware	2026-09-24T11:34:57.7341200Z [488/1416] Building C object esp-idf/esp_driver_mcpwm/CMakeFiles/__idf_esp_driver_mcpwm.dir/src/mcpwm_oper.c.obj^[[K
build	Build ESP32-C6 firmware	2026-09-24T11:34:57.8049925Z [489/1416] Building C object esp-idf/esp_driver_mcpwm/CMakeFiles/__idf_esp_driver_mcpwm.dir/src/mcpwm_gen.c.obj^[[K
build	Build ESP32-C6 firmware	2026-09-24T11:34:57.8112418Z [490/1416] Building C object esp-idf/esp_driver_mcpwm/CMakeFiles/__idf_esp_driver_mcpwm.dir/src/mcpwm_sync.c.obj^[[K
build	Build ESP32-C6 firmware	2026-09-24T11:34:57.8771775Z [491/1416] Building C object esp-idf/esp_driver_mcpwm/CMakeFiles/__idf_esp_driver_mcpwm.dir/src/mcpwm_timer.c.obj^[[K
build	Build ESP32-C6 firmware	2026-09-24T11:34:57.9746352Z [492/1416] Building C object esp-idf/esp_driver_mcpwm/CMakeFiles/__idf_esp_driver_mcpwm.dir/src/mcpwm_etm.c.obj^[[K
build	Build ESP32-C6 firmware	2026-09-24T11:34:58.0138497Z [493/1416] Building C object esp-idf/esp_driver_i2s/CMakeFiles/__idf_esp_driver_i2s.dir/i2s_std.c.obj^[[K
build	Build ESP32-C6 firmware	2026-09-24T11:34:58.0484904Z [494/1416] Building CXX object esp-idf/nvs_flash/CMakeFiles/__idf_nvs_flash.dir/src/nvs_encrypted_partition.cpp.obj^[[K
build	Build ESP32-C6 firmware	2026-09-24T11:34:58.0983615Z [495/1416] Building C object esp-idf/esp_driver_i2s/CMakeFiles/__idf_esp_driver_i2s.dir/i2s_tdm.c.obj^[[K
build	Build ESP32-C6 firmware	2026-09-24T11:34:58.0992091Z [496/1416] Building C object esp-idf/esp_driver_i2s/CMakeFiles/__idf_esp_driver_i2s.dir/i2s_pdm.c.obj^[[K
build	Build ESP32-C6 firmware	2026-09-24T11:34:58.2202396Z [497/1416] Building C object esp-idf/esp_driver_i2s/CMakeFiles/__idf_esp_driver_i2s.dir/i2s_etm.c.obj^[[K
build	Build ESP32-C6 firmware	2026-09-24T11:34:58.2487498Z [498/1416] Building C object esp-idf/esp_driver_i2s/CMakeFiles/__idf_esp_driver_i2s.dir/i2s_common.c.obj^[[K
build	Build ESP32-C6 firmware	2026-09-24T11:34:58.2509116Z [499/1416] Building C object esp-idf/sdmmc/CMakeFiles/__idf_sdmmc.dir/sdmmc_init.c.obj^[[K
build	Build ESP32-C6 firmware	2026-09-24T11:34:58.2829031Z [500/1416] Building C object esp-idf/esp_driver_i2s/CMakeFiles/__idf_esp_driver_i2s.dir/i2s_platform.c.obj^[[K
build	Build ESP32-C6 firmware	2026-09-24T11:34:58.3322177Z [501/1416] Building C object esp-idf/sdmmc/CMakeFiles/__idf_sdmmc.dir/sdmmc_common.c.obj^[[K
build	Build ESP32-C6 firmware	2026-09-24T11:34:58.3674877Z [502/1416] Building C object esp-idf/sdmmc/CMakeFiles/__idf_sdmmc.dir/sdmmc_cmd.c.obj^[[K
build	Build ESP32-C6 firmware	2026-09-24T11:34:58.3815572Z [503/1416] Building C object esp-idf/esp_driver_sdspi/CMakeFiles/__idf_esp_driver_sdspi.dir/src/sdspi_crc.c.obj^[[K
build	Build ESP32-C6 firmware	2026-09-24T11:34:58.4253538Z [504/1416] Building C object esp-idf/sdmmc/CMakeFiles/__idf_sdmmc.dir/sdmmc_io.c.obj^[[K
build	Build ESP32-C6 firmware	2026-09-24T11:34:58.4438925Z [505/1416] Building C object esp-idf/sdmmc/CMakeFiles/__idf_sdmmc.dir/sd_pwr_ctrl/sd_pwr_ctrl.c.obj^[[K
build	Build ESP32-C6 firmware	2026-09-24T11:34:58.5883652Z [506/1416] Building C object esp-idf/sdmmc/CMakeFiles/__idf_sdmmc.dir/sdmmc_mmc.c.obj^[[K
build	Build ESP32-C6 firmware	2026-09-24T11:34:58.5895204Z [507/1416] Building C object esp-idf/esp_driver_sdspi/CMakeFiles/__idf_esp_driver_sdspi.dir/src/sdspi_transaction.c.obj^[[K
build	Build ESP32-C6 firmware	2026-09-24T11:34:58.5959647Z [508/1416] Building C object esp-idf/sdmmc/CMakeFiles/__idf_sdmmc.dir/sdmmc_sd.c.obj^[[K
build	Build ESP32-C6 firmware	2026-09-24T11:34:58.6961713Z [509/1416] Building C object esp-idf/esp_driver_sdspi/CMakeFiles/__idf_esp_driver_sdspi.dir/src/sdspi_host.c.obj^[[K
build	Build ESP32-C6 firmware	2026-09-24T11:34:58.7026843Z [510/1416] Building C object esp-idf/esp_driver_rmt/CMakeFiles/__idf_esp_driver_rmt.dir/src/rmt_common.c.obj^[[K
build	Build ESP32-C6 firmware	2026-09-24T11:34:58.7814904Z [511/1416] Building C object esp-idf/esp_driver_rmt/CMakeFiles/__idf_esp_driver_rmt.dir/src/rmt_encoder.c.obj^[[K
build	Build ESP32-C6 firmware	2026-09-24T11:34:58.8895666Z [512/1416] Building C object esp-idf/esp_driver_sdio/CMakeFiles/__idf_esp_driver_sdio.dir/src/sdio_slave.c.obj^[[K
build	Build ESP32-C6 firmware	2026-09-24T11:34:58.9151315Z [513/1416] Building C object esp-idf/esp_driver_tsens/CMakeFiles/__idf_esp_driver_tsens.dir/src/temperature_sensor_etm.c.obj^[[K
build	Build ESP32-C6 firmware	2026-09-24T11:34:58.9339030Z [514/1416] Building C object esp-idf/esp_driver_rmt/CMakeFiles/__idf_esp_driver_rmt.dir/src/rmt_tx.c.obj^[[K
build	Build ESP32-C6 firmware	2026-09-24T11:34:58.9413104Z [515/1416] Building C object esp-idf/esp_driver_sdm/CMakeFiles/__idf_esp_driver_sdm.dir/src/sdm.c.obj^[[K
build	Build ESP32-C6 firmware	2026-09-24T11:34:59.0143117Z [516/1416] Building C object esp-idf/esp_driver_tsens/CMakeFiles/__idf_esp_driver_tsens.dir/src/temperature_sensor.c.obj^[[K
build	Build ESP32-C6 firmware	2026-09-24T11:34:59.2128100Z [517/1416] Building C object esp-idf/esp_driver_rmt/CMakeFiles/__idf_esp_driver_rmt.dir/src/rmt_rx.c.obj^[[K
build	Build ESP32-C6 firmware	2026-09-24T11:34:59.2196662Z [518/1416] Building C object esp-idf/esp_driver_i2c/CMakeFiles/__idf_esp_driver_i2c.dir/i2c_common.c.obj^[[K
build	Build ESP32-C6 firmware	2026-09-24T11:34:59.2402211Z [519/1416] Building C object esp-idf/esp_driver_parlio/CMakeFiles/__idf_esp_driver_parlio.dir/src/parlio_common.c.obj^[[K
build	Build ESP32-C6 firmware	2026-09-24T11:34:59.2866837Z [520/1416] Building C object esp-idf/esp_driver_i2c/CMakeFiles/__idf_esp_driver_i2c.dir/i2c_slave.c.obj^[[K
build	Build ESP32-C6 firmware	2026-09-24T11:34:59.3880382Z [521/1416] Building C object esp-idf/esp_driver_i2c/CMakeFiles/__idf_esp_driver_i2c.dir/i2c_master.c.obj^[[K
build	Build ESP32-C6 firmware	2026-09-24T11:34:59.4394874Z [522/1416] Building C object esp-idf/esp_driver_usb_serial_jtag/CMakeFiles/__idf_esp_driver_usb_serial_jtag.dir/src/usb_serial_jtag.c.obj^[[K
build	Build ESP32-C6 firmware	2026-09-24T11:34:59.4767460Z [523/1416] Building C object esp-idf/esp_driver_usb_serial_jtag/CMakeFiles/__idf_esp_driver_usb_serial_jtag.dir/src/usb_serial_jtag_connection_monitor.c.obj^[[K
build	Build ESP32-C6 firmware	2026-09-24T11:34:59.5487553Z [524/1416] Building C object esp-idf/esp_driver_parlio/CMakeFiles/__idf_esp_driver_parlio.dir/src/parlio_tx.c.obj^[[K
build	Build ESP32-C6 firmware	2026-09-24T11:34:59.5806882Z [525/1416] Building C object esp-idf/esp_driver_ledc/CMakeFiles/__idf_esp_driver_ledc.dir/src/ledc.c.obj^[[K
build	Build ESP32-C6 firmware	2026-09-24T11:34:59.6121592Z [526/1416] Building C object esp-idf/esp_driver_usb_serial_jtag/CMakeFiles/__idf_esp_driver_usb_serial_jtag.dir/src/usb_serial_jtag_vfs.c.obj^[[K
build	Build ESP32-C6 firmware	2026-09-24T11:34:59.6830031Z [527/1416] Building C object esp-idf/esp_driver_parlio/CMakeFiles/__idf_esp_driver_parlio.dir/src/parlio_rx.c.obj^[[K
build	Build ESP32-C6 firmware	2026-09-24T11:34:59.7807276Z [528/1416] Building C object esp-idf/driver/CMakeFiles/__idf_driver.dir/deprecated/adc_legacy.c.obj^[[K
build	Build ESP32-C6 firmware	2026-09-24T11:34:59.8325377Z [529/1416] Building C object esp-idf/driver/CMakeFiles/__idf_driver.dir/deprecated/adc_dma_legacy.c.obj^[[K
build	Build ESP32-C6 firmware	2026-09-24T11:35:00.0946698Z [530/1416] Building C object esp-idf/driver/CMakeFiles/__idf_driver.dir/deprecated/timer_legacy.c.obj^[[K
build	Build ESP32-C6 firmware	2026-09-24T11:35:00.1199984Z [531/1416] Building C object esp-idf/driver/CMakeFiles/__idf_driver.dir/deprecated/sigma_delta_legacy.c.obj^[[K
build	Build ESP32-C6 firmware	2026-09-24T11:35:00.1395544Z [532/1416] Building C object esp-idf/driver/CMakeFiles/__idf_driver.dir/i2c/i2c.c.obj^[[K
build	Build ESP32-C6 firmware	2026-09-24T11:35:00.2702772Z [533/1416] Building C object esp-idf/driver/CMakeFiles/__idf_driver.dir/deprecated/i2s_legacy.c.obj^[[K
build	Build ESP32-C6 firmware	2026-09-24T11:35:00.2757475Z [534/1416] Building C object esp-idf/driver/CMakeFiles/__idf_driver.dir/deprecated/mcpwm_legacy.c.obj^[[K
build	Build ESP32-C6 firmware	2026-09-24T11:35:00.2850042Z [535/1416] Building C object esp-idf/driver/CMakeFiles/__idf_driver.dir/deprecated/pcnt_legacy.c.obj^[[K
build	Build ESP32-C6 firmware	2026-09-24T11:35:00.3343382Z [536/1416] Building C object esp-idf/driver/CMakeFiles/__idf_driver.dir/deprecated/rmt_legacy.c.obj^[[K
build	Build ESP32-C6 firmware	2026-09-24T11:35:00.3355485Z [537/1416] Building C object esp-idf/driver/CMakeFiles/__idf_driver.dir/deprecated/rtc_temperature_legacy.c.obj^[[K
build	Build ESP32-C6 firmware	2026-09-24T11:35:00.3574966Z [538/1416] Building C object esp-idf/esp_phy/CMakeFiles/__idf_esp_phy.dir/src/phy_override.c.obj^[[K
build	Build ESP32-C6 firmware	2026-09-24T11:35:00.4307102Z [539/1416] Building C object esp-idf/esp_phy/CMakeFiles/__idf_esp_phy.dir/src/lib_printf.c.obj^[[K
build	Build ESP32-C6 firmware	2026-09-24T11:35:00.4353179Z [540/1416] Building C object esp-idf/driver/CMakeFiles/__idf_driver.dir/twai/twai.c.obj^[[K
build	Build ESP32-C6 firmware	2026-09-24T11:35:00.4907681Z [541/1416] Building C object esp-idf/esp_phy/CMakeFiles/__idf_esp_phy.dir/esp32c6/phy_init_data.c.obj^[[K
build	Build ESP32-C6 firmware	2026-09-24T11:35:00.5156940Z [542/1416] Building C object esp-idf/esp_phy/CMakeFiles/__idf_esp_phy.dir/src/phy_common.c.obj^[[K
build	Build ESP32-C6 firmware	2026-09-24T11:35:00.5214786Z [543/1416] Building C object esp-idf/esp_phy/CMakeFiles/__idf_esp_phy.dir/src/btbb_init.c.obj^[[K
build	Build ESP32-C6 firmware	2026-09-24T11:35:00.5495562Z [544/1416] Building C object esp-idf/esp_vfs_console/CMakeFiles/__idf_esp_vfs_console.dir/vfs_console.c.obj^[[K
build	Build ESP32-C6 firmware	2026-09-24T11:35:00.7407413Z [545/1416] Building C object esp-idf/esp_phy/CMakeFiles/__idf_esp_phy.dir/src/phy_init.c.obj^[[K
build	Build ESP32-C6 firmware	2026-09-24T11:35:00.7621625Z [546/1416] Building C object esp-idf/vfs/CMakeFiles/__idf_vfs.dir/vfs_eventfd.c.obj^[[K
build	Build ESP32-C6 firmware	2026-09-24T11:35:00.7833473Z [547/1416] Building C object esp-idf/vfs/CMakeFiles/__idf_vfs.dir/nullfs.c.obj^[[K
build	Build ESP32-C6 firmware	2026-09-24T11:35:00.8537559Z [548/1416] Building C object esp-idf/lwip/CMakeFiles/__idf_lwip.dir/apps/sntp/sntp.c.obj^[[K
build	Build ESP32-C6 firmware	2026-09-24T11:35:00.8553001Z [549/1416] Building C object esp-idf/vfs/CMakeFiles/__idf_vfs.dir/vfs.c.obj^[[K
build	Build ESP32-C6 firmware	2026-09-24T11:35:00.9215161Z [550/1416] Building C object esp-idf/lwip/CMakeFiles/__idf_lwip.dir/lwip/src/api/api_lib.c.obj^[[K
build	Build ESP32-C6 firmware	2026-09-24T11:35:00.9716584Z [551/1416] Building C object esp-idf/vfs/CMakeFiles/__idf_vfs.dir/vfs_semihost.c.obj^[[K
build	Build ESP32-C6 firmware	2026-09-24T11:35:00.9827315Z [552/1416] Building C object esp-idf/lwip/CMakeFiles/__idf_lwip.dir/lwip/src/api/err.c.obj^[[K
build	Build ESP32-C6 firmware	2026-09-24T11:35:01.1040793Z [553/1416] Building C object esp-idf/lwip/CMakeFiles/__idf_lwip.dir/lwip/src/api/if_api.c.obj^[[K
build	Build ESP32-C6 firmware	2026-09-24T11:35:01.1122271Z [554/1416] Building C object esp-idf/lwip/CMakeFiles/__idf_lwip.dir/lwip/src/api/netdb.c.obj^[[K
build	Build ESP32-C6 firmware	2026-09-24T11:35:01.1177404Z [555/1416] Building C object esp-idf/lwip/CMakeFiles/__idf_lwip.dir/lwip/src/api/netbuf.c.obj^[[K
build	Build ESP32-C6 firmware	2026-09-24T11:35:01.1281669Z [556/1416] Building C object esp-idf/lwip/CMakeFiles/__idf_lwip.dir/lwip/src/api/netifapi.c.obj^[[K
build	Build ESP32-C6 firmware	2026-09-24T11:35:01.1766938Z [557/1416] Building C object esp-idf/lwip/CMakeFiles/__idf_lwip.dir/lwip/src/api/api_msg.c.obj^[[K
build	Build ESP32-C6 firmware	2026-09-24T11:35:01.3208443Z [558/1416] Building C object esp-idf/lwip/CMakeFiles/__idf_lwip.dir/lwip/src/api/tcpip.c.obj^[[K
build	Build ESP32-C6 firmware	2026-09-24T11:35:01.3521514Z [559/1416] Building C object esp-idf/lwip/CMakeFiles/__idf_lwip.dir/lwip/src/apps/netbiosns/netbiosns.c.obj^[[K
build	Build ESP32-C6 firmware	2026-09-24T11:35:01.3825333Z [560/1416] Building C object esp-idf/lwip/CMakeFiles/__idf_lwip.dir/lwip/src/core/inet_chksum.c.obj^[[K
build	Build ESP32-C6 firmware	2026-09-24T11:35:01.3949389Z [561/1416] Building C object esp-idf/lwip/CMakeFiles/__idf_lwip.dir/lwip/src/core/def.c.obj^[[K
build	Build ESP32-C6 firmware	2026-09-24T11:35:01.5149952Z [562/1416] Building C object esp-idf/lwip/CMakeFiles/__idf_lwip.dir/lwip/src/apps/sntp/sntp.c.obj^[[K
build	Build ESP32-C6 firmware	2026-09-24T11:35:01.5580101Z [563/1416] Building C object esp-idf/lwip/CMakeFiles/__idf_lwip.dir/lwip/src/core/dns.c.obj^[[K
build	Build ESP32-C6 firmware	2026-09-24T11:35:01.5814935Z [564/1416] Building C object esp-idf/lwip/CMakeFiles/__idf_lwip.dir/lwip/src/core/mem.c.obj^[[K
build	Build ESP32-C6 firmware	2026-09-24T11:35:01.6052501Z [565/1416] Building C object esp-idf/lwip/CMakeFiles/__idf_lwip.dir/lwip/src/core/init.c.obj^[[K
build	Build ESP32-C6 firmware	2026-09-24T11:35:01.6313942Z [566/1416] Building C object esp-idf/lwip/CMakeFiles/__idf_lwip.dir/lwip/src/core/ip.c.obj^[[K
build	Build ESP32-C6 firmware	2026-09-24T11:35:01.6819896Z [567/1416] Building C object esp-idf/lwip/CMakeFiles/__idf_lwip.dir/lwip/src/api/sockets.c.obj^[[K
build	Build ESP32-C6 firmware	2026-09-24T11:35:01.7984498Z [568/1416] Building C object esp-idf/lwip/CMakeFiles/__idf_lwip.dir/lwip/src/core/memp.c.obj^[[K
build	Build ESP32-C6 firmware	2026-09-24T11:35:01.8116495Z [569/1416] Building C object esp-idf/lwip/CMakeFiles/__idf_lwip.dir/lwip/src/core/sys.c.obj^[[K
build	Build ESP32-C6 firmware	2026-09-24T11:35:01.8134723Z [570/1416] Building C object esp-idf/lwip/CMakeFiles/__idf_lwip.dir/lwip/src/core/stats.c.obj^[[K
build	Build ESP32-C6 firmware	2026-09-24T11:35:01.8670627Z [571/1416] Building C object esp-idf/lwip/CMakeFiles/__idf_lwip.dir/lwip/src/core/netif.c.obj^[[K
build	Build ESP32-C6 firmware	2026-09-24T11:35:01.9105980Z [572/1416] Building C object esp-idf/lwip/CMakeFiles/__idf_lwip.dir/lwip/src/core/pbuf.c.obj^[[K
build	Build ESP32-C6 firmware	2026-09-24T11:35:02.0579823Z [573/1416] Building C object esp-idf/lwip/CMakeFiles/__idf_lwip.dir/lwip/src/core/raw.c.obj^[[K
build	Build ESP32-C6 firmware	2026-09-24T11:35:02.1459462Z [574/1416] Building C object esp-idf/lwip/CMakeFiles/__idf_lwip.dir/lwip/src/core/ipv4/autoip.c.obj^[[K
build	Build ESP32-C6 firmware	2026-09-24T11:35:02.1552606Z [575/1416] Building C object esp-idf/lwip/CMakeFiles/__idf_lwip.dir/lwip/src/core/timeouts.c.obj^[[K
build	Build ESP32-C6 firmware	2026-09-24T11:35:02.1875207Z [576/1416] Building C object esp-idf/lwip/CMakeFiles/__idf_lwip.dir/lwip/src/core/tcp.c.obj^[[K
build	Build ESP32-C6 firmware	2026-09-24T11:35:02.2025242Z [577/1416] Building C object esp-idf/lwip/CMakeFiles/__idf_lwip.dir/lwip/src/core/tcp_out.c.obj^[[K
build	Build ESP32-C6 firmware	2026-09-24T11:35:02.2434970Z [578/1416] Building C object esp-idf/lwip/CMakeFiles/__idf_lwip.dir/lwip/src/core/tcp_in.c.obj^[[K
build	Build ESP32-C6 firmware	2026-09-24T11:35:02.3368611Z [579/1416] Building C object esp-idf/lwip/CMakeFiles/__idf_lwip.dir/lwip/src/core/udp.c.obj^[[K
build	Build ESP32-C6 firmware	2026-09-24T11:35:02.4087806Z [580/1416] Building C object esp-idf/lwip/CMakeFiles/__idf_lwip.dir/lwip/src/core/ipv4/icmp.c.obj^[[K
build	Build ESP32-C6 firmware	2026-09-24T11:35:02.4526627Z [581/1416] Building C object esp-idf/lwip/CMakeFiles/__idf_lwip.dir/lwip/src/core/ipv4/ip4.c.obj^[[K
build	Build ESP32-C6 firmware	2026-09-24T11:35:02.4581590Z [582/1416] Building C object esp-idf/lwip/CMakeFiles/__idf_lwip.dir/lwip/src/core/ipv4/dhcp.c.obj^[[K
build	Build ESP32-C6 firmware	2026-09-24T11:35:02.4843064Z [583/1416] Building C object esp-idf/lwip/CMakeFiles/__idf_lwip.dir/lwip/src/core/ipv4/etharp.c.obj^[[K
build	Build ESP32-C6 firmware	2026-09-24T11:35:02.4882384Z [584/1416] Building C object esp-idf/lwip/CMakeFiles/__idf_lwip.dir/lwip/src/core/ipv4/ip4_napt.c.obj^[[K
build	Build ESP32-C6 firmware	2026-09-24T11:35:02.5766707Z [585/1416] Building C object esp-idf/lwip/CMakeFiles/__idf_lwip.dir/lwip/src/core/ipv4/igmp.c.obj^[[K
build	Build ESP32-C6 firmware	2026-09-24T11:35:02.6001252Z [586/1416] Building C object esp-idf/lwip/CMakeFiles/__idf_lwip.dir/lwip/src/core/ipv4/ip4_addr.c.obj^[[K
build	Build ESP32-C6 firmware	2026-09-24T11:35:02.6360497Z [587/1416] Building C object esp-idf/lwip/CMakeFiles/__idf_lwip.dir/lwip/src/core/ipv4/ip4_frag.c.obj^[[K
build	Build ESP32-C6 firmware	2026-09-24T11:35:02.6652633Z [588/1416] Building C object esp-idf/lwip/CMakeFiles/__idf_lwip.dir/lwip/src/core/ipv6/dhcp6.c.obj^[[K
build	Build ESP32-C6 firmware	2026-09-24T11:35:02.6703878Z [589/1416] Building C object esp-idf/lwip/CMakeFiles/__idf_lwip.dir/lwip/src/core/ipv6/inet6.c.obj^[[K
build	Build ESP32-C6 firmware	2026-09-24T11:35:02.7093990Z [590/1416] Building C object esp-idf/lwip/CMakeFiles/__idf_lwip.dir/lwip/src/core/ipv6/icmp6.c.obj^[[K
build	Build ESP32-C6 firmware	2026-09-24T11:35:02.7891484Z [591/1416] Building C object esp-idf/lwip/CMakeFiles/__idf_lwip.dir/lwip/src/core/ipv6/ethip6.c.obj^[[K
build	Build ESP32-C6 firmware	2026-09-24T11:35:02.8212021Z [592/1416] Building C object esp-idf/lwip/CMakeFiles/__idf_lwip.dir/lwip/src/core/ipv6/ip6_addr.c.obj^[[K
build	Build ESP32-C6 firmware	2026-09-24T11:35:02.8570468Z [593/1416] Building C object esp-idf/lwip/CMakeFiles/__idf_lwip.dir/lwip/src/core/ipv6/ip6_frag.c.obj^[[K
build	Build ESP32-C6 firmware	2026-09-24T11:35:02.9071675Z [594/1416] Building C object esp-idf/lwip/CMakeFiles/__idf_lwip.dir/lwip/src/core/ipv6/ip6.c.obj^[[K
build	Build ESP32-C6 firmware	2026-09-24T11:35:02.9421700Z [595/1416] Building C object esp-idf/lwip/CMakeFiles/__idf_lwip.dir/lwip/src/netif/ethernet.c.obj^[[K
build	Build ESP32-C6 firmware	2026-09-24T11:35:02.9602879Z [596/1416] Building C object esp-idf/lwip/CMakeFiles/__idf_lwip.dir/lwip/src/core/ipv6/mld6.c.obj^[[K
build	Build ESP32-C6 firmware	2026-09-24T11:35:03.0687228Z [597/1416] Building C object esp-idf/lwip/CMakeFiles/__idf_lwip.dir/lwip/src/netif/bridgeif.c.obj^[[K
build	Build ESP32-C6 firmware	2026-09-24T11:35:03.1044495Z [598/1416] Building C object esp-idf/lwip/CMakeFiles/__idf_lwip.dir/lwip/src/netif/ppp/auth.c.obj^[[K
build	Build ESP32-C6 firmware	2026-09-24T11:35:03.1219474Z [599/1416] Building C object esp-idf/lwip/CMakeFiles/__idf_lwip.dir/lwip/src/netif/bridgeif_fdb.c.obj^[[K
build	Build ESP32-C6 firmware	2026-09-24T11:35:03.1226688Z [600/1416] Building C object esp-idf/lwip/CMakeFiles/__idf_lwip.dir/lwip/src/netif/ppp/chap-md5.c.obj^[[K
build	Build ESP32-C6 firmware	2026-09-24T11:35:03.1413756Z [601/1416] Building C object esp-idf/lwip/CMakeFiles/__idf_lwip.dir/lwip/src/netif/ppp/ccp.c.obj^[[K
build	Build ESP32-C6 firmware	2026-09-24T11:35:03.1465198Z [602/1416] Building C object esp-idf/lwip/CMakeFiles/__idf_lwip.dir/lwip/src/core/ipv6/nd6.c.obj^[[K
build	Build ESP32-C6 firmware	2026-09-24T11:35:03.2410563Z [603/1416] Building C object esp-idf/lwip/CMakeFiles/__idf_lwip.dir/lwip/src/netif/slipif.c.obj^[[K
build	Build ESP32-C6 firmware	2026-09-24T11:35:03.2521370Z [604/1416] Building C object esp-idf/lwip/CMakeFiles/__idf_lwip.dir/lwip/src/netif/ppp/chap_ms.c.obj^[[K
build	Build ESP32-C6 firmware	2026-09-24T11:35:03.2653783Z [605/1416] Building C object esp-idf/lwip/CMakeFiles/__idf_lwip.dir/lwip/src/netif/ppp/chap-new.c.obj^[[K
build	Build ESP32-C6 firmware	2026-09-24T11:35:03.3086905Z [606/1416] Building C object esp-idf/lwip/CMakeFiles/__idf_lwip.dir/lwip/src/netif/ppp/ecp.c.obj^[[K
build	Build ESP32-C6 firmware	2026-09-24T11:35:03.3155103Z [607/1416] Building C object esp-idf/lwip/CMakeFiles/__idf_lwip.dir/lwip/src/netif/ppp/eap.c.obj^[[K
build	Build ESP32-C6 firmware	2026-09-24T11:35:03.3216471Z [608/1416] Building C object esp-idf/lwip/CMakeFiles/__idf_lwip.dir/lwip/src/netif/ppp/demand.c.obj^[[K
build	Build ESP32-C6 firmware	2026-09-24T11:35:03.4146378Z [609/1416] Building C object esp-idf/lwip/CMakeFiles/__idf_lwip.dir/lwip/src/netif/ppp/eui64.c.obj^[[K
build	Build ESP32-C6 firmware	2026-09-24T11:35:03.4190492Z [610/1416] Building C object esp-idf/lwip/CMakeFiles/__idf_lwip.dir/lwip/src/netif/ppp/ipv6cp.c.obj^[[K
build	Build ESP32-C6 firmware	2026-09-24T11:35:03.4433606Z [611/1416] Building C object esp-idf/lwip/CMakeFiles/__idf_lwip.dir/lwip/src/netif/ppp/ipcp.c.obj^[[K
build	Build ESP32-C6 firmware	2026-09-24T11:35:03.4508035Z [612/1416] Building C object esp-idf/lwip/CMakeFiles/__idf_lwip.dir/lwip/src/netif/ppp/fsm.c.obj^[[K
build	Build ESP32-C6 firmware	2026-09-24T11:35:03.4934522Z [613/1416] Building C object esp-idf/lwip/CMakeFiles/__idf_lwip.dir/lwip/src/netif/ppp/magic.c.obj^[[K
build	Build ESP32-C6 firmware	2026-09-24T11:35:03.5060295Z [614/1416] Building C object esp-idf/lwip/CMakeFiles/__idf_lwip.dir/lwip/src/netif/ppp/lcp.c.obj^[[K
build	Build ESP32-C6 firmware	2026-09-24T11:35:03.5982491Z [615/1416] Building C object esp-idf/lwip/CMakeFiles/__idf_lwip.dir/lwip/src/netif/ppp/mppe.c.obj^[[K
build	Build ESP32-C6 firmware	2026-09-24T11:35:03.6227224Z [616/1416] Building C object esp-idf/lwip/CMakeFiles/__idf_lwip.dir/lwip/src/netif/ppp/ppp.c.obj^[[K
build	Build ESP32-C6 firmware	2026-09-24T11:35:03.6402873Z [617/1416] Building C object esp-idf/lwip/CMakeFiles/__idf_lwip.dir/lwip/src/netif/ppp/pppcrypt.c.obj^[[K
build	Build ESP32-C6 firmware	2026-09-24T11:35:03.6416952Z [618/1416] Building C object esp-idf/lwip/CMakeFiles/__idf_lwip.dir/lwip/src/netif/ppp/multilink.c.obj^[[K
build	Build ESP32-C6 firmware	2026-09-24T11:35:03.6496351Z [619/1416] Building C object esp-idf/lwip/CMakeFiles/__idf_lwip.dir/lwip/src/netif/ppp/pppol2tp.c.obj^[[K
build	Build ESP32-C6 firmware	2026-09-24T11:35:03.6543604Z [620/1416] Building C object esp-idf/lwip/CMakeFiles/__idf_lwip.dir/lwip/src/netif/ppp/pppapi.c.obj^[[K
build	Build ESP32-C6 firmware	2026-09-24T11:35:03.7698554Z [621/1416] Building C object esp-idf/lwip/CMakeFiles/__idf_lwip.dir/lwip/src/netif/ppp/pppoe.c.obj^[[K
build	Build ESP32-C6 firmware	2026-09-24T11:35:03.7738479Z [622/1416] Building C object esp-idf/lwip/CMakeFiles/__idf_lwip.dir/lwip/src/netif/ppp/vj.c.obj^[[K
build	Build ESP32-C6 firmware	2026-09-24T11:35:03.7746270Z [623/1416] Building C object esp-idf/lwip/CMakeFiles/__idf_lwip.dir/lwip/src/netif/ppp/pppos.c.obj^[[K
build	Build ESP32-C6 firmware	2026-09-24T11:35:03.8160426Z [624/1416] Building C object esp-idf/lwip/CMakeFiles/__idf_lwip.dir/lwip/src/netif/ppp/upap.c.obj^[[K
build	Build ESP32-C6 firmware	2026-09-24T11:35:03.8726974Z [625/1416] Building C object esp-idf/lwip/CMakeFiles/__idf_lwip.dir/lwip/src/netif/ppp/utils.c.obj^[[K
build	Build ESP32-C6 firmware	2026-09-24T11:35:03.9002294Z [626/1416] Building C object esp-idf/lwip/CMakeFiles/__idf_lwip.dir/port/hooks/tcp_isn_default.c.obj^[[K
build	Build ESP32-C6 firmware	2026-09-24T11:35:03.9811074Z [627/1416] Building C object esp-idf/lwip/CMakeFiles/__idf_lwip.dir/port/hooks/lwip_default_hooks.c.obj^[[K
build	Build ESP32-C6 firmware	2026-09-24T11:35:04.0095228Z [628/1416] Building C object esp-idf/lwip/CMakeFiles/__idf_lwip.dir/port/acd_dhcp_check.c.obj^[[K
build	Build ESP32-C6 firmware	2026-09-24T11:35:04.0294785Z [629/1416] Building C object esp-idf/lwip/CMakeFiles/__idf_lwip.dir/port/debug/lwip_debug.c.obj^[[K
build	Build ESP32-C6 firmware	2026-09-24T11:35:04.0750696Z [630/1416] Building C object esp-idf/lwip/CMakeFiles/__idf_lwip.dir/port/freertos/sys_arch.c.obj^[[K
build	Build ESP32-C6 firmware	2026-09-24T11:35:04.0960573Z [631/1416] Building C object esp-idf/lwip/CMakeFiles/__idf_lwip.dir/port/sockets_ext.c.obj^[[K
build	Build ESP32-C6 firmware	2026-09-24T11:35:04.1534324Z [632/1416] Building C object esp-idf/lwip/CMakeFiles/__idf_lwip.dir/port/esp32xx/vfs_lwip.c.obj^[[K
build	Build ESP32-C6 firmware	2026-09-24T11:35:04.2016221Z [633/1416] Building C object esp-idf/lwip/CMakeFiles/__idf_lwip.dir/apps/ping/esp_ping.c.obj^[[K
build	Build ESP32-C6 firmware	2026-09-24T11:35:04.2323102Z [634/1416] Building C object esp-idf/lwip/CMakeFiles/__idf_lwip.dir/apps/ping/ping.c.obj^[[K
build	Build ESP32-C6 firmware	2026-09-24T11:35:04.2398260Z [635/1416] Building C object esp-idf/lwip/CMakeFiles/__idf_lwip.dir/lwip/src/netif/ppp/polarssl/arc4.c.obj^[[K
build	Build ESP32-C6 firmware	2026-09-24T11:35:04.2750645Z [636/1416] Building C object esp-idf/lwip/CMakeFiles/__idf_lwip.dir/apps/ping/ping_sock.c.obj^[[K
build	Build ESP32-C6 firmware	2026-09-24T11:35:04.2753983Z [637/1416] Building C object esp-idf/lwip/CMakeFiles/__idf_lwip.dir/lwip/src/netif/ppp/polarssl/des.c.obj^[[K
build	Build ESP32-C6 firmware	2026-09-24T11:35:04.3298510Z [638/1416] Building C object esp-idf/lwip/CMakeFiles/__idf_lwip.dir/lwip/src/netif/ppp/polarssl/md4.c.obj^[[K
build	Build ESP32-C6 firmware	2026-09-24T11:35:04.3401704Z [639/1416] Building C object esp-idf/lwip/CMakeFiles/__idf_lwip.dir/lwip/src/netif/ppp/polarssl/md5.c.obj^[[K
build	Build ESP32-C6 firmware	2026-09-24T11:35:04.3873032Z [640/1416] Building C object esp-idf/lwip/CMakeFiles/__idf_lwip.dir/lwip/src/netif/ppp/polarssl/sha1.c.obj^[[K
build	Build ESP32-C6 firmware	2026-09-24T11:35:04.4148571Z [641/1416] Building C object esp-idf/esp_netif/CMakeFiles/__idf_esp_netif.dir/esp_netif_objects.c.obj^[[K
build	Build ESP32-C6 firmware	2026-09-24T11:35:04.4356552Z [642/1416] Building C object esp-idf/esp_netif/CMakeFiles/__idf_esp_netif.dir/esp_netif_handlers.c.obj^[[K
build	Build ESP32-C6 firmware	2026-09-24T11:35:04.5557392Z [643/1416] Building C object esp-idf/esp_netif/CMakeFiles/__idf_esp_netif.dir/esp_netif_defaults.c.obj^[[K
build	Build ESP32-C6 firmware	2026-09-24T11:35:04.5787113Z [644/1416] Building C object esp-idf/lwip/CMakeFiles/__idf_lwip.dir/apps/dhcpserver/dhcpserver.c.obj^[[K
build	Build ESP32-C6 firmware	2026-09-24T11:35:04.6036554Z [645/1416] Building C object esp-idf/esp_netif/CMakeFiles/__idf_esp_netif.dir/lwip/esp_netif_sntp.c.obj^[[K
build	Build ESP32-C6 firmware	2026-09-24T11:35:04.6620950Z [646/1416] Building C object esp-idf/esp_netif/CMakeFiles/__idf_esp_netif.dir/lwip/esp_netif_lwip_defaults.c.obj^[[K
build	Build ESP32-C6 firmware	2026-09-24T11:35:04.7120674Z [647/1416] Building C object esp-idf/esp_netif/CMakeFiles/__idf_esp_netif.dir/lwip/netif/wlanif.c.obj^[[K
build	Build ESP32-C6 firmware	2026-09-24T11:35:04.7349086Z [648/1416] Building C object esp-idf/esp_netif/CMakeFiles/__idf_esp_netif.dir/lwip/netif/esp_pbuf_ref.c.obj^[[K
build	Build ESP32-C6 firmware	2026-09-24T11:35:04.8124829Z [649/1416] Building C object esp-idf/esp_netif/CMakeFiles/__idf_esp_netif.dir/lwip/netif/ethernetif.c.obj^[[K
build	Build ESP32-C6 firmware	2026-09-24T11:35:04.8695687Z [650/1416] Building C object esp-idf/wpa_supplicant/CMakeFiles/__idf_wpa_supplicant.dir/port/os_xtensa.c.obj^[[K
build	Build ESP32-C6 firmware	2026-09-24T11:35:04.8954292Z [651/1416] Building C object esp-idf/wpa_supplicant/CMakeFiles/__idf_wpa_supplicant.dir/port/eloop.c.obj^[[K
build	Build ESP32-C6 firmware	2026-09-24T11:35:04.9146307Z [652/1416] Building C object esp-idf/wpa_supplicant/CMakeFiles/__idf_wpa_supplicant.dir/src/ap/ap_config.c.obj^[[K
build	Build ESP32-C6 firmware	2026-09-24T11:35:05.0553052Z [653/1416] Building C object esp-idf/esp_netif/CMakeFiles/__idf_esp_netif.dir/lwip/esp_netif_lwip.c.obj^[[K
build	Build ESP32-C6 firmware	2026-09-24T11:35:05.0554722Z [654/1416] Building C object esp-idf/wpa_supplicant/CMakeFiles/__idf_wpa_supplicant.dir/src/ap/ieee802_1x.c.obj^[[K
build	Build ESP32-C6 firmware	2026-09-24T11:35:05.0829119Z [655/1416] Building C object esp-idf/wpa_supplicant/CMakeFiles/__idf_wpa_supplicant.dir/src/ap/pmksa_cache_auth.c.obj^[[K
build	Build ESP32-C6 firmware	2026-09-24T11:35:05.1694249Z [656/1416] Building C object esp-idf/wpa_supplicant/CMakeFiles/__idf_wpa_supplicant.dir/src/ap/sta_info.c.obj^[[K
build	Build ESP32-C6 firmware	2026-09-24T11:35:05.2564803Z [657/1416] Building C object esp-idf/wpa_supplicant/CMakeFiles/__idf_wpa_supplicant.dir/src/ap/wpa_auth_ie.c.obj^[[K
build	Build ESP32-C6 firmware	2026-09-24T11:35:05.2641607Z [658/1416] Building C object esp-idf/wpa_supplicant/CMakeFiles/__idf_wpa_supplicant.dir/src/common/dragonfly.c.obj^[[K
build	Build ESP32-C6 firmware	2026-09-24T11:35:05.2882060Z [659/1416] Building C object esp-idf/wpa_supplicant/CMakeFiles/__idf_wpa_supplicant.dir/src/ap/comeback_token.c.obj^[[K
build	Build ESP32-C6 firmware	2026-09-24T11:35:05.2904290Z [660/1416] Building C object esp-idf/wpa_supplicant/CMakeFiles/__idf_wpa_supplicant.dir/src/ap/ieee802_11.c.obj^[[K
build	Build ESP32-C6 firmware	2026-09-24T11:35:05.4511028Z [661/1416] Building C object esp-idf/wpa_supplicant/CMakeFiles/__idf_wpa_supplicant.dir/src/ap/wpa_auth.c.obj^[[K
build	Build ESP32-C6 firmware	2026-09-24T11:35:05.4959078Z [662/1416] Building C object esp-idf/wpa_supplicant/CMakeFiles/__idf_wpa_supplicant.dir/src/utils/bitfield.c.obj^[[K
build	Build ESP32-C6 firmware	2026-09-24T11:35:05.5268780Z [663/1416] Building C object esp-idf/wpa_supplicant/CMakeFiles/__idf_wpa_supplicant.dir/src/common/wpa_common.c.obj^[[K
build	Build ESP32-C6 firmware	2026-09-24T11:35:05.5663824Z [664/1416] Building C object esp-idf/wpa_supplicant/CMakeFiles/__idf_wpa_supplicant.dir/src/crypto/sha256-kdf.c.obj^[[K
build	Build ESP32-C6 firmware	2026-09-24T11:35:05.5873767Z [665/1416] Building C object esp-idf/wpa_supplicant/CMakeFiles/__idf_wpa_supplicant.dir/src/crypto/ccmp.c.obj^[[K
build	Build ESP32-C6 firmware	2026-09-24T11:35:05.6283661Z [666/1416] Building C object esp-idf/wpa_supplicant/CMakeFiles/__idf_wpa_supplicant.dir/src/crypto/aes-siv.c.obj^[[K
build	Build ESP32-C6 firmware	2026-09-24T11:35:05.6382700Z [667/1416] Building C object esp-idf/wpa_supplicant/CMakeFiles/__idf_wpa_supplicant.dir/src/common/sae.c.obj^[[K
build	Build ESP32-C6 firmware	2026-09-24T11:35:05.6966390Z [668/1416] Building C object esp-idf/wpa_supplicant/CMakeFiles/__idf_wpa_supplicant.dir/src/crypto/aes-gcm.c.obj^[[K
build	Build ESP32-C6 firmware	2026-09-24T11:35:05.7391781Z [669/1416] Building C object esp-idf/wpa_supplicant/CMakeFiles/__idf_wpa_supplicant.dir/src/crypto/crypto_ops.c.obj^[[K
build	Build ESP32-C6 firmware	2026-09-24T11:35:05.7970496Z [670/1416] Building C object esp-idf/wpa_supplicant/CMakeFiles/__idf_wpa_supplicant.dir/src/crypto/dh_group5.c.obj^[[K
build	Build ESP32-C6 firmware	2026-09-24T11:35:05.8260847Z [671/1416] Building C object esp-idf/wpa_supplicant/CMakeFiles/__idf_wpa_supplicant.dir/src/crypto/dh_groups.c.obj^[[K
build	Build ESP32-C6 firmware	2026-09-24T11:35:05.8499762Z [672/1416] Building C object esp-idf/wpa_supplicant/CMakeFiles/__idf_wpa_supplicant.dir/src/crypto/ms_funcs.c.obj^[[K
build	Build ESP32-C6 firmware	2026-09-24T11:35:05.8809669Z [673/1416] Building C object esp-idf/wpa_supplicant/CMakeFiles/__idf_wpa_supplicant.dir/src/crypto/sha1-tlsprf.c.obj^[[K
build	Build ESP32-C6 firmware	2026-09-24T11:35:05.8811018Z [674/1416] Building C object esp-idf/wpa_supplicant/CMakeFiles/__idf_wpa_supplicant.dir/src/crypto/sha256-tlsprf.c.obj^[[K
build	Build ESP32-C6 firmware	2026-09-24T11:35:05.9646726Z [675/1416] Building C object esp-idf/wpa_supplicant/CMakeFiles/__idf_wpa_supplicant.dir/src/crypto/sha384-tlsprf.c.obj^[[K
build	Build ESP32-C6 firmware	2026-09-24T11:35:05.9736361Z [676/1416] Building C object esp-idf/wpa_supplicant/CMakeFiles/__idf_wpa_supplicant.dir/src/crypto/sha256-prf.c.obj^[[K
build	Build ESP32-C6 firmware	2026-09-24T11:35:06.0380059Z [677/1416] Building C object esp-idf/wpa_supplicant/CMakeFiles/__idf_wpa_supplicant.dir/src/crypto/sha1-prf.c.obj^[[K
build	Build ESP32-C6 firmware	2026-09-24T11:35:06.0728023Z [678/1416] Building C object esp-idf/wpa_supplicant/CMakeFiles/__idf_wpa_supplicant.dir/src/crypto/sha384-prf.c.obj^[[K
build	Build ESP32-C6 firmware	2026-09-24T11:35:06.1137870Z [679/1416] Building C object esp-idf/wpa_supplicant/CMakeFiles/__idf_wpa_supplicant.dir/src/crypto/md4-internal.c.obj^[[K
build	Build ESP32-C6 firmware	2026-09-24T11:35:06.1242672Z [680/1416] Building C object esp-idf/wpa_supplicant/CMakeFiles/__idf_wpa_supplicant.dir/src/eap_common/eap_wsc_common.c.obj^[[K
build	Build ESP32-C6 firmware	2026-09-24T11:35:06.1740859Z [681/1416] Building C object esp-idf/wpa_supplicant/CMakeFiles/__idf_wpa_supplicant.dir/src/crypto/sha1-tprf.c.obj^[[K
build	Build ESP32-C6 firmware	2026-09-24T11:35:06.2451427Z [682/1416] Building C object esp-idf/wpa_supplicant/CMakeFiles/__idf_wpa_supplicant.dir/src/eap_peer/chap.c.obj^[[K
build	Build ESP32-C6 firmware	2026-09-24T11:35:06.2715114Z [683/1416] Building C object esp-idf/wpa_supplicant/CMakeFiles/__idf_wpa_supplicant.dir/src/common/ieee802_11_common.c.obj^[[K
build	Build ESP32-C6 firmware	2026-09-24T11:35:06.3694748Z [684/1416] Building C object esp-idf/wpa_supplicant/CMakeFiles/__idf_wpa_supplicant.dir/src/eap_peer/eap_common.c.obj^[[K
build	Build ESP32-C6 firmware	2026-09-24T11:35:06.3701745Z [685/1416] Building C object esp-idf/wpa_supplicant/CMakeFiles/__idf_wpa_supplicant.dir/src/eap_peer/eap.c.obj^[[K
build	Build ESP32-C6 firmware	2026-09-24T11:35:06.4433568Z [686/1416] Building C object esp-idf/wpa_supplicant/CMakeFiles/__idf_wpa_supplicant.dir/src/eap_peer/eap_mschapv2.c.obj^[[K
build	Build ESP32-C6 firmware	2026-09-24T11:35:06.4761937Z [687/1416] Building C object esp-idf/wpa_supplicant/CMakeFiles/__idf_wpa_supplicant.dir/src/eap_peer/eap_peap_common.c.obj^[[K
build	Build ESP32-C6 firmware	2026-09-24T11:35:06.5284639Z [688/1416] Building C object esp-idf/wpa_supplicant/CMakeFiles/__idf_wpa_supplicant.dir/src/eap_peer/eap_tls.c.obj^[[K
build	Build ESP32-C6 firmware	2026-09-24T11:35:06.5384707Z [689/1416] Building C object esp-idf/wpa_supplicant/CMakeFiles/__idf_wpa_supplicant.dir/src/eap_peer/eap_peap.c.obj^[[K
build	Build ESP32-C6 firmware	2026-09-24T11:35:06.6367679Z [690/1416] Building C object esp-idf/wpa_supplicant/CMakeFiles/__idf_wpa_supplicant.dir/src/eap_peer/eap_tls_common.c.obj^[[K
build	Build ESP32-C6 firmware	2026-09-24T11:35:06.7683223Z [691/1416] Building C object esp-idf/wpa_supplicant/CMakeFiles/__idf_wpa_supplicant.dir/src/eap_peer/mschapv2.c.obj^[[K
build	Build ESP32-C6 firmware	2026-09-24T11:35:06.7829417Z [692/1416] Building C object esp-idf/wpa_supplicant/CMakeFiles/__idf_wpa_supplicant.dir/src/eap_peer/eap_ttls.c.obj^[[K
build	Build ESP32-C6 firmware	2026-09-24T11:35:06.8031502Z [693/1416] Building C object esp-idf/wpa_supplicant/CMakeFiles/__idf_wpa_supplicant.dir/src/eap_peer/eap_fast_common.c.obj^[[K
build	Build ESP32-C6 firmware	2026-09-24T11:35:06.8834444Z [694/1416] Building C object esp-idf/wpa_supplicant/CMakeFiles/__idf_wpa_supplicant.dir/src/rsn_supp/pmksa_cache.c.obj^[[K
build	Build ESP32-C6 firmware	2026-09-24T11:35:06.9902216Z [695/1416] Building C object esp-idf/wpa_supplicant/CMakeFiles/__idf_wpa_supplicant.dir/src/eap_peer/eap_fast_pac.c.obj^[[K
build	Build ESP32-C6 firmware	2026-09-24T11:35:07.0142661Z [696/1416] Building C object esp-idf/wpa_supplicant/CMakeFiles/__idf_wpa_supplicant.dir/src/eap_peer/eap_fast.c.obj^[[K
build	Build ESP32-C6 firmware	2026-09-24T11:35:07.0315067Z [697/1416] Building C object esp-idf/wpa_supplicant/CMakeFiles/__idf_wpa_supplicant.dir/src/rsn_supp/wpa_ie.c.obj^[[K
build	Build ESP32-C6 firmware	2026-09-24T11:35:07.0615851Z [698/1416] Building C object esp-idf/wpa_supplicant/CMakeFiles/__idf_wpa_supplicant.dir/src/utils/base64.c.obj^[[K
build	Build ESP32-C6 firmware	2026-09-24T11:35:07.1168846Z [699/1416] Building C object esp-idf/wpa_supplicant/CMakeFiles/__idf_wpa_supplicant.dir/src/rsn_supp/wpa.c.obj^[[K
build	Build ESP32-C6 firmware	2026-09-24T11:35:07.1529987Z [700/1416] Building C object esp-idf/wpa_supplicant/CMakeFiles/__idf_wpa_supplicant.dir/src/utils/ext_password.c.obj^[[K
build	Build ESP32-C6 firmware	2026-09-24T11:35:07.1948531Z [701/1416] Building C object esp-idf/wpa_supplicant/CMakeFiles/__idf_wpa_supplicant.dir/src/utils/common.c.obj^[[K
build	Build ESP32-C6 firmware	2026-09-24T11:35:07.2352232Z [702/1416] Building C object esp-idf/wpa_supplicant/CMakeFiles/__idf_wpa_supplicant.dir/src/utils/uuid.c.obj^[[K
build	Build ESP32-C6 firmware	2026-09-24T11:35:07.2699343Z [703/1416] Building C object esp-idf/wpa_supplicant/CMakeFiles/__idf_wpa_supplicant.dir/src/utils/wpa_debug.c.obj^[[K
build	Build ESP32-C6 firmware	2026-09-24T11:35:07.3161343Z [704/1416] Building C object esp-idf/wpa_supplicant/CMakeFiles/__idf_wpa_supplicant.dir/src/utils/wpabuf.c.obj^[[K
build	Build ESP32-C6 firmware	2026-09-24T11:35:07.4542283Z [705/1416] Building C object esp-idf/wpa_supplicant/CMakeFiles/__idf_wpa_supplicant.dir/src/utils/json.c.obj^[[K
build	Build ESP32-C6 firmware	2026-09-24T11:35:07.4659076Z [706/1416] Building C object esp-idf/wpa_supplicant/CMakeFiles/__idf_wpa_supplicant.dir/src/wps/wps.c.obj^[[K
build	Build ESP32-C6 firmware	2026-09-24T11:35:07.4823791Z [707/1416] Building C object esp-idf/wpa_supplicant/CMakeFiles/__idf_wpa_supplicant.dir/src/wps/wps_attr_process.c.obj^[[K
build	Build ESP32-C6 firmware	2026-09-24T11:35:07.4852855Z [708/1416] Building C object esp-idf/wpa_supplicant/CMakeFiles/__idf_wpa_supplicant.dir/src/wps/wps_attr_parse.c.obj^[[K
build	Build ESP32-C6 firmware	2026-09-24T11:35:07.6159479Z [709/1416] Building C object esp-idf/wpa_supplicant/CMakeFiles/__idf_wpa_supplicant.dir/src/wps/wps_attr_build.c.obj^[[K
build	Build ESP32-C6 firmware	2026-09-24T11:35:07.6317235Z [710/1416] Building C object esp-idf/wpa_supplicant/CMakeFiles/__idf_wpa_supplicant.dir/src/wps/wps_common.c.obj^[[K
build	Build ESP32-C6 firmware	2026-09-24T11:35:07.6329524Z [711/1416] Building C object esp-idf/wpa_supplicant/CMakeFiles/__idf_wpa_supplicant.dir/src/wps/wps_dev_attr.c.obj^[[K
build	Build ESP32-C6 firmware	2026-09-24T11:35:07.7224887Z [712/1416] Building C object esp-idf/wpa_supplicant/CMakeFiles/__idf_wpa_supplicant.dir/esp_supplicant/src/esp_wpa2_api_port.c.obj^[[K
build	Build ESP32-C6 firmware	2026-09-24T11:35:07.7349027Z [713/1416] Building C object esp-idf/wpa_supplicant/CMakeFiles/__idf_wpa_supplicant.dir/src/wps/wps_enrollee.c.obj^[[K
build	Build ESP32-C6 firmware	2026-09-24T11:35:07.8670723Z [714/1416] Building C object esp-idf/wpa_supplicant/CMakeFiles/__idf_wpa_supplicant.dir/src/common/sae_pk.c.obj^[[K
build	Build ESP32-C6 firmware	2026-09-24T11:35:07.8968463Z [715/1416] Building C object esp-idf/wpa_supplicant/CMakeFiles/__idf_wpa_supplicant.dir/esp_supplicant/src/esp_wpa_main.c.obj^[[K
build	Build ESP32-C6 firmware	2026-09-24T11:35:07.9135715Z [716/1416] Building C object esp-idf/wpa_supplicant/CMakeFiles/__idf_wpa_supplicant.dir/esp_supplicant/src/esp_wpas_glue.c.obj^[[K
build	Build ESP32-C6 firmware	2026-09-24T11:35:07.9722382Z [717/1416] Building C object esp-idf/wpa_supplicant/CMakeFiles/__idf_wpa_supplicant.dir/esp_supplicant/src/esp_common.c.obj^[[K
build	Build ESP32-C6 firmware	2026-09-24T11:35:08.0576863Z [718/1416] Building C object esp-idf/wpa_supplicant/CMakeFiles/__idf_wpa_supplicant.dir/esp_supplicant/src/esp_eap_client.c.obj^[[K
build	Build ESP32-C6 firmware	2026-09-24T11:35:08.0675608Z [719/1416] Building C object esp-idf/wpa_supplicant/CMakeFiles/__idf_wpa_supplicant.dir/esp_supplicant/src/esp_wpa3.c.obj^[[K
build	Build ESP32-C6 firmware	2026-09-24T11:35:08.1907775Z [720/1416] Building C object esp-idf/wpa_supplicant/CMakeFiles/__idf_wpa_supplicant.dir/esp_supplicant/src/esp_owe.c.obj^[[K
build	Build ESP32-C6 firmware	2026-09-24T11:35:08.2165775Z [721/1416] Building C object esp-idf/wpa_supplicant/CMakeFiles/__idf_wpa_supplicant.dir/esp_supplicant/src/esp_hostap.c.obj^[[K
build	Build ESP32-C6 firmware	2026-09-24T11:35:08.2656183Z [722/1416] Building C object esp-idf/wpa_supplicant/CMakeFiles/__idf_wpa_supplicant.dir/esp_supplicant/src/esp_wps.c.obj^[[K
build	Build ESP32-C6 firmware	2026-09-24T11:35:08.3694605Z [723/1416] Building C object esp-idf/wpa_supplicant/CMakeFiles/__idf_wpa_supplicant.dir/esp_supplicant/src/crypto/fastpbkdf2.c.obj^[[K
build	Build ESP32-C6 firmware	2026-09-24T11:35:08.3963486Z [724/1416] Building C object esp-idf/wpa_supplicant/CMakeFiles/__idf_wpa_supplicant.dir/esp_supplicant/src/crypto/crypto_mbedtls.c.obj^[[K
build	Build ESP32-C6 firmware	2026-09-24T11:35:08.4122086Z [725/1416] Building C object esp-idf/wpa_supplicant/CMakeFiles/__idf_wpa_supplicant.dir/esp_supplicant/src/crypto/tls_mbedtls.c.obj^[[K
build	Build ESP32-C6 firmware	2026-09-24T11:35:08.4712604Z [726/1416] Building C object esp-idf/wpa_supplicant/CMakeFiles/__idf_wpa_supplicant.dir/esp_supplicant/src/crypto/crypto_mbedtls-bignum.c.obj^[[K
build	Build ESP32-C6 firmware	2026-09-24T11:35:08.5126059Z [727/1416] Building C object esp-idf/wpa_supplicant/CMakeFiles/__idf_wpa_supplicant.dir/src/crypto/rc4.c.obj^[[K
build	Build ESP32-C6 firmware	2026-09-24T11:35:08.5941414Z [728/1416] Building C object esp-idf/wpa_supplicant/CMakeFiles/__idf_wpa_supplicant.dir/esp_supplicant/src/crypto/crypto_mbedtls-rsa.c.obj^[[K
build	Build ESP32-C6 firmware	2026-09-24T11:35:08.6225354Z [729/1416] Building C object esp-idf/wpa_supplicant/CMakeFiles/__idf_wpa_supplicant.dir/src/crypto/des-internal.c.obj^[[K
build	Build ESP32-C6 firmware	2026-09-24T11:35:08.6569963Z [730/1416] Building C object esp-idf/wpa_supplicant/CMakeFiles/__idf_wpa_supplicant.dir/src/crypto/aes-wrap.c.obj^[[K
build	Build ESP32-C6 firmware	2026-09-24T11:35:08.6689595Z [731/1416] Building C object esp-idf/wpa_supplicant/CMakeFiles/__idf_wpa_supplicant.dir/src/crypto/aes-unwrap.c.obj^[[K
build	Build ESP32-C6 firmware	2026-09-24T11:35:08.6889845Z [732/1416] Building C object esp-idf/esp_coex/CMakeFiles/__idf_esp_coex.dir/src/coexist.c.obj^[[K
build	Build ESP32-C6 firmware	2026-09-24T11:35:08.6894901Z [733/1416] Building C object esp-idf/esp_coex/CMakeFiles/__idf_esp_coex.dir/src/coexist_debug_diagram.c.obj^[[K
build	Build ESP32-C6 firmware	2026-09-24T11:35:08.7270419Z [734/1416] Building C object esp-idf/wpa_supplicant/CMakeFiles/__idf_wpa_supplicant.dir/esp_supplicant/src/crypto/crypto_mbedtls-ec.c.obj^[[K
build	Build ESP32-C6 firmware	2026-09-24T11:35:08.7481079Z [735/1416] Building C object esp-idf/wpa_supplicant/CMakeFiles/__idf_wpa_supplicant.dir/src/crypto/aes-ccm.c.obj^[[K
build	Build ESP32-C6 firmware	2026-09-24T11:35:08.7801925Z [736/1416] Building C object esp-idf/esp_coex/CMakeFiles/__idf_esp_coex.dir/src/lib_printf.c.obj^[[K
build	Build ESP32-C6 firmware	2026-09-24T11:35:08.8190825Z [737/1416] Building C object esp-idf/esp_wifi/CMakeFiles/__idf_esp_wifi.dir/src/lib_printf.c.obj^[[K
build	Build ESP32-C6 firmware	2026-09-24T11:35:08.8458922Z [738/1416] Building C object esp-idf/esp_coex/CMakeFiles/__idf_esp_coex.dir/src/coexist_debug.c.obj^[[K
build	Build ESP32-C6 firmware	2026-09-24T11:35:08.8737045Z [739/1416] Building C object esp-idf/esp_coex/CMakeFiles/__idf_esp_coex.dir/esp32c6/esp_coex_adapter.c.obj^[[K
build	Build ESP32-C6 firmware	2026-09-24T11:35:08.9126881Z [740/1416] Building C object esp-idf/esp_wifi/CMakeFiles/__idf_esp_wifi.dir/src/mesh_event.c.obj^[[K
build	Build ESP32-C6 firmware	2026-09-24T11:35:08.9693174Z [741/1416] Building C object esp-idf/esp_wifi/CMakeFiles/__idf_esp_wifi.dir/src/smartconfig.c.obj^[[K
build	Build ESP32-C6 firmware	2026-09-24T11:35:09.0327235Z [742/1416] Building C object esp-idf/esp_wifi/CMakeFiles/__idf_esp_wifi.dir/src/wifi_default_ap.c.obj^[[K
build	Build ESP32-C6 firmware	2026-09-24T11:35:09.0383669Z [743/1416] Building C object esp-idf/esp_wifi/CMakeFiles/__idf_esp_wifi.dir/src/wifi_netif.c.obj^[[K
build	Build ESP32-C6 firmware	2026-09-24T11:35:09.0642124Z [744/1416] Building C object esp-idf/esp_wifi/CMakeFiles/__idf_esp_wifi.dir/src/wifi_init.c.obj^[[K
build	Build ESP32-C6 firmware	2026-09-24T11:35:09.1758635Z [745/1416] Building C object esp-idf/esp_wifi/CMakeFiles/__idf_esp_wifi.dir/src/wifi_default.c.obj^[[K
build	Build ESP32-C6 firmware	2026-09-24T11:35:09.1930670Z [746/1416] Building C object esp-idf/esp_wifi/CMakeFiles/__idf_esp_wifi.dir/src/smartconfig_ack.c.obj^[[K
build	Build ESP32-C6 firmware	2026-09-24T11:35:09.2270939Z [747/1416] Building C object esp-idf/esp-tls/CMakeFiles/__idf_esp-tls.dir/esp-tls-crypto/esp_tls_crypto.c.obj^[[K
build	Build ESP32-C6 firmware	2026-09-24T11:35:09.2654553Z [748/1416] Building C object esp-idf/esp-tls/CMakeFiles/__idf_esp-tls.dir/esp_tls_error_capture.c.obj^[[K
build	Build ESP32-C6 firmware	2026-09-24T11:35:09.2655602Z [749/1416] Building C object esp-idf/esp-tls/CMakeFiles/__idf_esp-tls.dir/esp_tls_platform_port.c.obj^[[K
build	Build ESP32-C6 firmware	2026-09-24T11:35:09.4079210Z [750/1416] Building C object esp-idf/esp_wifi/CMakeFiles/__idf_esp_wifi.dir/esp32c6/esp_adapter.c.obj^[[K
build	Build ESP32-C6 firmware	2026-09-24T11:35:09.4405044Z [751/1416] Building C object esp-idf/esp_adc/CMakeFiles/__idf_esp_adc.dir/adc_cali.c.obj^[[K
build	Build ESP32-C6 firmware	2026-09-24T11:35:09.5015269Z [752/1416] Building C object esp-idf/esp_adc/CMakeFiles/__idf_esp_adc.dir/adc_oneshot.c.obj^[[K
build	Build ESP32-C6 firmware	2026-09-24T11:35:09.5024807Z [753/1416] Building C object esp-idf/http_parser/CMakeFiles/__idf_http_parser.dir/http_parser.c.obj^[[K
build	Build ESP32-C6 firmware	2026-09-24T11:35:09.5163741Z [754/1416] Building C object esp-idf/esp-tls/CMakeFiles/__idf_esp-tls.dir/esp_tls.c.obj^[[K
build	Build ESP32-C6 firmware	2026-09-24T11:35:09.5492418Z [755/1416] Building C object esp-idf/esp_adc/CMakeFiles/__idf_esp_adc.dir/adc_common.c.obj^[[K
build	Build ESP32-C6 firmware	2026-09-24T11:35:09.5692102Z [756/1416] Building C object esp-idf/esp_adc/CMakeFiles/__idf_esp_adc.dir/deprecated/esp_adc_cal_common_legacy.c.obj^[[K
build	Build ESP32-C6 firmware	2026-09-24T11:35:09.6587657Z [757/1416] Building C object esp-idf/esp_adc/CMakeFiles/__idf_esp_adc.dir/adc_cali_curve_fitting.c.obj^[[K
build	Build ESP32-C6 firmware	2026-09-24T11:35:09.6721912Z [758/1416] Building C object esp-idf/esp-tls/CMakeFiles/__idf_esp-tls.dir/esp_tls_mbedtls.c.obj^[[K
build	Build ESP32-C6 firmware	2026-09-24T11:35:09.7535824Z [759/1416] Building C object esp-idf/esp_adc/CMakeFiles/__idf_esp_adc.dir/esp32c6/curve_fitting_coefficients.c.obj^[[K
build	Build ESP32-C6 firmware	2026-09-24T11:35:09.7756778Z [760/1416] Building C object esp-idf/esp_adc/CMakeFiles/__idf_esp_adc.dir/gdma/adc_dma.c.obj^[[K
build	Build ESP32-C6 firmware	2026-09-24T11:35:09.7892229Z [761/1416] Building C object esp-idf/esp_adc/CMakeFiles/__idf_esp_adc.dir/adc_monitor.c.obj^[[K
build	Build ESP32-C6 firmware	2026-09-24T11:35:09.8160682Z [762/1416] Building C object esp-idf/esp_adc/CMakeFiles/__idf_esp_adc.dir/adc_filter.c.obj^[[K
build	Build ESP32-C6 firmware	2026-09-24T11:35:09.8597791Z [763/1416] Building C object esp-idf/esp_adc/CMakeFiles/__idf_esp_adc.dir/adc_continuous.c.obj^[[K
build	Build ESP32-C6 firmware	2026-09-24T11:35:09.9204736Z [764/1416] Building C object esp-idf/esp_gdbstub/CMakeFiles/__idf_esp_gdbstub.dir/src/gdbstub_transport.c.obj^[[K
build	Build ESP32-C6 firmware	2026-09-24T11:35:09.9399535Z [765/1416] Building C object esp-idf/esp_gdbstub/CMakeFiles/__idf_esp_gdbstub.dir/src/gdbstub.c.obj^[[K
build	Build ESP32-C6 firmware	2026-09-24T11:35:09.9653885Z [766/1416] Building C object esp-idf/esp_gdbstub/CMakeFiles/__idf_esp_gdbstub.dir/src/packet.c.obj^[[K
build	Build ESP32-C6 firmware	2026-09-24T11:35:09.9854282Z [767/1416] Building C object esp-idf/esp_gdbstub/CMakeFiles/__idf_esp_gdbstub.dir/src/port/riscv/gdbstub_riscv.c.obj^[[K
build	Build ESP32-C6 firmware	2026-09-24T11:35:10.1470951Z [768/1416] Building C object esp-idf/esp_gdbstub/CMakeFiles/__idf_esp_gdbstub.dir/src/port/riscv/rv_decode.c.obj^[[K
build	Build ESP32-C6 firmware	2026-09-24T11:35:10.2545366Z [769/1416] Building C object esp-idf/tcp_transport/CMakeFiles/__idf_tcp_transport.dir/transport.c.obj^[[K
build	Build ESP32-C6 firmware	2026-09-24T11:35:10.2610921Z [770/1416] Building C object esp-idf/tcp_transport/CMakeFiles/__idf_tcp_transport.dir/transport_internal.c.obj^[[K
build	Build ESP32-C6 firmware	2026-09-24T11:35:10.3275570Z [771/1416] Building C object esp-idf/tcp_transport/CMakeFiles/__idf_tcp_transport.dir/transport_socks_proxy.c.obj^[[K
build	Build ESP32-C6 firmware	2026-09-24T11:35:10.3621701Z [772/1416] Building C object esp-idf/tcp_transport/CMakeFiles/__idf_tcp_transport.dir/transport_ssl.c.obj^[[K
build	Build ESP32-C6 firmware	2026-09-24T11:35:10.3964080Z [773/1416] Building C object esp-idf/tcp_transport/CMakeFiles/__idf_tcp_transport.dir/transport_ws.c.obj^[[K
build	Build ESP32-C6 firmware	2026-09-24T11:35:10.4407054Z [774/1416] Building C object esp-idf/esp_http_client/CMakeFiles/__idf_esp_http_client.dir/lib/http_auth.c.obj^[[K
build	Build ESP32-C6 firmware	2026-09-24T11:35:10.4573081Z [775/1416] Building C object esp-idf/esp_http_client/CMakeFiles/__idf_esp_http_client.dir/lib/http_utils.c.obj^[[K
build	Build ESP32-C6 firmware	2026-09-24T11:35:10.6349591Z [776/1416] Building C object esp-idf/esp_http_client/CMakeFiles/__idf_esp_http_client.dir/lib/http_header.c.obj^[[K
build	Build ESP32-C6 firmware	2026-09-24T11:35:10.6667795Z [777/1416] Building C object esp-idf/esp_http_client/CMakeFiles/__idf_esp_http_client.dir/esp_http_client.c.obj^[[K
build	Build ESP32-C6 firmware	2026-09-24T11:35:10.6687176Z [778/1416] Building C object esp-idf/esp_http_server/CMakeFiles/__idf_esp_http_server.dir/src/httpd_main.c.obj^[[K
build	Build ESP32-C6 firmware	2026-09-24T11:35:10.7206176Z [779/1416] Building C object esp-idf/esp_http_server/CMakeFiles/__idf_esp_http_server.dir/src/httpd_uri.c.obj^[[K
build	Build ESP32-C6 firmware	2026-09-24T11:35:10.7514188Z [780/1416] Building C object esp-idf/esp_http_server/CMakeFiles/__idf_esp_http_server.dir/src/httpd_sess.c.obj^[[K
build	Build ESP32-C6 firmware	2026-09-24T11:35:10.7758946Z [781/1416] Building C object esp-idf/esp_http_server/CMakeFiles/__idf_esp_http_server.dir/src/httpd_parse.c.obj^[[K
build	Build ESP32-C6 firmware	2026-09-24T11:35:10.8375529Z [782/1416] Building C object esp-idf/esp_http_server/CMakeFiles/__idf_esp_http_server.dir/src/httpd_txrx.c.obj^[[K
build	Build ESP32-C6 firmware	2026-09-24T11:35:10.8453773Z [783/1416] Building C object esp-idf/esp_http_server/CMakeFiles/__idf_esp_http_server.dir/src/util/ctrl_sock.c.obj^[[K
build	Build ESP32-C6 firmware	2026-09-24T11:35:10.8898831Z [784/1416] Building C object esp-idf/esp_http_server/CMakeFiles/__idf_esp_http_server.dir/src/httpd_ws.c.obj^[[K
build	Build ESP32-C6 firmware	2026-09-24T11:35:10.8950701Z [785/1416] Building C object esp-idf/esp_https_ota/CMakeFiles/__idf_esp_https_ota.dir/src/esp_https_ota.c.obj^[[K
build	Build ESP32-C6 firmware	2026-09-24T11:35:10.9034803Z [786/1416] Linking C static library esp-idf/esp_https_ota/libesp_https_ota.a^[[K
build	Build ESP32-C6 firmware	2026-09-24T11:35:10.9137370Z [787/1416] Linking C static library esp-idf/esp_http_server/libesp_http_server.a^[[K
build	Build ESP32-C6 firmware	2026-09-24T11:35:10.9209409Z [788/1416] Linking C static library esp-idf/esp_http_client/libesp_http_client.a^[[K
build	Build ESP32-C6 firmware	2026-09-24T11:35:10.9274034Z [789/1416] Linking C static library esp-idf/tcp_transport/libtcp_transport.a^[[K
build	Build ESP32-C6 firmware	2026-09-24T11:35:10.9365149Z [790/1416] Linking C static library esp-idf/esp_gdbstub/libesp_gdbstub.a^[[K
build	Build ESP32-C6 firmware	2026-09-24T11:35:10.9433156Z [791/1416] Linking C static library esp-idf/esp_adc/libesp_adc.a^[[K
build	Build ESP32-C6 firmware	2026-09-24T11:35:10.9486948Z [792/1416] Linking C static library esp-idf/esp-tls/libesp-tls.a^[[K
build	Build ESP32-C6 firmware	2026-09-24T11:35:10.9571758Z [793/1416] Linking C static library esp-idf/http_parser/libhttp_parser.a^[[K
build	Build ESP32-C6 firmware	2026-09-24T11:35:10.9629142Z [794/1416] Linking C static library esp-idf/esp_wifi/libesp_wifi.a^[[K
build	Build ESP32-C6 firmware	2026-09-24T11:35:11.0439311Z [795/1416] Linking C static library esp-idf/esp_coex/libesp_coex.a^[[K
build	Build ESP32-C6 firmware	2026-09-24T11:35:11.0682920Z [796/1416] Linking C static library esp-idf/wpa_supplicant/libwpa_supplicant.a^[[K
build	Build ESP32-C6 firmware	2026-09-24T11:35:11.1170701Z [797/1416] Linking C static library esp-idf/esp_netif/libesp_netif.a^[[K
build	Build ESP32-C6 firmware	2026-09-24T11:35:11.1353574Z [798/1416] Linking C static library esp-idf/lwip/liblwip.a^[[K
build	Build ESP32-C6 firmware	2026-09-24T11:35:11.1395686Z [799/1416] Linking C static library esp-idf/vfs/libvfs.a^[[K
build	Build ESP32-C6 firmware	2026-09-24T11:35:11.1459805Z [800/1416] Linking C static library esp-idf/esp_vfs_console/libesp_vfs_console.a^[[K
build	Build ESP32-C6 firmware	2026-09-24T11:35:11.1674407Z [801/1416] Linking C static library esp-idf/esp_phy/libesp_phy.a^[[K
build	Build ESP32-C6 firmware	2026-09-24T11:35:11.1779203Z [802/1416] Linking C static library esp-idf/driver/libdriver.a^[[K
build	Build ESP32-C6 firmware	2026-09-24T11:35:11.1851397Z [803/1416] Linking C static library esp-idf/esp_driver_usb_serial_jtag/libesp_driver_usb_serial_jtag.a^[[K
build	Build ESP32-C6 firmware	2026-09-24T11:35:11.1915894Z [804/1416] Linking C static library esp-idf/esp_driver_parlio/libesp_driver_parlio.a^[[K
build	Build ESP32-C6 firmware	2026-09-24T11:35:11.1993139Z [805/1416] Linking C static library esp-idf/esp_driver_ledc/libesp_driver_ledc.a^[[K
build	Build ESP32-C6 firmware	2026-09-24T11:35:11.2037261Z [806/1416] Linking C static library esp-idf/esp_driver_i2c/libesp_driver_i2c.a^[[K
build	Build ESP32-C6 firmware	2026-09-24T11:35:11.2090671Z [807/1416] Linking C static library esp-idf/esp_driver_sdm/libesp_driver_sdm.a^[[K
build	Build ESP32-C6 firmware	2026-09-24T11:35:11.2166962Z [808/1416] Linking C static library esp-idf/esp_driver_tsens/libesp_driver_tsens.a^[[K
build	Build ESP32-C6 firmware	2026-09-24T11:35:11.2221822Z [809/1416] Linking C static library esp-idf/esp_driver_rmt/libesp_driver_rmt.a^[[K
build	Build ESP32-C6 firmware	2026-09-24T11:35:11.2277436Z [810/1416] Linking C static library esp-idf/esp_driver_sdio/libesp_driver_sdio.a^[[K
build	Build ESP32-C6 firmware	2026-09-24T11:35:11.2483761Z [811/1416] Linking C static library esp-idf/esp_driver_sdspi/libesp_driver_sdspi.a^[[K
build	Build ESP32-C6 firmware	2026-09-24T11:35:11.2570445Z [812/1416] Linking C static library esp-idf/sdmmc/libsdmmc.a^[[K
build	Build ESP32-C6 firmware	2026-09-24T11:35:11.2686703Z [813/1416] Linking C static library esp-idf/esp_driver_i2s/libesp_driver_i2s.a^[[K
build	Build ESP32-C6 firmware	2026-09-24T11:35:11.2773413Z [814/1416] Linking C static library esp-idf/esp_driver_mcpwm/libesp_driver_mcpwm.a^[[K
build	Build ESP32-C6 firmware	2026-09-24T11:35:11.2827957Z [815/1416] Linking C static library esp-idf/esp_driver_spi/libesp_driver_spi.a^[[K
build	Build ESP32-C6 firmware	2026-09-24T11:35:11.2992172Z [816/1416] Linking C static library esp-idf/esp_driver_pcnt/libesp_driver_pcnt.a^[[K
build	Build ESP32-C6 firmware	2026-09-24T11:35:11.3073039Z [817/1416] Linking C static library esp-idf/nvs_flash/libnvs_flash.a^[[K
build	Build ESP32-C6 firmware	2026-09-24T11:35:11.3147472Z [818/1416] Linking C static library esp-idf/esp_event/libesp_event.a^[[K
build	Build ESP32-C6 firmware	2026-09-24T11:35:11.3197319Z [819/1416] Linking C static library esp-idf/esp_driver_uart/libesp_driver_uart.a^[[K
build	Build ESP32-C6 firmware	2026-09-24T11:35:11.3257481Z [820/1416] Linking C static library esp-idf/esp_ringbuf/libesp_ringbuf.a^[[K
build	Build ESP32-C6 firmware	2026-09-24T11:35:11.3326094Z [821/1416] Linking C static library esp-idf/esp_driver_gptimer/libesp_driver_gptimer.a^[[K
build	Build ESP32-C6 firmware	2026-09-24T11:35:11.3378510Z [822/1416] Linking C static library esp-idf/esp_timer/libesp_timer.a^[[K
build	Build ESP32-C6 firmware	2026-09-24T11:35:11.3444245Z [823/1416] Linking C static library esp-idf/cxx/libcxx.a^[[K
build	Build ESP32-C6 firmware	2026-09-24T11:35:11.3566697Z [824/1416] Linking C static library esp-idf/pthread/libpthread.a^[[K
build	Build ESP32-C6 firmware	2026-09-24T11:35:11.3699869Z [825/1416] Linking C static library esp-idf/newlib/libnewlib.a^[[K
build	Build ESP32-C6 firmware	2026-09-24T11:35:11.4112062Z [826/1416] Linking C static library esp-idf/freertos/libfreertos.a^[[K
build	Build ESP32-C6 firmware	2026-09-24T11:35:11.4176417Z [827/1416] Linking C static library esp-idf/esp_hw_support/libesp_hw_support.a^[[K
build	Build ESP32-C6 firmware	2026-09-24T11:35:11.4316190Z [828/1416] Linking C static library esp-idf/esp_security/libesp_security.a^[[K
build	Build ESP32-C6 firmware	2026-09-24T11:35:11.4386808Z [829/1416] Linking C static library esp-idf/soc/libsoc.a^[[K
build	Build ESP32-C6 firmware	2026-09-24T11:35:11.4570765Z [830/1416] Linking C static library esp-idf/heap/libheap.a^[[K
build	Build ESP32-C6 firmware	2026-09-24T11:35:11.4899002Z [831/1416] Linking C static library esp-idf/log/liblog.a^[[K
build	Build ESP32-C6 firmware	2026-09-24T11:35:11.5039619Z [832/1416] Linking C static library esp-idf/hal/libhal.a^[[K
build	Build ESP32-C6 firmware	2026-09-24T11:35:11.5084191Z [833/1416] Linking C static library esp-idf/esp_rom/libesp_rom.a^[[K
build	Build ESP32-C6 firmware	2026-09-24T11:35:11.5273806Z [834/1416] Linking C static library esp-idf/esp_common/libesp_common.a^[[K
build	Build ESP32-C6 firmware	2026-09-24T11:35:11.5410876Z [835/1416] Linking C static library esp-idf/esp_system/libesp_system.a^[[K
build	Build ESP32-C6 firmware	2026-09-24T11:35:11.5473499Z [836/1416] Linking C static library esp-idf/spi_flash/libspi_flash.a^[[K
build	Build ESP32-C6 firmware	2026-09-24T11:35:11.5594546Z [837/1416] Linking C static library esp-idf/esp_mm/libesp_mm.a^[[K
build	Build ESP32-C6 firmware	2026-09-24T11:35:11.5723643Z [838/1416] Linking C static library esp-idf/bootloader_support/libbootloader_support.a^[[K
build	Build ESP32-C6 firmware	2026-09-24T11:35:11.5774589Z [839/1416] Linking C static library esp-idf/efuse/libefuse.a^[[K
build	Build ESP32-C6 firmware	2026-09-24T11:35:11.5828581Z [840/1416] Linking C static library esp-idf/esp_partition/libesp_partition.a^[[K
build	Build ESP32-C6 firmware	2026-09-24T11:35:11.5867835Z [841/1416] Linking C static library esp-idf/app_update/libapp_update.a^[[K
build	Build ESP32-C6 firmware	2026-09-24T11:35:11.5910347Z [842/1416] Linking C static library esp-idf/esp_bootloader_format/libesp_bootloader_format.a^[[K
build	Build ESP32-C6 firmware	2026-09-24T11:35:11.6086812Z [843/1416] Linking C static library esp-idf/esp_app_format/libesp_app_format.a^[[K
build	Build ESP32-C6 firmware	2026-09-24T11:35:11.6198364Z [844/1416] Linking CXX static library esp-idf/mbedtls/mbedtls/library/libmbedtls.a^[[K
build	Build ESP32-C6 firmware	2026-09-24T11:35:11.6989255Z [845/1416] Linking CXX static library esp-idf/mbedtls/mbedtls/library/libmbedx509.a^[[K
build	Build ESP32-C6 firmware	2026-09-24T11:35:11.7167591Z [846/1416] Linking CXX static library esp-idf/mbedtls/mbedtls/library/libmbedcrypto.a^[[K
build	Build ESP32-C6 firmware	2026-09-24T11:35:11.7215265Z [847/1416] Linking CXX static library esp-idf/mbedtls/mbedtls/3rdparty/p256-m/libp256m.a^[[K
build	Build ESP32-C6 firmware	2026-09-24T11:35:11.7863541Z [848/1416] Linking CXX static library esp-idf/mbedtls/mbedtls/3rdparty/everest/libeverest.a^[[K
build	Build ESP32-C6 firmware	2026-09-24T11:35:11.8563981Z [849/1416] Generating x509_crt_bundle^[[K
build	Build ESP32-C6 firmware	2026-09-24T11:35:11.8972082Z [850/1416] Generating ../../x509_crt_bundle.S^[[K
build	Build ESP32-C6 firmware	2026-09-24T11:35:11.9185315Z [851/1416] Building ASM object esp-idf/riscv/CMakeFiles/__idf_riscv.dir/vectors_intc.S.obj^[[K
build	Build ESP32-C6 firmware	2026-09-24T11:35:11.9433393Z [852/1416] Building ASM object esp-idf/riscv/CMakeFiles/__idf_riscv.dir/vectors.S.obj^[[K
build	Build ESP32-C6 firmware	2026-09-24T11:35:11.9509536Z [853/1416] Building C object esp-idf/riscv/CMakeFiles/__idf_riscv.dir/interrupt_plic.c.obj^[[K
build	Build ESP32-C6 firmware	2026-09-24T11:35:11.9692463Z [854/1416] Building C object esp-idf/riscv/CMakeFiles/__idf_riscv.dir/instruction_decode.c.obj^[[K
build	Build ESP32-C6 firmware	2026-09-24T11:35:12.0033108Z [855/1416] Building C object esp-idf/riscv/CMakeFiles/__idf_riscv.dir/interrupt.c.obj^[[K
build	Build ESP32-C6 firmware	2026-09-24T11:35:12.1324774Z [856/1416] Building C object esp-idf/esp_driver_gpio/CMakeFiles/__idf_esp_driver_gpio.dir/src/gpio_glitch_filter_ops.c.obj^[[K
build	Build ESP32-C6 firmware	2026-09-24T11:35:12.1424640Z [857/1416] Building C object esp-idf/esp_driver_gpio/CMakeFiles/__idf_esp_driver_gpio.dir/src/rtc_io.c.obj^[[K
build	Build ESP32-C6 firmware	2026-09-24T11:35:12.1650937Z [858/1416] Building C object esp-idf/esp_driver_gpio/CMakeFiles/__idf_esp_driver_gpio.dir/src/dedic_gpio.c.obj^[[K
build	Build ESP32-C6 firmware	2026-09-24T11:35:12.1840568Z [859/1416] Building C object esp-idf/esp_driver_gpio/CMakeFiles/__idf_esp_driver_gpio.dir/src/gpio_pin_glitch_filter.c.obj^[[K
build	Build ESP32-C6 firmware	2026-09-24T11:35:12.2687641Z [860/1416] Building C object esp-idf/esp_driver_gpio/CMakeFiles/__idf_esp_driver_gpio.dir/src/gpio_flex_glitch_filter.c.obj^[[K
build	Build ESP32-C6 firmware	2026-09-24T11:35:12.2904310Z [861/1416] Building C object esp-idf/esp_pm/CMakeFiles/__idf_esp_pm.dir/pm_trace.c.obj^[[K
build	Build ESP32-C6 firmware	2026-09-24T11:35:12.3267384Z [862/1416] Building C object esp-idf/esp_driver_gpio/CMakeFiles/__idf_esp_driver_gpio.dir/src/gpio.c.obj^[[K
build	Build ESP32-C6 firmware	2026-09-24T11:35:12.3285669Z [863/1416] Building C object esp-idf/esp_driver_gpio/CMakeFiles/__idf_esp_driver_gpio.dir/src/gpio_etm.c.obj^[[K
build	Build ESP32-C6 firmware	2026-09-24T11:35:12.3581116Z [864/1416] Building C object esp-idf/esp_pm/CMakeFiles/__idf_esp_pm.dir/pm_locks.c.obj^[[K
build	Build ESP32-C6 firmware	2026-09-24T11:35:12.4335465Z [865/1416] Building ASM object esp-idf/mbedtls/CMakeFiles/__idf_mbedtls.dir/__/__/x509_crt_bundle.S.obj^[[K
build	Build ESP32-C6 firmware	2026-09-24T11:35:12.4357252Z [866/1416] Building C object esp-idf/mbedtls/CMakeFiles/__idf_mbedtls.dir/esp_crt_bundle/esp_crt_bundle.c.obj^[[K
build	Build ESP32-C6 firmware	2026-09-24T11:35:12.4410273Z [867/1416] Building C object esp-idf/esp_pm/CMakeFiles/__idf_esp_pm.dir/pm_impl.c.obj^[[K
build	Build ESP32-C6 firmware	2026-09-24T11:35:12.4652035Z [868/1416] Linking C static library esp-idf/mbedtls/libmbedtls.a^[[K
build	Build ESP32-C6 firmware	2026-09-24T11:35:12.4695826Z [869/1416] Linking C static library esp-idf/esp_pm/libesp_pm.a^[[K
build	Build ESP32-C6 firmware	2026-09-24T11:35:12.4897788Z [870/1416] Building C object esp-idf/app_trace/CMakeFiles/__idf_app_trace.dir/host_file_io.c.obj^[[K
build	Build ESP32-C6 firmware	2026-09-24T11:35:12.5123136Z [871/1416] Building C object esp-idf/app_trace/CMakeFiles/__idf_app_trace.dir/app_trace_util.c.obj^[[K
build	Build ESP32-C6 firmware	2026-09-24T11:35:12.5584823Z [872/1416] Linking C static library esp-idf/esp_driver_gpio/libesp_driver_gpio.a^[[K
build	Build ESP32-C6 firmware	2026-09-24T11:35:12.5638580Z [873/1416] Linking C static library esp-idf/riscv/libriscv.a^[[K
build	Build ESP32-C6 firmware	2026-09-24T11:35:12.5680929Z [874/1416] Building C object esp-idf/app_trace/CMakeFiles/__idf_app_trace.dir/app_trace.c.obj^[[K
build	Build ESP32-C6 firmware	2026-09-24T11:35:12.5885575Z [875/1416] Building C object esp-idf/app_trace/CMakeFiles/__idf_app_trace.dir/port/port_uart.c.obj^[[K
build	Build ESP32-C6 firmware	2026-09-24T11:35:12.5935233Z [876/1416] Linking C static library esp-idf/app_trace/libapp_trace.a^[[K
build	Build ESP32-C6 firmware	2026-09-24T11:35:12.6403640Z [877/1416] Building C object esp-idf/unity/CMakeFiles/__idf_unity.dir/unity_compat.c.obj^[[K
build	Build ESP32-C6 firmware	2026-09-24T11:35:12.7111151Z [878/1416] Building C object esp-idf/unity/CMakeFiles/__idf_unity.dir/unity_runner.c.obj^[[K
build	Build ESP32-C6 firmware	2026-09-24T11:35:12.7491284Z [879/1416] Building C object esp-idf/unity/CMakeFiles/__idf_unity.dir/unity_utils_memory.c.obj^[[K
build	Build ESP32-C6 firmware	2026-09-24T11:35:12.7662877Z [880/1416] Building C object esp-idf/unity/CMakeFiles/__idf_unity.dir/port/esp/unity_utils_memory_esp.c.obj^[[K
build	Build ESP32-C6 firmware	2026-09-24T11:35:12.7684500Z [881/1416] Building C object esp-idf/unity/CMakeFiles/__idf_unity.dir/unity_utils_freertos.c.obj^[[K
build	Build ESP32-C6 firmware	2026-09-24T11:35:12.7710681Z [882/1416] Building C object esp-idf/unity/CMakeFiles/__idf_unity.dir/unity/src/unity.c.obj^[[K
build	Build ESP32-C6 firmware	2026-09-24T11:35:12.7905982Z [883/1416] Building C object esp-idf/unity/CMakeFiles/__idf_unity.dir/unity_utils_cache.c.obj^[[K
build	Build ESP32-C6 firmware	2026-09-24T11:35:12.8085520Z [884/1416] Building C object esp-idf/unity/CMakeFiles/__idf_unity.dir/unity_port_esp32.c.obj^[[K
build	Build ESP32-C6 firmware	2026-09-24T11:35:12.8383610Z [885/1416] Linking C static library esp-idf/unity/libunity.a^[[K
build	Build ESP32-C6 firmware	2026-09-24T11:35:12.8488913Z [886/1416] Building C object esp-idf/cmock/CMakeFiles/__idf_cmock.dir/CMock/src/cmock.c.obj^[[K
build	Build ESP32-C6 firmware	2026-09-24T11:35:12.8681569Z [887/1416] Linking C static library esp-idf/cmock/libcmock.a^[[K
build	Build ESP32-C6 firmware	2026-09-24T11:35:12.9596688Z [888/1416] Building C object esp-idf/console/CMakeFiles/__idf_console.dir/split_argv.c.obj^[[K
build	Build ESP32-C6 firmware	2026-09-24T11:35:12.9673999Z [889/1416] Building C object esp-idf/console/CMakeFiles/__idf_console.dir/commands.c.obj^[[K
build	Build ESP32-C6 firmware	2026-09-24T11:35:12.9946121Z [890/1416] Building C object esp-idf/console/CMakeFiles/__idf_console.dir/argtable3/arg_cmd.c.obj^[[K
build	Build ESP32-C6 firmware	2026-09-24T11:35:13.0011058Z [891/1416] Building C object esp-idf/console/CMakeFiles/__idf_console.dir/esp_console_common.c.obj^[[K
build	Build ESP32-C6 firmware	2026-09-24T11:35:13.0665481Z [892/1416] Building C object esp-idf/console/CMakeFiles/__idf_console.dir/esp_console_repl_chip.c.obj^[[K
build	Build ESP32-C6 firmware	2026-09-24T11:35:13.0821474Z [893/1416] Building C object esp-idf/console/CMakeFiles/__idf_console.dir/argtable3/arg_date.c.obj^[[K
build	Build ESP32-C6 firmware	2026-09-24T11:35:13.0978494Z [894/1416] Building C object esp-idf/console/CMakeFiles/__idf_console.dir/argtable3/arg_dstr.c.obj^[[K
build	Build ESP32-C6 firmware	2026-09-24T11:35:13.1305686Z [895/1416] Building C object esp-idf/console/CMakeFiles/__idf_console.dir/linenoise/linenoise.c.obj^[[K
build	Build ESP32-C6 firmware	2026-09-24T11:35:13.1340979Z [896/1416] Building C object esp-idf/console/CMakeFiles/__idf_console.dir/argtable3/arg_dbl.c.obj^[[K
build	Build ESP32-C6 firmware	2026-09-24T11:35:13.1481652Z [897/1416] Building C object esp-idf/console/CMakeFiles/__idf_console.dir/argtable3/arg_file.c.obj^[[K
build	Build ESP32-C6 firmware	2026-09-24T11:35:13.1813332Z [898/1416] Building C object esp-idf/console/CMakeFiles/__idf_console.dir/argtable3/arg_end.c.obj^[[K
build	Build ESP32-C6 firmware	2026-09-24T11:35:13.2058786Z [899/1416] Building C object esp-idf/console/CMakeFiles/__idf_console.dir/argtable3/arg_lit.c.obj^[[K
build	Build ESP32-C6 firmware	2026-09-24T11:35:13.2256845Z [900/1416] Building C object esp-idf/console/CMakeFiles/__idf_console.dir/argtable3/arg_hashtable.c.obj^[[K
build	Build ESP32-C6 firmware	2026-09-24T11:35:13.2633196Z [901/1416] Building C object esp-idf/console/CMakeFiles/__idf_console.dir/argtable3/arg_int.c.obj^[[K
build	Build ESP32-C6 firmware	2026-09-24T11:35:13.2700563Z [902/1416] Building C object esp-idf/console/CMakeFiles/__idf_console.dir/argtable3/arg_rem.c.obj^[[K
build	Build ESP32-C6 firmware	2026-09-24T11:35:13.3436920Z [903/1416] Building C object esp-idf/console/CMakeFiles/__idf_console.dir/argtable3/arg_str.c.obj^[[K
build	Build ESP32-C6 firmware	2026-09-24T11:35:13.3453842Z [904/1416] Building C object esp-idf/console/CMakeFiles/__idf_console.dir/argtable3/arg_utils.c.obj^[[K
build	Build ESP32-C6 firmware	2026-09-24T11:35:13.3655761Z [905/1416] Building C object esp-idf/esp_driver_cam/CMakeFiles/__idf_esp_driver_cam.dir/esp_cam_ctlr.c.obj^[[K
build	Build ESP32-C6 firmware	2026-09-24T11:35:13.4184772Z [906/1416] Building C object esp-idf/console/CMakeFiles/__idf_console.dir/argtable3/arg_rex.c.obj^[[K
build	Build ESP32-C6 firmware	2026-09-24T11:35:13.4359003Z [907/1416] Building C object esp-idf/esp_driver_cam/CMakeFiles/__idf_esp_driver_cam.dir/dvp_share_ctrl.c.obj^[[K
build	Build ESP32-C6 firmware	2026-09-24T11:35:13.5127114Z [908/1416] Linking C static library esp-idf/esp_driver_cam/libesp_driver_cam.a^[[K
build	Build ESP32-C6 firmware	2026-09-24T11:35:13.5373296Z [909/1416] Building C object esp-idf/console/CMakeFiles/__idf_console.dir/argtable3/argtable3.c.obj^[[K
build	Build ESP32-C6 firmware	2026-09-24T11:35:13.5410650Z [910/1416] Building C object esp-idf/esp_eth/CMakeFiles/__idf_esp_eth.dir/src/esp_eth_netif_glue.c.obj^[[K
build	Build ESP32-C6 firmware	2026-09-24T11:35:13.5800932Z [911/1416] Linking C static library esp-idf/console/libconsole.a^[[K
build	Build ESP32-C6 firmware	2026-09-24T11:35:13.6349539Z [912/1416] Building C object esp-idf/esp_hid/CMakeFiles/__idf_esp_hid.dir/src/esp_hidd.c.obj^[[K
build	Build ESP32-C6 firmware	2026-09-24T11:35:13.6350605Z [913/1416] Building C object esp-idf/esp_eth/CMakeFiles/__idf_esp_eth.dir/src/esp_eth.c.obj^[[K
build	Build ESP32-C6 firmware	2026-09-24T11:35:13.6531689Z [914/1416] Building C object esp-idf/esp_eth/CMakeFiles/__idf_esp_eth.dir/src/phy/esp_eth_phy_802_3.c.obj^[[K
build	Build ESP32-C6 firmware	2026-09-24T11:35:13.6910324Z [915/1416] Linking C static library esp-idf/esp_eth/libesp_eth.a^[[K
build	Build ESP32-C6 firmware	2026-09-24T11:35:13.7214298Z [916/1416] Building C object esp-idf/esp_lcd/CMakeFiles/__idf_esp_lcd.dir/src/esp_lcd_common.c.obj^[[K
build	Build ESP32-C6 firmware	2026-09-24T11:35:13.7514557Z [917/1416] Building C object esp-idf/esp_hid/CMakeFiles/__idf_esp_hid.dir/src/esp_hid_common.c.obj^[[K
build	Build ESP32-C6 firmware	2026-09-24T11:35:13.7696584Z [918/1416] Building C object esp-idf/esp_hid/CMakeFiles/__idf_esp_hid.dir/src/esp_hidh.c.obj^[[K
build	Build ESP32-C6 firmware	2026-09-24T11:35:13.8162920Z [919/1416] Linking C static library esp-idf/esp_hid/libesp_hid.a^[[K
build	Build ESP32-C6 firmware	2026-09-24T11:35:13.8699535Z [920/1416] Building C object esp-idf/esp_lcd/CMakeFiles/__idf_esp_lcd.dir/src/esp_lcd_panel_io.c.obj^[[K
build	Build ESP32-C6 firmware	2026-09-24T11:35:13.8845340Z [921/1416] Building C object esp-idf/esp_https_server/CMakeFiles/__idf_esp_https_server.dir/src/https_server.c.obj^[[K
build	Build ESP32-C6 firmware	2026-09-24T11:35:13.8893508Z [922/1416] Linking C static library esp-idf/esp_https_server/libesp_https_server.a^[[K
build	Build ESP32-C6 firmware	2026-09-24T11:35:13.8974787Z [923/1416] Building C object esp-idf/esp_lcd/CMakeFiles/__idf_esp_lcd.dir/src/esp_lcd_panel_ssd1306.c.obj^[[K
build	Build ESP32-C6 firmware	2026-09-24T11:35:13.9508176Z [924/1416] Building C object esp-idf/esp_lcd/CMakeFiles/__idf_esp_lcd.dir/src/esp_lcd_panel_nt35510.c.obj^[[K
build	Build ESP32-C6 firmware	2026-09-24T11:35:13.9940739Z [925/1416] Building C object esp-idf/esp_lcd/CMakeFiles/__idf_esp_lcd.dir/src/esp_lcd_panel_ops.c.obj^[[K
build	Build ESP32-C6 firmware	2026-09-24T11:35:14.0543582Z [926/1416] Building C object esp-idf/esp_lcd/CMakeFiles/__idf_esp_lcd.dir/src/esp_lcd_panel_st7789.c.obj^[[K
build	Build ESP32-C6 firmware	2026-09-24T11:35:14.0675687Z [927/1416] Building C object esp-idf/esp_lcd/CMakeFiles/__idf_esp_lcd.dir/i2c/esp_lcd_panel_io_i2c_v2.c.obj^[[K
build	Build ESP32-C6 firmware	2026-09-24T11:35:14.1161195Z [928/1416] Building C object esp-idf/esp_lcd/CMakeFiles/__idf_esp_lcd.dir/i2c/esp_lcd_panel_io_i2c_v1.c.obj^[[K
build	Build ESP32-C6 firmware	2026-09-24T11:35:14.1796604Z [929/1416] Building C object esp-idf/protocomm/CMakeFiles/__idf_protocomm.dir/proto-c/constants.pb-c.c.obj^[[K
build	Build ESP32-C6 firmware	2026-09-24T11:35:14.1897664Z [930/1416] Building C object esp-idf/esp_lcd/CMakeFiles/__idf_esp_lcd.dir/spi/esp_lcd_panel_io_spi.c.obj^[[K
build	Build ESP32-C6 firmware	2026-09-24T11:35:14.2062795Z [931/1416] Building C object esp-idf/protocomm/CMakeFiles/__idf_protocomm.dir/src/common/protocomm.c.obj^[[K
build	Build ESP32-C6 firmware	2026-09-24T11:35:14.2131857Z [932/1416] Linking C static library esp-idf/esp_lcd/libesp_lcd.a^[[K
build	Build ESP32-C6 firmware	2026-09-24T11:35:14.2345756Z [933/1416] Building C object esp-idf/protocomm/CMakeFiles/__idf_protocomm.dir/proto-c/sec0.pb-c.c.obj^[[K
build	Build ESP32-C6 firmware	2026-09-24T11:35:14.3056961Z [934/1416] Building C object esp-idf/protocomm/CMakeFiles/__idf_protocomm.dir/proto-c/sec1.pb-c.c.obj^[[K
build	Build ESP32-C6 firmware	2026-09-24T11:35:14.3314469Z [935/1416] Building C object esp-idf/protocomm/CMakeFiles/__idf_protocomm.dir/proto-c/sec2.pb-c.c.obj^[[K
build	Build ESP32-C6 firmware	2026-09-24T11:35:14.3850788Z [936/1416] Building C object esp-idf/protocomm/CMakeFiles/__idf_protocomm.dir/proto-c/session.pb-c.c.obj^[[K
build	Build ESP32-C6 firmware	2026-09-24T11:35:14.4060420Z [937/1416] Building C object esp-idf/protocomm/CMakeFiles/__idf_protocomm.dir/src/security/security0.c.obj^[[K
build	Build ESP32-C6 firmware	2026-09-24T11:35:14.4254481Z [938/1416] Building C object esp-idf/protobuf-c/CMakeFiles/__idf_protobuf-c.dir/protobuf-c/protobuf-c/protobuf-c.c.obj^[[K
build	Build ESP32-C6 firmware	2026-09-24T11:35:14.4306465Z [939/1416] Linking C static library esp-idf/protobuf-c/libprotobuf-c.a^[[K
build	Build ESP32-C6 firmware	2026-09-24T11:35:14.4366041Z [940/1416] Building C object esp-idf/protocomm/CMakeFiles/__idf_protocomm.dir/src/transports/protocomm_httpd.c.obj^[[K
build	Build ESP32-C6 firmware	2026-09-24T11:35:14.5606732Z [941/1416] Building C object esp-idf/protocomm/CMakeFiles/__idf_protocomm.dir/src/transports/protocomm_console.c.obj^[[K
build	Build ESP32-C6 firmware	2026-09-24T11:35:14.5975441Z [942/1416] Building C object esp-idf/protocomm/CMakeFiles/__idf_protocomm.dir/src/crypto/srp6a/esp_srp_mpi.c.obj^[[K
build	Build ESP32-C6 firmware	2026-09-24T11:35:14.6286001Z [943/1416] Building C object esp-idf/protocomm/CMakeFiles/__idf_protocomm.dir/src/security/security1.c.obj^[[K
build	Build ESP32-C6 firmware	2026-09-24T11:35:14.6741863Z [944/1416] Building C object esp-idf/protocomm/CMakeFiles/__idf_protocomm.dir/src/security/security2.c.obj^[[K
build	Build ESP32-C6 firmware	2026-09-24T11:35:14.6753679Z [945/1416] Building C object esp-idf/protocomm/CMakeFiles/__idf_protocomm.dir/src/crypto/srp6a/esp_srp.c.obj^[[K
build	Build ESP32-C6 firmware	2026-09-24T11:35:14.6853843Z [946/1416] Building C object esp-idf/esp_local_ctrl/CMakeFiles/__idf_esp_local_ctrl.dir/src/esp_local_ctrl_handler.c.obj^[[K
build	Build ESP32-C6 firmware	2026-09-24T11:35:14.7012550Z [947/1416] Building C object esp-idf/espcoredump/CMakeFiles/__idf_espcoredump.dir/src/core_dump_init.c.obj^[[K
build	Build ESP32-C6 firmware	2026-09-24T11:35:14.7711732Z [948/1416] Linking C static library esp-idf/protocomm/libprotocomm.a^[[K
build	Build ESP32-C6 firmware	2026-09-24T11:35:14.7740778Z [949/1416] Building C object esp-idf/esp_local_ctrl/CMakeFiles/__idf_esp_local_ctrl.dir/src/esp_local_ctrl_transport_httpd.c.obj^[[K
build	Build ESP32-C6 firmware	2026-09-24T11:35:14.7998716Z [950/1416] Building C object esp-idf/esp_local_ctrl/CMakeFiles/__idf_esp_local_ctrl.dir/src/esp_local_ctrl.c.obj^[[K
build	Build ESP32-C6 firmware	2026-09-24T11:35:14.8205366Z [951/1416] Building C object esp-idf/esp_local_ctrl/CMakeFiles/__idf_esp_local_ctrl.dir/proto-c/esp_local_ctrl.pb-c.c.obj^[[K
build	Build ESP32-C6 firmware	2026-09-24T11:35:14.8321017Z [952/1416] Linking C static library esp-idf/esp_local_ctrl/libesp_local_ctrl.a^[[K
build	Build ESP32-C6 firmware	2026-09-24T11:35:14.8679039Z [953/1416] Building C object esp-idf/espcoredump/CMakeFiles/__idf_espcoredump.dir/src/core_dump_common.c.obj^[[K
build	Build ESP32-C6 firmware	2026-09-24T11:35:14.8861080Z [954/1416] Building C object esp-idf/espcoredump/CMakeFiles/__idf_espcoredump.dir/src/core_dump_sha.c.obj^[[K
build	Build ESP32-C6 firmware	2026-09-24T11:35:14.9053951Z [955/1416] Building C object esp-idf/espcoredump/CMakeFiles/__idf_espcoredump.dir/src/core_dump_crc.c.obj^[[K
build	Build ESP32-C6 firmware	2026-09-24T11:35:14.9315300Z [956/1416] Building C object esp-idf/espcoredump/CMakeFiles/__idf_espcoredump.dir/src/core_dump_uart.c.obj^[[K
build	Build ESP32-C6 firmware	2026-09-24T11:35:14.9327865Z [957/1416] Building C object esp-idf/espcoredump/CMakeFiles/__idf_espcoredump.dir/src/core_dump_flash.c.obj^[[K
build	Build ESP32-C6 firmware	2026-09-24T11:35:14.9614079Z [958/1416] Building C object esp-idf/espcoredump/CMakeFiles/__idf_espcoredump.dir/src/core_dump_elf.c.obj^[[K
build	Build ESP32-C6 firmware	2026-09-24T11:35:15.0271323Z [959/1416] Building C object esp-idf/espcoredump/CMakeFiles/__idf_espcoredump.dir/src/core_dump_binary.c.obj^[[K
build	Build ESP32-C6 firmware	2026-09-24T11:35:15.0451078Z [960/1416] Building C object esp-idf/espcoredump/CMakeFiles/__idf_espcoredump.dir/src/port/riscv/core_dump_port.c.obj^[[K
build	Build ESP32-C6 firmware	2026-09-24T11:35:15.0622590Z [961/1416] Linking C static library esp-idf/espcoredump/libespcoredump.a^[[K
build	Build ESP32-C6 firmware	2026-09-24T11:35:15.0926253Z [962/1416] Building CXX object esp-idf/wear_levelling/CMakeFiles/__idf_wear_levelling.dir/Partition.cpp.obj^[[K
build	Build ESP32-C6 firmware	2026-09-24T11:35:15.0965429Z [963/1416] Building CXX object esp-idf/wear_levelling/CMakeFiles/__idf_wear_levelling.dir/WL_Ext_Safe.cpp.obj^[[K
build	Build ESP32-C6 firmware	2026-09-24T11:35:15.0993471Z [964/1416] Building CXX object esp-idf/wear_levelling/CMakeFiles/__idf_wear_levelling.dir/SPI_Flash.cpp.obj^[[K
build	Build ESP32-C6 firmware	2026-09-24T11:35:15.1436588Z [965/1416] Building CXX object esp-idf/wear_levelling/CMakeFiles/__idf_wear_levelling.dir/WL_Ext_Perf.cpp.obj^[[K
build	Build ESP32-C6 firmware	2026-09-24T11:35:15.2602144Z [966/1416] Building CXX object esp-idf/wear_levelling/CMakeFiles/__idf_wear_levelling.dir/crc32.cpp.obj^[[K
build	Build ESP32-C6 firmware	2026-09-24T11:35:15.2788805Z [967/1416] Building C object esp-idf/fatfs/CMakeFiles/__idf_fatfs.dir/diskio/diskio.c.obj^[[K
build	Build ESP32-C6 firmware	2026-09-24T11:35:15.3073611Z [968/1416] Building C object esp-idf/fatfs/CMakeFiles/__idf_fatfs.dir/diskio/diskio_wl.c.obj^[[K
build	Build ESP32-C6 firmware	2026-09-24T11:35:15.3119690Z [969/1416] Building CXX object esp-idf/wear_levelling/CMakeFiles/__idf_wear_levelling.dir/wear_levelling.cpp.obj^[[K
build	Build ESP32-C6 firmware	2026-09-24T11:35:15.3221434Z [970/1416] Building CXX object esp-idf/wear_levelling/CMakeFiles/__idf_wear_levelling.dir/WL_Flash.cpp.obj^[[K
build	Build ESP32-C6 firmware	2026-09-24T11:35:15.3385082Z [971/1416] Building C object esp-idf/fatfs/CMakeFiles/__idf_fatfs.dir/diskio/diskio_rawflash.c.obj^[[K
build	Build ESP32-C6 firmware	2026-09-24T11:35:15.4554606Z [972/1416] Linking C static library esp-idf/wear_levelling/libwear_levelling.a^[[K
build	Build ESP32-C6 firmware	2026-09-24T11:35:15.4678591Z [973/1416] Building C object esp-idf/fatfs/CMakeFiles/__idf_fatfs.dir/diskio/diskio_sdmmc.c.obj^[[K
build	Build ESP32-C6 firmware	2026-09-24T11:35:15.5059915Z [974/1416] Building C object esp-idf/fatfs/CMakeFiles/__idf_fatfs.dir/port/freertos/ffsystem.c.obj^[[K
build	Build ESP32-C6 firmware	2026-09-24T11:35:15.6489614Z [975/1416] Building C object esp-idf/fatfs/CMakeFiles/__idf_fatfs.dir/src/ffunicode.c.obj^[[K
build	Build ESP32-C6 firmware	2026-09-24T11:35:15.6989362Z [976/1416] Building C object esp-idf/ieee802154/CMakeFiles/__idf_ieee802154.dir/esp_ieee802154.c.obj^[[K
build	Build ESP32-C6 firmware	2026-09-24T11:35:15.7042029Z [977/1416] Building C object esp-idf/ieee802154/CMakeFiles/__idf_ieee802154.dir/driver/esp_ieee802154_ack.c.obj^[[K
build	Build ESP32-C6 firmware	2026-09-24T11:35:15.7131215Z [978/1416] Building C object esp-idf/fatfs/CMakeFiles/__idf_fatfs.dir/src/ff.c.obj^[[K
build	Build ESP32-C6 firmware	2026-09-24T11:35:15.7181414Z [979/1416] Building C object esp-idf/fatfs/CMakeFiles/__idf_fatfs.dir/vfs/vfs_fat_sdmmc.c.obj^[[K
build	Build ESP32-C6 firmware	2026-09-24T11:35:15.7398057Z [980/1416] Building C object esp-idf/fatfs/CMakeFiles/__idf_fatfs.dir/vfs/vfs_fat_spiflash.c.obj^[[K
build	Build ESP32-C6 firmware	2026-09-24T11:35:15.7696010Z [981/1416] Building C object esp-idf/fatfs/CMakeFiles/__idf_fatfs.dir/vfs/vfs_fat.c.obj^[[K
build	Build ESP32-C6 firmware	2026-09-24T11:35:15.8319797Z [982/1416] Linking C static library esp-idf/fatfs/libfatfs.a^[[K
build	Build ESP32-C6 firmware	2026-09-24T11:35:15.8457065Z [983/1416] Building C object esp-idf/ieee802154/CMakeFiles/__idf_ieee802154.dir/driver/esp_ieee802154_pib.c.obj^[[K
build	Build ESP32-C6 firmware	2026-09-24T11:35:15.8475601Z [984/1416] Building C object esp-idf/ieee802154/CMakeFiles/__idf_ieee802154.dir/driver/esp_ieee802154_frame.c.obj^[[K
build	Build ESP32-C6 firmware	2026-09-24T11:35:15.8817053Z [985/1416] Building C object esp-idf/ieee802154/CMakeFiles/__idf_ieee802154.dir/driver/esp_ieee802154_sec.c.obj^[[K
build	Build ESP32-C6 firmware	2026-09-24T11:35:15.9491676Z [986/1416] Building C object esp-idf/ieee802154/CMakeFiles/__idf_ieee802154.dir/driver/esp_ieee802154_util.c.obj^[[K
build	Build ESP32-C6 firmware	2026-09-24T11:35:15.9894242Z [987/1416] Building C object esp-idf/ieee802154/CMakeFiles/__idf_ieee802154.dir/driver/esp_ieee802154_timer.c.obj^[[K
build	Build ESP32-C6 firmware	2026-09-24T11:35:16.0115635Z [988/1416] Building C object esp-idf/ieee802154/CMakeFiles/__idf_ieee802154.dir/driver/esp_ieee802154_dev.c.obj^[[K
build	Build ESP32-C6 firmware	2026-09-24T11:35:16.1001633Z [989/1416] Linking C static library esp-idf/ieee802154/libieee802154.a^[[K
build	Build ESP32-C6 firmware	2026-09-24T11:35:16.1341020Z [990/1416] Building C object esp-idf/json/CMakeFiles/__idf_json.dir/cJSON/cJSON_Utils.c.obj^[[K
build	Build ESP32-C6 firmware	2026-09-24T11:35:16.2277051Z [991/1416] Building C object esp-idf/mqtt/CMakeFiles/__idf_mqtt.dir/esp-mqtt/lib/mqtt_msg.c.obj^[[K
build	Build ESP32-C6 firmware	2026-09-24T11:35:16.2338500Z [992/1416] Building C object esp-idf/nvs_sec_provider/CMakeFiles/__idf_nvs_sec_provider.dir/nvs_sec_provider.c.obj^[[K
build	Build ESP32-C6 firmware	2026-09-24T11:35:16.2580848Z [993/1416] Linking C static library esp-idf/nvs_sec_provider/libnvs_sec_provider.a^[[K
build	Build ESP32-C6 firmware	2026-09-24T11:35:16.2629569Z [994/1416] Building C object esp-idf/mqtt/CMakeFiles/__idf_mqtt.dir/esp-mqtt/lib/platform_esp32_idf.c.obj^[[K
build	Build ESP32-C6 firmware	2026-09-24T11:35:16.2689596Z [995/1416] Building C object esp-idf/mqtt/CMakeFiles/__idf_mqtt.dir/esp-mqtt/lib/mqtt_outbox.c.obj^[[K
build	Build ESP32-C6 firmware	2026-09-24T11:35:16.2835155Z [996/1416] Building C object esp-idf/json/CMakeFiles/__idf_json.dir/cJSON/cJSON.c.obj^[[K
build	Build ESP32-C6 firmware	2026-09-24T11:35:16.4053666Z [997/1416] Linking C static library esp-idf/json/libjson.a^[[K
build	Build ESP32-C6 firmware	2026-09-24T11:35:16.4206293Z [998/1416] Building C object esp-idf/spiffs/CMakeFiles/__idf_spiffs.dir/spiffs_api.c.obj^[[K
build	Build ESP32-C6 firmware	2026-09-24T11:35:16.4365508Z [999/1416] Building C object esp-idf/rt/CMakeFiles/__idf_rt.dir/FreeRTOS_POSIX_utils.c.obj^[[K
build	Build ESP32-C6 firmware	2026-09-24T11:35:16.4544585Z [1000/1416] Building C object esp-idf/rt/CMakeFiles/__idf_rt.dir/FreeRTOS_POSIX_mqueue.c.obj^[[K
build	Build ESP32-C6 firmware	2026-09-24T11:35:16.4875094Z [1001/1416] Linking C static library esp-idf/rt/librt.a^[[K
build	Build ESP32-C6 firmware	2026-09-24T11:35:16.5486451Z [1002/1416] Building C object esp-idf/spiffs/CMakeFiles/__idf_spiffs.dir/spiffs/src/spiffs_cache.c.obj^[[K
build	Build ESP32-C6 firmware	2026-09-24T11:35:16.5512326Z [1003/1416] Building C object esp-idf/spiffs/CMakeFiles/__idf_spiffs.dir/spiffs/src/spiffs_check.c.obj^[[K
build	Build ESP32-C6 firmware	2026-09-24T11:35:16.5653863Z [1004/1416] Building C object esp-idf/mqtt/CMakeFiles/__idf_mqtt.dir/esp-mqtt/mqtt_client.c.obj^[[K
build	Build ESP32-C6 firmware	2026-09-24T11:35:16.6156175Z [1005/1416] Linking C static library esp-idf/mqtt/libmqtt.a^[[K
build	Build ESP32-C6 firmware	2026-09-24T11:35:16.7227105Z [1006/1416] Building C object esp-idf/spiffs/CMakeFiles/__idf_spiffs.dir/spiffs/src/spiffs_gc.c.obj^[[K
build	Build ESP32-C6 firmware	2026-09-24T11:35:16.7481598Z [1007/1416] Building C object esp-idf/wifi_provisioning/CMakeFiles/__idf_wifi_provisioning.dir/src/wifi_ctrl.c.obj^[[K
build	Build ESP32-C6 firmware	2026-09-24T11:35:16.8001262Z [1008/1416] Building C object esp-idf/spiffs/CMakeFiles/__idf_spiffs.dir/spiffs/src/spiffs_hydrogen.c.obj^[[K
build	Build ESP32-C6 firmware	2026-09-24T11:35:16.8126109Z [1009/1416] Building C object esp-idf/wifi_provisioning/CMakeFiles/__idf_wifi_provisioning.dir/src/wifi_config.c.obj^[[K
build	Build ESP32-C6 firmware	2026-09-24T11:35:16.8668660Z [1010/1416] Building C object esp-idf/wifi_provisioning/CMakeFiles/__idf_wifi_provisioning.dir/src/wifi_scan.c.obj^[[K
build	Build ESP32-C6 firmware	2026-09-24T11:35:16.9170299Z [1011/1416] Building C object esp-idf/spiffs/CMakeFiles/__idf_spiffs.dir/esp_spiffs.c.obj^[[K
build	Build ESP32-C6 firmware	2026-09-24T11:35:16.9480494Z [1012/1416] Building C object esp-idf/spiffs/CMakeFiles/__idf_spiffs.dir/spiffs/src/spiffs_nucleus.c.obj^[[K
build	Build ESP32-C6 firmware	2026-09-24T11:35:16.9727995Z [1013/1416] Linking C static library esp-idf/spiffs/libspiffs.a^[[K
build	Build ESP32-C6 firmware	2026-09-24T11:35:17.0161225Z [1014/1416] Building C object esp-idf/wifi_provisioning/CMakeFiles/__idf_wifi_provisioning.dir/src/handlers.c.obj^[[K
build	Build ESP32-C6 firmware	2026-09-24T11:35:17.0215479Z [1015/1416] Building C object esp-idf/wifi_provisioning/CMakeFiles/__idf_wifi_provisioning.dir/src/scheme_console.c.obj^[[K
build	Build ESP32-C6 firmware	2026-09-24T11:35:17.0268201Z [1016/1416] Building C object esp-idf/wifi_provisioning/CMakeFiles/__idf_wifi_provisioning.dir/proto-c/wifi_scan.pb-c.c.obj^[[K
build	Build ESP32-C6 firmware	2026-09-24T11:35:17.0874601Z [1017/1416] Building C object esp-idf/wifi_provisioning/CMakeFiles/__idf_wifi_provisioning.dir/proto-c/wifi_config.pb-c.c.obj^[[K
build	Build ESP32-C6 firmware	2026-09-24T11:35:17.1261668Z [1018/1416] Building C object esp-idf/wifi_provisioning/CMakeFiles/__idf_wifi_provisioning.dir/proto-c/wifi_constants.pb-c.c.obj^[[K
build	Build ESP32-C6 firmware	2026-09-24T11:35:17.1991298Z [1019/1416] Building C object esp-idf/wifi_provisioning/CMakeFiles/__idf_wifi_provisioning.dir/proto-c/wifi_ctrl.pb-c.c.obj^[[K
build	Build ESP32-C6 firmware	2026-09-24T11:35:17.2869091Z [1020/1416] Building C object esp-idf/wifi_provisioning/CMakeFiles/__idf_wifi_provisioning.dir/src/scheme_softap.c.obj^[[K
build	Build ESP32-C6 firmware	2026-09-24T11:35:17.2996119Z [1021/1416] Building C object esp-idf/lvgl__lvgl/CMakeFiles/__idf_lvgl__lvgl.dir/src/core/lv_event.c.obj^[[K
build	Build ESP32-C6 firmware	2026-09-24T11:35:17.3085409Z [1022/1416] Building C object esp-idf/espressif__esp_lcd_sh8601/CMakeFiles/__idf_espressif__esp_lcd_sh8601.dir/esp_lcd_sh8601.c.obj^[[K
build	Build ESP32-C6 firmware	2026-09-24T11:35:17.3187010Z [1023/1416] Linking C static library esp-idf/espressif__esp_lcd_sh8601/libespressif__esp_lcd_sh8601.a^[[K
build	Build ESP32-C6 firmware	2026-09-24T11:35:17.3213249Z [1024/1416] Building C object esp-idf/lvgl__lvgl/CMakeFiles/__idf_lvgl__lvgl.dir/src/core/lv_disp.c.obj^[[K
build	Build ESP32-C6 firmware	2026-09-24T11:35:17.3498935Z [1025/1416] Building C object esp-idf/wifi_provisioning/CMakeFiles/__idf_wifi_provisioning.dir/src/manager.c.obj^[[K
build	Build ESP32-C6 firmware	2026-09-24T11:35:17.3799515Z [1026/1416] Linking C static library esp-idf/wifi_provisioning/libwifi_provisioning.a^[[K
build	Build ESP32-C6 firmware	2026-09-24T11:35:17.4859029Z [1027/1416] Building C object esp-idf/lvgl__lvgl/CMakeFiles/__idf_lvgl__lvgl.dir/src/core/lv_group.c.obj^[[K
build	Build ESP32-C6 firmware	2026-09-24T11:35:17.4942897Z [1028/1416] Building C object esp-idf/lvgl__lvgl/CMakeFiles/__idf_lvgl__lvgl.dir/src/core/lv_obj_class.c.obj^[[K
build	Build ESP32-C6 firmware	2026-09-24T11:35:17.5493156Z [1029/1416] Building C object esp-idf/lvgl__lvgl/CMakeFiles/__idf_lvgl__lvgl.dir/src/core/lv_indev.c.obj^[[K
build	Build ESP32-C6 firmware	2026-09-24T11:35:17.6409790Z [1030/1416] Building C object esp-idf/lvgl__lvgl/CMakeFiles/__idf_lvgl__lvgl.dir/src/core/lv_indev_scroll.c.obj^[[K
build	Build ESP32-C6 firmware	2026-09-24T11:35:17.6945500Z [1031/1416] Building C object esp-idf/lvgl__lvgl/CMakeFiles/__idf_lvgl__lvgl.dir/src/core/lv_obj.c.obj^[[K
build	Build ESP32-C6 firmware	2026-09-24T11:35:17.7312455Z [1032/1416] Building C object esp-idf/lvgl__lvgl/CMakeFiles/__idf_lvgl__lvgl.dir/src/core/lv_obj_draw.c.obj^[[K
build	Build ESP32-C6 firmware	2026-09-24T11:35:17.7547072Z [1033/1416] Building C object esp-idf/lvgl__lvgl/CMakeFiles/__idf_lvgl__lvgl.dir/src/core/lv_obj_style_gen.c.obj^[[K
build	Build ESP32-C6 firmware	2026-09-24T11:35:17.7851590Z [1034/1416] Building C object esp-idf/lvgl__lvgl/CMakeFiles/__idf_lvgl__lvgl.dir/src/core/lv_obj_pos.c.obj^[[K
build	Build ESP32-C6 firmware	2026-09-24T11:35:17.8496716Z [1035/1416] Building C object esp-idf/lvgl__lvgl/CMakeFiles/__idf_lvgl__lvgl.dir/src/core/lv_obj_style.c.obj^[[K
build	Build ESP32-C6 firmware	2026-09-24T11:35:17.8715969Z [1036/1416] Building C object esp-idf/lvgl__lvgl/CMakeFiles/__idf_lvgl__lvgl.dir/src/core/lv_obj_tree.c.obj^[[K
build	Build ESP32-C6 firmware	2026-09-24T11:35:17.9173156Z [1037/1416] Building C object esp-idf/lvgl__lvgl/CMakeFiles/__idf_lvgl__lvgl.dir/src/core/lv_obj_scroll.c.obj^[[K
build	Build ESP32-C6 firmware	2026-09-24T11:35:17.9427368Z [1038/1416] Building C object esp-idf/lvgl__lvgl/CMakeFiles/__idf_lvgl__lvgl.dir/src/draw/lv_draw.c.obj^[[K
build	Build ESP32-C6 firmware	2026-09-24T11:35:17.9599618Z [1039/1416] Building C object esp-idf/lvgl__lvgl/CMakeFiles/__idf_lvgl__lvgl.dir/src/draw/arm2d/lv_gpu_arm2d.c.obj^[[K
build	Build ESP32-C6 firmware	2026-09-24T11:35:18.0186424Z [1040/1416] Building C object esp-idf/lvgl__lvgl/CMakeFiles/__idf_lvgl__lvgl.dir/src/core/lv_theme.c.obj^[[K
build	Build ESP32-C6 firmware	2026-09-24T11:35:18.0438353Z [1041/1416] Building C object esp-idf/lvgl__lvgl/CMakeFiles/__idf_lvgl__lvgl.dir/src/draw/lv_draw_arc.c.obj^[[K
build	Build ESP32-C6 firmware	2026-09-24T11:35:18.0466521Z [1042/1416] Building C object esp-idf/lvgl__lvgl/CMakeFiles/__idf_lvgl__lvgl.dir/src/core/lv_refr.c.obj^[[K
build	Build ESP32-C6 firmware	2026-09-24T11:35:18.0975746Z [1043/1416] Building C object esp-idf/lvgl__lvgl/CMakeFiles/__idf_lvgl__lvgl.dir/src/draw/lv_draw_img.c.obj^[[K
build	Build ESP32-C6 firmware	2026-09-24T11:35:18.1149277Z [1044/1416] Building C object esp-idf/lvgl__lvgl/CMakeFiles/__idf_lvgl__lvgl.dir/src/draw/lv_draw_layer.c.obj^[[K
build	Build ESP32-C6 firmware	2026-09-24T11:35:18.1608527Z [1045/1416] Building C object esp-idf/lvgl__lvgl/CMakeFiles/__idf_lvgl__lvgl.dir/src/draw/lv_draw_line.c.obj^[[K
build	Build ESP32-C6 firmware	2026-09-24T11:35:18.1801963Z [1046/1416] Building C object esp-idf/lvgl__lvgl/CMakeFiles/__idf_lvgl__lvgl.dir/src/draw/lv_draw_label.c.obj^[[K
build	Build ESP32-C6 firmware	2026-09-24T11:35:18.1914965Z [1047/1416] Building C object esp-idf/lvgl__lvgl/CMakeFiles/__idf_lvgl__lvgl.dir/src/draw/lv_draw_transform.c.obj^[[K
build	Build ESP32-C6 firmware	2026-09-24T11:35:18.2436561Z [1048/1416] Building C object esp-idf/lvgl__lvgl/CMakeFiles/__idf_lvgl__lvgl.dir/src/draw/lv_draw_rect.c.obj^[[K
build	Build ESP32-C6 firmware	2026-09-24T11:35:18.2660886Z [1049/1416] Building C object esp-idf/lvgl__lvgl/CMakeFiles/__idf_lvgl__lvgl.dir/src/draw/lv_draw_triangle.c.obj^[[K
build	Build ESP32-C6 firmware	2026-09-24T11:35:18.3019234Z [1050/1416] Building C object esp-idf/lvgl__lvgl/CMakeFiles/__idf_lvgl__lvgl.dir/src/draw/nxp/pxp/lv_draw_pxp.c.obj^[[K
build	Build ESP32-C6 firmware	2026-09-24T11:35:18.3108763Z [1051/1416] Building C object esp-idf/lvgl__lvgl/CMakeFiles/__idf_lvgl__lvgl.dir/src/draw/lv_img_buf.c.obj^[[K
build	Build ESP32-C6 firmware	2026-09-24T11:35:18.3140115Z [1052/1416] Building C object esp-idf/lvgl__lvgl/CMakeFiles/__idf_lvgl__lvgl.dir/src/draw/lv_img_cache.c.obj^[[K
build	Build ESP32-C6 firmware	2026-09-24T11:35:18.3251322Z [1053/1416] Building C object esp-idf/lvgl__lvgl/CMakeFiles/__idf_lvgl__lvgl.dir/src/draw/nxp/pxp/lv_draw_pxp_blend.c.obj^[[K
build	Build ESP32-C6 firmware	2026-09-24T11:35:18.3343625Z [1054/1416] Building C object esp-idf/lvgl__lvgl/CMakeFiles/__idf_lvgl__lvgl.dir/src/draw/nxp/pxp/lv_gpu_nxp_pxp.c.obj^[[K
build	Build ESP32-C6 firmware	2026-09-24T11:35:18.3551208Z [1055/1416] Building C object esp-idf/lvgl__lvgl/CMakeFiles/__idf_lvgl__lvgl.dir/src/draw/lv_draw_mask.c.obj^[[K
build	Build ESP32-C6 firmware	2026-09-24T11:35:18.3579906Z [1056/1416] Building C object esp-idf/lvgl__lvgl/CMakeFiles/__idf_lvgl__lvgl.dir/src/draw/nxp/pxp/lv_gpu_nxp_pxp_osa.c.obj^[[K
build	Build ESP32-C6 firmware	2026-09-24T11:35:18.3680446Z [1057/1416] Building C object esp-idf/lvgl__lvgl/CMakeFiles/__idf_lvgl__lvgl.dir/src/draw/nxp/vglite/lv_draw_vglite_arc.c.obj^[[K
build	Build ESP32-C6 firmware	2026-09-24T11:35:18.3874639Z [1058/1416] Building C object esp-idf/lvgl__lvgl/CMakeFiles/__idf_lvgl__lvgl.dir/src/draw/nxp/vglite/lv_draw_vglite_blend.c.obj^[[K
build	Build ESP32-C6 firmware	2026-09-24T11:35:18.3896654Z [1059/1416] Building C object esp-idf/lvgl__lvgl/CMakeFiles/__idf_lvgl__lvgl.dir/src/draw/nxp/vglite/lv_draw_vglite.c.obj^[[K
build	Build ESP32-C6 firmware	2026-09-24T11:35:18.4009559Z [1060/1416] Building C object esp-idf/lvgl__lvgl/CMakeFiles/__idf_lvgl__lvgl.dir/src/draw/lv_img_decoder.c.obj^[[K
build	Build ESP32-C6 firmware	2026-09-24T11:35:18.4136645Z [1061/1416] Building C object esp-idf/lvgl__lvgl/CMakeFiles/__idf_lvgl__lvgl.dir/src/draw/nxp/vglite/lv_draw_vglite_rect.c.obj^[[K
build	Build ESP32-C6 firmware	2026-09-24T11:35:18.4151352Z [1062/1416] Building C object esp-idf/lvgl__lvgl/CMakeFiles/__idf_lvgl__lvgl.dir/src/draw/nxp/vglite/lv_draw_vglite_line.c.obj^[[K
build	Build ESP32-C6 firmware	2026-09-24T11:35:18.4247368Z [1063/1416] Building C object esp-idf/lvgl__lvgl/CMakeFiles/__idf_lvgl__lvgl.dir/src/draw/nxp/vglite/lv_vglite_buf.c.obj^[[K
build	Build ESP32-C6 firmware	2026-09-24T11:35:18.5048163Z [1064/1416] Building C object esp-idf/lvgl__lvgl/CMakeFiles/__idf_lvgl__lvgl.dir/src/draw/nxp/vglite/lv_vglite_utils.c.obj^[[K
build	Build ESP32-C6 firmware	2026-09-24T11:35:18.5093396Z [1065/1416] Building C object esp-idf/lvgl__lvgl/CMakeFiles/__idf_lvgl__lvgl.dir/src/draw/sdl/lv_draw_sdl.c.obj^[[K
build	Build ESP32-C6 firmware	2026-09-24T11:35:18.5194875Z [1066/1416] Building C object esp-idf/lvgl__lvgl/CMakeFiles/__idf_lvgl__lvgl.dir/src/draw/sdl/lv_draw_sdl_arc.c.obj^[[K
build	Build ESP32-C6 firmware	2026-09-24T11:35:18.5211944Z [1067/1416] Building C object esp-idf/lvgl__lvgl/CMakeFiles/__idf_lvgl__lvgl.dir/src/draw/sdl/lv_draw_sdl_bg.c.obj^[[K
build	Build ESP32-C6 firmware	2026-09-24T11:35:18.6030899Z [1068/1416] Building C object esp-idf/lvgl__lvgl/CMakeFiles/__idf_lvgl__lvgl.dir/src/draw/sdl/lv_draw_sdl_composite.c.obj^[[K
build	Build ESP32-C6 firmware	2026-09-24T11:35:18.6044462Z [1069/1416] Building C object esp-idf/lvgl__lvgl/CMakeFiles/__idf_lvgl__lvgl.dir/src/draw/sdl/lv_draw_sdl_layer.c.obj^[[K
build	Build ESP32-C6 firmware	2026-09-24T11:35:18.6068214Z [1070/1416] Building C object esp-idf/lvgl__lvgl/CMakeFiles/__idf_lvgl__lvgl.dir/src/draw/sdl/lv_draw_sdl_img.c.obj^[[K
build	Build ESP32-C6 firmware	2026-09-24T11:35:18.6069384Z [1071/1416] Building C object esp-idf/lvgl__lvgl/CMakeFiles/__idf_lvgl__lvgl.dir/src/draw/renesas/lv_gpu_d2_draw_label.c.obj^[[K
build	Build ESP32-C6 firmware	2026-09-24T11:35:18.6081030Z [1072/1416] Building C object esp-idf/lvgl__lvgl/CMakeFiles/__idf_lvgl__lvgl.dir/src/draw/sdl/lv_draw_sdl_line.c.obj^[[K
build	Build ESP32-C6 firmware	2026-09-24T11:35:18.6156777Z [1073/1416] Building C object esp-idf/lvgl__lvgl/CMakeFiles/__idf_lvgl__lvgl.dir/src/draw/sdl/lv_draw_sdl_label.c.obj^[[K
build	Build ESP32-C6 firmware	2026-09-24T11:35:18.6483049Z [1074/1416] Building C object esp-idf/lvgl__lvgl/CMakeFiles/__idf_lvgl__lvgl.dir/src/draw/renesas/lv_gpu_d2_ra6m3.c.obj^[[K
build	Build ESP32-C6 firmware	2026-09-24T11:35:18.6593912Z [1075/1416] Building C object esp-idf/lvgl__lvgl/CMakeFiles/__idf_lvgl__lvgl.dir/src/draw/sdl/lv_draw_sdl_polygon.c.obj^[[K
build	Build ESP32-C6 firmware	2026-09-24T11:35:18.6628066Z [1076/1416] Building C object esp-idf/lvgl__lvgl/CMakeFiles/__idf_lvgl__lvgl.dir/src/draw/sdl/lv_draw_sdl_rect.c.obj^[[K
build	Build ESP32-C6 firmware	2026-09-24T11:35:18.6664545Z [1077/1416] Building C object esp-idf/lvgl__lvgl/CMakeFiles/__idf_lvgl__lvgl.dir/src/draw/sdl/lv_draw_sdl_utils.c.obj^[[K
build	Build ESP32-C6 firmware	2026-09-24T11:35:18.6665911Z [1078/1416] Building C object esp-idf/lvgl__lvgl/CMakeFiles/__idf_lvgl__lvgl.dir/src/draw/sdl/lv_draw_sdl_texture_cache.c.obj^[[K
build	Build ESP32-C6 firmware	2026-09-24T11:35:18.6835573Z [1079/1416] Building C object esp-idf/lvgl__lvgl/CMakeFiles/__idf_lvgl__lvgl.dir/src/draw/sdl/lv_draw_sdl_mask.c.obj^[[K
build	Build ESP32-C6 firmware	2026-09-24T11:35:18.7728328Z [1080/1416] Building C object esp-idf/lvgl__lvgl/CMakeFiles/__idf_lvgl__lvgl.dir/src/draw/sdl/lv_draw_sdl_stack_blur.c.obj^[[K
build	Build ESP32-C6 firmware	2026-09-24T11:35:18.8034096Z [1081/1416] Building C object esp-idf/lvgl__lvgl/CMakeFiles/__idf_lvgl__lvgl.dir/src/draw/stm32_dma2d/lv_gpu_stm32_dma2d.c.obj^[[K
build	Build ESP32-C6 firmware	2026-09-24T11:35:18.8068232Z [1082/1416] Building C object esp-idf/lvgl__lvgl/CMakeFiles/__idf_lvgl__lvgl.dir/src/draw/sw/lv_draw_sw_dither.c.obj^[[K
build	Build ESP32-C6 firmware	2026-09-24T11:35:18.8714939Z [1083/1416] Building C object esp-idf/lvgl__lvgl/CMakeFiles/__idf_lvgl__lvgl.dir/src/draw/sw/lv_draw_sw.c.obj^[[K
build	Build ESP32-C6 firmware	2026-09-24T11:35:18.8999461Z [1084/1416] Building C object esp-idf/lvgl__lvgl/CMakeFiles/__idf_lvgl__lvgl.dir/src/draw/sw/lv_draw_sw_arc.c.obj^[[K
build	Build ESP32-C6 firmware	2026-09-24T11:35:18.9446336Z [1085/1416] Building C object esp-idf/lvgl__lvgl/CMakeFiles/__idf_lvgl__lvgl.dir/src/draw/sw/lv_draw_sw_gradient.c.obj^[[K
build	Build ESP32-C6 firmware	2026-09-24T11:35:18.9701492Z [1086/1416] Building C object esp-idf/lvgl__lvgl/CMakeFiles/__idf_lvgl__lvgl.dir/src/draw/sw/lv_draw_sw_blend.c.obj^[[K
build	Build ESP32-C6 firmware	2026-09-24T11:35:19.0346734Z [1087/1416] Building C object esp-idf/lvgl__lvgl/CMakeFiles/__idf_lvgl__lvgl.dir/src/draw/sw/lv_draw_sw_img.c.obj^[[K
build	Build ESP32-C6 firmware	2026-09-24T11:35:19.0390968Z [1088/1416] Building C object esp-idf/lvgl__lvgl/CMakeFiles/__idf_lvgl__lvgl.dir/src/draw/sw/lv_draw_sw_line.c.obj^[[K
build	Build ESP32-C6 firmware	2026-09-24T11:35:19.0406216Z [1089/1416] Building C object esp-idf/lvgl__lvgl/CMakeFiles/__idf_lvgl__lvgl.dir/src/draw/sw/lv_draw_sw_letter.c.obj^[[K
build	Build ESP32-C6 firmware	2026-09-24T11:35:19.0485539Z [1090/1416] Building C object esp-idf/lvgl__lvgl/CMakeFiles/__idf_lvgl__lvgl.dir/src/draw/sw/lv_draw_sw_layer.c.obj^[[K
build	Build ESP32-C6 firmware	2026-09-24T11:35:19.1892048Z [1091/1416] Building C object esp-idf/lvgl__lvgl/CMakeFiles/__idf_lvgl__lvgl.dir/src/draw/sw/lv_draw_sw_polygon.c.obj^[[K
build	Build ESP32-C6 firmware	2026-09-24T11:35:19.1937945Z [1092/1416] Building C object esp-idf/lvgl__lvgl/CMakeFiles/__idf_lvgl__lvgl.dir/src/draw/swm341_dma2d/lv_gpu_swm341_dma2d.c.obj^[[K
build	Build ESP32-C6 firmware	2026-09-24T11:35:19.2267137Z [1093/1416] Building C object esp-idf/lvgl__lvgl/CMakeFiles/__idf_lvgl__lvgl.dir/src/extra/libs/bmp/lv_bmp.c.obj^[[K
build	Build ESP32-C6 firmware	2026-09-24T11:35:19.2496892Z [1094/1416] Building C object esp-idf/lvgl__lvgl/CMakeFiles/__idf_lvgl__lvgl.dir/src/draw/sw/lv_draw_sw_transform.c.obj^[[K
build	Build ESP32-C6 firmware	2026-09-24T11:35:19.3258888Z [1095/1416] Building C object esp-idf/lvgl__lvgl/CMakeFiles/__idf_lvgl__lvgl.dir/src/draw/sw/lv_draw_sw_rect.c.obj^[[K
build	Build ESP32-C6 firmware	2026-09-24T11:35:19.3264528Z [1096/1416] Building C object esp-idf/lvgl__lvgl/CMakeFiles/__idf_lvgl__lvgl.dir/src/extra/layouts/flex/lv_flex.c.obj^[[K
build	Build ESP32-C6 firmware	2026-09-24T11:35:19.3774783Z [1097/1416] Building C object esp-idf/lvgl__lvgl/CMakeFiles/__idf_lvgl__lvgl.dir/src/extra/layouts/grid/lv_grid.c.obj^[[K
build	Build ESP32-C6 firmware	2026-09-24T11:35:19.3894374Z [1098/1416] Building C object esp-idf/lvgl__lvgl/CMakeFiles/__idf_lvgl__lvgl.dir/src/extra/libs/ffmpeg/lv_ffmpeg.c.obj^[[K
build	Build ESP32-C6 firmware	2026-09-24T11:35:19.3996017Z [1099/1416] Building C object esp-idf/lvgl__lvgl/CMakeFiles/__idf_lvgl__lvgl.dir/src/extra/libs/fsdrv/lv_fs_fatfs.c.obj^[[K
build	Build ESP32-C6 firmware	2026-09-24T11:35:19.4292335Z [1100/1416] Building C object esp-idf/lvgl__lvgl/CMakeFiles/__idf_lvgl__lvgl.dir/src/extra/libs/freetype/lv_freetype.c.obj^[[K
build	Build ESP32-C6 firmware	2026-09-24T11:35:19.4606050Z [1101/1416] Building C object esp-idf/lvgl__lvgl/CMakeFiles/__idf_lvgl__lvgl.dir/src/extra/libs/fsdrv/lv_fs_littlefs.c.obj^[[K
build	Build ESP32-C6 firmware	2026-09-24T11:35:19.5095218Z [1102/1416] Building C object esp-idf/lvgl__lvgl/CMakeFiles/__idf_lvgl__lvgl.dir/src/extra/libs/gif/gifdec.c.obj^[[K
build	Build ESP32-C6 firmware	2026-09-24T11:35:19.5372293Z [1103/1416] Building C object esp-idf/lvgl__lvgl/CMakeFiles/__idf_lvgl__lvgl.dir/src/extra/libs/fsdrv/lv_fs_stdio.c.obj^[[K
build	Build ESP32-C6 firmware	2026-09-24T11:35:19.5384426Z [1104/1416] Building C object esp-idf/lvgl__lvgl/CMakeFiles/__idf_lvgl__lvgl.dir/src/extra/libs/fsdrv/lv_fs_win32.c.obj^[[K
build	Build ESP32-C6 firmware	2026-09-24T11:35:19.5720363Z [1105/1416] Building C object esp-idf/lvgl__lvgl/CMakeFiles/__idf_lvgl__lvgl.dir/src/extra/libs/fsdrv/lv_fs_posix.c.obj^[[K
build	Build ESP32-C6 firmware	2026-09-24T11:35:19.6079683Z [1106/1416] Building C object esp-idf/lvgl__lvgl/CMakeFiles/__idf_lvgl__lvgl.dir/src/extra/libs/gif/lv_gif.c.obj^[[K
build	Build ESP32-C6 firmware	2026-09-24T11:35:19.6139232Z [1107/1416] Building C object esp-idf/lvgl__lvgl/CMakeFiles/__idf_lvgl__lvgl.dir/src/extra/libs/png/lodepng.c.obj^[[K
build	Build ESP32-C6 firmware	2026-09-24T11:35:19.6740701Z [1108/1416] Building C object esp-idf/lvgl__lvgl/CMakeFiles/__idf_lvgl__lvgl.dir/src/extra/libs/png/lv_png.c.obj^[[K
build	Build ESP32-C6 firmware	2026-09-24T11:35:19.6894764Z [1109/1416] Building C object esp-idf/lvgl__lvgl/CMakeFiles/__idf_lvgl__lvgl.dir/src/extra/libs/sjpg/tjpgd.c.obj^[[K
build	Build ESP32-C6 firmware	2026-09-24T11:35:19.7280829Z [1110/1416] Building C object esp-idf/lvgl__lvgl/CMakeFiles/__idf_lvgl__lvgl.dir/src/extra/libs/qrcode/lv_qrcode.c.obj^[[K
build	Build ESP32-C6 firmware	2026-09-24T11:35:19.7612229Z [1111/1416] Building C object esp-idf/lvgl__lvgl/CMakeFiles/__idf_lvgl__lvgl.dir/src/extra/libs/rlottie/lv_rlottie.c.obj^[[K
build	Build ESP32-C6 firmware	2026-09-24T11:35:19.7711695Z [1112/1416] Building C object esp-idf/lvgl__lvgl/CMakeFiles/__idf_lvgl__lvgl.dir/src/extra/others/fragment/lv_fragment.c.obj^[[K
build	Build ESP32-C6 firmware	2026-09-24T11:35:19.7826130Z [1113/1416] Building C object esp-idf/lvgl__lvgl/CMakeFiles/__idf_lvgl__lvgl.dir/src/extra/libs/sjpg/lv_sjpg.c.obj^[[K
build	Build ESP32-C6 firmware	2026-09-24T11:35:19.8006770Z [1114/1416] Building C object esp-idf/lvgl__lvgl/CMakeFiles/__idf_lvgl__lvgl.dir/src/extra/others/fragment/lv_fragment_manager.c.obj^[[K
build	Build ESP32-C6 firmware	2026-09-24T11:35:19.8371018Z [1115/1416] Building C object esp-idf/lvgl__lvgl/CMakeFiles/__idf_lvgl__lvgl.dir/src/extra/libs/tiny_ttf/lv_tiny_ttf.c.obj^[[K
build	Build ESP32-C6 firmware	2026-09-24T11:35:19.8525830Z [1116/1416] Building C object esp-idf/lvgl__lvgl/CMakeFiles/__idf_lvgl__lvgl.dir/src/extra/libs/qrcode/qrcodegen.c.obj^[[K
build	Build ESP32-C6 firmware	2026-09-24T11:35:19.8947838Z [1117/1416] Building C object esp-idf/lvgl__lvgl/CMakeFiles/__idf_lvgl__lvgl.dir/src/extra/lv_extra.c.obj^[[K
build	Build ESP32-C6 firmware	2026-09-24T11:35:19.9561767Z [1118/1416] Building C object esp-idf/lvgl__lvgl/CMakeFiles/__idf_lvgl__lvgl.dir/src/extra/others/gridnav/lv_gridnav.c.obj^[[K
build	Build ESP32-C6 firmware	2026-09-24T11:35:19.9713969Z [1119/1416] Building C object esp-idf/lvgl__lvgl/CMakeFiles/__idf_lvgl__lvgl.dir/src/extra/others/msg/lv_msg.c.obj^[[K
build	Build ESP32-C6 firmware	2026-09-24T11:35:19.9795053Z [1120/1416] Building C object esp-idf/lvgl__lvgl/CMakeFiles/__idf_lvgl__lvgl.dir/src/extra/others/ime/lv_ime_pinyin.c.obj^[[K
build	Build ESP32-C6 firmware	2026-09-24T11:35:19.9891136Z [1121/1416] Building C object esp-idf/lvgl__lvgl/CMakeFiles/__idf_lvgl__lvgl.dir/src/extra/others/imgfont/lv_imgfont.c.obj^[[K
build	Build ESP32-C6 firmware	2026-09-24T11:35:20.0107088Z [1122/1416] Building C object esp-idf/lvgl__lvgl/CMakeFiles/__idf_lvgl__lvgl.dir/src/extra/others/snapshot/lv_snapshot.c.obj^[[K
build	Build ESP32-C6 firmware	2026-09-24T11:35:20.1512075Z [1123/1416] Building C object esp-idf/lvgl__lvgl/CMakeFiles/__idf_lvgl__lvgl.dir/src/extra/others/monkey/lv_monkey.c.obj^[[K
build	Build ESP32-C6 firmware	2026-09-24T11:35:20.1890502Z [1124/1416] Building C object esp-idf/lvgl__lvgl/CMakeFiles/__idf_lvgl__lvgl.dir/src/extra/widgets/calendar/lv_calendar_header_arrow.c.obj^[[K
build	Build ESP32-C6 firmware	2026-09-24T11:35:20.1920304Z [1125/1416] Building C object esp-idf/lvgl__lvgl/CMakeFiles/__idf_lvgl__lvgl.dir/src/extra/widgets/calendar/lv_calendar.c.obj^[[K
build	Build ESP32-C6 firmware	2026-09-24T11:35:20.1936792Z [1126/1416] Building C object esp-idf/lvgl__lvgl/CMakeFiles/__idf_lvgl__lvgl.dir/src/extra/themes/mono/lv_theme_mono.c.obj^[[K
build	Build ESP32-C6 firmware	2026-09-24T11:35:20.2520700Z [1127/1416] Building C object esp-idf/lvgl__lvgl/CMakeFiles/__idf_lvgl__lvgl.dir/src/extra/themes/basic/lv_theme_basic.c.obj^[[K
build	Build ESP32-C6 firmware	2026-09-24T11:35:20.2902512Z [1128/1416] Building C object esp-idf/lvgl__lvgl/CMakeFiles/__idf_lvgl__lvgl.dir/src/extra/widgets/animimg/lv_animimg.c.obj^[[K
build	Build ESP32-C6 firmware	2026-09-24T11:35:20.4376582Z [1129/1416] Building C object esp-idf/lvgl__lvgl/CMakeFiles/__idf_lvgl__lvgl.dir/src/extra/widgets/calendar/lv_calendar_header_dropdown.c.obj^[[K
build	Build ESP32-C6 firmware	2026-09-24T11:35:20.4880928Z [1130/1416] Building C object esp-idf/lvgl__lvgl/CMakeFiles/__idf_lvgl__lvgl.dir/src/extra/themes/default/lv_theme_default.c.obj^[[K
build	Build ESP32-C6 firmware	2026-09-24T11:35:20.4993483Z [1131/1416] Building C object esp-idf/lvgl__lvgl/CMakeFiles/__idf_lvgl__lvgl.dir/src/extra/widgets/keyboard/lv_keyboard.c.obj^[[K
build	Build ESP32-C6 firmware	2026-09-24T11:35:20.5087457Z [1132/1416] Building C object esp-idf/lvgl__lvgl/CMakeFiles/__idf_lvgl__lvgl.dir/src/extra/widgets/imgbtn/lv_imgbtn.c.obj^[[K
build	Build ESP32-C6 firmware	2026-09-24T11:35:20.5323138Z [1133/1416] Building C object esp-idf/lvgl__lvgl/CMakeFiles/__idf_lvgl__lvgl.dir/src/extra/widgets/led/lv_led.c.obj^[[K
build	Build ESP32-C6 firmware	2026-09-24T11:35:20.6317165Z [1134/1416] Building C object esp-idf/lvgl__lvgl/CMakeFiles/__idf_lvgl__lvgl.dir/src/extra/widgets/colorwheel/lv_colorwheel.c.obj^[[K
build	Build ESP32-C6 firmware	2026-09-24T11:35:20.6358846Z [1135/1416] Building C object esp-idf/lvgl__lvgl/CMakeFiles/__idf_lvgl__lvgl.dir/src/extra/widgets/chart/lv_chart.c.obj^[[K
build	Build ESP32-C6 firmware	2026-09-24T11:35:20.7128011Z [1136/1416] Building C object esp-idf/lvgl__lvgl/CMakeFiles/__idf_lvgl__lvgl.dir/src/extra/widgets/list/lv_list.c.obj^[[K
build	Build ESP32-C6 firmware	2026-09-24T11:35:20.7723296Z [1137/1416] Building C object esp-idf/lvgl__lvgl/CMakeFiles/__idf_lvgl__lvgl.dir/src/extra/widgets/menu/lv_menu.c.obj^[[K
build	Build ESP32-C6 firmware	2026-09-24T11:35:20.7800267Z [1138/1416] Building C object esp-idf/lvgl__lvgl/CMakeFiles/__idf_lvgl__lvgl.dir/src/extra/widgets/meter/lv_meter.c.obj^[[K
build	Build ESP32-C6 firmware	2026-09-24T11:35:20.8856570Z [1139/1416] Building C object esp-idf/lvgl__lvgl/CMakeFiles/__idf_lvgl__lvgl.dir/src/extra/widgets/msgbox/lv_msgbox.c.obj^[[K
build	Build ESP32-C6 firmware	2026-09-24T11:35:20.8896715Z [1140/1416] Building C object esp-idf/lvgl__lvgl/CMakeFiles/__idf_lvgl__lvgl.dir/src/extra/widgets/spinbox/lv_spinbox.c.obj^[[K
build	Build ESP32-C6 firmware	2026-09-24T11:35:20.9109845Z [1141/1416] Building C object esp-idf/lvgl__lvgl/CMakeFiles/__idf_lvgl__lvgl.dir/src/extra/widgets/spinner/lv_spinner.c.obj^[[K
build	Build ESP32-C6 firmware	2026-09-24T11:35:20.9796587Z [1142/1416] Building C object esp-idf/lvgl__lvgl/CMakeFiles/__idf_lvgl__lvgl.dir/src/extra/widgets/span/lv_span.c.obj^[[K
build	Build ESP32-C6 firmware	2026-09-24T11:35:21.0023827Z [1143/1416] Building C object esp-idf/lvgl__lvgl/CMakeFiles/__idf_lvgl__lvgl.dir/src/extra/widgets/tileview/lv_tileview.c.obj^[[K
build	Build ESP32-C6 firmware	2026-09-24T11:35:21.0025176Z [1144/1416] Building C object esp-idf/lvgl__lvgl/CMakeFiles/__idf_lvgl__lvgl.dir/src/extra/widgets/tabview/lv_tabview.c.obj^[[K
build	Build ESP32-C6 firmware	2026-09-24T11:35:21.0029813Z [1145/1416] Building C object esp-idf/lvgl__lvgl/CMakeFiles/__idf_lvgl__lvgl.dir/src/extra/widgets/win/lv_win.c.obj^[[K
build	Build ESP32-C6 firmware	2026-09-24T11:35:21.0796400Z [1146/1416] Building C object esp-idf/lvgl__lvgl/CMakeFiles/__idf_lvgl__lvgl.dir/src/font/lv_font.c.obj^[[K
build	Build ESP32-C6 firmware	2026-09-24T11:35:21.0838230Z [1147/1416] Building C object esp-idf/lvgl__lvgl/CMakeFiles/__idf_lvgl__lvgl.dir/src/font/lv_font_fmt_txt.c.obj^[[K
build	Build ESP32-C6 firmware	2026-09-24T11:35:21.1481469Z [1148/1416] Building C object esp-idf/lvgl__lvgl/CMakeFiles/__idf_lvgl__lvgl.dir/src/font/lv_font_dejavu_16_persian_hebrew.c.obj^[[K
build	Build ESP32-C6 firmware	2026-09-24T11:35:21.1916876Z [1149/1416] Building C object esp-idf/lvgl__lvgl/CMakeFiles/__idf_lvgl__lvgl.dir/src/font/lv_font_montserrat_12_subpx.c.obj^[[K
build	Build ESP32-C6 firmware	2026-09-24T11:35:21.2066948Z [1150/1416] Building C object esp-idf/lvgl__lvgl/CMakeFiles/__idf_lvgl__lvgl.dir/src/font/lv_font_loader.c.obj^[[K
build	Build ESP32-C6 firmware	2026-09-24T11:35:21.2188871Z [1151/1416] Building C object esp-idf/lvgl__lvgl/CMakeFiles/__idf_lvgl__lvgl.dir/src/font/lv_font_montserrat_12.c.obj^[[K
build	Build ESP32-C6 firmware	2026-09-24T11:35:21.2715010Z [1152/1416] Building C object esp-idf/lvgl__lvgl/CMakeFiles/__idf_lvgl__lvgl.dir/src/font/lv_font_montserrat_10.c.obj^[[K
build	Build ESP32-C6 firmware	2026-09-24T11:35:21.3014840Z [1153/1416] Building C object esp-idf/lvgl__lvgl/CMakeFiles/__idf_lvgl__lvgl.dir/src/font/lv_font_montserrat_16.c.obj^[[K
build	Build ESP32-C6 firmware	2026-09-24T11:35:21.3367477Z [1154/1416] Building C object esp-idf/lvgl__lvgl/CMakeFiles/__idf_lvgl__lvgl.dir/src/font/lv_font_montserrat_14.c.obj^[[K
build	Build ESP32-C6 firmware	2026-09-24T11:35:21.3691273Z [1155/1416] Building C object esp-idf/lvgl__lvgl/CMakeFiles/__idf_lvgl__lvgl.dir/src/font/lv_font_montserrat_18.c.obj^[[K
build	Build ESP32-C6 firmware	2026-09-24T11:35:21.4115570Z [1156/1416] Building C object esp-idf/lvgl__lvgl/CMakeFiles/__idf_lvgl__lvgl.dir/src/font/lv_font_montserrat_20.c.obj^[[K
build	Build ESP32-C6 firmware	2026-09-24T11:35:21.4170309Z [1157/1416] Building C object esp-idf/lvgl__lvgl/CMakeFiles/__idf_lvgl__lvgl.dir/src/font/lv_font_montserrat_24.c.obj^[[K
build	Build ESP32-C6 firmware	2026-09-24T11:35:21.4450764Z [1158/1416] Building C object esp-idf/lvgl__lvgl/CMakeFiles/__idf_lvgl__lvgl.dir/src/font/lv_font_montserrat_22.c.obj^[[K
build	Build ESP32-C6 firmware	2026-09-24T11:35:21.4897961Z [1159/1416] Building C object esp-idf/lvgl__lvgl/CMakeFiles/__idf_lvgl__lvgl.dir/src/font/lv_font_montserrat_26.c.obj^[[K
build	Build ESP32-C6 firmware	2026-09-24T11:35:21.5076277Z [1160/1416] Building C object esp-idf/lvgl__lvgl/CMakeFiles/__idf_lvgl__lvgl.dir/src/font/lv_font_montserrat_28.c.obj^[[K
build	Build ESP32-C6 firmware	2026-09-24T11:35:21.5465378Z [1161/1416] Building C object esp-idf/lvgl__lvgl/CMakeFiles/__idf_lvgl__lvgl.dir/src/font/lv_font_montserrat_28_compressed.c.obj^[[K
build	Build ESP32-C6 firmware	2026-09-24T11:35:21.6010981Z [1162/1416] Building C object esp-idf/lvgl__lvgl/CMakeFiles/__idf_lvgl__lvgl.dir/src/font/lv_font_montserrat_30.c.obj^[[K
build	Build ESP32-C6 firmware	2026-09-24T11:35:21.6200956Z [1163/1416] Building C object esp-idf/lvgl__lvgl/CMakeFiles/__idf_lvgl__lvgl.dir/src/font/lv_font_montserrat_32.c.obj^[[K
build	Build ESP32-C6 firmware	2026-09-24T11:35:21.6316375Z [1164/1416] Building C object esp-idf/lvgl__lvgl/CMakeFiles/__idf_lvgl__lvgl.dir/src/font/lv_font_montserrat_36.c.obj^[[K
build	Build ESP32-C6 firmware	2026-09-24T11:35:21.6939106Z [1165/1416] Building C object esp-idf/lvgl__lvgl/CMakeFiles/__idf_lvgl__lvgl.dir/src/font/lv_font_montserrat_34.c.obj^[[K
build	Build ESP32-C6 firmware	2026-09-24T11:35:21.6988818Z [1166/1416] Building C object esp-idf/lvgl__lvgl/CMakeFiles/__idf_lvgl__lvgl.dir/src/font/lv_font_montserrat_40.c.obj^[[K
build	Build ESP32-C6 firmware	2026-09-24T11:35:21.7532577Z [1167/1416] Building C object esp-idf/lvgl__lvgl/CMakeFiles/__idf_lvgl__lvgl.dir/src/font/lv_font_montserrat_38.c.obj^[[K
build	Build ESP32-C6 firmware	2026-09-24T11:35:21.8090936Z [1168/1416] Building C object esp-idf/lvgl__lvgl/CMakeFiles/__idf_lvgl__lvgl.dir/src/font/lv_font_montserrat_42.c.obj^[[K
build	Build ESP32-C6 firmware	2026-09-24T11:35:21.8463583Z [1169/1416] Building C object esp-idf/lvgl__lvgl/CMakeFiles/__idf_lvgl__lvgl.dir/src/font/lv_font_montserrat_44.c.obj^[[K
build	Build ESP32-C6 firmware	2026-09-24T11:35:21.8636605Z [1170/1416] Building C object esp-idf/lvgl__lvgl/CMakeFiles/__idf_lvgl__lvgl.dir/src/font/lv_font_montserrat_48.c.obj^[[K
build	Build ESP32-C6 firmware	2026-09-24T11:35:21.8931323Z [1171/1416] Building C object esp-idf/lvgl__lvgl/CMakeFiles/__idf_lvgl__lvgl.dir/src/font/lv_font_montserrat_46.c.obj^[[K
build	Build ESP32-C6 firmware	2026-09-24T11:35:21.9316375Z [1172/1416] Building C object esp-idf/lvgl__lvgl/CMakeFiles/__idf_lvgl__lvgl.dir/src/font/lv_font_montserrat_8.c.obj^[[K
build	Build ESP32-C6 firmware	2026-09-24T11:35:21.9555676Z [1173/1416] Building C object esp-idf/lvgl__lvgl/CMakeFiles/__idf_lvgl__lvgl.dir/src/font/lv_font_simsun_16_cjk.c.obj^[[K
build	Build ESP32-C6 firmware	2026-09-24T11:35:21.9655586Z [1174/1416] Building C object esp-idf/lvgl__lvgl/CMakeFiles/__idf_lvgl__lvgl.dir/src/font/lv_font_unscii_16.c.obj^[[K
build	Build ESP32-C6 firmware	2026-09-24T11:35:21.9858244Z [1175/1416] Building C object esp-idf/lvgl__lvgl/CMakeFiles/__idf_lvgl__lvgl.dir/src/font/lv_font_unscii_8.c.obj^[[K
build	Build ESP32-C6 firmware	2026-09-24T11:35:22.0149635Z [1176/1416] Building C object esp-idf/lvgl__lvgl/CMakeFiles/__idf_lvgl__lvgl.dir/src/hal/lv_hal_tick.c.obj^[[K
build	Build ESP32-C6 firmware	2026-09-24T11:35:22.0890333Z [1177/1416] Building C object esp-idf/lvgl__lvgl/CMakeFiles/__idf_lvgl__lvgl.dir/src/hal/lv_hal_indev.c.obj^[[K
build	Build ESP32-C6 firmware	2026-09-24T11:35:22.0996881Z [1178/1416] Building C object esp-idf/lvgl__lvgl/CMakeFiles/__idf_lvgl__lvgl.dir/src/hal/lv_hal_disp.c.obj^[[K
build	Build ESP32-C6 firmware	2026-09-24T11:35:22.1015470Z [1179/1416] Building C object esp-idf/lvgl__lvgl/CMakeFiles/__idf_lvgl__lvgl.dir/src/misc/lv_anim_timeline.c.obj^[[K
build	Build ESP32-C6 firmware	2026-09-24T11:35:22.1133533Z [1180/1416] Building C object esp-idf/lvgl__lvgl/CMakeFiles/__idf_lvgl__lvgl.dir/src/misc/lv_area.c.obj^[[K
build	Build ESP32-C6 firmware	2026-09-24T11:35:22.1238410Z [1181/1416] Building C object esp-idf/lvgl__lvgl/CMakeFiles/__idf_lvgl__lvgl.dir/src/misc/lv_async.c.obj^[[K
build	Build ESP32-C6 firmware	2026-09-24T11:35:22.1423457Z [1182/1416] Building C object esp-idf/lvgl__lvgl/CMakeFiles/__idf_lvgl__lvgl.dir/src/misc/lv_bidi.c.obj^[[K
build	Build ESP32-C6 firmware	2026-09-24T11:35:22.1985109Z [1183/1416] Building C object esp-idf/lvgl__lvgl/CMakeFiles/__idf_lvgl__lvgl.dir/src/misc/lv_anim.c.obj^[[K
build	Build ESP32-C6 firmware	2026-09-24T11:35:22.2265986Z [1184/1416] Building C object esp-idf/lvgl__lvgl/CMakeFiles/__idf_lvgl__lvgl.dir/src/misc/lv_log.c.obj^[[K
build	Build ESP32-C6 firmware	2026-09-24T11:35:22.2446559Z [1185/1416] Building C object esp-idf/lvgl__lvgl/CMakeFiles/__idf_lvgl__lvgl.dir/src/misc/lv_ll.c.obj^[[K
build	Build ESP32-C6 firmware	2026-09-24T11:35:22.2568238Z [1186/1416] Building C object esp-idf/lvgl__lvgl/CMakeFiles/__idf_lvgl__lvgl.dir/src/misc/lv_lru.c.obj^[[K
build	Build ESP32-C6 firmware	2026-09-24T11:35:22.2657891Z [1187/1416] Building C object esp-idf/lvgl__lvgl/CMakeFiles/__idf_lvgl__lvgl.dir/src/misc/lv_color.c.obj^[[K
build	Build ESP32-C6 firmware	2026-09-24T11:35:22.2916917Z [1188/1416] Building C object esp-idf/lvgl__lvgl/CMakeFiles/__idf_lvgl__lvgl.dir/src/misc/lv_gc.c.obj^[[K
build	Build ESP32-C6 firmware	2026-09-24T11:35:22.3040527Z [1189/1416] Building C object esp-idf/lvgl__lvgl/CMakeFiles/__idf_lvgl__lvgl.dir/src/misc/lv_fs.c.obj^[[K
build	Build ESP32-C6 firmware	2026-09-24T11:35:22.3411159Z [1190/1416] Building C object esp-idf/lvgl__lvgl/CMakeFiles/__idf_lvgl__lvgl.dir/src/misc/lv_math.c.obj^[[K
build	Build ESP32-C6 firmware	2026-09-24T11:35:22.3562885Z [1191/1416] Building C object esp-idf/lvgl__lvgl/CMakeFiles/__idf_lvgl__lvgl.dir/src/misc/lv_templ.c.obj^[[K
build	Build ESP32-C6 firmware	2026-09-24T11:35:22.3818587Z [1192/1416] Building C object esp-idf/lvgl__lvgl/CMakeFiles/__idf_lvgl__lvgl.dir/src/misc/lv_mem.c.obj^[[K
build	Build ESP32-C6 firmware	2026-09-24T11:35:22.4269405Z [1193/1416] Building C object esp-idf/lvgl__lvgl/CMakeFiles/__idf_lvgl__lvgl.dir/src/misc/lv_printf.c.obj^[[K
build	Build ESP32-C6 firmware	2026-09-24T11:35:22.4532034Z [1194/1416] Building C object esp-idf/lvgl__lvgl/CMakeFiles/__idf_lvgl__lvgl.dir/src/misc/lv_tlsf.c.obj^[[K
build	Build ESP32-C6 firmware	2026-09-24T11:35:22.4757522Z [1195/1416] Building C object esp-idf/lvgl__lvgl/CMakeFiles/__idf_lvgl__lvgl.dir/src/misc/lv_timer.c.obj^[[K
build	Build ESP32-C6 firmware	2026-09-24T11:35:22.4798722Z [1196/1416] Building C object esp-idf/lvgl__lvgl/CMakeFiles/__idf_lvgl__lvgl.dir/src/misc/lv_style_gen.c.obj^[[K
build	Build ESP32-C6 firmware	2026-09-24T11:35:22.4994850Z [1197/1416] Building C object esp-idf/lvgl__lvgl/CMakeFiles/__idf_lvgl__lvgl.dir/src/misc/lv_style.c.obj^[[K
build	Build ESP32-C6 firmware	2026-09-24T11:35:22.5276536Z [1198/1416] Building C object esp-idf/lvgl__lvgl/CMakeFiles/__idf_lvgl__lvgl.dir/src/misc/lv_utils.c.obj^[[K
build	Build ESP32-C6 firmware	2026-09-24T11:35:22.5383229Z [1199/1416] Building C object esp-idf/lvgl__lvgl/CMakeFiles/__idf_lvgl__lvgl.dir/src/misc/lv_txt_ap.c.obj^[[K
build	Build ESP32-C6 firmware	2026-09-24T11:35:22.6250842Z [1200/1416] Building C object esp-idf/lvgl__lvgl/CMakeFiles/__idf_lvgl__lvgl.dir/src/misc/lv_txt.c.obj^[[K
build	Build ESP32-C6 firmware	2026-09-24T11:35:22.7144457Z [1201/1416] Building C object esp-idf/lvgl__lvgl/CMakeFiles/__idf_lvgl__lvgl.dir/src/widgets/lv_btn.c.obj^[[K
build	Build ESP32-C6 firmware	2026-09-24T11:35:22.7447042Z [1202/1416] Building C object esp-idf/lvgl__lvgl/CMakeFiles/__idf_lvgl__lvgl.dir/src/widgets/lv_bar.c.obj^[[K
build	Build ESP32-C6 firmware	2026-09-24T11:35:22.7816650Z [1203/1416] Building C object esp-idf/lvgl__lvgl/CMakeFiles/__idf_lvgl__lvgl.dir/src/widgets/lv_checkbox.c.obj^[[K
build	Build ESP32-C6 firmware	2026-09-24T11:35:22.8088400Z [1204/1416] Building C object esp-idf/lvgl__lvgl/CMakeFiles/__idf_lvgl__lvgl.dir/src/widgets/lv_arc.c.obj^[[K
build	Build ESP32-C6 firmware	2026-09-24T11:35:22.8425879Z [1205/1416] Building C object esp-idf/lvgl__lvgl/CMakeFiles/__idf_lvgl__lvgl.dir/src/widgets/lv_canvas.c.obj^[[K
build	Build ESP32-C6 firmware	2026-09-24T11:35:22.8853541Z [1206/1416] Building C object esp-idf/lvgl__lvgl/CMakeFiles/__idf_lvgl__lvgl.dir/src/widgets/lv_objx_templ.c.obj^[[K
build	Build ESP32-C6 firmware	2026-09-24T11:35:22.9502101Z [1207/1416] Building C object esp-idf/lvgl__lvgl/CMakeFiles/__idf_lvgl__lvgl.dir/src/widgets/lv_btnmatrix.c.obj^[[K
build	Build ESP32-C6 firmware	2026-09-24T11:35:23.0087041Z [1208/1416] Building C object esp-idf/lvgl__lvgl/CMakeFiles/__idf_lvgl__lvgl.dir/src/widgets/lv_dropdown.c.obj^[[K
build	Build ESP32-C6 firmware	2026-09-24T11:35:23.0298931Z [1209/1416] Building C object esp-idf/lvgl__lvgl/CMakeFiles/__idf_lvgl__lvgl.dir/src/widgets/lv_line.c.obj^[[K
build	Build ESP32-C6 firmware	2026-09-24T11:35:23.0666157Z [1210/1416] Building C object esp-idf/lvgl__lvgl/CMakeFiles/__idf_lvgl__lvgl.dir/src/widgets/lv_img.c.obj^[[K
build	Build ESP32-C6 firmware	2026-09-24T11:35:23.1161672Z [1211/1416] Building C object esp-idf/lvgl__lvgl/CMakeFiles/__idf_lvgl__lvgl.dir/src/widgets/lv_label.c.obj^[[K
build	Build ESP32-C6 firmware	2026-09-24T11:35:23.1394425Z [1212/1416] Building C object esp-idf/lvgl__lvgl/CMakeFiles/__idf_lvgl__lvgl.dir/src/widgets/lv_slider.c.obj^[[K
build	Build ESP32-C6 firmware	2026-09-24T11:35:23.1440875Z [1213/1416] Building C object esp-idf/lvgl__lvgl/CMakeFiles/__idf_lvgl__lvgl.dir/src/widgets/lv_switch.c.obj^[[K
build	Build ESP32-C6 firmware	2026-09-24T11:35:23.2250544Z [1214/1416] Building C object esp-idf/lvgl__lvgl/CMakeFiles/__idf_lvgl__lvgl.dir/src/widgets/lv_roller.c.obj^[[K
build	Build ESP32-C6 firmware	2026-09-24T11:35:23.2758069Z [1215/1416] Building C object esp-idf/lvgl__lvgl/CMakeFiles/__idf_lvgl__lvgl.dir/examples/anim/lv_example_anim_1.c.obj^[[K
build	Build ESP32-C6 firmware	2026-09-24T11:35:23.3535054Z [1216/1416] Building C object esp-idf/lvgl__lvgl/CMakeFiles/__idf_lvgl__lvgl.dir/examples/anim/lv_example_anim_2.c.obj^[[K
build	Build ESP32-C6 firmware	2026-09-24T11:35:23.3835805Z [1217/1416] Building C object esp-idf/lvgl__lvgl/CMakeFiles/__idf_lvgl__lvgl.dir/src/widgets/lv_table.c.obj^[[K
build	Build ESP32-C6 firmware	2026-09-24T11:35:23.3941585Z [1218/1416] Building C object esp-idf/lvgl__lvgl/CMakeFiles/__idf_lvgl__lvgl.dir/examples/anim/lv_example_anim_3.c.obj^[[K
build	Build ESP32-C6 firmware	2026-09-24T11:35:23.4602583Z [1219/1416] Building C object esp-idf/lvgl__lvgl/CMakeFiles/__idf_lvgl__lvgl.dir/src/widgets/lv_textarea.c.obj^[[K
build	Build ESP32-C6 firmware	2026-09-24T11:35:23.5558062Z [1220/1416] Building C object esp-idf/lvgl__lvgl/CMakeFiles/__idf_lvgl__lvgl.dir/examples/anim/lv_example_anim_timeline_1.c.obj^[[K
build	Build ESP32-C6 firmware	2026-09-24T11:35:23.5942822Z [1221/1416] Building C object esp-idf/lvgl__lvgl/CMakeFiles/__idf_lvgl__lvgl.dir/examples/assets/img_caret_down.c.obj^[[K
build	Build ESP32-C6 firmware	2026-09-24T11:35:23.6133240Z [1222/1416] Building C object esp-idf/lvgl__lvgl/CMakeFiles/__idf_lvgl__lvgl.dir/examples/assets/img_cogwheel_alpha16.c.obj^[[K
build	Build ESP32-C6 firmware	2026-09-24T11:35:23.6725133Z [1223/1416] Building C object esp-idf/lvgl__lvgl/CMakeFiles/__idf_lvgl__lvgl.dir/examples/assets/emoji/img_emoji_F617.c.obj^[[K
build	Build ESP32-C6 firmware	2026-09-24T11:35:23.6747010Z [1224/1416] Building C object esp-idf/lvgl__lvgl/CMakeFiles/__idf_lvgl__lvgl.dir/examples/assets/animimg001.c.obj^[[K
build	Build ESP32-C6 firmware	2026-09-24T11:35:23.7090929Z [1225/1416] Building C object esp-idf/lvgl__lvgl/CMakeFiles/__idf_lvgl__lvgl.dir/examples/assets/animimg002.c.obj^[[K
build	Build ESP32-C6 firmware	2026-09-24T11:35:23.7706911Z [1226/1416] Building C object esp-idf/lvgl__lvgl/CMakeFiles/__idf_lvgl__lvgl.dir/examples/assets/animimg003.c.obj^[[K
build	Build ESP32-C6 firmware	2026-09-24T11:35:23.8091239Z [1227/1416] Building C object esp-idf/lvgl__lvgl/CMakeFiles/__idf_lvgl__lvgl.dir/examples/assets/img_cogwheel_indexed16.c.obj^[[K
build	Build ESP32-C6 firmware	2026-09-24T11:35:23.8481059Z [1228/1416] Building C object esp-idf/lvgl__lvgl/CMakeFiles/__idf_lvgl__lvgl.dir/examples/assets/img_hand.c.obj^[[K
build	Build ESP32-C6 firmware	2026-09-24T11:35:23.8548224Z [1229/1416] Building C object esp-idf/lvgl__lvgl/CMakeFiles/__idf_lvgl__lvgl.dir/examples/assets/img_cogwheel_argb.c.obj^[[K
build	Build ESP32-C6 firmware	2026-09-24T11:35:23.9085585Z [1230/1416] Building C object esp-idf/lvgl__lvgl/CMakeFiles/__idf_lvgl__lvgl.dir/examples/assets/img_cogwheel_chroma_keyed.c.obj^[[K
build	Build ESP32-C6 firmware	2026-09-24T11:35:23.9181565Z [1231/1416] Building C object esp-idf/lvgl__lvgl/CMakeFiles/__idf_lvgl__lvgl.dir/examples/assets/img_cogwheel_rgb.c.obj^[[K
build	Build ESP32-C6 firmware	2026-09-24T11:35:23.9473244Z [1232/1416] Building C object esp-idf/lvgl__lvgl/CMakeFiles/__idf_lvgl__lvgl.dir/examples/assets/img_skew_strip.c.obj^[[K
build	Build ESP32-C6 firmware	2026-09-24T11:35:23.9817271Z [1233/1416] Building C object esp-idf/lvgl__lvgl/CMakeFiles/__idf_lvgl__lvgl.dir/examples/assets/img_star.c.obj^[[K
build	Build ESP32-C6 firmware	2026-09-24T11:35:24.0686964Z [1234/1416] Building C object esp-idf/lvgl__lvgl/CMakeFiles/__idf_lvgl__lvgl.dir/examples/assets/imgbtn_left.c.obj^[[K
build	Build ESP32-C6 firmware	2026-09-24T11:35:24.0690118Z [1235/1416] Building C object esp-idf/lvgl__lvgl/CMakeFiles/__idf_lvgl__lvgl.dir/examples/assets/imgbtn_mid.c.obj^[[K
build	Build ESP32-C6 firmware	2026-09-24T11:35:24.0696338Z [1236/1416] Building C object esp-idf/lvgl__lvgl/CMakeFiles/__idf_lvgl__lvgl.dir/examples/assets/imgbtn_right.c.obj^[[K
build	Build ESP32-C6 firmware	2026-09-24T11:35:24.1124847Z [1237/1416] Building C object esp-idf/lvgl__lvgl/CMakeFiles/__idf_lvgl__lvgl.dir/examples/event/lv_example_event_2.c.obj^[[K
build	Build ESP32-C6 firmware	2026-09-24T11:35:24.1476116Z [1238/1416] Building C object esp-idf/lvgl__lvgl/CMakeFiles/__idf_lvgl__lvgl.dir/examples/event/lv_example_event_3.c.obj^[[K
build	Build ESP32-C6 firmware	2026-09-24T11:35:24.1745266Z [1239/1416] Building C object esp-idf/lvgl__lvgl/CMakeFiles/__idf_lvgl__lvgl.dir/examples/event/lv_example_event_1.c.obj^[[K
build	Build ESP32-C6 firmware	2026-09-24T11:35:24.2565397Z [1240/1416] Building C object esp-idf/lvgl__lvgl/CMakeFiles/__idf_lvgl__lvgl.dir/examples/event/lv_example_event_4.c.obj^[[K
build	Build ESP32-C6 firmware	2026-09-24T11:35:24.2661242Z [1241/1416] Building C object esp-idf/lvgl__lvgl/CMakeFiles/__idf_lvgl__lvgl.dir/examples/get_started/lv_example_get_started_1.c.obj^[[K
build	Build ESP32-C6 firmware	2026-09-24T11:35:24.2818354Z [1242/1416] Building C object esp-idf/lvgl__lvgl/CMakeFiles/__idf_lvgl__lvgl.dir/examples/get_started/lv_example_get_started_2.c.obj^[[K
build	Build ESP32-C6 firmware	2026-09-24T11:35:24.3295256Z [1243/1416] Building C object esp-idf/lvgl__lvgl/CMakeFiles/__idf_lvgl__lvgl.dir/examples/get_started/lv_example_get_started_3.c.obj^[[K
build	Build ESP32-C6 firmware	2026-09-24T11:35:24.3434292Z [1244/1416] Building C object esp-idf/lvgl__lvgl/CMakeFiles/__idf_lvgl__lvgl.dir/examples/layouts/flex/lv_example_flex_1.c.obj^[[K
build	Build ESP32-C6 firmware	2026-09-24T11:35:24.3977531Z [1245/1416] Building C object esp-idf/lvgl__lvgl/CMakeFiles/__idf_lvgl__lvgl.dir/examples/layouts/flex/lv_example_flex_2.c.obj^[[K
build	Build ESP32-C6 firmware	2026-09-24T11:35:24.4728887Z [1246/1416] Building C object esp-idf/lvgl__lvgl/CMakeFiles/__idf_lvgl__lvgl.dir/examples/layouts/flex/lv_example_flex_3.c.obj^[[K
build	Build ESP32-C6 firmware	2026-09-24T11:35:24.4740003Z [1247/1416] Building C object esp-idf/lvgl__lvgl/CMakeFiles/__idf_lvgl__lvgl.dir/examples/layouts/grid/lv_example_grid_1.c.obj^[[K
build	Build ESP32-C6 firmware	2026-09-24T11:35:24.4945286Z [1248/1416] Building C object esp-idf/lvgl__lvgl/CMakeFiles/__idf_lvgl__lvgl.dir/examples/layouts/grid/lv_example_grid_2.c.obj^[[K
build	Build ESP32-C6 firmware	2026-09-24T11:35:24.5157136Z [1249/1416] Building C object esp-idf/lvgl__lvgl/CMakeFiles/__idf_lvgl__lvgl.dir/examples/layouts/flex/lv_example_flex_4.c.obj^[[K
build	Build ESP32-C6 firmware	2026-09-24T11:35:24.5281129Z [1250/1416] Building C object esp-idf/lvgl__lvgl/CMakeFiles/__idf_lvgl__lvgl.dir/examples/layouts/flex/lv_example_flex_6.c.obj^[[K
build	Build ESP32-C6 firmware	2026-09-24T11:35:24.6201249Z [1251/1416] Building C object esp-idf/lvgl__lvgl/CMakeFiles/__idf_lvgl__lvgl.dir/examples/layouts/flex/lv_example_flex_5.c.obj^[[K
build	Build ESP32-C6 firmware	2026-09-24T11:35:24.6353011Z [1252/1416] Building C object esp-idf/lvgl__lvgl/CMakeFiles/__idf_lvgl__lvgl.dir/examples/layouts/grid/lv_example_grid_3.c.obj^[[K
build	Build ESP32-C6 firmware	2026-09-24T11:35:24.6702893Z [1253/1416] Building C object esp-idf/lvgl__lvgl/CMakeFiles/__idf_lvgl__lvgl.dir/examples/layouts/grid/lv_example_grid_4.c.obj^[[K
build	Build ESP32-C6 firmware	2026-09-24T11:35:24.7026554Z [1254/1416] Building C object esp-idf/lvgl__lvgl/CMakeFiles/__idf_lvgl__lvgl.dir/examples/libs/bmp/lv_example_bmp_1.c.obj^[[K
build	Build ESP32-C6 firmware	2026-09-24T11:35:24.7097117Z [1255/1416] Building C object esp-idf/lvgl__lvgl/CMakeFiles/__idf_lvgl__lvgl.dir/examples/libs/ffmpeg/lv_example_ffmpeg_1.c.obj^[[K
build	Build ESP32-C6 firmware	2026-09-24T11:35:24.7225286Z [1256/1416] Building C object esp-idf/lvgl__lvgl/CMakeFiles/__idf_lvgl__lvgl.dir/examples/layouts/grid/lv_example_grid_6.c.obj^[[K
build	Build ESP32-C6 firmware	2026-09-24T11:35:24.8162954Z [1257/1416] Building C object esp-idf/lvgl__lvgl/CMakeFiles/__idf_lvgl__lvgl.dir/examples/layouts/grid/lv_example_grid_5.c.obj^[[K
build	Build ESP32-C6 firmware	2026-09-24T11:35:24.8526266Z [1258/1416] Building C object esp-idf/lvgl__lvgl/CMakeFiles/__idf_lvgl__lvgl.dir/examples/libs/ffmpeg/lv_example_ffmpeg_2.c.obj^[[K
build	Build ESP32-C6 firmware	2026-09-24T11:35:24.8583273Z [1259/1416] Building C object esp-idf/lvgl__lvgl/CMakeFiles/__idf_lvgl__lvgl.dir/examples/libs/freetype/lv_example_freetype_1.c.obj^[[K
build	Build ESP32-C6 firmware	2026-09-24T11:35:24.8596674Z [1260/1416] Building C object esp-idf/lvgl__lvgl/CMakeFiles/__idf_lvgl__lvgl.dir/examples/libs/gif/img_bulb_gif.c.obj^[[K
build	Build ESP32-C6 firmware	2026-09-24T11:35:24.8941341Z [1261/1416] Building C object esp-idf/lvgl__lvgl/CMakeFiles/__idf_lvgl__lvgl.dir/examples/libs/png/img_wink_png.c.obj^[[K
build	Build ESP32-C6 firmware	2026-09-24T11:35:24.9008810Z [1262/1416] Building C object esp-idf/lvgl__lvgl/CMakeFiles/__idf_lvgl__lvgl.dir/examples/libs/png/lv_example_png_1.c.obj^[[K
build	Build ESP32-C6 firmware	2026-09-24T11:35:25.0184422Z [1263/1416] Building C object esp-idf/lvgl__lvgl/CMakeFiles/__idf_lvgl__lvgl.dir/examples/libs/gif/lv_example_gif_1.c.obj^[[K
build	Build ESP32-C6 firmware	2026-09-24T11:35:25.0232318Z [1264/1416] Building C object esp-idf/lvgl__lvgl/CMakeFiles/__idf_lvgl__lvgl.dir/examples/libs/rlottie/lv_example_rlottie_2.c.obj^[[K
build	Build ESP32-C6 firmware	2026-09-24T11:35:25.0265150Z [1265/1416] Building C object esp-idf/lvgl__lvgl/CMakeFiles/__idf_lvgl__lvgl.dir/examples/libs/qrcode/lv_example_qrcode_1.c.obj^[[K
build	Build ESP32-C6 firmware	2026-09-24T11:35:25.0460975Z [1266/1416] Building C object esp-idf/lvgl__lvgl/CMakeFiles/__idf_lvgl__lvgl.dir/examples/libs/rlottie/lv_example_rlottie_approve.c.obj^[[K
build	Build ESP32-C6 firmware	2026-09-24T11:35:25.0936570Z [1267/1416] Building C object esp-idf/lvgl__lvgl/CMakeFiles/__idf_lvgl__lvgl.dir/examples/libs/rlottie/lv_example_rlottie_1.c.obj^[[K
build	Build ESP32-C6 firmware	2026-09-24T11:35:25.0995353Z [1268/1416] Building C object esp-idf/lvgl__lvgl/CMakeFiles/__idf_lvgl__lvgl.dir/examples/others/fragment/lv_example_fragment_1.c.obj^[[K
build	Build ESP32-C6 firmware	2026-09-24T11:35:25.1787141Z [1269/1416] Building C object esp-idf/lvgl__lvgl/CMakeFiles/__idf_lvgl__lvgl.dir/examples/libs/sjpg/lv_example_sjpg_1.c.obj^[[K
build	Build ESP32-C6 firmware	2026-09-24T11:35:25.1815326Z [1270/1416] Building C object esp-idf/lvgl__lvgl/CMakeFiles/__idf_lvgl__lvgl.dir/examples/others/gridnav/lv_example_gridnav_1.c.obj^[[K
build	Build ESP32-C6 firmware	2026-09-24T11:35:25.2289239Z [1271/1416] Building C object esp-idf/lvgl__lvgl/CMakeFiles/__idf_lvgl__lvgl.dir/examples/others/fragment/lv_example_fragment_2.c.obj^[[K
build	Build ESP32-C6 firmware	2026-09-24T11:35:25.2531601Z [1272/1416] Building C object esp-idf/lvgl__lvgl/CMakeFiles/__idf_lvgl__lvgl.dir/examples/others/gridnav/lv_example_gridnav_2.c.obj^[[K
build	Build ESP32-C6 firmware	2026-09-24T11:35:25.2595368Z [1273/1416] Building C object esp-idf/lvgl__lvgl/CMakeFiles/__idf_lvgl__lvgl.dir/examples/others/gridnav/lv_example_gridnav_4.c.obj^[[K
build	Build ESP32-C6 firmware	2026-09-24T11:35:25.3496401Z [1274/1416] Building C object esp-idf/lvgl__lvgl/CMakeFiles/__idf_lvgl__lvgl.dir/examples/others/gridnav/lv_example_gridnav_3.c.obj^[[K
build	Build ESP32-C6 firmware	2026-09-24T11:35:25.3513276Z [1275/1416] Building C object esp-idf/lvgl__lvgl/CMakeFiles/__idf_lvgl__lvgl.dir/examples/others/ime/lv_example_ime_pinyin_2.c.obj^[[K
build	Build ESP32-C6 firmware	2026-09-24T11:35:25.4047668Z [1276/1416] Building C object esp-idf/lvgl__lvgl/CMakeFiles/__idf_lvgl__lvgl.dir/examples/others/ime/lv_example_ime_pinyin_1.c.obj^[[K
build	Build ESP32-C6 firmware	2026-09-24T11:35:25.4327186Z [1277/1416] Building C object esp-idf/lvgl__lvgl/CMakeFiles/__idf_lvgl__lvgl.dir/examples/others/imgfont/lv_example_imgfont_1.c.obj^[[K
build	Build ESP32-C6 firmware	2026-09-24T11:35:25.4438526Z [1278/1416] Building C object esp-idf/lvgl__lvgl/CMakeFiles/__idf_lvgl__lvgl.dir/examples/others/monkey/lv_example_monkey_1.c.obj^[[K
build	Build ESP32-C6 firmware	2026-09-24T11:35:25.4795963Z [1279/1416] Building C object esp-idf/lvgl__lvgl/CMakeFiles/__idf_lvgl__lvgl.dir/examples/others/monkey/lv_example_monkey_2.c.obj^[[K
build	Build ESP32-C6 firmware	2026-09-24T11:35:25.4988629Z [1280/1416] Building C object esp-idf/lvgl__lvgl/CMakeFiles/__idf_lvgl__lvgl.dir/examples/others/monkey/lv_example_monkey_3.c.obj^[[K
build	Build ESP32-C6 firmware	2026-09-24T11:35:25.5186542Z [1281/1416] Building C object esp-idf/lvgl__lvgl/CMakeFiles/__idf_lvgl__lvgl.dir/examples/porting/lv_port_disp_template.c.obj^[[K
build	Build ESP32-C6 firmware	2026-09-24T11:35:25.5352798Z [1282/1416] Building C object esp-idf/lvgl__lvgl/CMakeFiles/__idf_lvgl__lvgl.dir/examples/porting/lv_port_fs_template.c.obj^[[K
build	Build ESP32-C6 firmware	2026-09-24T11:35:25.5396904Z [1283/1416] Building C object esp-idf/lvgl__lvgl/CMakeFiles/__idf_lvgl__lvgl.dir/examples/porting/lv_port_indev_template.c.obj^[[K
build	Build ESP32-C6 firmware	2026-09-24T11:35:25.5473913Z [1284/1416] Building C object esp-idf/lvgl__lvgl/CMakeFiles/__idf_lvgl__lvgl.dir/examples/others/msg/lv_example_msg_1.c.obj^[[K
build	Build ESP32-C6 firmware	2026-09-24T11:35:25.5798913Z [1285/1416] Building C object esp-idf/lvgl__lvgl/CMakeFiles/__idf_lvgl__lvgl.dir/examples/others/msg/lv_example_msg_2.c.obj^[[K
build	Build ESP32-C6 firmware	2026-09-24T11:35:25.6325439Z [1286/1416] Building C object esp-idf/lvgl__lvgl/CMakeFiles/__idf_lvgl__lvgl.dir/examples/others/msg/lv_example_msg_3.c.obj^[[K
build	Build ESP32-C6 firmware	2026-09-24T11:35:25.6920968Z [1287/1416] Building C object esp-idf/lvgl__lvgl/CMakeFiles/__idf_lvgl__lvgl.dir/examples/others/snapshot/lv_example_snapshot_1.c.obj^[[K
build	Build ESP32-C6 firmware	2026-09-24T11:35:25.7055686Z [1288/1416] Building C object esp-idf/lvgl__lvgl/CMakeFiles/__idf_lvgl__lvgl.dir/examples/scroll/lv_example_scroll_1.c.obj^[[K
build	Build ESP32-C6 firmware	2026-09-24T11:35:25.7354159Z [1289/1416] Building C object esp-idf/lvgl__lvgl/CMakeFiles/__idf_lvgl__lvgl.dir/examples/scroll/lv_example_scroll_5.c.obj^[[K
build	Build ESP32-C6 firmware	2026-09-24T11:35:25.7564677Z [1290/1416] Building C object esp-idf/lvgl__lvgl/CMakeFiles/__idf_lvgl__lvgl.dir/examples/scroll/lv_example_scroll_2.c.obj^[[K
build	Build ESP32-C6 firmware	2026-09-24T11:35:25.7977397Z [1291/1416] Building C object esp-idf/lvgl__lvgl/CMakeFiles/__idf_lvgl__lvgl.dir/examples/scroll/lv_example_scroll_3.c.obj^[[K
build	Build ESP32-C6 firmware	2026-09-24T11:35:25.8351276Z [1292/1416] Building C object esp-idf/lvgl__lvgl/CMakeFiles/__idf_lvgl__lvgl.dir/examples/scroll/lv_example_scroll_4.c.obj^[[K
build	Build ESP32-C6 firmware	2026-09-24T11:35:25.8982307Z [1293/1416] Building C object esp-idf/lvgl__lvgl/CMakeFiles/__idf_lvgl__lvgl.dir/examples/scroll/lv_example_scroll_6.c.obj^[[K
build	Build ESP32-C6 firmware	2026-09-24T11:35:25.9196951Z [1294/1416] Building C object esp-idf/lvgl__lvgl/CMakeFiles/__idf_lvgl__lvgl.dir/examples/styles/lv_example_style_10.c.obj^[[K
build	Build ESP32-C6 firmware	2026-09-24T11:35:25.9488861Z [1295/1416] Building C object esp-idf/lvgl__lvgl/CMakeFiles/__idf_lvgl__lvgl.dir/examples/styles/lv_example_style_1.c.obj^[[K
build	Build ESP32-C6 firmware	2026-09-24T11:35:25.9721818Z [1296/1416] Building C object esp-idf/lvgl__lvgl/CMakeFiles/__idf_lvgl__lvgl.dir/examples/styles/lv_example_style_11.c.obj^[[K
build	Build ESP32-C6 firmware	2026-09-24T11:35:25.9767149Z [1297/1416] Building C object esp-idf/lvgl__lvgl/CMakeFiles/__idf_lvgl__lvgl.dir/examples/styles/lv_example_style_12.c.obj^[[K
build	Build ESP32-C6 firmware	2026-09-24T11:35:26.0461573Z [1298/1416] Building C object esp-idf/lvgl__lvgl/CMakeFiles/__idf_lvgl__lvgl.dir/examples/styles/lv_example_style_13.c.obj^[[K
build	Build ESP32-C6 firmware	2026-09-24T11:35:26.1069769Z [1299/1416] Building C object esp-idf/lvgl__lvgl/CMakeFiles/__idf_lvgl__lvgl.dir/examples/styles/lv_example_style_14.c.obj^[[K
build	Build ESP32-C6 firmware	2026-09-24T11:35:26.1189577Z [1300/1416] Building C object esp-idf/lvgl__lvgl/CMakeFiles/__idf_lvgl__lvgl.dir/examples/styles/lv_example_style_15.c.obj^[[K
build	Build ESP32-C6 firmware	2026-09-24T11:35:26.1424457Z [1301/1416] Building C object esp-idf/lvgl__lvgl/CMakeFiles/__idf_lvgl__lvgl.dir/examples/styles/lv_example_style_2.c.obj^[[K
build	Build ESP32-C6 firmware	2026-09-24T11:35:26.1614887Z [1302/1416] Building C object esp-idf/lvgl__lvgl/CMakeFiles/__idf_lvgl__lvgl.dir/examples/styles/lv_example_style_4.c.obj^[[K
build	Build ESP32-C6 firmware	2026-09-24T11:35:26.1648013Z [1303/1416] Building C object esp-idf/lvgl__lvgl/CMakeFiles/__idf_lvgl__lvgl.dir/examples/styles/lv_example_style_3.c.obj^[[K
build	Build ESP32-C6 firmware	2026-09-24T11:35:26.2455083Z [1304/1416] Building C object esp-idf/lvgl__lvgl/CMakeFiles/__idf_lvgl__lvgl.dir/examples/styles/lv_example_style_5.c.obj^[[K
build	Build ESP32-C6 firmware	2026-09-24T11:35:26.2906630Z [1305/1416] Building C object esp-idf/lvgl__lvgl/CMakeFiles/__idf_lvgl__lvgl.dir/examples/styles/lv_example_style_6.c.obj^[[K
build	Build ESP32-C6 firmware	2026-09-24T11:35:26.3253322Z [1306/1416] Building C object esp-idf/lvgl__lvgl/CMakeFiles/__idf_lvgl__lvgl.dir/examples/styles/lv_example_style_7.c.obj^[[K
build	Build ESP32-C6 firmware	2026-09-24T11:35:26.3422188Z [1307/1416] Building C object esp-idf/lvgl__lvgl/CMakeFiles/__idf_lvgl__lvgl.dir/examples/styles/lv_example_style_9.c.obj^[[K
build	Build ESP32-C6 firmware	2026-09-24T11:35:26.3633473Z [1308/1416] Building C object esp-idf/lvgl__lvgl/CMakeFiles/__idf_lvgl__lvgl.dir/examples/widgets/animimg/lv_example_animimg_1.c.obj^[[K
build	Build ESP32-C6 firmware	2026-09-24T11:35:26.3658503Z [1309/1416] Building C object esp-idf/lvgl__lvgl/CMakeFiles/__idf_lvgl__lvgl.dir/examples/widgets/arc/lv_example_arc_1.c.obj^[[K
build	Build ESP32-C6 firmware	2026-09-24T11:35:26.4487967Z [1310/1416] Building C object esp-idf/lvgl__lvgl/CMakeFiles/__idf_lvgl__lvgl.dir/examples/styles/lv_example_style_8.c.obj^[[K
build	Build ESP32-C6 firmware	2026-09-24T11:35:26.4995682Z [1311/1416] Building C object esp-idf/lvgl__lvgl/CMakeFiles/__idf_lvgl__lvgl.dir/examples/widgets/arc/lv_example_arc_2.c.obj^[[K
build	Build ESP32-C6 firmware	2026-09-24T11:35:26.5120417Z [1312/1416] Building C object esp-idf/lvgl__lvgl/CMakeFiles/__idf_lvgl__lvgl.dir/examples/widgets/bar/lv_example_bar_1.c.obj^[[K
build	Build ESP32-C6 firmware	2026-09-24T11:35:26.5161839Z [1313/1416] Building C object esp-idf/lvgl__lvgl/CMakeFiles/__idf_lvgl__lvgl.dir/examples/widgets/bar/lv_example_bar_3.c.obj^[[K
build	Build ESP32-C6 firmware	2026-09-24T11:35:26.5547170Z [1314/1416] Building C object esp-idf/lvgl__lvgl/CMakeFiles/__idf_lvgl__lvgl.dir/examples/widgets/bar/lv_example_bar_2.c.obj^[[K
build	Build ESP32-C6 firmware	2026-09-24T11:35:26.5692427Z [1315/1416] Building C object esp-idf/lvgl__lvgl/CMakeFiles/__idf_lvgl__lvgl.dir/examples/widgets/bar/lv_example_bar_5.c.obj^[[K
build	Build ESP32-C6 firmware	2026-09-24T11:35:26.6781779Z [1316/1416] Building C object esp-idf/lvgl__lvgl/CMakeFiles/__idf_lvgl__lvgl.dir/examples/widgets/bar/lv_example_bar_4.c.obj^[[K
build	Build ESP32-C6 firmware	2026-09-24T11:35:26.6838599Z [1317/1416] Building C object esp-idf/lvgl__lvgl/CMakeFiles/__idf_lvgl__lvgl.dir/examples/widgets/btn/lv_example_btn_1.c.obj^[[K
build	Build ESP32-C6 firmware	2026-09-24T11:35:26.6862437Z [1318/1416] Building C object esp-idf/lvgl__lvgl/CMakeFiles/__idf_lvgl__lvgl.dir/examples/widgets/bar/lv_example_bar_6.c.obj^[[K
build	Build ESP32-C6 firmware	2026-09-24T11:35:26.7303238Z [1319/1416] Building C object esp-idf/lvgl__lvgl/CMakeFiles/__idf_lvgl__lvgl.dir/examples/widgets/btn/lv_example_btn_2.c.obj^[[K
build	Build ESP32-C6 firmware	2026-09-24T11:35:26.7539205Z [1320/1416] Building C object esp-idf/lvgl__lvgl/CMakeFiles/__idf_lvgl__lvgl.dir/examples/widgets/btn/lv_example_btn_3.c.obj^[[K
build	Build ESP32-C6 firmware	2026-09-24T11:35:26.7725241Z [1321/1416] Building C object esp-idf/lvgl__lvgl/CMakeFiles/__idf_lvgl__lvgl.dir/examples/widgets/btnmatrix/lv_example_btnmatrix_1.c.obj^[[K
build	Build ESP32-C6 firmware	2026-09-24T11:35:26.8637875Z [1322/1416] Building C object esp-idf/lvgl__lvgl/CMakeFiles/__idf_lvgl__lvgl.dir/examples/widgets/btnmatrix/lv_example_btnmatrix_2.c.obj^[[K
build	Build ESP32-C6 firmware	2026-09-24T11:35:26.8814868Z [1323/1416] Building C object esp-idf/lvgl__lvgl/CMakeFiles/__idf_lvgl__lvgl.dir/examples/widgets/btnmatrix/lv_example_btnmatrix_3.c.obj^[[K
build	Build ESP32-C6 firmware	2026-09-24T11:35:26.9203047Z [1324/1416] Building C object esp-idf/lvgl__lvgl/CMakeFiles/__idf_lvgl__lvgl.dir/examples/widgets/calendar/lv_example_calendar_1.c.obj^[[K
build	Build ESP32-C6 firmware	2026-09-24T11:35:26.9311361Z [1325/1416] Building C object esp-idf/lvgl__lvgl/CMakeFiles/__idf_lvgl__lvgl.dir/examples/widgets/canvas/lv_example_canvas_1.c.obj^[[K
build	Build ESP32-C6 firmware	2026-09-24T11:35:26.9546713Z [1326/1416] Building C object esp-idf/lvgl__lvgl/CMakeFiles/__idf_lvgl__lvgl.dir/examples/widgets/canvas/lv_example_canvas_2.c.obj^[[K
build	Build ESP32-C6 firmware	2026-09-24T11:35:26.9949291Z [1327/1416] Building C object esp-idf/lvgl__lvgl/CMakeFiles/__idf_lvgl__lvgl.dir/examples/widgets/chart/lv_example_chart_1.c.obj^[[K
build	Build ESP32-C6 firmware	2026-09-24T11:35:27.0445734Z [1328/1416] Building C object esp-idf/lvgl__lvgl/CMakeFiles/__idf_lvgl__lvgl.dir/examples/widgets/chart/lv_example_chart_2.c.obj^[[K
build	Build ESP32-C6 firmware	2026-09-24T11:35:27.0714373Z [1329/1416] Building C object esp-idf/lvgl__lvgl/CMakeFiles/__idf_lvgl__lvgl.dir/examples/widgets/chart/lv_example_chart_3.c.obj^[[K
build	Build ESP32-C6 firmware	2026-09-24T11:35:27.0841107Z [1330/1416] Building C object esp-idf/lvgl__lvgl/CMakeFiles/__idf_lvgl__lvgl.dir/examples/widgets/chart/lv_example_chart_4.c.obj^[[K
build	Build ESP32-C6 firmware	2026-09-24T11:35:27.1412581Z [1331/1416] Building C object esp-idf/lvgl__lvgl/CMakeFiles/__idf_lvgl__lvgl.dir/examples/widgets/chart/lv_example_chart_5.c.obj^[[K
build	Build ESP32-C6 firmware	2026-09-24T11:35:27.2033384Z [1332/1416] Building C object esp-idf/lvgl__lvgl/CMakeFiles/__idf_lvgl__lvgl.dir/examples/widgets/chart/lv_example_chart_6.c.obj^[[K
build	Build ESP32-C6 firmware	2026-09-24T11:35:27.2289632Z [1333/1416] Building C object esp-idf/lvgl__lvgl/CMakeFiles/__idf_lvgl__lvgl.dir/examples/widgets/chart/lv_example_chart_7.c.obj^[[K
build	Build ESP32-C6 firmware	2026-09-24T11:35:27.2485110Z [1334/1416] Building C object esp-idf/lvgl__lvgl/CMakeFiles/__idf_lvgl__lvgl.dir/examples/widgets/chart/lv_example_chart_8.c.obj^[[K
build	Build ESP32-C6 firmware	2026-09-24T11:35:27.2730390Z [1335/1416] Building C object esp-idf/lvgl__lvgl/CMakeFiles/__idf_lvgl__lvgl.dir/examples/widgets/checkbox/lv_example_checkbox_1.c.obj^[[K
build	Build ESP32-C6 firmware	2026-09-24T11:35:27.3026191Z [1336/1416] Building C object esp-idf/lvgl__lvgl/CMakeFiles/__idf_lvgl__lvgl.dir/examples/widgets/chart/lv_example_chart_9.c.obj^[[K
build	Build ESP32-C6 firmware	2026-09-24T11:35:27.3615549Z [1337/1416] Building C object esp-idf/lvgl__lvgl/CMakeFiles/__idf_lvgl__lvgl.dir/examples/widgets/checkbox/lv_example_checkbox_2.c.obj^[[K
build	Build ESP32-C6 firmware	2026-09-24T11:35:27.3943887Z [1338/1416] Building C object esp-idf/lvgl__lvgl/CMakeFiles/__idf_lvgl__lvgl.dir/examples/widgets/colorwheel/lv_example_colorwheel_1.c.obj^[[K
build	Build ESP32-C6 firmware	2026-09-24T11:35:27.4199448Z [1339/1416] Building C object esp-idf/lvgl__lvgl/CMakeFiles/__idf_lvgl__lvgl.dir/examples/widgets/dropdown/lv_example_dropdown_2.c.obj^[[K
build	Build ESP32-C6 firmware	2026-09-24T11:35:27.4258872Z [1340/1416] Building C object esp-idf/lvgl__lvgl/CMakeFiles/__idf_lvgl__lvgl.dir/examples/widgets/dropdown/lv_example_dropdown_1.c.obj^[[K
build	Build ESP32-C6 firmware	2026-09-24T11:35:27.4880005Z [1341/1416] Building C object esp-idf/lvgl__lvgl/CMakeFiles/__idf_lvgl__lvgl.dir/examples/widgets/dropdown/lv_example_dropdown_3.c.obj^[[K
build	Build ESP32-C6 firmware	2026-09-24T11:35:27.4965481Z [1342/1416] Building C object esp-idf/lvgl__lvgl/CMakeFiles/__idf_lvgl__lvgl.dir/examples/widgets/img/lv_example_img_1.c.obj^[[K
build	Build ESP32-C6 firmware	2026-09-24T11:35:27.5822802Z [1343/1416] Building C object esp-idf/lvgl__lvgl/CMakeFiles/__idf_lvgl__lvgl.dir/examples/widgets/img/lv_example_img_2.c.obj^[[K
build	Build ESP32-C6 firmware	2026-09-24T11:35:27.5828347Z [1344/1416] Building C object esp-idf/lvgl__lvgl/CMakeFiles/__idf_lvgl__lvgl.dir/examples/widgets/img/lv_example_img_3.c.obj^[[K
build	Build ESP32-C6 firmware	2026-09-24T11:35:27.6065050Z [1345/1416] Building C object esp-idf/lvgl__lvgl/CMakeFiles/__idf_lvgl__lvgl.dir/examples/widgets/imgbtn/lv_example_imgbtn_1.c.obj^[[K
build	Build ESP32-C6 firmware	2026-09-24T11:35:27.6557429Z [1346/1416] Building C object esp-idf/lvgl__lvgl/CMakeFiles/__idf_lvgl__lvgl.dir/examples/widgets/img/lv_example_img_4.c.obj^[[K
build	Build ESP32-C6 firmware	2026-09-24T11:35:27.6734382Z [1347/1416] Building C object esp-idf/lvgl__lvgl/CMakeFiles/__idf_lvgl__lvgl.dir/examples/widgets/keyboard/lv_example_keyboard_1.c.obj^[[K
build	Build ESP32-C6 firmware	2026-09-24T11:35:27.7266993Z [1348/1416] Building C object esp-idf/lvgl__lvgl/CMakeFiles/__idf_lvgl__lvgl.dir/examples/widgets/label/lv_example_label_1.c.obj^[[K
build	Build ESP32-C6 firmware	2026-09-24T11:35:27.7320317Z [1349/1416] Building C object esp-idf/lvgl__lvgl/CMakeFiles/__idf_lvgl__lvgl.dir/examples/widgets/label/lv_example_label_3.c.obj^[[K
build	Build ESP32-C6 firmware	2026-09-24T11:35:27.7647071Z [1350/1416] Building C object esp-idf/lvgl__lvgl/CMakeFiles/__idf_lvgl__lvgl.dir/examples/widgets/label/lv_example_label_2.c.obj^[[K
build	Build ESP32-C6 firmware	2026-09-24T11:35:27.8377159Z [1351/1416] Building C object esp-idf/lvgl__lvgl/CMakeFiles/__idf_lvgl__lvgl.dir/examples/widgets/label/lv_example_label_4.c.obj^[[K
build	Build ESP32-C6 firmware	2026-09-24T11:35:27.8485984Z [1352/1416] Building C object esp-idf/lvgl__lvgl/CMakeFiles/__idf_lvgl__lvgl.dir/examples/widgets/label/lv_example_label_5.c.obj^[[K
build	Build ESP32-C6 firmware	2026-09-24T11:35:27.8918301Z [1353/1416] Building C object esp-idf/lvgl__lvgl/CMakeFiles/__idf_lvgl__lvgl.dir/examples/widgets/led/lv_example_led_1.c.obj^[[K
build	Build ESP32-C6 firmware	2026-09-24T11:35:27.9236550Z [1354/1416] Building C object esp-idf/lvgl__lvgl/CMakeFiles/__idf_lvgl__lvgl.dir/examples/widgets/list/lv_example_list_1.c.obj^[[K
build	Build ESP32-C6 firmware	2026-09-24T11:35:27.9607214Z [1355/1416] Building C object esp-idf/lvgl__lvgl/CMakeFiles/__idf_lvgl__lvgl.dir/examples/widgets/line/lv_example_line_1.c.obj^[[K
build	Build ESP32-C6 firmware	2026-09-24T11:35:27.9909687Z [1356/1416] Building C object esp-idf/lvgl__lvgl/CMakeFiles/__idf_lvgl__lvgl.dir/examples/widgets/list/lv_example_list_2.c.obj^[[K
build	Build ESP32-C6 firmware	2026-09-24T11:35:28.0631495Z [1357/1416] Building C object esp-idf/lvgl__lvgl/CMakeFiles/__idf_lvgl__lvgl.dir/examples/widgets/menu/lv_example_menu_1.c.obj^[[K
build	Build ESP32-C6 firmware	2026-09-24T11:35:28.0763915Z [1358/1416] Building C object esp-idf/lvgl__lvgl/CMakeFiles/__idf_lvgl__lvgl.dir/examples/widgets/menu/lv_example_menu_3.c.obj^[[K
build	Build ESP32-C6 firmware	2026-09-24T11:35:28.1014944Z [1359/1416] Building C object esp-idf/lvgl__lvgl/CMakeFiles/__idf_lvgl__lvgl.dir/examples/widgets/menu/lv_example_menu_2.c.obj^[[K
build	Build ESP32-C6 firmware	2026-09-24T11:35:28.1412994Z [1360/1416] Building C object esp-idf/lvgl__lvgl/CMakeFiles/__idf_lvgl__lvgl.dir/examples/widgets/menu/lv_example_menu_4.c.obj^[[K
build	Build ESP32-C6 firmware	2026-09-24T11:35:28.1727249Z [1361/1416] Building C object esp-idf/lvgl__lvgl/CMakeFiles/__idf_lvgl__lvgl.dir/examples/widgets/meter/lv_example_meter_1.c.obj^[[K
build	Build ESP32-C6 firmware	2026-09-24T11:35:28.2124446Z [1362/1416] Building C object esp-idf/lvgl__lvgl/CMakeFiles/__idf_lvgl__lvgl.dir/examples/widgets/menu/lv_example_menu_5.c.obj^[[K
build	Build ESP32-C6 firmware	2026-09-24T11:35:28.2746614Z [1363/1416] Building C object esp-idf/lvgl__lvgl/CMakeFiles/__idf_lvgl__lvgl.dir/examples/widgets/meter/lv_example_meter_2.c.obj^[[K
build	Build ESP32-C6 firmware	2026-09-24T11:35:28.2914932Z [1364/1416] Building C object esp-idf/lvgl__lvgl/CMakeFiles/__idf_lvgl__lvgl.dir/examples/widgets/msgbox/lv_example_msgbox_1.c.obj^[[K
build	Build ESP32-C6 firmware	2026-09-24T11:35:28.3211685Z [1365/1416] Building C object esp-idf/lvgl__lvgl/CMakeFiles/__idf_lvgl__lvgl.dir/examples/widgets/meter/lv_example_meter_3.c.obj^[[K
build	Build ESP32-C6 firmware	2026-09-24T11:35:28.3213014Z [1366/1416] Building C object esp-idf/lvgl__lvgl/CMakeFiles/__idf_lvgl__lvgl.dir/examples/widgets/meter/lv_example_meter_4.c.obj^[[K
build	Build ESP32-C6 firmware	2026-09-24T11:35:28.3457236Z [1367/1416] Building C object esp-idf/lvgl__lvgl/CMakeFiles/__idf_lvgl__lvgl.dir/examples/widgets/obj/lv_example_obj_1.c.obj^[[K
build	Build ESP32-C6 firmware	2026-09-24T11:35:28.4576914Z [1368/1416] Building C object esp-idf/lvgl__lvgl/CMakeFiles/__idf_lvgl__lvgl.dir/examples/widgets/obj/lv_example_obj_2.c.obj^[[K
build	Build ESP32-C6 firmware	2026-09-24T11:35:28.4584488Z [1369/1416] Building C object esp-idf/lvgl__lvgl/CMakeFiles/__idf_lvgl__lvgl.dir/examples/widgets/roller/lv_example_roller_2.c.obj^[[K
build	Build ESP32-C6 firmware	2026-09-24T11:35:28.4615867Z [1370/1416] Building C object esp-idf/lvgl__lvgl/CMakeFiles/__idf_lvgl__lvgl.dir/examples/widgets/roller/lv_example_roller_1.c.obj^[[K
build	Build ESP32-C6 firmware	2026-09-24T11:35:28.4665487Z [1371/1416] Building C object esp-idf/lvgl__lvgl/CMakeFiles/__idf_lvgl__lvgl.dir/examples/widgets/slider/lv_example_slider_1.c.obj^[[K
build	Build ESP32-C6 firmware	2026-09-24T11:35:28.5675239Z [1372/1416] Building C object esp-idf/lvgl__lvgl/CMakeFiles/__idf_lvgl__lvgl.dir/examples/widgets/roller/lv_example_roller_3.c.obj^[[K
build	Build ESP32-C6 firmware	2026-09-24T11:35:28.5712021Z [1373/1416] Building C object esp-idf/lvgl__lvgl/CMakeFiles/__idf_lvgl__lvgl.dir/examples/widgets/slider/lv_example_slider_2.c.obj^[[K
build	Build ESP32-C6 firmware	2026-09-24T11:35:28.6236703Z [1374/1416] Building C object esp-idf/lvgl__lvgl/CMakeFiles/__idf_lvgl__lvgl.dir/examples/widgets/slider/lv_example_slider_3.c.obj^[[K
build	Build ESP32-C6 firmware	2026-09-24T11:35:28.6450689Z [1375/1416] Building C object esp-idf/lvgl__lvgl/CMakeFiles/__idf_lvgl__lvgl.dir/examples/widgets/span/lv_example_span_1.c.obj^[[K
build	Build ESP32-C6 firmware	2026-09-24T11:35:28.6744462Z [1376/1416] Building C object esp-idf/lvgl__lvgl/CMakeFiles/__idf_lvgl__lvgl.dir/examples/widgets/spinner/lv_example_spinner_1.c.obj^[[K
build	Build ESP32-C6 firmware	2026-09-24T11:35:28.6816178Z [1377/1416] Building C object esp-idf/lvgl__lvgl/CMakeFiles/__idf_lvgl__lvgl.dir/examples/widgets/switch/lv_example_switch_1.c.obj^[[K
build	Build ESP32-C6 firmware	2026-09-24T11:35:28.7638086Z [1378/1416] Building C object esp-idf/lvgl__lvgl/CMakeFiles/__idf_lvgl__lvgl.dir/examples/widgets/spinbox/lv_example_spinbox_1.c.obj^[[K
build	Build ESP32-C6 firmware	2026-09-24T11:35:28.7887656Z [1379/1416] Building C object esp-idf/lvgl__lvgl/CMakeFiles/__idf_lvgl__lvgl.dir/examples/widgets/table/lv_example_table_2.c.obj^[[K
build	Build ESP32-C6 firmware	2026-09-24T11:35:28.8320668Z [1380/1416] Building C object esp-idf/lvgl__lvgl/CMakeFiles/__idf_lvgl__lvgl.dir/examples/widgets/table/lv_example_table_1.c.obj^[[K
build	Build ESP32-C6 firmware	2026-09-24T11:35:28.8512488Z [1381/1416] Building C object esp-idf/lvgl__lvgl/CMakeFiles/__idf_lvgl__lvgl.dir/examples/widgets/textarea/lv_example_textarea_2.c.obj^[[K
build	Build ESP32-C6 firmware	2026-09-24T11:35:28.8633156Z [1382/1416] Building C object esp-idf/lvgl__lvgl/CMakeFiles/__idf_lvgl__lvgl.dir/examples/widgets/tabview/lv_example_tabview_1.c.obj^[[K
build	Build ESP32-C6 firmware	2026-09-24T11:35:28.8981839Z [1383/1416] Building C object esp-idf/lvgl__lvgl/CMakeFiles/__idf_lvgl__lvgl.dir/examples/widgets/textarea/lv_example_textarea_1.c.obj^[[K
build	Build ESP32-C6 firmware	2026-09-24T11:35:28.9495303Z [1384/1416] Building C object esp-idf/lvgl__lvgl/CMakeFiles/__idf_lvgl__lvgl.dir/examples/widgets/tabview/lv_example_tabview_2.c.obj^[[K
build	Build ESP32-C6 firmware	2026-09-24T11:35:28.9880425Z [1385/1416] Building C object esp-idf/lvgl__lvgl/CMakeFiles/__idf_lvgl__lvgl.dir/examples/widgets/textarea/lv_example_textarea_3.c.obj^[[K
build	Build ESP32-C6 firmware	2026-09-24T11:35:29.0111163Z [1386/1416] Building C object esp-idf/board/CMakeFiles/__idf_board.dir/board_spi.c.obj^[[K
build	Build ESP32-C6 firmware	2026-09-24T11:35:29.0642774Z [1387/1416] Building C object esp-idf/lvgl__lvgl/CMakeFiles/__idf_lvgl__lvgl.dir/examples/widgets/tileview/lv_example_tileview_1.c.obj^[[K
build	Build ESP32-C6 firmware	2026-09-24T11:35:29.0867025Z [1388/1416] Building C object esp-idf/board/CMakeFiles/__idf_board.dir/board_i2c.c.obj^[[K
build	Build ESP32-C6 firmware	2026-09-24T11:35:29.0970595Z [1389/1416] Building C object esp-idf/lvgl__lvgl/CMakeFiles/__idf_lvgl__lvgl.dir/examples/widgets/win/lv_example_win_1.c.obj^[[K
build	Build ESP32-C6 firmware	2026-09-24T11:35:29.1503872Z [1390/1416] Building C object esp-idf/board/CMakeFiles/__idf_board.dir/board_touch.c.obj^[[K
build	Build ESP32-C6 firmware	2026-09-24T11:35:29.1998755Z [1391/1416] Building C object esp-idf/board/CMakeFiles/__idf_board.dir/board_backlight.c.obj^[[K
build	Build ESP32-C6 firmware	2026-09-24T11:35:29.3345464Z [1392/1416] Building C object esp-idf/board/CMakeFiles/__idf_board.dir/board_sd.c.obj^[[K
build	Build ESP32-C6 firmware	2026-09-24T11:35:29.3452961Z [1393/1416] Building C object esp-idf/world/CMakeFiles/__idf_world.dir/world.c.obj^[[K
build	Build ESP32-C6 firmware	2026-09-24T11:35:29.3496755Z [1394/1416] Building C object esp-idf/radio/CMakeFiles/__idf_radio.dir/obs_cache.c.obj^[[K
build	Build ESP32-C6 firmware	2026-09-24T11:35:29.4098330Z [1395/1416] Building C object esp-idf/radio/CMakeFiles/__idf_radio.dir/rx_path.c.obj^[[K
build	Build ESP32-C6 firmware	2026-09-24T11:35:29.4273193Z [1396/1416] Linking C static library esp-idf/lvgl__lvgl/liblvgl__lvgl.a^[[K
build	Build ESP32-C6 firmware	2026-09-24T11:35:29.4306599Z [1397/1416] Building C object esp-idf/radio/CMakeFiles/__idf_radio.dir/wifi_sniffer.c.obj^[[K
build	Build ESP32-C6 firmware	2026-09-24T11:35:29.4615151Z [1398/1416] Building C object esp-idf/board/CMakeFiles/__idf_board.dir/board_display.c.obj^[[K
build	Build ESP32-C6 firmware	2026-09-24T11:35:29.4739187Z [1399/1416] Linking C static library esp-idf/board/libboard.a^[[K
build	Build ESP32-C6 firmware	2026-09-24T11:35:29.5006965Z [1400/1416] Building C object esp-idf/radio/CMakeFiles/__idf_radio.dir/hopper_policy.c.obj^[[K
build	Build ESP32-C6 firmware	2026-09-24T11:35:29.5141370Z [1401/1416] Building C object esp-idf/radio/CMakeFiles/__idf_radio.dir/eapol_parser.c.obj^[[K
build	Build ESP32-C6 firmware	2026-09-24T11:35:29.5266903Z [1402/1416] Building C object esp-idf/radio/CMakeFiles/__idf_radio.dir/pcap_serializer.c.obj^[[K
build	Build ESP32-C6 firmware	2026-09-24T11:35:29.5969536Z [1403/1416] Building C object esp-idf/radio/CMakeFiles/__idf_radio.dir/ieee80211_parser.c.obj^[[K
build	Build ESP32-C6 firmware	2026-09-24T11:35:29.6096657Z [1404/1416] Building C object esp-idf/radio/CMakeFiles/__idf_radio.dir/channel_hopper.c.obj^[[K
build	Build ESP32-C6 firmware	2026-09-24T11:35:29.6170012Z [1405/1416] Linking C static library esp-idf/radio/libradio.a^[[K
build	Build ESP32-C6 firmware	2026-09-24T11:35:29.6418254Z [1406/1416] Linking C static library esp-idf/world/libworld.a^[[K
build	Build ESP32-C6 firmware	2026-09-24T11:35:29.6744736Z [1407/1416] Building C object esp-idf/main/CMakeFiles/__idf_main.dir/app_main.c.obj^[[K
build	Build ESP32-C6 firmware	2026-09-24T11:35:29.6874468Z [1408/1416] Building C object esp-idf/storage/CMakeFiles/__idf_storage.dir/sd_logger_core.c.obj^[[K
build	Build ESP32-C6 firmware	2026-09-24T11:35:29.6940625Z [1409/1416] Building C object esp-idf/storage/CMakeFiles/__idf_storage.dir/sd_logger_idf.c.obj^[[K
build	Build ESP32-C6 firmware	2026-09-24T11:35:29.6985178Z [1410/1416] Linking C static library esp-idf/storage/libstorage.a^[[K
build	Build ESP32-C6 firmware	2026-09-24T11:35:32.5482434Z [1411/1416] Linking C static library esp-idf/main/libmain.a^[[K
build	Build ESP32-C6 firmware	2026-09-24T11:35:32.5703421Z [1412/1416] Generating ld/sections.ld^[[K
build	Build ESP32-C6 firmware	2026-09-24T11:35:33.1321552Z [1413/1416] Building C object CMakeFiles/esp32c6_pwnagotchi.elf.dir/project_elf_src_esp32c6.c.obj^[[K
build	Build ESP32-C6 firmware	2026-09-24T11:35:33.2314646Z [1414/1416] Linking CXX executable esp32c6_pwnagotchi.elf^[[K
build	Build ESP32-C6 firmware	2026-09-24T11:35:33.2315167Z [1415/1416] Generating binary image from built executable^[[K
build	Build ESP32-C6 firmware	2026-09-24T11:35:33.2315435Z esptool.py v4.8.1
build	Build ESP32-C6 firmware	2026-09-24T11:35:33.2315627Z Creating esp32c6 image...
build	Build ESP32-C6 firmware	2026-09-24T11:35:33.2315816Z Merged 1 ELF section
build	Build ESP32-C6 firmware	2026-09-24T11:35:33.2316019Z Successfully created esp32c6 image.
build	Build ESP32-C6 firmware	2026-09-24T11:35:33.2316348Z Generated /app/yuanwil1y/esp32c6-Pwnagotchi/build/esp32c6_pwnagotchi.bin
build	Build ESP32-C6 firmware	2026-09-24T11:35:33.2548757Z 
build	Build ESP32-C6 firmware	2026-09-24T11:35:33.2550637Z [1416/1416] cd /app/yuanwil1y/esp32c6-Pwnagotchi/build/esp-idf/esptool_py && /opt/esp/python_env/idf5.4_py3.12_env/bin/python /opt/esp/idf/components/partition_table/check_sizes.py --offset 0x8000 partition --type app /app/yuanwil1y/esp32c6-Pwnagotchi/build/partition_table/partition-table.bin /app/yuanwil1y/esp32c6-Pwnagotchi/build/esp32c6_pwnagotchi.bin^[[K
build	Build ESP32-C6 firmware	2026-09-24T11:35:33.2552061Z esp32c6_pwnagotchi.bin binary size 0x12d260 bytes. Smallest app partition is 0x400000 bytes. 0x2d2da0 bytes (71%) free.
build	Build ESP32-C6 firmware	2026-09-24T11:35:33.2567069Z 
build	Build ESP32-C6 firmware	2026-09-24T11:35:33.2567710Z Project build complete. To flash, run:
build	Build ESP32-C6 firmware	2026-09-24T11:35:33.2567978Z  idf.py flash
build	Build ESP32-C6 firmware	2026-09-24T11:35:33.2568149Z or
build	Build ESP32-C6 firmware	2026-09-24T11:35:33.2568320Z  idf.py -p PORT flash
build	Build ESP32-C6 firmware	2026-09-24T11:35:33.2568500Z or
build	Build ESP32-C6 firmware	2026-09-24T11:35:33.2569322Z  python -m esptool --chip esp32c6 -b 460800 --before default_reset --after hard_reset write_flash --flash_mode dio --flash_size 8MB --flash_freq 80m 0x0 build/bootloader/bootloader.bin 0x8000 build/partition_table/partition-table.bin 0x10000 build/esp32c6_pwnagotchi.bin
build	Build ESP32-C6 firmware	2026-09-24T11:35:33.2570510Z or from the "/app/yuanwil1y/esp32c6-Pwnagotchi/build" directory
build	Build ESP32-C6 firmware	2026-09-24T11:35:33.2570992Z  python -m esptool --chip esp32c6 -b 460800 --before default_reset --after hard_reset write_flash "@flash_args"
build	Build ESP32-C6 firmware	2026-09-24T11:35:33.8950676Z Executing action: size
build	Build ESP32-C6 firmware	2026-09-24T11:35:33.8951113Z Running ninja in directory /app/yuanwil1y/esp32c6-Pwnagotchi/build
build	Build ESP32-C6 firmware	2026-09-24T11:35:33.8951450Z Executing "ninja all"...
build	Build ESP32-C6 firmware	2026-09-24T11:35:33.8952607Z [1/4] cd /app/yuanwil1y/esp32c6-Pwnagotchi/build/esp-idf/esptool_py && /opt/esp/python_env/idf5.4_py3.12_env/bin/python /opt/esp/idf/components/partition_table/check_sizes.py --offset 0x8000 partition --type app /app/yuanwil1y/esp32c6-Pwnagotchi/build/partition_table/partition-table.bin /app/yuanwil1y/esp32c6-Pwnagotchi/build/esp32c6_pwnagotchi.bin
build	Build ESP32-C6 firmware	2026-09-24T11:35:33.8954149Z esp32c6_pwnagotchi.bin binary size 0x12d260 bytes. Smallest app partition is 0x400000 bytes. 0x2d2da0 bytes (71%) free.
build	Build ESP32-C6 firmware	2026-09-24T11:35:33.9040653Z [2/4] Performing build step for 'bootloader'
build	Build ESP32-C6 firmware	2026-09-24T11:35:33.9041660Z [1/1] cd /app/yuanwil1y/esp32c6-Pwnagotchi/build/bootloader/esp-idf/esptool_py && /opt/esp/python_env/idf5.4_py3.12_env/bin/python /opt/esp/idf/components/partition_table/check_sizes.py --offset 0x8000 bootloader 0x0 /app/yuanwil1y/esp32c6-Pwnagotchi/build/bootloader/bootloader.bin
build	Build ESP32-C6 firmware	2026-09-24T11:35:33.9042663Z Bootloader binary size 0x55e0 bytes. 0x2a20 bytes (33%) free.
build	Build ESP32-C6 firmware	2026-09-24T11:35:33.9058660Z [3/4] No install step for 'bootloader'
build	Build ESP32-C6 firmware	2026-09-24T11:35:33.9098039Z [4/4] Completed 'bootloader'
build	Build ESP32-C6 firmware	2026-09-24T11:35:33.9423669Z Running ninja in directory /app/yuanwil1y/esp32c6-Pwnagotchi/build
build	Build ESP32-C6 firmware	2026-09-24T11:35:33.9424111Z Executing "ninja size"...
build	Build ESP32-C6 firmware	2026-09-24T11:35:33.9425178Z [0/1] cd /app/yuanwil1y/esp32c6-Pwnagotchi/build && /opt/esp/tools/cmake/3.30.2/bin/cmake -D "IDF_SIZE_TOOL=/opt/esp/python_env/idf5.4_py3.12_env/bin/python;-m;esp_idf_size" -D MAP_FILE=/app/yuanwil1y/esp32c6-Pwnagotchi/build/esp32c6_pwnagotchi.map -D OUTPUT_JSON= -P /opt/esp/idf/tools/cmake/run_size_tool.cmake
build	Build ESP32-C6 firmware	2026-09-24T11:35:34.0797728Z                             Memory Type Usage Summary                             
build	Build ESP32-C6 firmware	2026-09-24T11:35:34.0801155Z ┏━━━━━━━━━━━━━━━━━━━━━┳━━━━━━━━━━━━━━┳━━━━━━━━━━┳━━━━━━━━━━━━━━━━┳━━━━━━━━━━━━━━━┓
build	Build ESP32-C6 firmware	2026-09-24T11:35:34.0801854Z ┃ Memory Type/Section ┃ Used [bytes] ┃ Used [%] ┃ Remain [bytes] ┃ Total [bytes] ┃
build	Build ESP32-C6 firmware	2026-09-24T11:35:34.0802404Z ┡━━━━━━━━━━━━━━━━━━━━━╇━━━━━━━━━━━━━━╇━━━━━━━━━━╇━━━━━━━━━━━━━━━━╇━━━━━━━━━━━━━━━┩
build	Build ESP32-C6 firmware	2026-09-24T11:35:34.0802881Z │ Flash Code          │      1078148 │     6.43 │       15699036 │      16777184 │
build	Build ESP32-C6 firmware	2026-09-24T11:35:34.0803303Z │    .text            │       912052 │     5.44 │                │               │
build	Build ESP32-C6 firmware	2026-09-24T11:35:34.0803706Z │    .rodata          │       165840 │     0.99 │                │               │
build	Build ESP32-C6 firmware	2026-09-24T11:35:34.0804125Z │    .appdesc         │          256 │      0.0 │                │               │
build	Build ESP32-C6 firmware	2026-09-24T11:35:34.0804555Z │ DIRAM               │       219912 │    48.64 │         232200 │        452112 │
build	Build ESP32-C6 firmware	2026-09-24T11:35:34.0804959Z │    .text            │       139356 │    30.82 │                │               │
build	Build ESP32-C6 firmware	2026-09-24T11:35:34.0805352Z │    .bss             │        64688 │    14.31 │                │               │
build	Build ESP32-C6 firmware	2026-09-24T11:35:34.0805747Z │    .data            │        15861 │     3.51 │                │               │
build	Build ESP32-C6 firmware	2026-09-24T11:35:34.0806168Z │ LP SRAM             │           52 │     0.32 │          16332 │         16384 │
build	Build ESP32-C6 firmware	2026-09-24T11:35:34.0806550Z │    .force_fast      │           28 │     0.17 │                │               │
build	Build ESP32-C6 firmware	2026-09-24T11:35:34.0806939Z │    .rtc_reserved    │           24 │     0.15 │                │               │
build	Build ESP32-C6 firmware	2026-09-24T11:35:34.0807371Z └─────────────────────┴──────────────┴──────────┴────────────────┴───────────────┘
build	Build ESP32-C6 firmware	2026-09-24T11:35:34.0809581Z Total image size: ^[[1;36m1233393^[[0m bytes ^[[1m(^[[0m.bin may be padded larger^[[1m)^[[0m
build	Build ESP32-C6 firmware	2026-09-24T11:35:34.1856867Z Executing action: size-components
build	Build ESP32-C6 firmware	2026-09-24T11:35:34.1857381Z Running ninja in directory /app/yuanwil1y/esp32c6-Pwnagotchi/build
build	Build ESP32-C6 firmware	2026-09-24T11:35:34.1857724Z Executing "ninja all"...
build	Build ESP32-C6 firmware	2026-09-24T11:35:34.1858890Z [1/4] cd /app/yuanwil1y/esp32c6-Pwnagotchi/build/esp-idf/esptool_py && /opt/esp/python_env/idf5.4_py3.12_env/bin/python /opt/esp/idf/components/partition_table/check_sizes.py --offset 0x8000 partition --type app /app/yuanwil1y/esp32c6-Pwnagotchi/build/partition_table/partition-table.bin /app/yuanwil1y/esp32c6-Pwnagotchi/build/esp32c6_pwnagotchi.bin
build	Build ESP32-C6 firmware	2026-09-24T11:35:34.1860937Z esp32c6_pwnagotchi.bin binary size 0x12d260 bytes. Smallest app partition is 0x400000 bytes. 0x2d2da0 bytes (71%) free.
build	Build ESP32-C6 firmware	2026-09-24T11:35:34.1956914Z [2/4] Performing build step for 'bootloader'
build	Build ESP32-C6 firmware	2026-09-24T11:35:34.1957958Z [1/1] cd /app/yuanwil1y/esp32c6-Pwnagotchi/build/bootloader/esp-idf/esptool_py && /opt/esp/python_env/idf5.4_py3.12_env/bin/python /opt/esp/idf/components/partition_table/check_sizes.py --offset 0x8000 bootloader 0x0 /app/yuanwil1y/esp32c6-Pwnagotchi/build/bootloader/bootloader.bin
build	Build ESP32-C6 firmware	2026-09-24T11:35:34.1959331Z Bootloader binary size 0x55e0 bytes. 0x2a20 bytes (33%) free.
build	Build ESP32-C6 firmware	2026-09-24T11:35:34.1974835Z [3/4] No install step for 'bootloader'
build	Build ESP32-C6 firmware	2026-09-24T11:35:34.2014467Z [4/4] Completed 'bootloader'
build	Build ESP32-C6 firmware	2026-09-24T11:35:34.2336785Z Running ninja in directory /app/yuanwil1y/esp32c6-Pwnagotchi/build
build	Build ESP32-C6 firmware	2026-09-24T11:35:34.2337283Z Executing "ninja size-components"...
build	Build ESP32-C6 firmware	2026-09-24T11:35:34.2338395Z [0/1] cd /app/yuanwil1y/esp32c6-Pwnagotchi/build && /opt/esp/tools/cmake/3.30.2/bin/cmake -D "IDF_SIZE_TOOL=/opt/esp/python_env/idf5.4_py3.12_env/bin/python;-m;esp_idf_size" -D IDF_SIZE_MODE=--archives -D MAP_FILE=/app/yuanwil1y/esp32c6-Pwnagotchi/build/esp32c6_pwnagotchi.map -D OUTPUT_JSON= -P /opt/esp/idf/tools/cmake/run_size_tool.cmake
build	Build ESP32-C6 firmware	2026-09-24T11:35:34.3986297Z                                                                Per-archive contributions to ELF file                                                               
build	Build ESP32-C6 firmware	2026-09-24T11:35:34.3987628Z ┏━━━━━━━━━━━━━━━━━━━━━━━━━━━━━━━━━┳━━━━━━━━━━━━┳━━━━━━━┳━━━━━━━┳━━━━━━━┳━━━━━━━┳━━━━━━━━━━━━┳━━━━━━━━━┳━━━━━━━━━━┳━━━━━━━━┳━━━━━━━━━┳━━━━━━━━━━━━━━━┳━━━━━━━━━━━━━┓
build	Build ESP32-C6 firmware	2026-09-24T11:35:34.3988331Z ┃ Archive File                    ┃ Total Size ┃ DIRAM ┃  .bss ┃ .data ┃ .text ┃ Flash Code ┃ .rodata ┃ .appdesc ┃  .text ┃ LP SRAM ┃ .rtc_reserved ┃ .force_fast ┃
build	Build ESP32-C6 firmware	2026-09-24T11:35:34.3988878Z ┡━━━━━━━━━━━━━━━━━━━━━━━━━━━━━━━━━╇━━━━━━━━━━━━╇━━━━━━━╇━━━━━━━╇━━━━━━━╇━━━━━━━╇━━━━━━━━━━━━╇━━━━━━━━━╇━━━━━━━━━━╇━━━━━━━━╇━━━━━━━━━╇━━━━━━━━━━━━━━━╇━━━━━━━━━━━━━┩
build	Build ESP32-C6 firmware	2026-09-24T11:35:34.3989346Z │ liblvgl__lvgl.a                 │     221591 │ 22012 │  1092 │   142 │ 20778 │     199579 │   16909 │        0 │ 182670 │       0 │             0 │           0 │
build	Build ESP32-C6 firmware	2026-09-24T11:35:34.3989835Z │ libnet80211.a                   │     181451 │ 19484 │ 10385 │  1785 │  7314 │     161967 │   18045 │        0 │ 143922 │       0 │             0 │           0 │
build	Build ESP32-C6 firmware	2026-09-24T11:35:34.3991664Z │ libpp.a                         │     110772 │ 45365 │  2746 │  3201 │ 39418 │      65407 │    9405 │        0 │  56002 │       0 │             0 │           0 │
build	Build ESP32-C6 firmware	2026-09-24T11:35:34.3992279Z │ liblwip.a                       │      93494 │  2482 │  2470 │    12 │     0 │      91012 │    3234 │        0 │  87778 │       0 │             0 │           0 │
build	Build ESP32-C6 firmware	2026-09-24T11:35:34.3992789Z │ libesp_app_format.a             │      88747 │    10 │    10 │     0 │     0 │      88737 │   87951 │      256 │    530 │       0 │             0 │           0 │
build	Build ESP32-C6 firmware	2026-09-24T11:35:34.3993503Z │ libmbedcrypto.a                 │      79601 │   454 │   252 │   116 │    86 │      79147 │    6569 │        0 │  72578 │       0 │             0 │           0 │
build	Build ESP32-C6 firmware	2026-09-24T11:35:34.3994057Z │ libwpa_supplicant.a             │      78607 │  1329 │  1321 │     8 │     0 │      77278 │    1596 │        0 │  75682 │       0 │             0 │           0 │
build	Build ESP32-C6 firmware	2026-09-24T11:35:34.3994498Z │ libradio.a                      │      48716 │ 31435 │ 31435 │     0 │     0 │      17281 │      73 │        0 │  17208 │       0 │             0 │           0 │
build	Build ESP32-C6 firmware	2026-09-24T11:35:34.3995168Z │ libesp_hw_support.a             │      46730 │ 14208 │   148 │  4506 │  9554 │      32470 │    3114 │        0 │  29356 │      52 │            24 │          28 │
build	Build ESP32-C6 firmware	2026-09-24T11:35:34.3995701Z │ libphy.a                        │      28723 │  5579 │    44 │   919 │  4616 │      23144 │       0 │        0 │  23144 │       0 │             0 │           0 │
build	Build ESP32-C6 firmware	2026-09-24T11:35:34.3996133Z │ libfatfs.a                      │      26110 │    64 │    60 │     4 │     0 │      26046 │    1496 │        0 │  24550 │       0 │             0 │           0 │
build	Build ESP32-C6 firmware	2026-09-24T11:35:34.3996655Z │ libstorage.a                    │      21532 │ 10238 │ 10238 │     0 │     0 │      11294 │     256 │        0 │  11038 │       0 │             0 │           0 │
build	Build ESP32-C6 firmware	2026-09-24T11:35:34.3997164Z │ libhal.a                        │      20925 │ 11362 │    12 │   392 │ 10958 │       9563 │     453 │        0 │   9110 │       0 │             0 │           0 │
build	Build ESP32-C6 firmware	2026-09-24T11:35:34.3997622Z │ libfreertos.a                   │      18759 │ 16700 │  2240 │    88 │ 14372 │       2059 │    1259 │        0 │    800 │       0 │             0 │           0 │
build	Build ESP32-C6 firmware	2026-09-24T11:35:34.3998153Z │ libesp_driver_uart.a            │      18631 │   157 │    29 │   128 │     0 │      18474 │     766 │        0 │  17708 │       0 │             0 │           0 │
build	Build ESP32-C6 firmware	2026-09-24T11:35:34.3998595Z │ libsdmmc.a                      │      18440 │     0 │     0 │     0 │     0 │      18440 │    1396 │        0 │  17044 │       0 │             0 │           0 │
build	Build ESP32-C6 firmware	2026-09-24T11:35:34.3999157Z │ libnvs_flash.a                  │      17022 │    28 │    28 │     0 │     0 │      16994 │     252 │        0 │  16742 │       0 │             0 │           0 │
build	Build ESP32-C6 firmware	2026-09-24T11:35:34.3999675Z │ libc.a                          │      16525 │   748 │   380 │   368 │     0 │      15777 │    1021 │        0 │  14756 │       0 │             0 │           0 │
build	Build ESP32-C6 firmware	2026-09-24T11:35:34.4000096Z │ libconsole.a                    │      15314 │    85 │    48 │    37 │     0 │      15229 │      39 │        0 │  15190 │       0 │             0 │           0 │
build	Build ESP32-C6 firmware	2026-09-24T11:35:34.4000698Z │ libesp_system.a                 │      13606 │  2666 │   138 │    92 │  2436 │      10940 │     570 │        0 │  10370 │       0 │             0 │           0 │
build	Build ESP32-C6 firmware	2026-09-24T11:35:34.4001248Z │ libesp_driver_spi.a             │      12520 │  4708 │     8 │   112 │  4588 │       7812 │     540 │        0 │   7272 │       0 │             0 │           0 │
build	Build ESP32-C6 firmware	2026-09-24T11:35:34.4001689Z │ libspi_flash.a                  │      10570 │  8993 │    14 │   941 │  8038 │       1577 │     357 │        0 │   1220 │       0 │             0 │           0 │
build	Build ESP32-C6 firmware	2026-09-24T11:35:34.4002208Z │ libdriver.a                     │       7603 │  1198 │    10 │    32 │  1156 │       6405 │     343 │        0 │   6062 │       0 │             0 │           0 │
build	Build ESP32-C6 firmware	2026-09-24T11:35:34.4002692Z │ libesp_driver_gpio.a            │       7416 │    36 │     0 │    36 │     0 │       7380 │     708 │        0 │   6672 │       0 │             0 │           0 │
build	Build ESP32-C6 firmware	2026-09-24T11:35:34.4003151Z │ libvfs.a                        │       6614 │   236 │    44 │   192 │     0 │       6378 │     158 │        0 │   6220 │       0 │             0 │           0 │
build	Build ESP32-C6 firmware	2026-09-24T11:35:34.4003661Z │ libesp_driver_ledc.a            │       6604 │   218 │    36 │     0 │   182 │       6386 │     232 │        0 │   6154 │       0 │             0 │           0 │
build	Build ESP32-C6 firmware	2026-09-24T11:35:34.4004235Z │ libesp_ringbuf.a                │       6516 │  5866 │     0 │     0 │  5866 │        650 │     650 │        0 │      0 │       0 │             0 │           0 │
build	Build ESP32-C6 firmware	2026-09-24T11:35:34.4004721Z │ libcoexist.a                    │       5474 │  1544 │     2 │  1446 │    96 │       3930 │      40 │        0 │   3890 │       0 │             0 │           0 │
build	Build ESP32-C6 firmware	2026-09-24T11:35:34.4005240Z │ libesp_driver_sdspi.a           │       5438 │    13 │    13 │     0 │     0 │       5425 │     283 │        0 │   5142 │       0 │             0 │           0 │
build	Build ESP32-C6 firmware	2026-09-24T11:35:34.4005764Z │ libboard.a                      │       4721 │   229 │   179 │    50 │     0 │       4492 │     386 │        0 │   4106 │       0 │             0 │           0 │
build	Build ESP32-C6 firmware	2026-09-24T11:35:34.4006272Z │ libworld.a                      │       4638 │     0 │     0 │     0 │     0 │       4638 │       6 │        0 │   4632 │       0 │             0 │           0 │
build	Build ESP32-C6 firmware	2026-09-24T11:35:34.4006796Z │ libnewlib.a                     │       4081 │  2286 │   200 │   156 │  1930 │       1795 │     111 │        0 │   1684 │       0 │             0 │           0 │
build	Build ESP32-C6 firmware	2026-09-24T11:35:34.4007224Z │ libheap.a                       │       4013 │  1324 │     8 │    12 │  1304 │       2689 │     437 │        0 │   2252 │       0 │             0 │           0 │
build	Build ESP32-C6 firmware	2026-09-24T11:35:34.4007733Z │ libesp_mm.a                     │       3780 │   662 │    44 │    28 │   590 │       3118 │     166 │        0 │   2952 │       0 │             0 │           0 │
build	Build ESP32-C6 firmware	2026-09-24T11:35:34.4008143Z │ libesp_lcd.a                    │       3721 │     0 │     0 │     0 │     0 │       3721 │     225 │        0 │   3496 │       0 │             0 │           0 │
build	Build ESP32-C6 firmware	2026-09-24T11:35:34.4008670Z │ libesp_timer.a                  │       3460 │  1566 │    36 │    16 │  1514 │       1894 │     104 │        0 │   1790 │       0 │             0 │           0 │
build	Build ESP32-C6 firmware	2026-09-24T11:35:34.4009195Z │ libesp_phy.a                    │       3197 │   397 │    44 │     1 │   352 │       2800 │     284 │        0 │   2516 │       0 │             0 │           0 │
build	Build ESP32-C6 firmware	2026-09-24T11:35:34.4009615Z │ libesp_wifi.a                   │       3080 │   816 │     6 │   484 │   326 │       2264 │       8 │        0 │   2256 │       0 │             0 │           0 │
build	Build ESP32-C6 firmware	2026-09-24T11:35:34.4010182Z │ liblog.a                        │       2628 │   594 │   272 │     8 │   314 │       2034 │      48 │        0 │   1986 │       0 │             0 │           0 │
build	Build ESP32-C6 firmware	2026-09-24T11:35:34.4010686Z │ libesp_driver_usb_serial_jtag.a │       2525 │   169 │    17 │    48 │   104 │       2356 │     152 │        0 │   2204 │       0 │             0 │           0 │
build	Build ESP32-C6 firmware	2026-09-24T11:35:34.4011173Z │ libespressif__esp_lcd_sh8601.a  │       2509 │     4 │     1 │     3 │     0 │       2505 │     231 │        0 │   2274 │       0 │             0 │           0 │
build	Build ESP32-C6 firmware	2026-09-24T11:35:34.4011692Z │ libesp_partition.a              │       2220 │     8 │     8 │     0 │     0 │       2212 │     168 │        0 │   2044 │       0 │             0 │           0 │
build	Build ESP32-C6 firmware	2026-09-24T11:35:34.4012274Z │ libesp_common.a                 │       1816 │     0 │     0 │     0 │     0 │       1816 │    1758 │        0 │     58 │       0 │             0 │           0 │
build	Build ESP32-C6 firmware	2026-09-24T11:35:34.4012723Z │ libefuse.a                      │       1689 │    52 │     4 │    48 │     0 │       1637 │     233 │        0 │   1404 │       0 │             0 │           0 │
build	Build ESP32-C6 firmware	2026-09-24T11:35:34.4013219Z │ libstdc++.a                     │       1662 │    25 │    17 │     8 │     0 │       1637 │     199 │        0 │   1438 │       0 │             0 │           0 │
build	Build ESP32-C6 firmware	2026-09-24T11:35:34.4013724Z │ libesp_rom.a                    │       1645 │  1594 │    84 │     0 │  1510 │         51 │      49 │        0 │      2 │       0 │             0 │           0 │
build	Build ESP32-C6 firmware	2026-09-24T11:35:34.4014231Z │ libesp_event.a                  │       1519 │     4 │     4 │     0 │     0 │       1515 │      57 │        0 │   1458 │       0 │             0 │           0 │
build	Build ESP32-C6 firmware	2026-09-24T11:35:34.4014736Z │ libmain.a                       │       1431 │     0 │     0 │     0 │     0 │       1431 │       9 │        0 │   1422 │       0 │             0 │           0 │
build	Build ESP32-C6 firmware	2026-09-24T11:35:34.4015172Z │ libriscv.a                      │       1280 │  1100 │   256 │     0 │   844 │        180 │      50 │        0 │    130 │       0 │             0 │           0 │
build	Build ESP32-C6 firmware	2026-09-24T11:35:34.4015688Z │ libbootloader_support.a         │       1022 │   930 │     0 │     0 │   930 │         92 │      40 │        0 │     52 │       0 │             0 │           0 │
build	Build ESP32-C6 firmware	2026-09-24T11:35:34.4016116Z │ libsoc.a                        │        829 │     0 │     0 │     0 │     0 │        829 │     829 │        0 │      0 │       0 │             0 │           0 │
build	Build ESP32-C6 firmware	2026-09-24T11:35:34.4016617Z │ libesp_vfs_console.a            │        730 │    16 │    16 │     0 │     0 │        714 │     180 │        0 │    534 │       0 │             0 │           0 │
build	Build ESP32-C6 firmware	2026-09-24T11:35:34.4017131Z │ libesp_coex.a                   │        674 │   246 │     0 │    80 │   166 │        428 │       0 │        0 │    428 │       0 │             0 │           0 │
build	Build ESP32-C6 firmware	2026-09-24T11:35:34.4017539Z │ libpthread.a                    │        604 │     4 │     4 │     0 │     0 │        600 │      46 │        0 │    554 │       0 │             0 │           0 │
build	Build ESP32-C6 firmware	2026-09-24T11:35:34.4018020Z │ libm.a                          │        368 │     0 │     0 │     0 │     0 │        368 │       0 │        0 │    368 │       0 │             0 │           0 │
build	Build ESP32-C6 firmware	2026-09-24T11:35:34.4018408Z │ libcore.a                       │        360 │     9 │     9 │     0 │     0 │        351 │      43 │        0 │    308 │       0 │             0 │           0 │
build	Build ESP32-C6 firmware	2026-09-24T11:35:34.4018912Z │ libesp_security.a               │        307 │    12 │    12 │     0 │     0 │        295 │      33 │        0 │    262 │       0 │             0 │           0 │
build	Build ESP32-C6 firmware	2026-09-24T11:35:34.4019319Z │ libesp_netif.a                  │        300 │     8 │     8 │     0 │     0 │        292 │       0 │        0 │    292 │       0 │             0 │           0 │
build	Build ESP32-C6 firmware	2026-09-24T11:35:34.4019823Z │ libapp_update.a                 │        232 │     4 │     4 │     0 │     0 │        228 │      30 │        0 │    198 │       0 │             0 │           0 │
build	Build ESP32-C6 firmware	2026-09-24T11:35:34.4020370Z │ libmesh.a                       │         68 │     4 │     4 │     0 │     0 │         64 │       0 │        0 │     64 │       0 │             0 │           0 │
build	Build ESP32-C6 firmware	2026-09-24T11:35:34.4020753Z │ libcxx.a                        │         60 │     0 │     0 │     0 │     0 │         60 │       0 │        0 │     60 │       0 │             0 │           0 │
build	Build ESP32-C6 firmware	2026-09-24T11:35:34.4021262Z │ libnvs_sec_provider.a           │          2 │     0 │     0 │     0 │     0 │          2 │       0 │        0 │      2 │       0 │             0 │           0 │
build	Build ESP32-C6 firmware	2026-09-24T11:35:34.4021721Z └─────────────────────────────────┴────────────┴───────┴───────┴───────┴───────┴────────────┴─────────┴──────────┴────────┴─────────┴───────────────┴─────────────┘
build	Build ESP32-C6 firmware	2026-09-24T11:35:34.5035261Z Executing action: size-files
build	Build ESP32-C6 firmware	2026-09-24T11:35:34.5035745Z Running ninja in directory /app/yuanwil1y/esp32c6-Pwnagotchi/build
build	Build ESP32-C6 firmware	2026-09-24T11:35:34.5036106Z Executing "ninja all"...
build	Build ESP32-C6 firmware	2026-09-24T11:35:34.5037323Z [1/4] cd /app/yuanwil1y/esp32c6-Pwnagotchi/build/esp-idf/esptool_py && /opt/esp/python_env/idf5.4_py3.12_env/bin/python /opt/esp/idf/components/partition_table/check_sizes.py --offset 0x8000 partition --type app /app/yuanwil1y/esp32c6-Pwnagotchi/build/partition_table/partition-table.bin /app/yuanwil1y/esp32c6-Pwnagotchi/build/esp32c6_pwnagotchi.bin
build	Build ESP32-C6 firmware	2026-09-24T11:35:34.5039182Z esp32c6_pwnagotchi.bin binary size 0x12d260 bytes. Smallest app partition is 0x400000 bytes. 0x2d2da0 bytes (71%) free.
build	Build ESP32-C6 firmware	2026-09-24T11:35:34.5138748Z [2/4] Performing build step for 'bootloader'
build	Build ESP32-C6 firmware	2026-09-24T11:35:34.5139820Z [1/1] cd /app/yuanwil1y/esp32c6-Pwnagotchi/build/bootloader/esp-idf/esptool_py && /opt/esp/python_env/idf5.4_py3.12_env/bin/python /opt/esp/idf/components/partition_table/check_sizes.py --offset 0x8000 bootloader 0x0 /app/yuanwil1y/esp32c6-Pwnagotchi/build/bootloader/bootloader.bin
build	Build ESP32-C6 firmware	2026-09-24T11:35:34.5141038Z Bootloader binary size 0x55e0 bytes. 0x2a20 bytes (33%) free.
build	Build ESP32-C6 firmware	2026-09-24T11:35:34.5157719Z [3/4] No install step for 'bootloader'
build	Build ESP32-C6 firmware	2026-09-24T11:35:34.5197112Z [4/4] Completed 'bootloader'
build	Build ESP32-C6 firmware	2026-09-24T11:35:34.5529540Z Running ninja in directory /app/yuanwil1y/esp32c6-Pwnagotchi/build
build	Build ESP32-C6 firmware	2026-09-24T11:35:34.5530007Z Executing "ninja size-files"...
build	Build ESP32-C6 firmware	2026-09-24T11:35:34.5531241Z [0/1] cd /app/yuanwil1y/esp32c6-Pwnagotchi/build && /opt/esp/tools/cmake/3.30.2/bin/cmake -D "IDF_SIZE_TOOL=/opt/esp/python_env/idf5.4_py3.12_env/bin/python;-m;esp_idf_size" -D IDF_SIZE_MODE=--files -D MAP_FILE=/app/yuanwil1y/esp32c6-Pwnagotchi/build/esp32c6_pwnagotchi.map -D OUTPUT_JSON= -P /opt/esp/idf/tools/cmake/run_size_tool.cmake
build	Build ESP32-C6 firmware	2026-09-24T11:35:35.0484448Z                                                                     Per-file contributions to ELF file                                                                     
build	Build ESP32-C6 firmware	2026-09-24T11:35:35.0485793Z ┏━━━━━━━━━━━━━━━━━━━━━━━━━━━━━━━━━━━━━━━━━━┳━━━━━━━━━━━━┳━━━━━━━┳━━━━━━━┳━━━━━━━┳━━━━━━━┳━━━━━━━━━━━━┳━━━━━━━━━┳━━━━━━━━━━┳━━━━━━━┳━━━━━━━━━┳━━━━━━━━━━━━━━━┳━━━━━━━━━━━━━┓
build	Build ESP32-C6 firmware	2026-09-24T11:35:35.0486557Z ┃ Object File                              ┃ Total Size ┃ DIRAM ┃  .bss ┃ .data ┃ .text ┃ Flash Code ┃ .rodata ┃ .appdesc ┃ .text ┃ LP SRAM ┃ .rtc_reserved ┃ .force_fast ┃
build	Build ESP32-C6 firmware	2026-09-24T11:35:35.0487102Z ┡━━━━━━━━━━━━━━━━━━━━━━━━━━━━━━━━━━━━━━━━━━╇━━━━━━━━━━━━╇━━━━━━━╇━━━━━━━╇━━━━━━━╇━━━━━━━╇━━━━━━━━━━━━╇━━━━━━━━━╇━━━━━━━━━━╇━━━━━━━╇━━━━━━━━━╇━━━━━━━━━━━━━━━╇━━━━━━━━━━━━━┩
build	Build ESP32-C6 firmware	2026-09-24T11:35:35.0487626Z │ esp_app_desc.c.obj                       │      88747 │    10 │    10 │     0 │     0 │      88737 │   87951 │      256 │   530 │       0 │             0 │           0 │
build	Build ESP32-C6 firmware	2026-09-24T11:35:35.0488097Z │ wifi_sniffer.c.obj                       │      38675 │ 31283 │ 31283 │     0 │     0 │       7392 │      24 │        0 │  7368 │       0 │             0 │           0 │
build	Build ESP32-C6 firmware	2026-09-24T11:35:35.0488791Z │ wl_cnx.o                                 │      22393 │  5316 │  5169 │     3 │   144 │      17077 │    1497 │        0 │ 15580 │       0 │             0 │           0 │
build	Build ESP32-C6 firmware	2026-09-24T11:35:35.0489236Z │ pm.o                                     │      19985 │  9212 │  1152 │    88 │  7972 │      10773 │    1075 │        0 │  9698 │       0 │             0 │           0 │
build	Build ESP32-C6 firmware	2026-09-24T11:35:35.0489692Z │ ieee80211_output.o                       │      17596 │  3663 │    13 │     2 │  3648 │      13933 │     539 │        0 │ 13394 │       0 │             0 │           0 │
build	Build ESP32-C6 firmware	2026-09-24T11:35:35.0490512Z │ ieee80211_sta.o                          │      15849 │  2492 │    35 │    13 │  2444 │      13357 │    1323 │        0 │ 12034 │       0 │             0 │           0 │
build	Build ESP32-C6 firmware	2026-09-24T11:35:35.0491236Z │ pp.o                                     │      15729 │  9066 │    32 │  1068 │  7966 │       6663 │     685 │        0 │  5978 │       0 │             0 │           0 │
build	Build ESP32-C6 firmware	2026-09-24T11:35:35.0491971Z │ ff.c.obj                                 │      15275 │    10 │    10 │     0 │     0 │      15265 │     185 │        0 │ 15080 │       0 │             0 │           0 │
build	Build ESP32-C6 firmware	2026-09-24T11:35:35.0492739Z │ lv_theme_default.c.obj                   │      15233 │   291 │   109 │     0 │   182 │      14942 │      44 │        0 │ 14898 │       0 │             0 │           0 │
build	Build ESP32-C6 firmware	2026-09-24T11:35:35.0493492Z │ sd_logger_idf.c.obj                      │      14050 │ 10238 │ 10238 │     0 │     0 │       3812 │      64 │        0 │  3748 │       0 │             0 │           0 │
build	Build ESP32-C6 firmware	2026-09-24T11:35:35.0494337Z │ ieee80211_hostap.o                       │      13989 │    82 │    65 │     1 │    16 │      13907 │    1109 │        0 │ 12798 │       0 │             0 │           0 │
build	Build ESP32-C6 firmware	2026-09-24T11:35:35.0494949Z │ lv_font_montserrat_14.c.obj              │      13641 │     8 │     8 │     0 │     0 │      13633 │   13633 │        0 │     0 │       0 │             0 │           0 │
build	Build ESP32-C6 firmware	2026-09-24T11:35:35.0495717Z │ uart.c.obj                               │      13207 │    69 │    13 │    56 │     0 │      13138 │     466 │        0 │ 12672 │       0 │             0 │           0 │
build	Build ESP32-C6 firmware	2026-09-24T11:35:35.0496345Z │ ieee80211_scan.o                         │      13207 │   323 │   309 │    14 │     0 │      12884 │     716 │        0 │ 12168 │       0 │             0 │           0 │
build	Build ESP32-C6 firmware	2026-09-24T11:35:35.0496781Z │ sae.c.obj                                │      12620 │     0 │     0 │     0 │     0 │      12620 │      32 │        0 │ 12588 │       0 │             0 │           0 │
build	Build ESP32-C6 firmware	2026-09-24T11:35:35.0497214Z │ wpa.c.obj                                │      12560 │   872 │   872 │     0 │     0 │      11688 │       0 │        0 │ 11688 │       0 │             0 │           0 │
build	Build ESP32-C6 firmware	2026-09-24T11:35:35.0497647Z │ wdev.o                                   │      12362 │  4770 │   160 │   204 │  4406 │       7592 │     850 │        0 │  6742 │       0 │             0 │           0 │
build	Build ESP32-C6 firmware	2026-09-24T11:35:35.0498236Z │ ieee80211_he.o                           │      12090 │   321 │    27 │     2 │   292 │      11769 │    3243 │        0 │  8526 │       0 │             0 │           0 │
build	Build ESP32-C6 firmware	2026-09-24T11:35:35.0498675Z │ nd6.c.obj                                │      11830 │   940 │   932 │     8 │     0 │      10890 │      88 │        0 │ 10802 │       0 │             0 │           0 │
build	Build ESP32-C6 firmware	2026-09-24T11:35:35.0499355Z │ ieee80211_ht.o                           │      11694 │   776 │     5 │     1 │   770 │      10918 │    1536 │        0 │  9382 │       0 │             0 │           0 │
build	Build ESP32-C6 firmware	2026-09-24T11:35:35.0500105Z │ ieee80211_ioctl.o                        │      11299 │   135 │   135 │     0 │     0 │      11164 │    1790 │        0 │  9374 │       0 │             0 │           0 │
build	Build ESP32-C6 firmware	2026-09-24T11:35:35.0501216Z │ tcp_in.c.obj                             │      10720 │    52 │    52 │     0 │     0 │      10668 │     154 │        0 │ 10514 │       0 │             0 │           0 │
build	Build ESP32-C6 firmware	2026-09-24T11:35:35.0501992Z │ ieee80211_twt.o                          │      10299 │   663 │   259 │   404 │     0 │       9636 │    1132 │        0 │  8504 │       0 │             0 │           0 │
build	Build ESP32-C6 firmware	2026-09-24T11:35:35.0502745Z │ lmac.o                                   │       9362 │  3321 │     0 │    51 │  3270 │       6041 │     923 │        0 │  5118 │       0 │             0 │           0 │
build	Build ESP32-C6 firmware	2026-09-24T11:35:35.0503484Z │ trc.o                                    │       9288 │  2942 │   492 │   876 │  1574 │       6346 │    1520 │        0 │  4826 │       0 │             0 │           0 │
build	Build ESP32-C6 firmware	2026-09-24T11:35:35.0505071Z │ lv_chart.c.obj                           │       9286 │     0 │     0 │     0 │     0 │       9286 │      28 │        0 │  9258 │       0 │             0 │           0 │
build	Build ESP32-C6 firmware	2026-09-24T11:35:35.0505852Z │ lv_draw_sw_rect.c.obj                    │       9254 │  4872 │     0 │     0 │  4872 │       4382 │       0 │        0 │  4382 │       0 │             0 │           0 │
build	Build ESP32-C6 firmware	2026-09-24T11:35:35.0506631Z │ lv_obj_pos.c.obj                         │       8947 │     5 │     5 │     0 │     0 │       8942 │       0 │        0 │  8942 │       0 │             0 │           0 │
build	Build ESP32-C6 firmware	2026-09-24T11:35:35.0507357Z │ wpa_auth.c.obj                           │       8674 │    68 │    68 │     0 │     0 │       8606 │       0 │        0 │  8606 │       0 │             0 │           0 │
build	Build ESP32-C6 firmware	2026-09-24T11:35:35.0508076Z │ ecp.c.obj                                │       8466 │    68 │    68 │     0 │     0 │       8398 │     236 │        0 │  8162 │       0 │             0 │           0 │
build	Build ESP32-C6 firmware	2026-09-24T11:35:35.0508789Z │ tasks.c.obj                              │       8336 │  7792 │   660 │     8 │  7124 │        544 │     544 │        0 │     0 │       0 │             0 │           0 │
build	Build ESP32-C6 firmware	2026-09-24T11:35:35.0509463Z │ ecp_curves.c.obj                         │       7934 │     0 │     0 │     0 │     0 │       7934 │    2276 │        0 │  5658 │       0 │             0 │           0 │
build	Build ESP32-C6 firmware	2026-09-24T11:35:35.0510239Z │ spi_master.c.obj                         │       7747 │  4372 │     8 │     0 │  4364 │       3375 │     393 │        0 │  2982 │       0 │             0 │           0 │
build	Build ESP32-C6 firmware	2026-09-24T11:35:35.0516253Z │ i2c.c.obj                                │       7603 │  1198 │    10 │    32 │  1156 │       6405 │     343 │        0 │  6062 │       0 │             0 │           0 │
build	Build ESP32-C6 firmware	2026-09-24T11:35:35.0517011Z │ tcp_out.c.obj                            │       7592 │     0 │     0 │     0 │     0 │       7592 │     466 │        0 │  7126 │       0 │             0 │           0 │
build	Build ESP32-C6 firmware	2026-09-24T11:35:35.0517884Z │ sd_logger_core.c.obj                     │       7482 │     0 │     0 │     0 │     0 │       7482 │     192 │        0 │  7290 │       0 │             0 │           0 │
build	Build ESP32-C6 firmware	2026-09-24T11:35:35.0519003Z │ dhcp.c.obj                               │       7302 │    64 │    64 │     0 │     0 │       7238 │     228 │        0 │  7010 │       0 │             0 │           0 │
build	Build ESP32-C6 firmware	2026-09-24T11:35:35.0520402Z │ regdma_link.c.obj                        │       7091 │     0 │     0 │     0 │     0 │       7091 │     767 │        0 │  6324 │       0 │             0 │           0 │
build	Build ESP32-C6 firmware	2026-09-24T11:35:35.0522139Z │ ieee80211_nvs.o                          │       7087 │  1304 │  1300 │     4 │     0 │       5783 │     491 │        0 │  5292 │       0 │             0 │           0 │
build	Build ESP32-C6 firmware	2026-09-24T11:35:35.0522822Z │ rsa.c.obj                                │       7050 │     0 │     0 │     0 │     0 │       7050 │       0 │        0 │  7050 │       0 │             0 │           0 │
build	Build ESP32-C6 firmware	2026-09-24T11:35:35.0523511Z │ lv_draw_mask.c.obj                       │       6788 │  3832 │     0 │     0 │  3832 │       2956 │       0 │        0 │  2956 │       0 │             0 │           0 │
build	Build ESP32-C6 firmware	2026-09-24T11:35:35.0524346Z │ sockets.c.obj                            │       6755 │   608 │   608 │     0 │     0 │       6147 │     209 │        0 │  5938 │       0 │             0 │           0 │
build	Build ESP32-C6 firmware	2026-09-24T11:35:35.0525047Z │ gpio.c.obj                               │       6657 │    36 │     0 │    36 │     0 │       6621 │     631 │        0 │  5990 │       0 │             0 │           0 │
build	Build ESP32-C6 firmware	2026-09-24T11:35:35.0526377Z │ ledc.c.obj                               │       6604 │   218 │    36 │     0 │   182 │       6386 │     232 │        0 │  6154 │       0 │             0 │           0 │
build	Build ESP32-C6 firmware	2026-09-24T11:35:35.0527220Z │ ieee80211_api.o                          │       6545 │    30 │    10 │    20 │     0 │       6515 │     371 │        0 │  6144 │       0 │             0 │           0 │
build	Build ESP32-C6 firmware	2026-09-24T11:35:35.0527912Z │ ieee80211_input.o                        │       6523 │     0 │     0 │     0 │     0 │       6523 │     517 │        0 │  6006 │       0 │             0 │           0 │
build	Build ESP32-C6 firmware	2026-09-24T11:35:35.0528623Z │ ringbuf.c.obj                            │       6516 │  5866 │     0 │     0 │  5866 │        650 │     650 │        0 │     0 │       0 │             0 │           0 │
build	Build ESP32-C6 firmware	2026-09-24T11:35:35.0529310Z │ lv_obj_scroll.c.obj                      │       6382 │     0 │     0 │     0 │     0 │       6382 │       0 │        0 │  6382 │       0 │             0 │           0 │
build	Build ESP32-C6 firmware	2026-09-24T11:35:35.0530007Z │ bignum.c.obj                             │       6341 │     0 │     0 │     0 │     0 │       6341 │     167 │        0 │  6174 │       0 │             0 │           0 │
build	Build ESP32-C6 firmware	2026-09-24T11:35:35.0530789Z │ vfs_fat.c.obj                            │       6248 │    12 │    12 │     0 │     0 │       6236 │     220 │        0 │  6016 │       0 │             0 │           0 │
build	Build ESP32-C6 firmware	2026-09-24T11:35:35.0531562Z │ hal_mac_tx.o                             │       6177 │  5160 │   106 │     0 │  5054 │       1017 │     675 │        0 │   342 │       0 │             0 │           0 │
build	Build ESP32-C6 firmware	2026-09-24T11:35:35.0532760Z │ tcp.c.obj                                │       6174 │    25 │    23 │     2 │     0 │       6149 │     353 │        0 │  5796 │       0 │             0 │           0 │
build	Build ESP32-C6 firmware	2026-09-24T11:35:35.0534131Z │ lv_btnmatrix.c.obj                       │       5992 │    28 │     0 │    28 │     0 │       5964 │      28 │        0 │  5936 │       0 │             0 │           0 │
build	Build ESP32-C6 firmware	2026-09-24T11:35:35.0535663Z │ hal_mac_ctl.o                            │       5952 │   376 │     0 │   204 │   172 │       5576 │     596 │        0 │  4980 │       0 │             0 │           0 │
build	Build ESP32-C6 firmware	2026-09-24T11:35:35.0537105Z │ lv_refr.c.obj                            │       5948 │    94 │     8 │     0 │    86 │       5854 │       0 │        0 │  5854 │       0 │             0 │           0 │
build	Build ESP32-C6 firmware	2026-09-24T11:35:35.0538539Z │ linenoise.c.obj                          │       5740 │    37 │    28 │     9 │     0 │       5703 │      11 │        0 │  5692 │       0 │             0 │           0 │
build	Build ESP32-C6 firmware	2026-09-24T11:35:35.0539899Z │ lv_label.c.obj                           │       5734 │     0 │     0 │     0 │     0 │       5734 │      28 │        0 │  5706 │       0 │             0 │           0 │
build	Build ESP32-C6 firmware	2026-09-24T11:35:35.0541682Z │ sdmmc_sd.c.obj                           │       5685 │     0 │     0 │     0 │     0 │       5685 │     575 │        0 │  5110 │       0 │             0 │           0 │
build	Build ESP32-C6 firmware	2026-09-24T11:35:35.0544104Z │ sha512.c.obj                             │       5672 │     0 │     0 │     0 │     0 │       5672 │     640 │        0 │  5032 │       0 │             0 │           0 │
build	Build ESP32-C6 firmware	2026-09-24T11:35:35.0546414Z │ vfs.c.obj                                │       5656 │   232 │    40 │   192 │     0 │       5424 │      30 │        0 │  5394 │       0 │             0 │           0 │
build	Build ESP32-C6 firmware	2026-09-24T11:35:35.0550327Z │ rtc_clk.c.obj                            │       5510 │  5510 │     8 │  3014 │  2488 │          0 │       0 │        0 │     0 │       0 │             0 │           0 │
build	Build ESP32-C6 firmware	2026-09-24T11:35:35.0553932Z │ uart_vfs.c.obj                           │       5424 │    88 │    16 │    72 │     0 │       5336 │     300 │        0 │  5036 │       0 │             0 │           0 │
build	Build ESP32-C6 firmware	2026-09-24T11:35:35.0556363Z │ lv_obj_style.c.obj                       │       5263 │   183 │     0 │     1 │   182 │       5080 │       0 │        0 │  5080 │       0 │             0 │           0 │
build	Build ESP32-C6 firmware	2026-09-24T11:35:35.0557952Z │ sleep_retention.c.obj                    │       5245 │   920 │     0 │   892 │    28 │       4325 │     325 │        0 │  4000 │       0 │             0 │           0 │
build	Build ESP32-C6 firmware	2026-09-24T11:35:35.0559036Z │ lv_indev.c.obj                           │       5232 │     8 │     8 │     0 │     0 │       5224 │       0 │        0 │  5224 │       0 │             0 │           0 │
build	Build ESP32-C6 firmware	2026-09-24T11:35:35.0559922Z │ phy_tx_cal.o                             │       5187 │    11 │     0 │    11 │     0 │       5176 │       0 │        0 │  5176 │       0 │             0 │           0 │
build	Build ESP32-C6 firmware	2026-09-24T11:35:35.0560953Z │ nvs_storage.cpp.obj                      │       5160 │     0 │     0 │     0 │     0 │       5160 │       0 │        0 │  5160 │       0 │             0 │           0 │
build	Build ESP32-C6 firmware	2026-09-24T11:35:35.0562797Z │ lv_arc.c.obj                             │       5118 │     0 │     0 │     0 │     0 │       5118 │      28 │        0 │  5090 │       0 │             0 │           0 │
build	Build ESP32-C6 firmware	2026-09-24T11:35:35.0563602Z │ lv_textarea.c.obj                        │       5104 │     4 │     4 │     0 │     0 │       5100 │      28 │        0 │  5072 │       0 │             0 │           0 │
build	Build ESP32-C6 firmware	2026-09-24T11:35:35.0566223Z │ nvs_page.cpp.obj                         │       4980 │     4 │     4 │     0 │     0 │       4976 │       4 │        0 │  4972 │       0 │             0 │           0 │
build	Build ESP32-C6 firmware	2026-09-24T11:35:35.0569066Z │ api_msg.c.obj                            │       4978 │     0 │     0 │     0 │     0 │       4978 │     254 │        0 │  4724 │       0 │             0 │           0 │
build	Build ESP32-C6 firmware	2026-09-24T11:35:35.0570738Z │ hal_debug.o                              │       4966 │     0 │     0 │     0 │     0 │       4966 │     976 │        0 │  3990 │       0 │             0 │           0 │
build	Build ESP32-C6 firmware	2026-09-24T11:35:35.0571458Z │ sdmmc_cmd.c.obj                          │       4819 │     0 │     0 │     0 │     0 │       4819 │     267 │        0 │  4552 │       0 │             0 │           0 │
build	Build ESP32-C6 firmware	2026-09-24T11:35:35.0572355Z │ spi_common.c.obj                         │       4773 │   336 │     0 │   112 │   224 │       4437 │     147 │        0 │  4290 │       0 │             0 │           0 │
build	Build ESP32-C6 firmware	2026-09-24T11:35:35.0573076Z │ lv_draw_sw_blend.c.obj                   │       4670 │  2610 │     0 │     0 │  2610 │       2060 │       0 │        0 │  2060 │       0 │             0 │           0 │
build	Build ESP32-C6 firmware	2026-09-24T11:35:35.0573763Z │ world.c.obj                              │       4638 │     0 │     0 │     0 │     0 │       4638 │       6 │        0 │  4632 │       0 │             0 │           0 │
build	Build ESP32-C6 firmware	2026-09-24T11:35:35.0574453Z │ queue.c.obj                              │       4618 │  4164 │     0 │     0 │  4164 │        454 │     454 │        0 │     0 │       0 │             0 │           0 │
build	Build ESP32-C6 firmware	2026-09-24T11:35:35.0575269Z │ pm_twt.o                                 │       4573 │  1299 │    19 │    24 │  1256 │       3274 │     326 │        0 │  2948 │       0 │             0 │           0 │
build	Build ESP32-C6 firmware	2026-09-24T11:35:35.0575974Z │ ip6.c.obj                                │       4550 │     0 │     0 │     0 │     0 │       4550 │      18 │        0 │  4532 │       0 │             0 │           0 │
build	Build ESP32-C6 firmware	2026-09-24T11:35:35.0576662Z │ lv_dropdown.c.obj                        │       4420 │     0 │     0 │     0 │     0 │       4420 │      56 │        0 │  4364 │       0 │             0 │           0 │
build	Build ESP32-C6 firmware	2026-09-24T11:35:35.0577325Z │ lv_obj.c.obj                             │       4359 │     5 │     5 │     0 │     0 │       4354 │      28 │        0 │  4326 │       0 │             0 │           0 │
build	Build ESP32-C6 firmware	2026-09-24T11:35:35.0578051Z │ ieee80211_supplicant.o                   │       4292 │   164 │   160 │     4 │     0 │       4128 │     110 │        0 │  4018 │       0 │             0 │           0 │
build	Build ESP32-C6 firmware	2026-09-24T11:35:35.0578782Z │ aria.c.obj                               │       4098 │     0 │     0 │     0 │     0 │       4098 │    1072 │        0 │  3026 │       0 │             0 │           0 │
build	Build ESP32-C6 firmware	2026-09-24T11:35:35.0579497Z │ lv_indev_scroll.c.obj                    │       4086 │     0 │     0 │     0 │     0 │       4086 │       0 │        0 │  4086 │       0 │             0 │           0 │
build	Build ESP32-C6 firmware	2026-09-24T11:35:35.0583162Z │ lv_table.c.obj                           │       4082 │     0 │     0 │     0 │     0 │       4082 │      28 │        0 │  4054 │       0 │             0 │           0 │
build	Build ESP32-C6 firmware	2026-09-24T11:35:35.0583888Z │ lv_draw_sw_arc.c.obj                     │       4076 │     0 │     0 │     0 │     0 │       4076 │       0 │        0 │  4076 │       0 │             0 │           0 │
build	Build ESP32-C6 firmware	2026-09-24T11:35:35.0585437Z │ phy_init.o                               │       4074 │  1076 │     4 │   408 │   664 │       2998 │       0 │        0 │  2998 │       0 │             0 │           0 │
build	Build ESP32-C6 firmware	2026-09-24T11:35:35.0586154Z │ gdma.c.obj                               │       4022 │   372 │     0 │    16 │   356 │       3650 │     236 │        0 │  3414 │       0 │             0 │           0 │
build	Build ESP32-C6 firmware	2026-09-24T11:35:35.0586825Z │ udp.c.obj                                │       3922 │     6 │     4 │     2 │     0 │       3916 │      50 │        0 │  3866 │       0 │             0 │           0 │
build	Build ESP32-C6 firmware	2026-09-24T11:35:35.0587636Z │ sdspi_host.c.obj                         │       3919 │     8 │     8 │     0 │     0 │       3911 │      27 │        0 │  3884 │       0 │             0 │           0 │
build	Build ESP32-C6 firmware	2026-09-24T11:35:35.0588330Z │ phy_rx_cal.o                             │       3830 │    54 │     0 │    54 │     0 │       3776 │       0 │        0 │  3776 │       0 │             0 │           0 │
build	Build ESP32-C6 firmware	2026-09-24T11:35:35.0589013Z │ lv_flex.c.obj                            │       3824 │    22 │    22 │     0 │     0 │       3802 │       0 │        0 │  3802 │       0 │             0 │           0 │
build	Build ESP32-C6 firmware	2026-09-24T11:35:35.0589824Z │ ieee80211_timer.o                        │       3769 │   256 │     0 │   256 │     0 │       3513 │    1629 │        0 │  1884 │       0 │             0 │           0 │
build	Build ESP32-C6 firmware	2026-09-24T11:35:35.0590639Z │ ieee80211.o                              │       3731 │   676 │   676 │     0 │     0 │       3055 │     399 │        0 │  2656 │       0 │             0 │           0 │
build	Build ESP32-C6 firmware	2026-09-24T11:35:35.0591356Z │ ieee80211_parser.c.obj                   │       3691 │     0 │     0 │     0 │     0 │       3691 │      17 │        0 │  3674 │       0 │             0 │           0 │
build	Build ESP32-C6 firmware	2026-09-24T11:35:35.0592049Z │ argtable3.c.obj                          │       3678 │     0 │     0 │     0 │     0 │       3678 │       0 │        0 │  3678 │       0 │             0 │           0 │
build	Build ESP32-C6 firmware	2026-09-24T11:35:35.0592727Z │ lv_grid.c.obj                            │       3656 │    42 │    42 │     0 │     0 │       3614 │       0 │        0 │  3614 │       0 │             0 │           0 │
build	Build ESP32-C6 firmware	2026-09-24T11:35:35.0593406Z │ lv_colorwheel.c.obj                      │       3624 │     8 │     5 │     3 │     0 │       3616 │      28 │        0 │  3588 │       0 │             0 │           0 │
build	Build ESP32-C6 firmware	2026-09-24T11:35:35.0594098Z │ netif.c.obj                              │       3613 │   273 │   273 │     0 │     0 │       3340 │     210 │        0 │  3130 │       0 │             0 │           0 │
build	Build ESP32-C6 firmware	2026-09-24T11:35:35.0594784Z │ sdmmc_common.c.obj                       │       3608 │     0 │     0 │     0 │     0 │       3608 │     266 │        0 │  3342 │       0 │             0 │           0 │
build	Build ESP32-C6 firmware	2026-09-24T11:35:35.0595477Z │ wpa_common.c.obj                         │       3606 │     0 │     0 │     0 │     0 │       3606 │       0 │        0 │  3606 │       0 │             0 │           0 │
build	Build ESP32-C6 firmware	2026-09-24T11:35:35.0596176Z │ esp_flash_api.c.obj                      │       3595 │  3356 │     0 │   238 │  3118 │        239 │     219 │        0 │    20 │       0 │             0 │           0 │
build	Build ESP32-C6 firmware	2026-09-24T11:35:35.0597029Z │ esp_wpa3.c.obj                           │       3546 │   164 │   156 │     8 │     0 │       3382 │       0 │        0 │  3382 │       0 │             0 │           0 │
build	Build ESP32-C6 firmware	2026-09-24T11:35:35.0597694Z │ sae_pk.c.obj                             │       3542 │     0 │     0 │     0 │     0 │       3542 │    1056 │        0 │  2486 │       0 │             0 │           0 │
build	Build ESP32-C6 firmware	2026-09-24T11:35:35.0598425Z │ coexist_scheme.o                         │       3507 │  1281 │     0 │  1243 │    38 │       2226 │       0 │        0 │  2226 │       0 │             0 │           0 │
build	Build ESP32-C6 firmware	2026-09-24T11:35:35.0599236Z │ esp_mmu_map.c.obj                        │       3494 │   400 │    44 │     4 │   352 │       3094 │     142 │        0 │  2952 │       0 │             0 │           0 │
build	Build ESP32-C6 firmware	2026-09-24T11:35:35.0599950Z │ ieee80211_btwt.o                         │       3440 │  1256 │  1256 │     0 │     0 │       2184 │     196 │        0 │  1988 │       0 │             0 │           0 │
build	Build ESP32-C6 firmware	2026-09-24T11:35:35.0600770Z │ lv_roller.c.obj                          │       3436 │     0 │     0 │     0 │     0 │       3436 │      56 │        0 │  3380 │       0 │             0 │           0 │
build	Build ESP32-C6 firmware	2026-09-24T11:35:35.0601452Z │ esf_buf.o                                │       3422 │  1990 │   240 │   508 │  1242 │       1432 │     490 │        0 │   942 │       0 │             0 │           0 │
build	Build ESP32-C6 firmware	2026-09-24T11:35:35.0602333Z │ spi_flash_chip_generic.c.obj             │       3322 │  3322 │     0 │   250 │  3072 │          0 │       0 │        0 │     0 │       0 │             0 │           0 │
build	Build ESP32-C6 firmware	2026-09-24T11:35:35.0603054Z │ bignum_core.c.obj                        │       3300 │     0 │     0 │     0 │     0 │       3300 │       0 │        0 │  3300 │       0 │             0 │           0 │
build	Build ESP32-C6 firmware	2026-09-24T11:35:35.0603769Z │ intr_alloc.c.obj                         │       3294 │   785 │    13 │     0 │   772 │       2509 │     157 │        0 │  2352 │       0 │             0 │           0 │
build	Build ESP32-C6 firmware	2026-09-24T11:35:35.0604543Z │ pp_he.o                                  │       3224 │  2946 │     0 │    40 │  2906 │        278 │     154 │        0 │   124 │       0 │             0 │           0 │
build	Build ESP32-C6 firmware	2026-09-24T11:35:35.0605220Z │ etharp.c.obj                             │       3183 │   241 │   241 │     0 │     0 │       2942 │      80 │        0 │  2862 │       0 │             0 │           0 │
build	Build ESP32-C6 firmware	2026-09-24T11:35:35.0605912Z │ clk.c.obj                                │       3165 │    36 │     0 │     0 │    36 │       3129 │      13 │        0 │  3116 │       0 │             0 │           0 │
build	Build ESP32-C6 firmware	2026-09-24T11:35:35.0606590Z │ crypto_mbedtls-ec.c.obj                  │       3078 │     0 │     0 │     0 │     0 │       3078 │       0 │        0 │  3078 │       0 │             0 │           0 │
build	Build ESP32-C6 firmware	2026-09-24T11:35:35.0607298Z │ esp_lcd_panel_io_spi.c.obj               │       3054 │     0 │     0 │     0 │     0 │       3054 │     108 │        0 │  2946 │       0 │             0 │           0 │
build	Build ESP32-C6 firmware	2026-09-24T11:35:35.0608018Z │ if_hwctrl.o                              │       3051 │   281 │   161 │     0 │   120 │       2770 │      38 │        0 │  2732 │       0 │             0 │           0 │
build	Build ESP32-C6 firmware	2026-09-24T11:35:35.0608715Z │ lv_img_decoder.c.obj                     │       3030 │     0 │     0 │     0 │     0 │       3030 │      16 │        0 │  3014 │       0 │             0 │           0 │
build	Build ESP32-C6 firmware	2026-09-24T11:35:35.0609421Z │ lv_meter.c.obj                           │       3000 │   182 │     0 │     0 │   182 │       2818 │      28 │        0 │  2790 │       0 │             0 │           0 │
build	Build ESP32-C6 firmware	2026-09-24T11:35:35.0610113Z │ spi_flash_hal_iram.c.obj                 │       2864 │  2864 │     0 │    36 │  2828 │          0 │       0 │        0 │     0 │       0 │             0 │           0 │
build	Build ESP32-C6 firmware	2026-09-24T11:35:35.0611430Z │ lv_img.c.obj                             │       2858 │     0 │     0 │     0 │     0 │       2858 │      28 │        0 │  2830 │       0 │             0 │           0 │
build	Build ESP32-C6 firmware	2026-09-24T11:35:35.0612089Z │ lv_obj_draw.c.obj                        │       2794 │     0 │     0 │     0 │     0 │       2794 │       0 │        0 │  2794 │       0 │             0 │           0 │
build	Build ESP32-C6 firmware	2026-09-24T11:35:35.0612751Z │ lv_draw_sw_line.c.obj                    │       2787 │  2754 │     0 │     0 │  2754 │         33 │      33 │        0 │     0 │       0 │             0 │           0 │
build	Build ESP32-C6 firmware	2026-09-24T11:35:35.0613545Z │ lv_slider.c.obj                          │       2782 │     0 │     0 │     0 │     0 │       2782 │      28 │        0 │  2754 │       0 │             0 │           0 │
build	Build ESP32-C6 firmware	2026-09-24T11:35:35.0614213Z │ pmu_init.c.obj                           │       2775 │    66 │     0 │    56 │    10 │       2709 │     195 │        0 │  2514 │       0 │             0 │           0 │
build	Build ESP32-C6 firmware	2026-09-24T11:35:35.0614861Z │ pbuf.c.obj                               │       2768 │     1 │     1 │     0 │     0 │       2767 │     147 │        0 │  2620 │       0 │             0 │           0 │
build	Build ESP32-C6 firmware	2026-09-24T11:35:35.0615483Z │ lv_bar.c.obj                             │       2762 │     0 │     0 │     0 │     0 │       2762 │      28 │        0 │  2734 │       0 │             0 │           0 │
build	Build ESP32-C6 firmware	2026-09-24T11:35:35.0616238Z │ ieee802_11.c.obj                         │       2734 │     0 │     0 │     0 │     0 │       2734 │       0 │        0 │  2734 │       0 │             0 │           0 │
build	Build ESP32-C6 firmware	2026-09-24T11:35:35.0616920Z │ modem_clock.c.obj                        │       2686 │  1632 │     0 │   180 │  1452 │       1054 │     198 │        0 │   856 │       0 │             0 │           0 │
build	Build ESP32-C6 firmware	2026-09-24T11:35:35.0617573Z │ hal_mac.o                                │       2684 │   420 │     6 │     0 │   414 │       2264 │       6 │        0 │  2258 │       0 │             0 │           0 │
build	Build ESP32-C6 firmware	2026-09-24T11:35:35.0618214Z │ lv_printf.c.obj                          │       2660 │     0 │     0 │     0 │     0 │       2660 │       0 │        0 │  2660 │       0 │             0 │           0 │
build	Build ESP32-C6 firmware	2026-09-24T11:35:35.0618869Z │ port.c.obj                               │       2650 │  2610 │  1564 │    80 │   966 │         40 │      40 │        0 │     0 │       0 │             0 │           0 │
build	Build ESP32-C6 firmware	2026-09-24T11:35:35.0619527Z │ wl_chm.o                                 │       2618 │   592 │   592 │     0 │     0 │       2026 │      66 │        0 │  1960 │       0 │             0 │           0 │
build	Build ESP32-C6 firmware	2026-09-24T11:35:35.0620293Z │ wpa_auth_ie.c.obj                        │       2554 │     0 │     0 │     0 │     0 │       2554 │       0 │        0 │  2554 │       0 │             0 │           0 │
build	Build ESP32-C6 firmware	2026-09-24T11:35:35.0620929Z │ lv_txt.c.obj                             │       2516 │    28 │     0 │    28 │     0 │       2488 │       0 │        0 │  2488 │       0 │             0 │           0 │
build	Build ESP32-C6 firmware	2026-09-24T11:35:35.0621579Z │ esp_lcd_sh8601.c.obj                     │       2509 │     4 │     1 │     3 │     0 │       2505 │     231 │        0 │  2274 │       0 │             0 │           0 │
build	Build ESP32-C6 firmware	2026-09-24T11:35:35.0622234Z │ lv_area.c.obj                            │       2488 │    12 │     8 │     4 │     0 │       2476 │       0 │        0 │  2476 │       0 │             0 │           0 │
build	Build ESP32-C6 firmware	2026-09-24T11:35:35.0622920Z │ lv_draw_sw_transform.c.obj               │       2380 │   182 │     0 │     0 │   182 │       2198 │       0 │        0 │  2198 │       0 │             0 │           0 │
build	Build ESP32-C6 firmware	2026-09-24T11:35:35.0623594Z │ task_wdt.c.obj                           │       2325 │    30 │     5 │    25 │     0 │       2295 │     115 │        0 │  2180 │       0 │             0 │           0 │
build	Build ESP32-C6 firmware	2026-09-24T11:35:35.0624247Z │ usb_serial_jtag_vfs.c.obj                │       2228 │    56 │     8 │    48 │     0 │       2172 │     144 │        0 │  2028 │       0 │             0 │           0 │
build	Build ESP32-C6 firmware	2026-09-24T11:35:35.0624881Z │ gcm.c.obj                                │       2172 │     0 │     0 │     0 │     0 │       2172 │      32 │        0 │  2140 │       0 │             0 │           0 │
build	Build ESP32-C6 firmware	2026-09-24T11:35:35.0625494Z │ sdmmc_mmc.c.obj                          │       2155 │     0 │     0 │     0 │     0 │       2155 │     135 │        0 │  2020 │       0 │             0 │           0 │
build	Build ESP32-C6 firmware	2026-09-24T11:35:35.0626135Z │ phy_i2c.o                                │       2148 │  1286 │     0 │    52 │  1234 │        862 │       0 │        0 │   862 │       0 │             0 │           0 │
build	Build ESP32-C6 firmware	2026-09-24T11:35:35.0626771Z │ eapol_parser.c.obj                       │       2144 │     0 │     0 │     0 │     0 │       2144 │       8 │        0 │  2136 │       0 │             0 │           0 │
build	Build ESP32-C6 firmware	2026-09-24T11:35:35.0627550Z │ phy_pbus.o                               │       2096 │   384 │     0 │   176 │   208 │       1712 │       0 │        0 │  1712 │       0 │             0 │           0 │
build	Build ESP32-C6 firmware	2026-09-24T11:35:35.0628225Z │ libc_a-getopt.o                          │       2088 │    28 │    20 │     8 │     0 │       2060 │       0 │        0 │  2060 │       0 │             0 │           0 │
build	Build ESP32-C6 firmware	2026-09-24T11:35:35.0628881Z │ nvs_api.cpp.obj                          │       2082 │    16 │    16 │     0 │     0 │       2066 │       0 │        0 │  2066 │       0 │             0 │           0 │
build	Build ESP32-C6 firmware	2026-09-24T11:35:35.0629650Z │ spi_hal_iram.c.obj                       │       2056 │  2056 │     0 │    20 │  2036 │          0 │       0 │        0 │     0 │       0 │             0 │           0 │
build	Build ESP32-C6 firmware	2026-09-24T11:35:35.0630440Z │ phy_hw_freq.o                            │       2036 │  1066 │     0 │    40 │  1026 │        970 │       0 │        0 │   970 │       0 │             0 │           0 │
build	Build ESP32-C6 firmware	2026-09-24T11:35:35.0631119Z │ esp_aes_dma_core.c.obj                   │       2033 │   188 │    88 │    56 │    44 │       1845 │      39 │        0 │  1806 │       0 │             0 │           0 │
build	Build ESP32-C6 firmware	2026-09-24T11:35:35.0631803Z │ board_display.c.obj                      │       2019 │   213 │   167 │    46 │     0 │       1806 │     240 │        0 │  1566 │       0 │             0 │           0 │
build	Build ESP32-C6 firmware	2026-09-24T11:35:35.0632458Z │ mld6.c.obj                               │       1983 │     1 │     1 │     0 │     0 │       1982 │       0 │        0 │  1982 │       0 │             0 │           0 │
build	Build ESP32-C6 firmware	2026-09-24T11:35:35.0633126Z │ spi_bus_lock.c.obj                       │       1973 │  1247 │     0 │     9 │  1238 │        726 │     102 │        0 │   624 │       0 │             0 │           0 │
build	Build ESP32-C6 firmware	2026-09-24T11:35:35.0633796Z │ lv_draw_label.c.obj                      │       1954 │  1826 │     0 │     0 │  1826 │        128 │       0 │        0 │   128 │       0 │             0 │           0 │
build	Build ESP32-C6 firmware	2026-09-24T11:35:35.0634463Z │ wpa_ie.c.obj                             │       1951 │     0 │     0 │     0 │     0 │       1951 │      19 │        0 │  1932 │       0 │             0 │           0 │
build	Build ESP32-C6 firmware	2026-09-24T11:35:35.0635408Z │ sys_arch.c.obj                           │       1923 │    12 │    12 │     0 │     0 │       1911 │     165 │        0 │  1746 │       0 │             0 │           0 │
build	Build ESP32-C6 firmware	2026-09-24T11:35:35.0636639Z │ modem_clock_hal.c.obj                    │       1921 │   684 │     4 │     0 │   680 │       1237 │     257 │        0 │   980 │       0 │             0 │           0 │
build	Build ESP32-C6 firmware	2026-09-24T11:35:35.0637945Z │ pkparse.c.obj                            │       1910 │     0 │     0 │     0 │     0 │       1910 │       0 │        0 │  1910 │       0 │             0 │           0 │
build	Build ESP32-C6 firmware	2026-09-24T11:35:35.0639147Z │ ip4.c.obj                                │       1908 │     6 │     6 │     0 │     0 │       1902 │      22 │        0 │  1880 │       0 │             0 │           0 │
build	Build ESP32-C6 firmware	2026-09-24T11:35:35.0640657Z │ phy_init.c.obj                           │       1905 │   269 │     5 │     0 │   264 │       1636 │     116 │        0 │  1520 │       0 │             0 │           0 │
build	Build ESP32-C6 firmware	2026-09-24T11:35:35.0641329Z │ lv_keyboard.c.obj                        │       1898 │    72 │     0 │    72 │     0 │       1826 │     914 │        0 │   912 │       0 │             0 │           0 │
build	Build ESP32-C6 firmware	2026-09-24T11:35:35.0641987Z │ igmp.c.obj                               │       1893 │     9 │     9 │     0 │     0 │       1884 │      28 │        0 │  1856 │       0 │             0 │           0 │
build	Build ESP32-C6 firmware	2026-09-24T11:35:35.0642766Z │ esp_adapter.c.obj                        │       1893 │   815 │     5 │   484 │   326 │       1078 │       0 │        0 │  1078 │       0 │             0 │           0 │
build	Build ESP32-C6 firmware	2026-09-24T11:35:35.0643421Z │ raw.c.obj                                │       1886 │     4 │     4 │     0 │     0 │       1882 │      28 │        0 │  1854 │       0 │             0 │           0 │
build	Build ESP32-C6 firmware	2026-09-24T11:35:35.0644085Z │ esp_timer.c.obj                          │       1855 │   858 │     8 │     0 │   850 │        997 │      21 │        0 │   976 │       0 │             0 │           0 │
build	Build ESP32-C6 firmware	2026-09-24T11:35:35.0644749Z │ phy_tx_gain.o                            │       1824 │   132 │     0 │   132 │     0 │       1692 │       0 │        0 │  1692 │       0 │             0 │           0 │
build	Build ESP32-C6 firmware	2026-09-24T11:35:35.0645408Z │ phy_rx_gain.o                            │       1820 │    46 │     0 │    46 │     0 │       1774 │       0 │        0 │  1774 │       0 │             0 │           0 │
build	Build ESP32-C6 firmware	2026-09-24T11:35:35.0646066Z │ lv_draw_arc.c.obj                        │       1818 │     0 │     0 │     0 │     0 │       1818 │       0 │        0 │  1818 │       0 │             0 │           0 │
build	Build ESP32-C6 firmware	2026-09-24T11:35:35.0646735Z │ esp_err_to_name.c.obj                    │       1816 │     0 │     0 │     0 │     0 │       1816 │    1758 │        0 │    58 │       0 │             0 │           0 │
build	Build ESP32-C6 firmware	2026-09-24T11:35:35.0647421Z │ lv_style.c.obj                           │       1813 │     6 │     4 │     2 │     0 │       1807 │     113 │        0 │  1694 │       0 │             0 │           0 │
build	Build ESP32-C6 firmware	2026-09-24T11:35:35.0648111Z │ lv_draw_sw_letter.c.obj                  │       1809 │  1175 │   261 │     0 │   914 │        634 │     278 │        0 │   356 │       0 │             0 │           0 │
build	Build ESP32-C6 firmware	2026-09-24T11:35:35.0648770Z │ ecdsa.c.obj                              │       1806 │     0 │     0 │     0 │     0 │       1806 │       0 │        0 │  1806 │       0 │             0 │           0 │
build	Build ESP32-C6 firmware	2026-09-24T11:35:35.0649423Z │ lv_draw_sw_img.c.obj                     │       1802 │  1196 │     0 │     0 │  1196 │        606 │       0 │        0 │   606 │       0 │             0 │           0 │
build	Build ESP32-C6 firmware	2026-09-24T11:35:35.0650079Z │ ieee80211_crypto.o                       │       1798 │    44 │    44 │     0 │     0 │       1754 │     282 │        0 │  1472 │       0 │             0 │           0 │
build	Build ESP32-C6 firmware	2026-09-24T11:35:35.0650843Z │ esp_bignum.c.obj                         │       1795 │   130 │    88 │     0 │    42 │       1665 │      31 │        0 │  1634 │       0 │             0 │           0 │
build	Build ESP32-C6 firmware	2026-09-24T11:35:35.0651493Z │ rsa_alt_helpers.c.obj                    │       1774 │     0 │     0 │     0 │     0 │       1774 │       0 │        0 │  1774 │       0 │             0 │           0 │
build	Build ESP32-C6 firmware	2026-09-24T11:35:35.0652172Z │ cipher_wrap.c.obj                        │       1722 │    28 │     0 │    28 │     0 │       1694 │    1068 │        0 │   626 │       0 │             0 │           0 │
build	Build ESP32-C6 firmware	2026-09-24T11:35:35.0652855Z │ rtc_time.c.obj                           │       1718 │  1658 │     0 │     0 │  1658 │         60 │      60 │        0 │     0 │       0 │             0 │           0 │
build	Build ESP32-C6 firmware	2026-09-24T11:35:35.0653508Z │ md.c.obj                                 │       1716 │     0 │     0 │     0 │     0 │       1716 │      48 │        0 │  1668 │       0 │             0 │           0 │
build	Build ESP32-C6 firmware	2026-09-24T11:35:35.0654282Z │ mmu_hal.c.obj                            │       1708 │  1708 │     0 │   164 │  1544 │          0 │       0 │        0 │     0 │       0 │             0 │           0 │
build	Build ESP32-C6 firmware	2026-09-24T11:35:35.0654943Z │ commands.c.obj                           │       1674 │    44 │    20 │    24 │     0 │       1630 │       8 │        0 │  1622 │       0 │             0 │           0 │
build	Build ESP32-C6 firmware	2026-09-24T11:35:35.0655594Z │ esp_hostap.c.obj                         │       1670 │     4 │     4 │     0 │     0 │       1666 │       0 │        0 │  1666 │       0 │             0 │           0 │
build	Build ESP32-C6 firmware	2026-09-24T11:35:35.0656250Z │ phy_reg.o                                │       1664 │  1358 │     0 │     0 │  1358 │        306 │       0 │        0 │   306 │       0 │             0 │           0 │
build	Build ESP32-C6 firmware	2026-09-24T11:35:35.0657007Z │ esp_aes.c.obj                            │       1662 │     0 │     0 │     0 │     0 │       1662 │       0 │        0 │  1662 │       0 │             0 │           0 │
build	Build ESP32-C6 firmware	2026-09-24T11:35:35.0657686Z │ ieee80211_phy.o                          │       1658 │   212 │     0 │   212 │     0 │       1446 │     544 │        0 │   902 │       0 │             0 │           0 │
build	Build ESP32-C6 firmware	2026-09-24T11:35:35.0658356Z │ mac_addr.c.obj                           │       1633 │   108 │     0 │   108 │     0 │       1525 │      43 │        0 │  1482 │       0 │             0 │           0 │
build	Build ESP32-C6 firmware	2026-09-24T11:35:35.0659041Z │ vfs_fat_sdmmc.c.obj                      │       1600 │    12 │     8 │     4 │     0 │       1588 │      24 │        0 │  1564 │       0 │             0 │           0 │
build	Build ESP32-C6 firmware	2026-09-24T11:35:35.0659732Z │ ieee80211_mbssid.o                       │       1584 │     0 │     0 │     0 │     0 │       1584 │       0 │        0 │  1584 │       0 │             0 │           0 │
build	Build ESP32-C6 firmware	2026-09-24T11:35:35.0660607Z │ lv_calendar.c.obj                        │       1538 │     0 │     0 │     0 │     0 │       1538 │      56 │        0 │  1482 │       0 │             0 │           0 │
build	Build ESP32-C6 firmware	2026-09-24T11:35:35.0661322Z │ lv_menu.c.obj                            │       1536 │     0 │     0 │     0 │     0 │       1536 │     252 │        0 │  1284 │       0 │             0 │           0 │
build	Build ESP32-C6 firmware	2026-09-24T11:35:35.0661993Z │ pem.c.obj                                │       1536 │     0 │     0 │     0 │     0 │       1536 │       0 │        0 │  1536 │       0 │             0 │           0 │
build	Build ESP32-C6 firmware	2026-09-24T11:35:35.0662658Z │ common.c.obj                             │       1516 │     0 │     0 │     0 │     0 │       1516 │       0 │        0 │  1516 │       0 │             0 │           0 │
build	Build ESP32-C6 firmware	2026-09-24T11:35:35.0663328Z │ aes-gcm.c.obj                            │       1512 │     0 │     0 │     0 │     0 │       1512 │       0 │        0 │  1512 │       0 │             0 │           0 │
build	Build ESP32-C6 firmware	2026-09-24T11:35:35.0664041Z │ libc_a-strerror.o                        │       1484 │     0 │     0 │     0 │     0 │       1484 │     572 │        0 │   912 │       0 │             0 │           0 │
build	Build ESP32-C6 firmware	2026-09-24T11:35:35.0664696Z │ ctr_drbg.c.obj                           │       1484 │     0 │     0 │     0 │     0 │       1484 │       0 │        0 │  1484 │       0 │             0 │           0 │
build	Build ESP32-C6 firmware	2026-09-24T11:35:35.0665501Z │ ieee80211_power.o                        │       1481 │     0 │     0 │     0 │     0 │       1481 │      35 │        0 │  1446 │       0 │             0 │           0 │
build	Build ESP32-C6 firmware	2026-09-24T11:35:35.0666174Z │ lv_draw_sw_gradient.c.obj                │       1479 │   375 │     9 │     0 │   366 │       1104 │       0 │        0 │  1104 │       0 │             0 │           0 │
build	Build ESP32-C6 firmware	2026-09-24T11:35:35.0666878Z │ esp_aes_gcm.c.obj                        │       1470 │     0 │     0 │     0 │     0 │       1470 │      64 │        0 │  1406 │       0 │             0 │           0 │
build	Build ESP32-C6 firmware	2026-09-24T11:35:35.0667691Z │ libc_a-tzset_r.o                         │       1466 │    28 │    28 │     0 │     0 │       1438 │       0 │        0 │  1438 │       0 │             0 │           0 │
build	Build ESP32-C6 firmware	2026-09-24T11:35:35.0668386Z │ hal_he_common.o                          │       1462 │  1112 │     0 │     0 │  1112 │        350 │     350 │        0 │     0 │       0 │             0 │           0 │
build	Build ESP32-C6 firmware	2026-09-24T11:35:35.0669119Z │ api_lib.c.obj                            │       1457 │     0 │     0 │     0 │     0 │       1457 │      47 │        0 │  1410 │       0 │             0 │           0 │
build	Build ESP32-C6 firmware	2026-09-24T11:35:35.0669812Z │ spi_flash_hal_gpspi.c.obj                │       1446 │  1446 │     0 │     0 │  1446 │          0 │       0 │        0 │     0 │       0 │             0 │           0 │
build	Build ESP32-C6 firmware	2026-09-24T11:35:35.0670658Z │ app_main.c.obj                           │       1431 │     0 │     0 │     0 │     0 │       1431 │       9 │        0 │  1422 │       0 │             0 │           0 │
build	Build ESP32-C6 firmware	2026-09-24T11:35:35.0671360Z │ esp_wpa_main.c.obj                       │       1429 │     9 │     9 │     0 │     0 │       1420 │       0 │        0 │  1420 │       0 │             0 │           0 │
build	Build ESP32-C6 firmware	2026-09-24T11:35:35.0672051Z │ eloop.c.obj                              │       1428 │    36 │    36 │     0 │     0 │       1392 │       0 │        0 │  1392 │       0 │             0 │           0 │
build	Build ESP32-C6 firmware	2026-09-24T11:35:35.0672742Z │ crypto_mbedtls.c.obj                     │       1422 │     0 │     0 │     0 │     0 │       1422 │       0 │        0 │  1422 │       0 │             0 │           0 │
build	Build ESP32-C6 firmware	2026-09-24T11:35:35.0673417Z │ pmksa_cache.c.obj                        │       1408 │     0 │     0 │     0 │     0 │       1408 │       0 │        0 │  1408 │       0 │             0 │           0 │
build	Build ESP32-C6 firmware	2026-09-24T11:35:35.0674077Z │ libc_a-mktime.o                          │       1400 │     0 │     0 │     0 │     0 │       1400 │      96 │        0 │  1304 │       0 │             0 │           0 │
build	Build ESP32-C6 firmware	2026-09-24T11:35:35.0674748Z │ esp_event.c.obj                          │       1389 │     0 │     0 │     0 │     0 │       1389 │      37 │        0 │  1352 │       0 │             0 │           0 │
build	Build ESP32-C6 firmware	2026-09-24T11:35:35.0675434Z │ channel_hopper.c.obj                     │       1386 │   152 │   152 │     0 │     0 │       1234 │       0 │        0 │  1234 │       0 │             0 │           0 │
build	Build ESP32-C6 firmware	2026-09-24T11:35:35.0676158Z │ ieee80211_action.o                       │       1385 │   492 │     0 │   492 │     0 │        893 │       7 │        0 │   886 │       0 │             0 │           0 │
build	Build ESP32-C6 firmware	2026-09-24T11:35:35.0676833Z │ locks.c.obj                              │       1379 │  1124 │   168 │     0 │   956 │        255 │      95 │        0 │   160 │       0 │             0 │           0 │
build	Build ESP32-C6 firmware	2026-09-24T11:35:35.0677502Z │ board_sd.c.obj                           │       1378 │     4 │     4 │     0 │     0 │       1374 │     146 │        0 │  1228 │       0 │             0 │           0 │
build	Build ESP32-C6 firmware	2026-09-24T11:35:35.0678205Z │ gdma_hal_ahb_v1.c.obj                    │       1364 │   484 │     0 │     4 │   480 │        880 │       0 │        0 │   880 │       0 │             0 │           0 │
build	Build ESP32-C6 firmware	2026-09-24T11:35:35.0678874Z │ ffunicode.c.obj                          │       1358 │     0 │     0 │     0 │     0 │       1358 │     942 │        0 │   416 │       0 │             0 │           0 │
build	Build ESP32-C6 firmware	2026-09-24T11:35:35.0679639Z │ sdmmc_io.c.obj                           │       1344 │     0 │     0 │     0 │     0 │       1344 │     110 │        0 │  1234 │       0 │             0 │           0 │
build	Build ESP32-C6 firmware	2026-09-24T11:35:35.0680453Z │ panic.c.obj                              │       1327 │    43 │     9 │    12 │    22 │       1284 │       0 │        0 │  1284 │       0 │             0 │           0 │
build	Build ESP32-C6 firmware	2026-09-24T11:35:35.0681088Z │ lv_group.c.obj                           │       1294 │     4 │     4 │     0 │     0 │       1290 │       0 │        0 │  1290 │       0 │             0 │           0 │
build	Build ESP32-C6 firmware	2026-09-24T11:35:35.0681872Z │ lv_draw_img.c.obj                        │       1286 │   746 │     0 │     0 │   746 │        540 │       0 │        0 │   540 │       0 │             0 │           0 │
build	Build ESP32-C6 firmware	2026-09-24T11:35:35.0682586Z │ nvs_partition_manager.cpp.obj            │       1256 │     4 │     4 │     0 │     0 │       1252 │      16 │        0 │  1236 │       0 │             0 │           0 │
build	Build ESP32-C6 firmware	2026-09-24T11:35:35.0683294Z │ lv_anim.c.obj                            │       1246 │    10 │    10 │     0 │     0 │       1236 │       0 │        0 │  1236 │       0 │             0 │           0 │
build	Build ESP32-C6 firmware	2026-09-24T11:35:35.0683953Z │ lv_tabview.c.obj                         │       1241 │     3 │     3 │     0 │     0 │       1238 │      28 │        0 │  1210 │       0 │             0 │           0 │
build	Build ESP32-C6 firmware	2026-09-24T11:35:35.0684611Z │ lv_spinbox.c.obj                         │       1224 │     0 │     0 │     0 │     0 │       1224 │      28 │        0 │  1196 │       0 │             0 │           0 │
build	Build ESP32-C6 firmware	2026-09-24T11:35:35.0685354Z │ heap_caps_init.c.obj                     │       1215 │     4 │     4 │     0 │     0 │       1211 │      57 │        0 │  1154 │       0 │             0 │           0 │
build	Build ESP32-C6 firmware	2026-09-24T11:35:35.0686038Z │ lv_checkbox.c.obj                        │       1204 │     0 │     0 │     0 │     0 │       1204 │      28 │        0 │  1176 │       0 │             0 │           0 │
build	Build ESP32-C6 firmware	2026-09-24T11:35:35.0686754Z │ cipher.c.obj                             │       1186 │     0 │     0 │     0 │     0 │       1186 │       0 │        0 │  1186 │       0 │             0 │           0 │
build	Build ESP32-C6 firmware	2026-09-24T11:35:35.0687487Z │ sdspi_transaction.c.obj                  │       1175 │     5 │     5 │     0 │     0 │       1170 │       0 │        0 │  1170 │       0 │             0 │           0 │
build	Build ESP32-C6 firmware	2026-09-24T11:35:35.0688242Z │ lv_obj_tree.c.obj                        │       1174 │     0 │     0 │     0 │     0 │       1174 │       0 │        0 │  1174 │       0 │             0 │           0 │
build	Build ESP32-C6 firmware	2026-09-24T11:35:35.0688978Z │ aes-ccm.c.obj                            │       1164 │     0 │     0 │     0 │     0 │       1164 │       0 │        0 │  1164 │       0 │             0 │           0 │
build	Build ESP32-C6 firmware	2026-09-24T11:35:35.0689654Z │ cmac.c.obj                               │       1162 │     0 │     0 │     0 │     0 │       1162 │       0 │        0 │  1162 │       0 │             0 │           0 │
build	Build ESP32-C6 firmware	2026-09-24T11:35:35.0690579Z │ nvs_pagemanager.cpp.obj                  │       1156 │     0 │     0 │     0 │     0 │       1156 │       0 │        0 │  1156 │       0 │             0 │           0 │
build	Build ESP32-C6 firmware	2026-09-24T11:35:35.0691289Z │ panic_arch.c.obj                         │       1142 │     0 │     0 │     0 │     0 │       1142 │     212 │        0 │   930 │       0 │             0 │           0 │
build	Build ESP32-C6 firmware	2026-09-24T11:35:35.0691993Z │ pmksa_cache_auth.c.obj                   │       1134 │     0 │     0 │     0 │     0 │       1134 │       0 │        0 │  1134 │       0 │             0 │           0 │
build	Build ESP32-C6 firmware	2026-09-24T11:35:35.0692709Z │ tcpip.c.obj                              │       1128 │    12 │    12 │     0 │     0 │       1116 │     118 │        0 │   998 │       0 │             0 │           0 │
build	Build ESP32-C6 firmware	2026-09-24T11:35:35.0693610Z │ ieee80211_crypto_ccmp.o                  │       1126 │    24 │     0 │    24 │     0 │       1102 │     278 │        0 │   824 │       0 │             0 │           0 │
build	Build ESP32-C6 firmware	2026-09-24T11:35:35.0694318Z │ partition.c.obj                          │       1117 │     8 │     8 │     0 │     0 │       1109 │      37 │        0 │  1072 │       0 │             0 │           0 │
build	Build ESP32-C6 firmware	2026-09-24T11:35:35.0694965Z │ lv_color.c.obj                           │       1108 │   252 │     0 │     0 │   252 │        856 │     380 │        0 │   476 │       0 │             0 │           0 │
build	Build ESP32-C6 firmware	2026-09-24T11:35:35.0695625Z │ lv_led.c.obj                             │       1106 │   182 │     0 │     0 │   182 │        924 │      28 │        0 │   896 │       0 │             0 │           0 │
build	Build ESP32-C6 firmware	2026-09-24T11:35:35.0696334Z │ partition_target.c.obj                   │       1103 │     0 │     0 │     0 │     0 │       1103 │     131 │        0 │   972 │       0 │             0 │           0 │
build	Build ESP32-C6 firmware	2026-09-24T11:35:35.0697075Z │ libc_a-findfp.o                          │       1096 │   328 │   316 │    12 │     0 │        768 │       0 │        0 │   768 │       0 │             0 │           0 │
build	Build ESP32-C6 firmware	2026-09-24T11:35:35.0697788Z │ lv_switch.c.obj                          │       1092 │     0 │     0 │     0 │     0 │       1092 │      28 │        0 │  1064 │       0 │             0 │           0 │
build	Build ESP32-C6 firmware	2026-09-24T11:35:35.0698474Z │ sha.c.obj                                │       1087 │    24 │     0 │    24 │     0 │       1063 │      19 │        0 │  1044 │       0 │             0 │           0 │
build	Build ESP32-C6 firmware	2026-09-24T11:35:35.0699153Z │ lv_fs.c.obj                              │       1076 │     0 │     0 │     0 │     0 │       1076 │       0 │        0 │  1076 │       0 │             0 │           0 │
build	Build ESP32-C6 firmware	2026-09-24T11:35:35.0699859Z │ log_binary_heap.c.obj                    │       1070 │   260 │   260 │     0 │     0 │        810 │      48 │        0 │   762 │       0 │             0 │           0 │
build	Build ESP32-C6 firmware	2026-09-24T11:35:35.0700702Z │ dragonfly.c.obj                          │       1070 │     0 │     0 │     0 │     0 │       1070 │       0 │        0 │  1070 │       0 │             0 │           0 │
build	Build ESP32-C6 firmware	2026-09-24T11:35:35.0701361Z │ heap_caps.c.obj                          │       1067 │   542 │     4 │     4 │   534 │        525 │     127 │        0 │   398 │       0 │             0 │           0 │
build	Build ESP32-C6 firmware	2026-09-24T11:35:35.0702023Z │ memspi_host_driver.c.obj                 │       1063 │  1063 │     0 │   257 │   806 │          0 │       0 │        0 │     0 │       0 │             0 │           0 │
build	Build ESP32-C6 firmware	2026-09-24T11:35:35.0702762Z │ hal_crypto.o                             │       1059 │     0 │     0 │     0 │     0 │       1059 │      27 │        0 │  1032 │       0 │             0 │           0 │
build	Build ESP32-C6 firmware	2026-09-24T11:35:35.0703481Z │ ieee80211_action_vendor.o                │       1056 │    16 │    16 │     0 │     0 │       1040 │      62 │        0 │   978 │       0 │             0 │           0 │
build	Build ESP32-C6 firmware	2026-09-24T11:35:35.0704216Z │ phy_track.o                              │       1056 │     0 │     0 │     0 │     0 │       1056 │       0 │        0 │  1056 │       0 │             0 │           0 │
build	Build ESP32-C6 firmware	2026-09-24T11:35:35.0704895Z │ uart_hal.c.obj                           │       1054 │     0 │     0 │     0 │     0 │       1054 │       0 │        0 │  1054 │       0 │             0 │           0 │
build	Build ESP32-C6 firmware	2026-09-24T11:35:35.0705709Z │ arg_int.c.obj                            │       1050 │     0 │     0 │     0 │     0 │       1050 │       0 │        0 │  1050 │       0 │             0 │           0 │
build	Build ESP32-C6 firmware	2026-09-24T11:35:35.0706412Z │ esp_efuse_utility.c.obj                  │       1047 │     4 │     4 │     0 │     0 │       1043 │     141 │        0 │   902 │       0 │             0 │           0 │
build	Build ESP32-C6 firmware	2026-09-24T11:35:35.0707132Z │ hal_coex.o                               │       1044 │   176 │     0 │     0 │   176 │        868 │      54 │        0 │   814 │       0 │             0 │           0 │
build	Build ESP32-C6 firmware	2026-09-24T11:35:35.0707942Z │ pmu_param.c.obj                          │       1036 │     0 │     0 │     0 │     0 │       1036 │     450 │        0 │   586 │       0 │             0 │           0 │
build	Build ESP32-C6 firmware	2026-09-24T11:35:35.0708652Z │ event_groups.c.obj                       │       1026 │   928 │     0 │     0 │   928 │         98 │      98 │        0 │     0 │       0 │             0 │           0 │
build	Build ESP32-C6 firmware	2026-09-24T11:35:35.0709362Z │ lv_event.c.obj                           │       1022 │     4 │     4 │     0 │     0 │       1018 │       0 │        0 │  1018 │       0 │             0 │           0 │
build	Build ESP32-C6 firmware	2026-09-24T11:35:35.0710093Z │ crypto_mbedtls-bignum.c.obj              │       1014 │     0 │     0 │     0 │     0 │       1014 │       0 │        0 │  1014 │       0 │             0 │           0 │
build	Build ESP32-C6 firmware	2026-09-24T11:35:35.0710928Z │ fastpbkdf2.c.obj                         │       1010 │     0 │     0 │     0 │     0 │       1010 │      12 │        0 │   998 │       0 │             0 │           0 │
build	Build ESP32-C6 firmware	2026-09-24T11:35:35.0711655Z │ pcap_serializer.c.obj                    │        988 │     0 │     0 │     0 │     0 │        988 │      24 │        0 │   964 │       0 │             0 │           0 │
build	Build ESP32-C6 firmware	2026-09-24T11:35:35.0712359Z │ wifi_init.c.obj                          │        959 │     1 │     1 │     0 │     0 │        958 │       8 │        0 │   950 │       0 │             0 │           0 │
build	Build ESP32-C6 firmware	2026-09-24T11:35:35.0713088Z │ nullfs.c.obj                             │        958 │     4 │     4 │     0 │     0 │        954 │     128 │        0 │   826 │       0 │             0 │           0 │
build	Build ESP32-C6 firmware	2026-09-24T11:35:35.0713782Z │ bootloader_flash.c.obj                   │        956 │   916 │     0 │     0 │   916 │         40 │      40 │        0 │     0 │       0 │             0 │           0 │
build	Build ESP32-C6 firmware	2026-09-24T11:35:35.0714477Z │ pk_wrap.c.obj                            │        934 │     0 │     0 │     0 │     0 │        934 │     192 │        0 │   742 │       0 │             0 │           0 │
build	Build ESP32-C6 firmware	2026-09-24T11:35:35.0715163Z │ esp_aes_xts.c.obj                        │        930 │     0 │     0 │     0 │     0 │        930 │       0 │        0 │   930 │       0 │             0 │           0 │
build	Build ESP32-C6 firmware	2026-09-24T11:35:35.0715850Z │ lv_font_fmt_txt.c.obj                    │        928 │     0 │     0 │     0 │     0 │        928 │       0 │        0 │   928 │       0 │             0 │           0 │
build	Build ESP32-C6 firmware	2026-09-24T11:35:35.0716672Z │ diskio_sdmmc.c.obj                       │        916 │    10 │    10 │     0 │     0 │        906 │     102 │        0 │   804 │       0 │             0 │           0 │
build	Build ESP32-C6 firmware	2026-09-24T11:35:35.0717349Z │ icmp.c.obj                               │        914 │     0 │     0 │     0 │     0 │        914 │      30 │        0 │   884 │       0 │             0 │           0 │
build	Build ESP32-C6 firmware	2026-09-24T11:35:35.0718030Z │ lv_style_gen.c.obj                       │        908 │     0 │     0 │     0 │     0 │        908 │       0 │        0 │   908 │       0 │             0 │           0 │
build	Build ESP32-C6 firmware	2026-09-24T11:35:35.0718842Z │ time.c.obj                               │        904 │   202 │    20 │     0 │   182 │        702 │       0 │        0 │   702 │       0 │             0 │           0 │
build	Build ESP32-C6 firmware	2026-09-24T11:35:35.0719514Z │ icmp6.c.obj                              │        903 │     0 │     0 │     0 │     0 │        903 │      61 │        0 │   842 │       0 │             0 │           0 │
build	Build ESP32-C6 firmware	2026-09-24T11:35:35.0720386Z │ ccmp.c.obj                               │        896 │     0 │     0 │     0 │     0 │        896 │       0 │        0 │   896 │       0 │             0 │           0 │
build	Build ESP32-C6 firmware	2026-09-24T11:35:35.0721059Z │ hmac_drbg.c.obj                          │        890 │     0 │     0 │     0 │     0 │        890 │       0 │        0 │   890 │       0 │             0 │           0 │
build	Build ESP32-C6 firmware	2026-09-24T11:35:35.0721756Z │ phy_common.c.obj                         │        881 │    49 │    38 │     1 │    10 │        832 │      40 │        0 │   792 │       0 │             0 │           0 │
build	Build ESP32-C6 firmware	2026-09-24T11:35:35.0722481Z │ phy_rfpll.o                              │        880 │     0 │     0 │     0 │     0 │        880 │       0 │        0 │   880 │       0 │             0 │           0 │
build	Build ESP32-C6 firmware	2026-09-24T11:35:35.0723158Z │ oid.c.obj                                │        873 │     0 │     0 │     0 │     0 │        873 │     553 │        0 │   320 │       0 │             0 │           0 │
build	Build ESP32-C6 firmware	2026-09-24T11:35:35.0723858Z │ coexist_core.o                           │        870 │   150 │     1 │   149 │     0 │        720 │       0 │        0 │   720 │       0 │             0 │           0 │
build	Build ESP32-C6 firmware	2026-09-24T11:35:35.0724549Z │ aes-siv.c.obj                            │        858 │     0 │     0 │     0 │     0 │        858 │      16 │        0 │   842 │       0 │             0 │           0 │
build	Build ESP32-C6 firmware	2026-09-24T11:35:35.0725231Z │ rx_path.c.obj                            │        858 │     0 │     0 │     0 │     0 │        858 │       0 │        0 │   858 │       0 │             0 │           0 │
build	Build ESP32-C6 firmware	2026-09-24T11:35:35.0725952Z │ nvs_handle_simple.cpp.obj                │        854 │     0 │     0 │     0 │     0 │        854 │     128 │        0 │   726 │       0 │             0 │           0 │
build	Build ESP32-C6 firmware	2026-09-24T11:35:35.0726661Z │ lv_math.c.obj                            │        850 │   204 │     0 │     0 │   204 │        646 │     182 │        0 │   464 │       0 │             0 │           0 │
build	Build ESP32-C6 firmware	2026-09-24T11:35:35.0727357Z │ hal_tsf.o                                │        846 │   242 │     8 │     0 │   234 │        604 │       0 │        0 │   604 │       0 │             0 │           0 │
build	Build ESP32-C6 firmware	2026-09-24T11:35:35.0728046Z │ timeouts.c.obj                           │        839 │    12 │    12 │     0 │     0 │        827 │      83 │        0 │   744 │       0 │             0 │           0 │
build	Build ESP32-C6 firmware	2026-09-24T11:35:35.0728763Z │ esp_dma_utils.c.obj                      │        835 │     0 │     0 │     0 │     0 │        835 │     107 │        0 │   728 │       0 │             0 │           0 │
build	Build ESP32-C6 firmware	2026-09-24T11:35:35.0729492Z │ sleep_modes.c.obj                        │        830 │   160 │    24 │   136 │     0 │        642 │      46 │        0 │   596 │      28 │             0 │          28 │
build	Build ESP32-C6 firmware	2026-09-24T11:35:35.0730326Z │ lv_draw_sw_polygon.c.obj                 │        828 │     0 │     0 │     0 │     0 │        828 │       8 │        0 │   820 │       0 │             0 │           0 │
build	Build ESP32-C6 firmware	2026-09-24T11:35:35.0731189Z │ i2c_hal.c.obj                            │        820 │     0 │     0 │     0 │     0 │        820 │      26 │        0 │   794 │       0 │             0 │           0 │
build	Build ESP32-C6 firmware	2026-09-24T11:35:35.0731900Z │ libc_a-fseeko.o                          │        814 │     0 │     0 │     0 │     0 │        814 │       0 │        0 │   814 │       0 │             0 │           0 │
build	Build ESP32-C6 firmware	2026-09-24T11:35:35.0732617Z │ entropy.c.obj                            │        810 │     0 │     0 │     0 │     0 │        810 │       0 │        0 │   810 │       0 │             0 │           0 │
build	Build ESP32-C6 firmware	2026-09-24T11:35:35.0733337Z │ sar_periph_ctrl_common.c.obj             │        808 │    13 │     4 │     9 │     0 │        795 │      33 │        0 │   762 │       0 │             0 │           0 │
build	Build ESP32-C6 firmware	2026-09-24T11:35:35.0734180Z │ spi_hal.c.obj                            │        804 │     0 │     0 │     0 │     0 │        804 │       0 │        0 │   804 │       0 │             0 │           0 │
build	Build ESP32-C6 firmware	2026-09-24T11:35:35.0734902Z │ libc_a-fvwrite.o                         │        798 │     0 │     0 │     0 │     0 │        798 │       0 │        0 │   798 │       0 │             0 │           0 │
build	Build ESP32-C6 firmware	2026-09-24T11:35:35.0735648Z │ lv_timer.c.obj                           │        797 │    17 │    17 │     0 │     0 │        780 │       0 │        0 │   780 │       0 │             0 │           0 │
build	Build ESP32-C6 firmware	2026-09-24T11:35:35.0736398Z │ esp_wpas_glue.c.obj                      │        782 │     0 │     0 │     0 │     0 │        782 │       0 │        0 │   782 │       0 │             0 │           0 │
build	Build ESP32-C6 firmware	2026-09-24T11:35:35.0737133Z │ cache_hal.c.obj                          │        776 │   776 │     8 │   104 │   664 │          0 │       0 │        0 │     0 │       0 │             0 │           0 │
build	Build ESP32-C6 firmware	2026-09-24T11:35:35.0737859Z │ ecc_hal.c.obj                            │        772 │     0 │     0 │     0 │     0 │        772 │      52 │        0 │   720 │       0 │             0 │           0 │
build	Build ESP32-C6 firmware	2026-09-24T11:35:35.0738598Z │ esp_flash_spi_init.c.obj                 │        766 │    84 │     4 │    80 │     0 │        682 │      74 │        0 │   608 │       0 │             0 │           0 │
build	Build ESP32-C6 firmware	2026-09-24T11:35:35.0739318Z │ rtc_io.c.obj                             │        759 │     0 │     0 │     0 │     0 │        759 │      77 │        0 │   682 │       0 │             0 │           0 │
build	Build ESP32-C6 firmware	2026-09-24T11:35:35.0740007Z │ ccm.c.obj                                │        756 │     0 │     0 │     0 │     0 │        756 │       0 │        0 │   756 │       0 │             0 │           0 │
build	Build ESP32-C6 firmware	2026-09-24T11:35:35.0740834Z │ ieee80211_regdomain.o                    │        752 │     0 │     0 │     0 │     0 │        752 │       0 │        0 │   752 │       0 │             0 │           0 │
build	Build ESP32-C6 firmware	2026-09-24T11:35:35.0741517Z │ lv_hal_disp.c.obj                        │        746 │     4 │     4 │     0 │     0 │        742 │       0 │        0 │   742 │       0 │             0 │           0 │
build	Build ESP32-C6 firmware	2026-09-24T11:35:35.0742274Z │ esp_timer_impl_systimer.c.obj            │        738 │   250 │    20 │     0 │   230 │        488 │      28 │        0 │   460 │       0 │             0 │           0 │
build	Build ESP32-C6 firmware	2026-09-24T11:35:35.0743153Z │ vfs_console.c.obj                        │        730 │    16 │    16 │     0 │     0 │        714 │     180 │        0 │   534 │       0 │             0 │           0 │
build	Build ESP32-C6 firmware	2026-09-24T11:35:35.0743870Z │ test_hal_tx_statis.o                     │        730 │   730 │     0 │     0 │   730 │          0 │       0 │        0 │     0 │       0 │             0 │           0 │
build	Build ESP32-C6 firmware	2026-09-24T11:35:35.0744596Z │ sdmmc_init.c.obj                         │        728 │     0 │     0 │     0 │     0 │        728 │      16 │        0 │   712 │       0 │             0 │           0 │
build	Build ESP32-C6 firmware	2026-09-24T11:35:35.0754290Z │ memory_layout_utils.c.obj                │        727 │     0 │     0 │     0 │     0 │        727 │      27 │        0 │   700 │       0 │             0 │           0 │
build	Build ESP32-C6 firmware	2026-09-24T11:35:35.0755020Z │ cpu_start.c.obj                          │        726 │   684 │     0 │     0 │   684 │         42 │       0 │        0 │    42 │       0 │             0 │           0 │
build	Build ESP32-C6 firmware	2026-09-24T11:35:35.0755717Z │ heap_caps_base.c.obj                     │        712 │   674 │     0 │     0 │   674 │         38 │      38 │        0 │     0 │       0 │             0 │           0 │
build	Build ESP32-C6 firmware	2026-09-24T11:35:35.0756423Z │ arg_dstr.c.obj                           │        710 │     0 │     0 │     0 │     0 │        710 │       0 │        0 │   710 │       0 │             0 │           0 │
build	Build ESP32-C6 firmware	2026-09-24T11:35:35.0757132Z │ hal_utilities.o                          │        706 │    20 │    20 │     0 │     0 │        686 │     352 │        0 │   334 │       0 │             0 │           0 │
build	Build ESP32-C6 firmware	2026-09-24T11:35:35.0757865Z │ esp_sha1.c.obj                           │        706 │     0 │     0 │     0 │     0 │        706 │      64 │        0 │   642 │       0 │             0 │           0 │
build	Build ESP32-C6 firmware	2026-09-24T11:35:35.0758595Z │ esp_rom_hp_regi2c_esp32c6.c.obj          │        705 │   660 │     0 │     0 │   660 │         45 │      45 │        0 │     0 │       0 │             0 │           0 │
build	Build ESP32-C6 firmware	2026-09-24T11:35:35.0759349Z │ obs_cache.c.obj                          │        696 │     0 │     0 │     0 │     0 │        696 │       0 │        0 │   696 │       0 │             0 │           0 │
build	Build ESP32-C6 firmware	2026-09-24T11:35:35.0760034Z │ sleep_gpio.c.obj                         │        691 │     0 │     0 │     0 │     0 │        691 │      35 │        0 │   656 │       0 │             0 │           0 │
build	Build ESP32-C6 firmware	2026-09-24T11:35:35.0760873Z │ lv_draw_sw_layer.c.obj                   │        690 │     0 │     0 │     0 │     0 │        690 │       0 │        0 │   690 │       0 │             0 │           0 │
build	Build ESP32-C6 firmware	2026-09-24T11:35:35.0761573Z │ base64.c.obj                             │        686 │     0 │     0 │     0 │     0 │        686 │       0 │        0 │   686 │       0 │             0 │           0 │
build	Build ESP32-C6 firmware	2026-09-24T11:35:35.0762270Z │ pp_timer.o                               │        680 │   336 │     4 │   128 │   204 │        344 │      26 │        0 │   318 │       0 │             0 │           0 │
build	Build ESP32-C6 firmware	2026-09-24T11:35:35.0763035Z │ esp_console_common.c.obj                 │        674 │     0 │     0 │     0 │     0 │        674 │      20 │        0 │   654 │       0 │             0 │           0 │
build	Build ESP32-C6 firmware	2026-09-24T11:35:35.0763761Z │ cpu_region_protect.c.obj                 │        656 │     0 │     0 │     0 │     0 │        656 │       0 │        0 │   656 │       0 │             0 │           0 │
build	Build ESP32-C6 firmware	2026-09-24T11:35:35.0764481Z │ esp_sha256.c.obj                         │        652 │     0 │     0 │     0 │     0 │        652 │      64 │        0 │   588 │       0 │             0 │           0 │
build	Build ESP32-C6 firmware	2026-09-24T11:35:35.0765199Z │ asn1parse.c.obj                          │        652 │     0 │     0 │     0 │     0 │        652 │       0 │        0 │   652 │       0 │             0 │           0 │
build	Build ESP32-C6 firmware	2026-09-24T11:35:35.0765937Z │ system_internal.c.obj                    │        651 │   632 │     0 │     0 │   632 │         19 │      19 │        0 │     0 │       0 │             0 │           0 │
build	Build ESP32-C6 firmware	2026-09-24T11:35:35.0766814Z │ ieee80211_proto.o                        │        647 │     1 │     1 │     0 │     0 │        646 │       0 │        0 │   646 │       0 │             0 │           0 │
build	Build ESP32-C6 firmware	2026-09-24T11:35:35.0767531Z │ hal_ampdu.o                              │        645 │     0 │     0 │     0 │     0 │        645 │     117 │        0 │   528 │       0 │             0 │           0 │
build	Build ESP32-C6 firmware	2026-09-24T11:35:35.0768232Z │ ecc_alt.c.obj                            │        622 │     0 │     0 │     0 │     0 │        622 │       0 │        0 │   622 │       0 │             0 │           0 │
build	Build ESP32-C6 firmware	2026-09-24T11:35:35.0769063Z │ esp_rom_wdt.c.obj                        │        620 │   620 │     0 │     0 │   620 │          0 │       0 │        0 │     0 │       0 │             0 │           0 │
build	Build ESP32-C6 firmware	2026-09-24T11:35:35.0769793Z │ ets_timer_legacy.c.obj                   │        619 │   390 │     0 │     0 │   390 │        229 │      47 │        0 │   182 │       0 │             0 │           0 │
build	Build ESP32-C6 firmware	2026-09-24T11:35:35.0770679Z │ spi_flash_os_func_app.c.obj              │        615 │   540 │     0 │    56 │   484 │         75 │      25 │        0 │    50 │       0 │             0 │           0 │
build	Build ESP32-C6 firmware	2026-09-24T11:35:35.0771382Z │ lv_ll.c.obj                              │        612 │     0 │     0 │     0 │     0 │        612 │       0 │        0 │   612 │       0 │             0 │           0 │
build	Build ESP32-C6 firmware	2026-09-24T11:35:35.0772113Z │ lv_calendar_header_arrow.c.obj           │        608 │     0 │     0 │     0 │     0 │        608 │      76 │        0 │   532 │       0 │             0 │           0 │
build	Build ESP32-C6 firmware	2026-09-24T11:35:35.0772871Z │ inet_chksum.c.obj                        │        606 │     0 │     0 │     0 │     0 │        606 │       0 │        0 │   606 │       0 │             0 │           0 │
build	Build ESP32-C6 firmware	2026-09-24T11:35:35.0773582Z │ spi_share_hw_ctrl.c.obj                  │        604 │    14 │    12 │     2 │     0 │        590 │      46 │        0 │   544 │       0 │             0 │           0 │
build	Build ESP32-C6 firmware	2026-09-24T11:35:35.0774299Z │ comeback_token.c.obj                     │        604 │     0 │     0 │     0 │     0 │        604 │       0 │        0 │   604 │       0 │             0 │           0 │
build	Build ESP32-C6 firmware	2026-09-24T11:35:35.0775002Z │ lib_printf.c.obj                         │        600 │     0 │     0 │     0 │     0 │        600 │       0 │        0 │   228 │       0 │             0 │           0 │
build	Build ESP32-C6 firmware	2026-09-24T11:35:35.0775713Z │ pthread_local_storage.c.obj              │        596 │     4 │     4 │     0 │     0 │        592 │      46 │        0 │   546 │       0 │             0 │           0 │
build	Build ESP32-C6 firmware	2026-09-24T11:35:35.0776484Z │ nvs_item_hash_list.cpp.obj               │        594 │     0 │     0 │     0 │     0 │        594 │       0 │        0 │   594 │       0 │             0 │           0 │
build	Build ESP32-C6 firmware	2026-09-24T11:35:35.0777188Z │ port_systick.c.obj                       │        591 │   576 │    16 │     0 │   560 │         15 │      15 │        0 │     0 │       0 │             0 │           0 │
build	Build ESP32-C6 firmware	2026-09-24T11:35:35.0778012Z │ lv_obj_class.c.obj                       │        582 │     0 │     0 │     0 │     0 │        582 │       0 │        0 │   582 │       0 │             0 │           0 │
build	Build ESP32-C6 firmware	2026-09-24T11:35:35.0778689Z │ spi_flash_hal.c.obj                      │        578 │     0 │     0 │     0 │     0 │        578 │       0 │        0 │   578 │       0 │             0 │           0 │
build	Build ESP32-C6 firmware	2026-09-24T11:35:35.0779388Z │ lv_line.c.obj                            │        564 │     0 │     0 │     0 │     0 │        564 │      28 │        0 │   536 │       0 │             0 │           0 │
build	Build ESP32-C6 firmware	2026-09-24T11:35:35.0780048Z │ flash_mmap.c.obj                         │        563 │   200 │     0 │     0 │   200 │        363 │      17 │        0 │   346 │       0 │             0 │           0 │
build	Build ESP32-C6 firmware	2026-09-24T11:35:35.0780987Z │ esp_crypto_shared_gdma.c.obj             │        554 │     8 │     8 │     0 │     0 │        546 │       0 │        0 │   546 │       0 │             0 │           0 │
build	Build ESP32-C6 firmware	2026-09-24T11:35:35.0781681Z │ ethernet.c.obj                           │        554 │     0 │     0 │     0 │     0 │        554 │      28 │        0 │   526 │       0 │             0 │           0 │
build	Build ESP32-C6 firmware	2026-09-24T11:35:35.0782338Z │ ieee80211_ftm.o                          │        551 │    61 │    61 │     0 │     0 │        490 │       0 │        0 │   490 │       0 │             0 │           0 │
build	Build ESP32-C6 firmware	2026-09-24T11:35:35.0782982Z │ lv_mem.c.obj                             │        542 │     4 │     0 │     4 │     0 │        538 │       0 │        0 │   538 │       0 │             0 │           0 │
build	Build ESP32-C6 firmware	2026-09-24T11:35:35.0783610Z │ ecdh.c.obj                               │        542 │     0 │     0 │     0 │     0 │        542 │       0 │        0 │   542 │       0 │             0 │           0 │
build	Build ESP32-C6 firmware	2026-09-24T11:35:35.0784279Z │ regi2c_ctrl.c.obj                        │        538 │   322 │     4 │     4 │   314 │        216 │       0 │        0 │   216 │       0 │             0 │           0 │
build	Build ESP32-C6 firmware	2026-09-24T11:35:35.0785031Z │ libc_a-lcltime_r.o                       │        538 │     0 │     0 │     0 │     0 │        538 │       0 │        0 │   538 │       0 │             0 │           0 │
build	Build ESP32-C6 firmware	2026-09-24T11:35:35.0785727Z │ esp_clk_tree_common.c.obj                │        535 │    12 │    12 │     0 │     0 │        523 │      63 │        0 │   460 │       0 │             0 │           0 │
build	Build ESP32-C6 firmware	2026-09-24T11:35:35.0786416Z │ newlib_init.c.obj                        │        530 │   156 │     0 │   156 │     0 │        374 │      16 │        0 │   358 │       0 │             0 │           0 │
build	Build ESP32-C6 firmware	2026-09-24T11:35:35.0787066Z │ lv_gc.c.obj                              │        528 │   528 │   528 │     0 │     0 │          0 │       0 │        0 │     0 │       0 │             0 │           0 │
build	Build ESP32-C6 firmware	2026-09-24T11:35:35.0787724Z │ lv_tileview.c.obj                        │        519 │     9 │     9 │     0 │     0 │        510 │      56 │        0 │   454 │       0 │             0 │           0 │
build	Build ESP32-C6 firmware	2026-09-24T11:35:35.0788397Z │ idf_additions.c.obj                      │        516 │     0 │     0 │     0 │     0 │        516 │      46 │        0 │   470 │       0 │             0 │           0 │
build	Build ESP32-C6 firmware	2026-09-24T11:35:35.0789060Z │ clk_tree_hal.c.obj                       │        512 │     0 │     0 │     0 │     0 │        512 │      58 │        0 │   454 │       0 │             0 │           0 │
build	Build ESP32-C6 firmware	2026-09-24T11:35:35.0789706Z │ diskio.c.obj                             │        507 │     8 │     8 │     0 │     0 │        499 │      23 │        0 │   476 │       0 │             0 │           0 │
build	Build ESP32-C6 firmware	2026-09-24T11:35:35.0790451Z │ coexist_hw.o                             │        506 │     0 │     0 │     0 │     0 │        506 │      40 │        0 │   466 │       0 │             0 │           0 │
build	Build ESP32-C6 firmware	2026-09-24T11:35:35.0791115Z │ memp.c.obj                               │        500 │     4 │     4 │     0 │     0 │        496 │     146 │        0 │   350 │       0 │             0 │           0 │
build	Build ESP32-C6 firmware	2026-09-24T11:35:35.0791774Z │ bignum_alt.c.obj                         │        496 │     0 │     0 │     0 │     0 │        496 │       0 │        0 │   496 │       0 │             0 │           0 │
build	Build ESP32-C6 firmware	2026-09-24T11:35:35.0792583Z │ libc_a-fflush.o                          │        494 │     0 │     0 │     0 │     0 │        494 │       0 │        0 │   494 │       0 │             0 │           0 │
build	Build ESP32-C6 firmware	2026-09-24T11:35:35.0793260Z │ ip6_frag.c.obj                           │        489 │     4 │     4 │     0 │     0 │        485 │       9 │        0 │   476 │       0 │             0 │           0 │
build	Build ESP32-C6 firmware	2026-09-24T11:35:35.0793958Z │ esp_coex_adapter.c.obj                   │        488 │   246 │     0 │    80 │   166 │        242 │       0 │        0 │   242 │       0 │             0 │           0 │
build	Build ESP32-C6 firmware	2026-09-24T11:35:35.0794761Z │ sta_info.c.obj                           │        488 │     0 │     0 │     0 │     0 │        488 │       0 │        0 │   488 │       0 │             0 │           0 │
build	Build ESP32-C6 firmware	2026-09-24T11:35:35.0795435Z │ pm_coex.o                                │        484 │   356 │     0 │     0 │   356 │        128 │      58 │        0 │    70 │       0 │             0 │           0 │
build	Build ESP32-C6 firmware	2026-09-24T11:35:35.0796126Z │ aes-wrap.c.obj                           │        482 │     0 │     0 │     0 │     0 │        482 │       0 │        0 │   482 │       0 │             0 │           0 │
build	Build ESP32-C6 firmware	2026-09-24T11:35:35.0796827Z │ esp_console_repl_chip.c.obj              │        478 │     0 │     0 │     0 │     0 │        478 │       0 │        0 │   478 │       0 │             0 │           0 │
build	Build ESP32-C6 firmware	2026-09-24T11:35:35.0797546Z │ interrupt.c.obj                          │        476 │   372 │   256 │     0 │   116 │        104 │      50 │        0 │    54 │       0 │             0 │           0 │
build	Build ESP32-C6 firmware	2026-09-24T11:35:35.0798268Z │ tcp_isn_default.c.obj                    │        476 │    68 │    68 │     0 │     0 │        408 │       0 │        0 │   408 │       0 │             0 │           0 │
build	Build ESP32-C6 firmware	2026-09-24T11:35:35.0798957Z │ phy_feature.o                            │        476 │     0 │     0 │     0 │     0 │        476 │       0 │        0 │   476 │       0 │             0 │           0 │
build	Build ESP32-C6 firmware	2026-09-24T11:35:35.0799668Z │ ieee80211_crypto_sms4.o                  │        475 │    24 │     0 │    24 │     0 │        451 │      61 │        0 │   390 │       0 │             0 │           0 │
build	Build ESP32-C6 firmware	2026-09-24T11:35:35.0800446Z │ ip4_frag.c.obj                           │        475 │     0 │     0 │     0 │     0 │        475 │       9 │        0 │   466 │       0 │             0 │           0 │
build	Build ESP32-C6 firmware	2026-09-24T11:35:35.0800904Z │ arg_end.c.obj                            │        472 │     0 │     0 │     0 │     0 │        472 │       0 │        0 │   472 │       0 │             0 │           0 │
build	Build ESP32-C6 firmware	2026-09-24T11:35:35.0801363Z │ esp_lcd_panel_ops.c.obj                  │        471 │     0 │     0 │     0 │     0 │        471 │      65 │        0 │   406 │       0 │             0 │           0 │
build	Build ESP32-C6 firmware	2026-09-24T11:35:35.0801793Z │ vectors.S.obj                            │        470 │   470 │     0 │     0 │   470 │          0 │       0 │        0 │     0 │       0 │             0 │           0 │
build	Build ESP32-C6 firmware	2026-09-24T11:35:35.0802336Z │ esp_common.c.obj                         │        466 │   168 │   168 │     0 │     0 │        298 │       0 │        0 │   298 │       0 │             0 │           0 │
build	Build ESP32-C6 firmware	2026-09-24T11:35:35.0802765Z │ libc_a-setvbuf.o                         │        466 │     0 │     0 │     0 │     0 │        466 │       0 │        0 │   466 │       0 │             0 │           0 │
build	Build ESP32-C6 firmware	2026-09-24T11:35:35.0803201Z │ esp_clk_tree.c.obj                       │        465 │     0 │     0 │     0 │     0 │        465 │      29 │        0 │   436 │       0 │             0 │           0 │
build	Build ESP32-C6 firmware	2026-09-24T11:35:35.0803800Z │ sleep_cpu_asm.S.obj                      │        464 │   464 │     0 │     4 │   460 │          0 │       0 │        0 │     0 │       0 │             0 │           0 │
build	Build ESP32-C6 firmware	2026-09-24T11:35:35.0804220Z │ mpi_hal.c.obj                            │        464 │     0 │     0 │     0 │     0 │        464 │       0 │        0 │   464 │       0 │             0 │           0 │
build	Build ESP32-C6 firmware	2026-09-24T11:35:35.0804647Z │ dh_groups.c.obj                          │        463 │     0 │     0 │     0 │     0 │        463 │     417 │        0 │    46 │       0 │             0 │           0 │
build	Build ESP32-C6 firmware	2026-09-24T11:35:35.0805076Z │ board_touch.c.obj                        │        461 │     9 │     5 │     4 │     0 │        452 │       0 │        0 │   452 │       0 │             0 │           0 │
build	Build ESP32-C6 firmware	2026-09-24T11:35:35.0805575Z │ lv_calendar_header_dropdown.c.obj        │        456 │     0 │     0 │     0 │     0 │        456 │      28 │        0 │   428 │       0 │             0 │           0 │
build	Build ESP32-C6 firmware	2026-09-24T11:35:35.0806031Z │ si_class_type_info.o                     │        456 │     0 │     0 │     0 │     0 │        456 │      44 │        0 │   412 │       0 │             0 │           0 │
build	Build ESP32-C6 firmware	2026-09-24T11:35:35.0806465Z │ ledc_hal_iram.c.obj                      │        454 │   454 │     0 │    24 │   430 │          0 │       0 │        0 │     0 │       0 │             0 │           0 │
build	Build ESP32-C6 firmware	2026-09-24T11:35:35.0806945Z │ ocode_init.c.obj                         │        453 │     0 │     0 │     0 │     0 │        453 │      19 │        0 │   434 │       0 │             0 │           0 │
build	Build ESP32-C6 firmware	2026-09-24T11:35:35.0807484Z │ arg_str.c.obj                            │        446 │     0 │     0 │     0 │     0 │        446 │       0 │        0 │   446 │       0 │             0 │           0 │
build	Build ESP32-C6 firmware	2026-09-24T11:35:35.0808147Z │ nvs_types.cpp.obj                        │        446 │     0 │     0 │     0 │     0 │        446 │       0 │        0 │   446 │       0 │             0 │           0 │
build	Build ESP32-C6 firmware	2026-09-24T11:35:35.0808844Z │ log_buffers.c.obj                        │        442 │     0 │     0 │     0 │     0 │        442 │       0 │        0 │   442 │       0 │             0 │           0 │
build	Build ESP32-C6 firmware	2026-09-24T11:35:35.0809259Z │ rtc_io_hal.c.obj                         │        440 │     0 │     0 │     0 │     0 │        440 │       0 │        0 │   440 │       0 │             0 │           0 │
build	Build ESP32-C6 firmware	2026-09-24T11:35:35.0809693Z │ ieee802_11_common.c.obj                  │        436 │     0 │     0 │     0 │     0 │        436 │       0 │        0 │   436 │       0 │             0 │           0 │
build	Build ESP32-C6 firmware	2026-09-24T11:35:35.0810228Z │ esp_clk.c.obj                            │        431 │    71 │     0 │     1 │    70 │        336 │       0 │        0 │   336 │      24 │            24 │           0 │
build	Build ESP32-C6 firmware	2026-09-24T11:35:35.0810694Z │ freertos_hooks.c.obj                     │        430 │   112 │    64 │     0 │    48 │        318 │       0 │        0 │   318 │       0 │             0 │           0 │
build	Build ESP32-C6 firmware	2026-09-24T11:35:35.0811135Z │ acd_dhcp_check.c.obj                     │        430 │     0 │     0 │     0 │     0 │        430 │       0 │        0 │   430 │       0 │             0 │           0 │
build	Build ESP32-C6 firmware	2026-09-24T11:35:35.0811556Z │ aes-unwrap.c.obj                         │        428 │     0 │     0 │     0 │     0 │        428 │       0 │        0 │   428 │       0 │             0 │           0 │
build	Build ESP32-C6 firmware	2026-09-24T11:35:35.0812104Z │ ieee80211_reg_db.o                       │        427 │   230 │     0 │   230 │     0 │        197 │      49 │        0 │   148 │       0 │             0 │           0 │
build	Build ESP32-C6 firmware	2026-09-24T11:35:35.0812534Z │ pm_mbssid.o                              │        424 │     0 │     0 │     0 │     0 │        424 │       0 │        0 │   424 │       0 │             0 │           0 │
build	Build ESP32-C6 firmware	2026-09-24T11:35:35.0812961Z │ brownout.c.obj                           │        419 │   293 │     0 │    47 │   246 │        126 │      24 │        0 │   102 │       0 │             0 │           0 │
build	Build ESP32-C6 firmware	2026-09-24T11:35:35.0813392Z │ libc_a-gmtime_r.o                        │        418 │     0 │     0 │     0 │     0 │        418 │       0 │        0 │   418 │       0 │             0 │           0 │
build	Build ESP32-C6 firmware	2026-09-24T11:35:35.0813928Z │ task_wdt_impl_timergroup.c.obj           │        416 │    12 │    12 │     0 │     0 │        404 │       0 │        0 │   404 │       0 │             0 │           0 │
build	Build ESP32-C6 firmware	2026-09-24T11:35:35.0814378Z │ ap_config.c.obj                          │        408 │     0 │     0 │     0 │     0 │        408 │       0 │        0 │   408 │       0 │             0 │           0 │
build	Build ESP32-C6 firmware	2026-09-24T11:35:35.0814801Z │ class_type_info.o                        │        402 │     0 │     0 │     0 │     0 │        402 │      44 │        0 │   358 │       0 │             0 │           0 │
build	Build ESP32-C6 firmware	2026-09-24T11:35:35.0815253Z │ ieee80211_crypto_tkip.o                  │        394 │    24 │     0 │    24 │     0 │        370 │       0 │        0 │   370 │       0 │             0 │           0 │
build	Build ESP32-C6 firmware	2026-09-24T11:35:35.0815696Z │ reset_reason.c.obj                       │        388 │    70 │     4 │     0 │    66 │        318 │      30 │        0 │   288 │       0 │             0 │           0 │
build	Build ESP32-C6 firmware	2026-09-24T11:35:35.0816136Z │ panic_handler.c.obj                      │        386 │    94 │     4 │     8 │    82 │        292 │       0 │        0 │   292 │       0 │             0 │           0 │
build	Build ESP32-C6 firmware	2026-09-24T11:35:35.0816581Z │ esp_efuse_startup.c.obj                  │        386 │     0 │     0 │     0 │     0 │        386 │      56 │        0 │   330 │       0 │             0 │           0 │
build	Build ESP32-C6 firmware	2026-09-24T11:35:35.0817009Z │ lv_img_buf.c.obj                         │        386 │     0 │     0 │     0 │     0 │        386 │       0 │        0 │   386 │       0 │             0 │           0 │
build	Build ESP32-C6 firmware	2026-09-24T11:35:35.0817423Z │ int_wdt.c.obj                            │        382 │   102 │     8 │     0 │    94 │        280 │       0 │        0 │   280 │       0 │             0 │           0 │
build	Build ESP32-C6 firmware	2026-09-24T11:35:35.0817848Z │ startup_funcs.c.obj                      │        382 │     0 │     0 │     0 │     0 │        382 │      80 │        0 │   302 │       0 │             0 │           0 │
build	Build ESP32-C6 firmware	2026-09-24T11:35:35.0818276Z │ vfs_lwip.c.obj                           │        382 │     0 │     0 │     0 │     0 │        382 │      30 │        0 │   352 │       0 │             0 │           0 │
build	Build ESP32-C6 firmware	2026-09-24T11:35:35.0818689Z │ hal_sniffer.o                            │        382 │     0 │     0 │     0 │     0 │        382 │       0 │        0 │   382 │       0 │             0 │           0 │
build	Build ESP32-C6 firmware	2026-09-24T11:35:35.0819209Z │ aes_hal.c.obj                            │        374 │     0 │     0 │     0 │     0 │        374 │       0 │        0 │   374 │       0 │             0 │           0 │
build	Build ESP32-C6 firmware	2026-09-24T11:35:35.0819634Z │ libc_a-tzcalc_limits.o                   │        370 │     0 │     0 │     0 │     0 │        370 │       0 │        0 │   370 │       0 │             0 │           0 │
build	Build ESP32-C6 firmware	2026-09-24T11:35:35.0820063Z │ libm_a-s_floor.o                         │        368 │     0 │     0 │     0 │     0 │        368 │       0 │        0 │   368 │       0 │             0 │           0 │
build	Build ESP32-C6 firmware	2026-09-24T11:35:35.0820673Z │ coexist_param.o                          │        367 │    47 │     1 │    46 │     0 │        320 │       0 │        0 │   320 │       0 │             0 │           0 │
build	Build ESP32-C6 firmware	2026-09-24T11:35:35.0821094Z │ uart_hal_iram.c.obj                      │        366 │     0 │     0 │     0 │     0 │        366 │       0 │        0 │   366 │       0 │             0 │           0 │
build	Build ESP32-C6 firmware	2026-09-24T11:35:35.0821532Z │ esp_time_impl.c.obj                      │        364 │    12 │    12 │     0 │     0 │        352 │       0 │        0 │   352 │       0 │             0 │           0 │
build	Build ESP32-C6 firmware	2026-09-24T11:35:35.0821964Z │ app_startup.c.obj                        │        362 │     0 │     0 │     0 │     0 │        362 │      32 │        0 │   330 │       0 │             0 │           0 │
build	Build ESP32-C6 firmware	2026-09-24T11:35:35.0822379Z │ misc_nvs.o                               │        360 │     9 │     9 │     0 │     0 │        351 │      43 │        0 │   308 │       0 │             0 │           0 │
build	Build ESP32-C6 firmware	2026-09-24T11:35:35.0822798Z │ board_i2c.c.obj                          │        347 │     1 │     1 │     0 │     0 │        346 │       0 │        0 │   346 │       0 │             0 │           0 │
build	Build ESP32-C6 firmware	2026-09-24T11:35:35.0823224Z │ crosscore_int.c.obj                      │        344 │   198 │     4 │     0 │   194 │        146 │      46 │        0 │   100 │       0 │             0 │           0 │
build	Build ESP32-C6 firmware	2026-09-24T11:35:35.0823673Z │ ieee80211_crypto_gcmp.o                  │        344 │    24 │     0 │    24 │     0 │        320 │       0 │        0 │   320 │       0 │             0 │           0 │
build	Build ESP32-C6 firmware	2026-09-24T11:35:35.0824120Z │ nvs_partition.cpp.obj                    │        344 │     0 │     0 │     0 │     0 │        344 │     104 │        0 │   240 │       0 │             0 │           0 │
build	Build ESP32-C6 firmware	2026-09-24T11:35:35.0824552Z │ sdspi_crc.c.obj                          │        344 │     0 │     0 │     0 │     0 │        344 │     256 │        0 │    88 │       0 │             0 │           0 │
build	Build ESP32-C6 firmware	2026-09-24T11:35:35.0824978Z │ lv_draw_sw.c.obj                         │        344 │     0 │     0 │     0 │     0 │        344 │       0 │        0 │   344 │       0 │             0 │           0 │
build	Build ESP32-C6 firmware	2026-09-24T11:35:35.0825387Z │ esp_ecc.c.obj                            │        344 │     0 │     0 │     0 │     0 │        344 │       0 │        0 │   344 │       0 │             0 │           0 │
build	Build ESP32-C6 firmware	2026-09-24T11:35:35.0825806Z │ assert.c.obj                             │        342 │   342 │     0 │     0 │   342 │          0 │       0 │        0 │     0 │       0 │             0 │           0 │
build	Build ESP32-C6 firmware	2026-09-24T11:35:35.0826241Z │ ieee80211_mesh_quick.o                   │        337 │   187 │   180 │     7 │     0 │        150 │       0 │        0 │   150 │       0 │             0 │           0 │
build	Build ESP32-C6 firmware	2026-09-24T11:35:35.0826681Z │ lwip_default_hooks.c.obj                 │        332 │     0 │     0 │     0 │     0 │        332 │       0 │        0 │   332 │       0 │             0 │           0 │
build	Build ESP32-C6 firmware	2026-09-24T11:35:35.0827113Z │ sha_hal.c.obj                            │        324 │     0 │     0 │     0 │     0 │        324 │       0 │        0 │   324 │       0 │             0 │           0 │
build	Build ESP32-C6 firmware	2026-09-24T11:35:35.0827524Z │ asn1write.c.obj                          │        324 │     0 │     0 │     0 │     0 │        324 │       0 │        0 │   324 │       0 │             0 │           0 │
build	Build ESP32-C6 firmware	2026-09-24T11:35:35.0828046Z │ libc_a-refill.o                          │        322 │     0 │     0 │     0 │     0 │        322 │       0 │        0 │   322 │       0 │             0 │           0 │
build	Build ESP32-C6 firmware	2026-09-24T11:35:35.0828472Z │ wpabuf.c.obj                             │        320 │     0 │     0 │     0 │     0 │        320 │       0 │        0 │   320 │       0 │             0 │           0 │
build	Build ESP32-C6 firmware	2026-09-24T11:35:35.0828894Z │ phy_pwdet.o                              │        318 │   126 │     0 │     0 │   126 │        192 │       0 │        0 │   192 │       0 │             0 │           0 │
build	Build ESP32-C6 firmware	2026-09-24T11:35:35.0829418Z │ log_linked_list.c.obj                    │        314 │     4 │     4 │     0 │     0 │        310 │       0 │        0 │   310 │       0 │             0 │           0 │
build	Build ESP32-C6 firmware	2026-09-24T11:35:35.0829844Z │ libc_a-fgets.o                           │        314 │     0 │     0 │     0 │     0 │        314 │       0 │        0 │   314 │       0 │             0 │           0 │
build	Build ESP32-C6 firmware	2026-09-24T11:35:35.0830387Z │ io_mux.c.obj                             │        312 │    12 │    12 │     0 │     0 │        300 │       0 │        0 │   300 │       0 │             0 │           0 │
build	Build ESP32-C6 firmware	2026-09-24T11:35:35.0830810Z │ pmu_sleep.c.obj                          │        312 │   312 │     1 │    63 │   248 │          0 │       0 │        0 │     0 │       0 │             0 │           0 │
build	Build ESP32-C6 firmware	2026-09-24T11:35:35.0831231Z │ ieee80211_ets.o                          │        311 │     0 │     0 │     0 │     0 │        311 │      63 │        0 │   248 │       0 │             0 │           0 │
build	Build ESP32-C6 firmware	2026-09-24T11:35:35.0831659Z │ pp_debug.o                               │        308 │   284 │   264 │     4 │    16 │         24 │       0 │        0 │    24 │       0 │             0 │           0 │
build	Build ESP32-C6 firmware	2026-09-24T11:35:35.0832096Z │ spi_flash_encrypt_hal_iram.c.obj         │        308 │   308 │     0 │    36 │   272 │          0 │       0 │        0 │     0 │       0 │             0 │           0 │
build	Build ESP32-C6 firmware	2026-09-24T11:35:35.0832547Z │ interrupts.c.obj                         │        308 │     0 │     0 │     0 │     0 │        308 │     308 │        0 │     0 │       0 │             0 │           0 │
build	Build ESP32-C6 firmware	2026-09-24T11:35:35.0832973Z │ lv_hal_indev.c.obj                       │        308 │     0 │     0 │     0 │     0 │        308 │       0 │        0 │   308 │       0 │             0 │           0 │
build	Build ESP32-C6 firmware	2026-09-24T11:35:35.0833392Z │ constant_time.c.obj                      │        306 │     0 │     0 │     0 │     0 │        306 │       0 │        0 │   306 │       0 │             0 │           0 │
build	Build ESP32-C6 firmware	2026-09-24T11:35:35.0833830Z │ board_backlight.c.obj                    │        305 │     1 │     1 │     0 │     0 │        304 │       0 │        0 │   304 │       0 │             0 │           0 │
build	Build ESP32-C6 firmware	2026-09-24T11:35:35.0834259Z │ esp_netif_lwip.c.obj                     │        300 │     8 │     8 │     0 │     0 │        292 │       0 │        0 │   292 │       0 │             0 │           0 │
build	Build ESP32-C6 firmware	2026-09-24T11:35:35.0834822Z │ sleep_clock.c.obj                        │        300 │     0 │     0 │     0 │     0 │        300 │     130 │        0 │   170 │       0 │             0 │           0 │
build	Build ESP32-C6 firmware	2026-09-24T11:35:35.0835254Z │ lv_obj_style_gen.c.obj                   │        300 │     0 │     0 │     0 │     0 │        300 │       0 │        0 │   300 │       0 │             0 │           0 │
build	Build ESP32-C6 firmware	2026-09-24T11:35:35.0835674Z │ apm_hal.c.obj                            │        292 │     0 │     0 │     0 │     0 │        292 │       0 │        0 │   292 │       0 │             0 │           0 │
build	Build ESP32-C6 firmware	2026-09-24T11:35:35.0836098Z │ hw_random.c.obj                          │        290 │   138 │     4 │     0 │   134 │        152 │      24 │        0 │   128 │       0 │             0 │           0 │
build	Build ESP32-C6 firmware	2026-09-24T11:35:35.0836619Z │ esp_rom_tlsf.c.obj                       │        288 │   284 │    84 │     0 │   200 │          4 │       4 │        0 │     0 │       0 │             0 │           0 │
build	Build ESP32-C6 firmware	2026-09-24T11:35:35.0837048Z │ phy_basic.o                              │        288 │     0 │     0 │     0 │     0 │        288 │       0 │        0 │   288 │       0 │             0 │           0 │
build	Build ESP32-C6 firmware	2026-09-24T11:35:35.0837463Z │ sha256-prf.c.obj                         │        284 │     0 │     0 │     0 │     0 │        284 │       0 │        0 │   284 │       0 │             0 │           0 │
build	Build ESP32-C6 firmware	2026-09-24T11:35:35.0837886Z │ pp_he_ctrl.o                             │        280 │    28 │    26 │     2 │     0 │        252 │       0 │        0 │   252 │       0 │             0 │           0 │
build	Build ESP32-C6 firmware	2026-09-24T11:35:35.0838302Z │ sha256-kdf.c.obj                         │        280 │     0 │     0 │     0 │     0 │        280 │       0 │        0 │   280 │       0 │             0 │           0 │
build	Build ESP32-C6 firmware	2026-09-24T11:35:35.0838738Z │ adc_share_hw_ctrl.c.obj                  │        278 │     4 │     4 │     0 │     0 │        274 │      20 │        0 │   254 │       0 │             0 │           0 │
build	Build ESP32-C6 firmware	2026-09-24T11:35:35.0839165Z │ lv_font.c.obj                            │        278 │     0 │     0 │     0 │     0 │        278 │       0 │        0 │   278 │       0 │             0 │           0 │
build	Build ESP32-C6 firmware	2026-09-24T11:35:35.0839585Z │ hopper_policy.c.obj                      │        278 │     0 │     0 │     0 │     0 │        278 │       0 │        0 │   278 │       0 │             0 │           0 │
build	Build ESP32-C6 firmware	2026-09-24T11:35:35.0840011Z │ phy_analog_cal.o                         │        274 │     0 │     0 │     0 │     0 │        274 │       0 │        0 │   274 │       0 │             0 │           0 │
build	Build ESP32-C6 firmware	2026-09-24T11:35:35.0840558Z │ ieee80211_debug.o                        │        268 │    64 │    64 │     0 │     0 │        204 │       0 │        0 │   204 │       0 │             0 │           0 │
build	Build ESP32-C6 firmware	2026-09-24T11:35:35.0840989Z │ lv_draw_layer.c.obj                      │        268 │     0 │     0 │     0 │     0 │        268 │       0 │        0 │   268 │       0 │             0 │           0 │
build	Build ESP32-C6 firmware	2026-09-24T11:35:35.0841407Z │ phy_11ax.o                               │        266 │     0 │     0 │     0 │     0 │        266 │       0 │        0 │   266 │       0 │             0 │           0 │
build	Build ESP32-C6 firmware	2026-09-24T11:35:35.0841820Z │ vectors_intc.S.obj                       │        258 │   258 │     0 │     0 │   258 │          0 │       0 │        0 │     0 │       0 │             0 │           0 │
build	Build ESP32-C6 firmware	2026-09-24T11:35:35.0842247Z │ libc_a-fdopen.o                          │        258 │     0 │     0 │     0 │     0 │        258 │       0 │        0 │   258 │       0 │             0 │           0 │
build	Build ESP32-C6 firmware	2026-09-24T11:35:35.0842668Z │ libc_a-ctype_.o                          │        257 │     0 │     0 │     0 │     0 │        257 │     257 │        0 │     0 │       0 │             0 │           0 │
build	Build ESP32-C6 firmware	2026-09-24T11:35:35.0843093Z │ libc_a-fopen.o                           │        252 │     0 │     0 │     0 │     0 │        252 │       0 │        0 │   252 │       0 │             0 │           0 │
build	Build ESP32-C6 firmware	2026-09-24T11:35:35.0843506Z │ libc_a-reent.o                           │        252 │     0 │     0 │     0 │     0 │        252 │       0 │        0 │   252 │       0 │             0 │           0 │
build	Build ESP32-C6 firmware	2026-09-24T11:35:35.0844021Z │ startup.c.obj                            │        250 │     8 │     8 │     0 │     0 │        242 │       4 │        0 │   238 │       0 │             0 │           0 │
build	Build ESP32-C6 firmware	2026-09-24T11:35:35.0844440Z │ rc4.c.obj                                │        250 │     0 │     0 │     0 │     0 │        250 │       0 │        0 │   250 │       0 │             0 │           0 │
build	Build ESP32-C6 firmware	2026-09-24T11:35:35.0844854Z │ eh_globals.o                             │        249 │    13 │    13 │     0 │     0 │        236 │      12 │        0 │   224 │       0 │             0 │           0 │
build	Build ESP32-C6 firmware	2026-09-24T11:35:35.0845365Z │ clk_ctrl_os.c.obj                        │        246 │     5 │     5 │     0 │     0 │        241 │      29 │        0 │   212 │       0 │             0 │           0 │
build	Build ESP32-C6 firmware	2026-09-24T11:35:35.0845792Z │ flash_ops.c.obj                          │        246 │    66 │     0 │     8 │    58 │        180 │      22 │        0 │   158 │       0 │             0 │           0 │
build	Build ESP32-C6 firmware	2026-09-24T11:35:35.0846232Z │ libc_a-impure.o                          │        244 │   244 │     0 │   244 │     0 │          0 │       0 │        0 │     0 │       0 │             0 │           0 │
build	Build ESP32-C6 firmware	2026-09-24T11:35:35.0846663Z │ split_argv.c.obj                         │        244 │     0 │     0 │     0 │     0 │        244 │       0 │        0 │   244 │       0 │             0 │           0 │
build	Build ESP32-C6 firmware	2026-09-24T11:35:35.0847085Z │ libc_a-fclose.o                          │        238 │     0 │     0 │     0 │     0 │        238 │       0 │        0 │   238 │       0 │             0 │           0 │
build	Build ESP32-C6 firmware	2026-09-24T11:35:35.0847524Z │ periph_ctrl.c.obj                        │        235 │   161 │    41 │     0 │   120 │         74 │       0 │        0 │    74 │       0 │             0 │           0 │
build	Build ESP32-C6 firmware	2026-09-24T11:35:35.0847954Z │ esp_ota_ops.c.obj                        │        232 │     4 │     4 │     0 │     0 │        228 │      30 │        0 │   198 │       0 │             0 │           0 │
build	Build ESP32-C6 firmware	2026-09-24T11:35:35.0848388Z │ i2c_hal_iram.c.obj                       │        232 │   232 │     0 │     0 │   232 │          0 │       0 │        0 │     0 │       0 │             0 │           0 │
build	Build ESP32-C6 firmware	2026-09-24T11:35:35.0848827Z │ libc_a-__call_atexit.o                   │        230 │     8 │     4 │     4 │     0 │        222 │       0 │        0 │   222 │       0 │             0 │           0 │
build	Build ESP32-C6 firmware	2026-09-24T11:35:35.0849249Z │ util.c.obj                               │        228 │     0 │     0 │     0 │     0 │        228 │       0 │        0 │   228 │       0 │             0 │           0 │
build	Build ESP32-C6 firmware	2026-09-24T11:35:35.0849671Z │ if_hecfg.o                               │        224 │   146 │     0 │     0 │   146 │         78 │      78 │        0 │     0 │       0 │             0 │           0 │
build	Build ESP32-C6 firmware	2026-09-24T11:35:35.0850089Z │ rate_control.o                           │        224 │     0 │     0 │     0 │     0 │        224 │       0 │        0 │   224 │       0 │             0 │           0 │
build	Build ESP32-C6 firmware	2026-09-24T11:35:35.0850726Z │ lv_spinner.c.obj                         │        220 │     8 │     8 │     0 │     0 │        212 │      28 │        0 │   184 │       0 │             0 │           0 │
build	Build ESP32-C6 firmware	2026-09-24T11:35:35.0851148Z │ portasm.S.obj                            │        216 │   216 │     0 │     0 │   216 │          0 │       0 │        0 │     0 │       0 │             0 │           0 │
build	Build ESP32-C6 firmware	2026-09-24T11:35:35.0851569Z │ brownout_hal.c.obj                       │        216 │     0 │     0 │     0 │     0 │        216 │       0 │        0 │   216 │       0 │             0 │           0 │
build	Build ESP32-C6 firmware	2026-09-24T11:35:35.0852076Z │ eh_catch.o                               │        214 │     0 │     0 │     0 │     0 │        214 │       0 │        0 │   214 │       0 │             0 │           0 │
build	Build ESP32-C6 firmware	2026-09-24T11:35:35.0852486Z │ libc_a-fwrite.o                          │        212 │     0 │     0 │     0 │     0 │        212 │       0 │        0 │   212 │       0 │             0 │           0 │
build	Build ESP32-C6 firmware	2026-09-24T11:35:35.0852914Z │ board_spi.c.obj                          │        211 │     1 │     1 │     0 │     0 │        210 │       0 │        0 │   210 │       0 │             0 │           0 │
build	Build ESP32-C6 firmware	2026-09-24T11:35:35.0853333Z │ mem.c.obj                                │        210 │     0 │     0 │     0 │     0 │        210 │      20 │        0 │   190 │       0 │             0 │           0 │
build	Build ESP32-C6 firmware	2026-09-24T11:35:35.0853736Z │ pk.c.obj                                 │        208 │     0 │     0 │     0 │     0 │        208 │       0 │        0 │   208 │       0 │             0 │           0 │
build	Build ESP32-C6 firmware	2026-09-24T11:35:35.0854159Z │ ffsystem.c.obj                           │        206 │    12 │    12 │     0 │     0 │        194 │       0 │        0 │   194 │       0 │             0 │           0 │
build	Build ESP32-C6 firmware	2026-09-24T11:35:35.0854579Z │ coexist_api.o                            │        204 │    46 │     0 │     4 │    42 │        158 │       0 │        0 │   158 │       0 │             0 │           0 │
build	Build ESP32-C6 firmware	2026-09-24T11:35:35.0855009Z │ libc_a-stdio.o                           │        200 │     0 │     0 │     0 │     0 │        200 │       0 │        0 │   200 │       0 │             0 │           0 │
build	Build ESP32-C6 firmware	2026-09-24T11:35:35.0855439Z │ esp_lcd_panel_io.c.obj                   │        196 │     0 │     0 │     0 │     0 │        196 │      52 │        0 │   144 │       0 │             0 │           0 │
build	Build ESP32-C6 firmware	2026-09-24T11:35:35.0855859Z │ phy_api.o                                │        194 │     0 │     0 │     0 │     0 │        194 │       0 │        0 │   194 │       0 │             0 │           0 │
build	Build ESP32-C6 firmware	2026-09-24T11:35:35.0856283Z │ lv_img_cache.c.obj                       │        192 │     0 │     0 │     0 │     0 │        192 │       0 │        0 │   192 │       0 │             0 │           0 │
build	Build ESP32-C6 firmware	2026-09-24T11:35:35.0856696Z │ dns.c.obj                                │        190 │    72 │    72 │     0 │     0 │        118 │       0 │        0 │   118 │       0 │             0 │           0 │
build	Build ESP32-C6 firmware	2026-09-24T11:35:35.0857111Z │ heap.c.obj                               │        190 │   190 │     0 │     0 │   190 │          0 │       0 │        0 │     0 │       0 │             0 │           0 │
build	Build ESP32-C6 firmware	2026-09-24T11:35:35.0857534Z │ hw_stack_guard.c.obj                     │        188 │     0 │     0 │     0 │     0 │        188 │       8 │        0 │   180 │       0 │             0 │           0 │
build	Build ESP32-C6 firmware	2026-09-24T11:35:35.0857964Z │ memory_layout.c.obj                      │        188 │     0 │     0 │     0 │     0 │        188 │     188 │        0 │     0 │       0 │             0 │           0 │
build	Build ESP32-C6 firmware	2026-09-24T11:35:35.0858397Z │ tag_log_level.c.obj                      │        188 │     0 │     0 │     0 │     0 │        188 │       0 │        0 │   188 │       0 │             0 │           0 │
build	Build ESP32-C6 firmware	2026-09-24T11:35:35.0858817Z │ sha1-prf.c.obj                           │        188 │     0 │     0 │     0 │     0 │        188 │       0 │        0 │   188 │       0 │             0 │           0 │
build	Build ESP32-C6 firmware	2026-09-24T11:35:35.0859320Z │ netbuf.c.obj                             │        187 │     0 │     0 │     0 │     0 │        187 │      13 │        0 │   174 │       0 │             0 │           0 │
build	Build ESP32-C6 firmware	2026-09-24T11:35:35.0859742Z │ system_time.c.obj                        │        184 │    44 │     8 │     0 │    36 │        140 │       0 │        0 │   140 │       0 │             0 │           0 │
build	Build ESP32-C6 firmware	2026-09-24T11:35:35.0860287Z │ cache_utils.c.obj                        │        184 │   146 │     8 │     0 │   138 │         38 │       0 │        0 │    38 │       0 │             0 │           0 │
build	Build ESP32-C6 firmware	2026-09-24T11:35:35.0860714Z │ lv_draw_rect.c.obj                       │        184 │   122 │     0 │     0 │   122 │         62 │       0 │        0 │    62 │       0 │             0 │           0 │
build	Build ESP32-C6 firmware	2026-09-24T11:35:35.0861226Z │ pk_ecc.c.obj                             │        184 │     0 │     0 │     0 │     0 │        184 │       0 │        0 │   184 │       0 │             0 │           0 │
build	Build ESP32-C6 firmware	2026-09-24T11:35:35.0861653Z │ libc_a-putc.o                            │        182 │     0 │     0 │     0 │     0 │        182 │       0 │        0 │   182 │       0 │             0 │           0 │
build	Build ESP32-C6 firmware	2026-09-24T11:35:35.0862061Z │ phy_tsens.o                              │        180 │     0 │     0 │     0 │     0 │        180 │       0 │        0 │   180 │       0 │             0 │           0 │
build	Build ESP32-C6 firmware	2026-09-24T11:35:35.0862477Z │ esp_err.c.obj                            │        178 │   178 │     0 │     0 │   178 │          0 │       0 │        0 │     0 │       0 │             0 │           0 │
build	Build ESP32-C6 firmware	2026-09-24T11:35:35.0862891Z │ log_lock.c.obj                           │        172 │   172 │     4 │     0 │   168 │          0 │       0 │        0 │     0 │       0 │             0 │           0 │
build	Build ESP32-C6 firmware	2026-09-24T11:35:35.0863318Z │ esp_efuse_api.c.obj                      │        172 │     0 │     0 │     0 │     0 │        172 │       0 │        0 │   172 │       0 │             0 │           0 │
build	Build ESP32-C6 firmware	2026-09-24T11:35:35.0863747Z │ libc_a-getenv_r.o                        │        172 │     0 │     0 │     0 │     0 │        172 │       0 │        0 │   172 │       0 │             0 │           0 │
build	Build ESP32-C6 firmware	2026-09-24T11:35:35.0864164Z │ libc_a-puts.o                            │        172 │     0 │     0 │     0 │     0 │        172 │       0 │        0 │   172 │       0 │             0 │           0 │
build	Build ESP32-C6 firmware	2026-09-24T11:35:35.0864616Z │ usb_serial_jtag_connection_monitor.c.obj │        169 │   109 │     5 │     0 │   104 │         60 │       8 │        0 │    52 │       0 │             0 │           0 │
build	Build ESP32-C6 firmware	2026-09-24T11:35:35.0865071Z │ esp_crypto_lock.c.obj                    │        168 │    12 │    12 │     0 │     0 │        156 │       0 │        0 │   156 │       0 │             0 │           0 │
build	Build ESP32-C6 firmware	2026-09-24T11:35:35.0865497Z │ hal_test.o                               │        166 │    56 │    56 │     0 │     0 │        110 │       0 │        0 │   110 │       0 │             0 │           0 │
build	Build ESP32-C6 firmware	2026-09-24T11:35:35.0866011Z │ ieee80211_ie_vendor.o                    │        166 │     0 │     0 │     0 │     0 │        166 │       0 │        0 │   166 │       0 │             0 │           0 │
build	Build ESP32-C6 firmware	2026-09-24T11:35:35.0866440Z │ cache_err_int.c.obj                      │        165 │     0 │     0 │     0 │     0 │        165 │      19 │        0 │   146 │       0 │             0 │           0 │
build	Build ESP32-C6 firmware	2026-09-24T11:35:35.0866860Z │ lv_win.c.obj                             │        164 │     2 │     2 │     0 │     0 │        162 │      28 │        0 │   134 │       0 │             0 │           0 │
build	Build ESP32-C6 firmware	2026-09-24T11:35:35.0867282Z │ port_common.c.obj                        │        162 │   132 │     0 │     0 │   132 │         30 │      30 │        0 │     0 │       0 │             0 │           0 │
build	Build ESP32-C6 firmware	2026-09-24T11:35:35.0867773Z │ gpio_hal.c.obj                           │        162 │     0 │     0 │     0 │     0 │        162 │      28 │        0 │   134 │       0 │             0 │           0 │
build	Build ESP32-C6 firmware	2026-09-24T11:35:35.0868196Z │ esp_aes_common.c.obj                     │        162 │     0 │     0 │     0 │     0 │        162 │       0 │        0 │   162 │       0 │             0 │           0 │
build	Build ESP32-C6 firmware	2026-09-24T11:35:35.0868635Z │ pau_regdma.c.obj                         │        156 │   124 │     4 │     4 │   116 │         32 │       0 │        0 │    32 │       0 │             0 │           0 │
build	Build ESP32-C6 firmware	2026-09-24T11:35:35.0869064Z │ libc_a-fputs.o                           │        156 │     0 │     0 │     0 │     0 │        156 │       0 │        0 │   156 │       0 │             0 │           0 │
build	Build ESP32-C6 firmware	2026-09-24T11:35:35.0869499Z │ ieee80211_crypto_wep.o                   │        154 │    24 │     0 │    24 │     0 │        130 │       0 │        0 │   130 │       0 │             0 │           0 │
build	Build ESP32-C6 firmware	2026-09-24T11:35:35.0869946Z │ heap_align_hw.c.obj                      │        152 │   152 │     0 │     0 │   152 │          0 │       0 │        0 │     0 │       0 │             0 │           0 │
build	Build ESP32-C6 firmware	2026-09-24T11:35:35.0870490Z │ gdma_hal_top.c.obj                       │        150 │    42 │     0 │     0 │    42 │        108 │       0 │        0 │   108 │       0 │             0 │           0 │
build	Build ESP32-C6 firmware	2026-09-24T11:35:35.0870922Z │ pm_beacon_offset.o                       │        149 │     4 │     0 │     4 │     0 │        145 │      29 │        0 │   116 │       0 │             0 │           0 │
build	Build ESP32-C6 firmware	2026-09-24T11:35:35.0871347Z │ arg_utils.c.obj                          │        148 │     4 │     0 │     4 │     0 │        144 │       0 │        0 │   144 │       0 │             0 │           0 │
build	Build ESP32-C6 firmware	2026-09-24T11:35:35.0871762Z │ pau_hal.c.obj                            │        146 │     0 │     0 │     0 │     0 │        146 │      32 │        0 │   114 │       0 │             0 │           0 │
build	Build ESP32-C6 firmware	2026-09-24T11:35:35.0872194Z │ debug_helpers.c.obj                      │        144 │   144 │     0 │     0 │   144 │          0 │       0 │        0 │     0 │       0 │             0 │           0 │
build	Build ESP32-C6 firmware	2026-09-24T11:35:35.0872616Z │ heap_idf.c.obj                           │        142 │   142 │     0 │     0 │   142 │          0 │       0 │        0 │     0 │       0 │             0 │           0 │
build	Build ESP32-C6 firmware	2026-09-24T11:35:35.0873036Z │ lv_theme.c.obj                           │        142 │     0 │     0 │     0 │     0 │        142 │       0 │        0 │   142 │       0 │             0 │           0 │
build	Build ESP32-C6 firmware	2026-09-24T11:35:35.0873451Z │ efuse_hal.c.obj                          │        140 │   140 │     0 │     0 │   140 │          0 │       0 │        0 │     0 │       0 │             0 │           0 │
build	Build ESP32-C6 firmware	2026-09-24T11:35:35.0873863Z │ list.c.obj                               │        140 │   140 │     0 │     0 │   140 │          0 │       0 │        0 │     0 │       0 │             0 │           0 │
build	Build ESP32-C6 firmware	2026-09-24T11:35:35.0874280Z │ libc_a-fgetc.o                           │        140 │     0 │     0 │     0 │     0 │        140 │       0 │        0 │   140 │       0 │             0 │           0 │
build	Build ESP32-C6 firmware	2026-09-24T11:35:35.0874689Z │ lv_disp.c.obj                            │        138 │     0 │     0 │     0 │     0 │        138 │       0 │        0 │   138 │       0 │             0 │           0 │
build	Build ESP32-C6 firmware	2026-09-24T11:35:35.0875207Z │ esp_system.c.obj                         │        136 │    20 │    20 │     0 │     0 │        116 │       0 │        0 │   116 │       0 │             0 │           0 │
build	Build ESP32-C6 firmware	2026-09-24T11:35:35.0875628Z │ abort.c.obj                              │        134 │   134 │     0 │     0 │   134 │          0 │       0 │        0 │     0 │       0 │             0 │           0 │
build	Build ESP32-C6 firmware	2026-09-24T11:35:35.0876045Z │ libc_a-fputc.o                           │        132 │     0 │     0 │     0 │     0 │        132 │       0 │        0 │   132 │       0 │             0 │           0 │
build	Build ESP32-C6 firmware	2026-09-24T11:35:35.0876567Z │ default_event_loop.c.obj                 │        130 │     4 │     4 │     0 │     0 │        126 │      20 │        0 │   106 │       0 │             0 │           0 │
build	Build ESP32-C6 firmware	2026-09-24T11:35:35.0877008Z │ usb_serial_jtag.c.obj                    │        128 │     4 │     4 │     0 │     0 │        124 │       0 │        0 │   124 │       0 │             0 │           0 │
build	Build ESP32-C6 firmware	2026-09-24T11:35:35.0877445Z │ phy_init_data.c.obj                      │        128 │     0 │     0 │     0 │     0 │        128 │     128 │        0 │     0 │       0 │             0 │           0 │
build	Build ESP32-C6 firmware	2026-09-24T11:35:35.0877868Z │ os_xtensa.c.obj                          │        128 │     0 │     0 │     0 │     0 │        128 │       0 │        0 │   128 │       0 │             0 │           0 │
build	Build ESP32-C6 firmware	2026-09-24T11:35:35.0878309Z │ spi_flash_os_func_noos.c.obj             │        126 │   126 │     0 │    40 │    86 │          0 │       0 │        0 │     0 │       0 │             0 │           0 │
build	Build ESP32-C6 firmware	2026-09-24T11:35:35.0878750Z │ pmu_hal.c.obj                            │        124 │   124 │     0 │     0 │   124 │          0 │       0 │        0 │     0 │       0 │             0 │           0 │
build	Build ESP32-C6 firmware	2026-09-24T11:35:35.0879172Z │ gpio_periph.c.obj                        │        124 │     0 │     0 │     0 │     0 │        124 │     124 │        0 │     0 │       0 │             0 │           0 │
build	Build ESP32-C6 firmware	2026-09-24T11:35:35.0879608Z │ rtc_io_periph.c.obj                      │        124 │     0 │     0 │     0 │     0 │        124 │     124 │        0 │     0 │       0 │             0 │           0 │
build	Build ESP32-C6 firmware	2026-09-24T11:35:35.0880034Z │ libc_a-flags.o                           │        122 │     0 │     0 │     0 │     0 │        122 │       0 │        0 │   122 │       0 │             0 │           0 │
build	Build ESP32-C6 firmware	2026-09-24T11:35:35.0880735Z │ hal_pwr.o                                │        120 │    92 │     0 │     0 │    92 │         28 │       0 │        0 │    28 │       0 │             0 │           0 │
build	Build ESP32-C6 firmware	2026-09-24T11:35:35.0881164Z │ new_op.o                                 │        120 │     0 │     0 │     0 │     0 │        120 │      46 │        0 │    74 │       0 │             0 │           0 │
build	Build ESP32-C6 firmware	2026-09-24T11:35:35.0881580Z │ log_timestamp.c.obj                      │        118 │   118 │     4 │     0 │   114 │          0 │       0 │        0 │     0 │       0 │             0 │           0 │
build	Build ESP32-C6 firmware	2026-09-24T11:35:35.0882111Z │ libc_a-fileno.o                          │        116 │     0 │     0 │     0 │     0 │        116 │       0 │        0 │   116 │       0 │             0 │           0 │
build	Build ESP32-C6 firmware	2026-09-24T11:35:35.0882541Z │ esp_dpa_protection.c.obj                 │        115 │     0 │     0 │     0 │     0 │        115 │      25 │        0 │    90 │       0 │             0 │           0 │
build	Build ESP32-C6 firmware	2026-09-24T11:35:35.0882969Z │ phy_debug.o                              │        112 │    40 │    40 │     0 │     0 │         72 │       0 │        0 │    72 │       0 │             0 │           0 │
build	Build ESP32-C6 firmware	2026-09-24T11:35:35.0883472Z │ ip4_addr.c.obj                           │        112 │     0 │     0 │     0 │     0 │        112 │      48 │        0 │    64 │       0 │             0 │           0 │
build	Build ESP32-C6 firmware	2026-09-24T11:35:35.0883889Z │ esp_cache.c.obj                          │        110 │   110 │     0 │    24 │    86 │          0 │       0 │        0 │     0 │       0 │             0 │           0 │
build	Build ESP32-C6 firmware	2026-09-24T11:35:35.0884328Z │ ip.c.obj                                 │        108 │    68 │    68 │     0 │     0 │         40 │       0 │        0 │    40 │       0 │             0 │           0 │
build	Build ESP32-C6 firmware	2026-09-24T11:35:35.0884727Z │ cpu.c.obj                                │        108 │    28 │     0 │     0 │    28 │         80 │       0 │        0 │    80 │       0 │             0 │           0 │
build	Build ESP32-C6 firmware	2026-09-24T11:35:35.0885139Z │ syscalls.c.obj                           │        108 │     0 │     0 │     0 │     0 │        108 │       0 │        0 │   108 │       0 │             0 │           0 │
build	Build ESP32-C6 firmware	2026-09-24T11:35:35.0885548Z │ esp_owe.c.obj                            │        108 │     0 │     0 │     0 │     0 │        108 │       0 │        0 │   108 │       0 │             0 │           0 │
build	Build ESP32-C6 firmware	2026-09-24T11:35:35.0885957Z │ err.c.obj                                │        106 │     0 │     0 │     0 │     0 │        106 │      68 │        0 │    38 │       0 │             0 │           0 │
build	Build ESP32-C6 firmware	2026-09-24T11:35:35.0886368Z │ sha256.c.obj                             │        106 │     0 │     0 │     0 │     0 │        106 │       0 │        0 │   106 │       0 │             0 │           0 │
build	Build ESP32-C6 firmware	2026-09-24T11:35:35.0886783Z │ multi_heap.c.obj                         │        104 │   104 │     0 │     8 │    96 │          0 │       0 │        0 │     0 │       0 │             0 │           0 │
build	Build ESP32-C6 firmware	2026-09-24T11:35:35.0887198Z │ libc_a-fwalk.o                           │        104 │     0 │     0 │     0 │     0 │        104 │       0 │        0 │   104 │       0 │             0 │           0 │
build	Build ESP32-C6 firmware	2026-09-24T11:35:35.0887613Z │ esp_cpu_intr.c.obj                       │        102 │     0 │     0 │     0 │     0 │        102 │       0 │        0 │   102 │       0 │             0 │           0 │
build	Build ESP32-C6 firmware	2026-09-24T11:35:35.0888039Z │ sd_pwr_ctrl.c.obj                        │        101 │     0 │     0 │     0 │     0 │        101 │      27 │        0 │    74 │       0 │             0 │           0 │
build	Build ESP32-C6 firmware	2026-09-24T11:35:35.0888481Z │ temperature_sensor_periph.c.obj          │        100 │     0 │     0 │     0 │     0 │        100 │     100 │        0 │     0 │       0 │             0 │           0 │
build	Build ESP32-C6 firmware	2026-09-24T11:35:35.0888911Z │ esp_md.c.obj                             │        100 │     0 │     0 │     0 │     0 │        100 │       0 │        0 │   100 │       0 │             0 │           0 │
build	Build ESP32-C6 firmware	2026-09-24T11:35:35.0889332Z │ libc_a-gettzinfo.o                       │         98 │    88 │     0 │    88 │     0 │         10 │       0 │        0 │    10 │       0 │             0 │           0 │
build	Build ESP32-C6 firmware	2026-09-24T11:35:35.0889744Z │ lv_btn.c.obj                             │         98 │     0 │     0 │     0 │     0 │         98 │      28 │        0 │    70 │       0 │             0 │           0 │
build	Build ESP32-C6 firmware	2026-09-24T11:35:35.0890274Z │ lv_utils.c.obj                           │         98 │     0 │     0 │     0 │     0 │         98 │       0 │        0 │    98 │       0 │             0 │           0 │
build	Build ESP32-C6 firmware	2026-09-24T11:35:35.0890693Z │ phy_override.c.obj                       │         97 │    79 │     1 │     0 │    78 │         18 │       0 │        0 │    18 │       0 │             0 │           0 │
build	Build ESP32-C6 firmware	2026-09-24T11:35:35.0891232Z │ libc_a-month_lengths.o                   │         96 │     0 │     0 │     0 │     0 │         96 │      96 │        0 │     0 │       0 │             0 │           0 │
build	Build ESP32-C6 firmware	2026-09-24T11:35:35.0891656Z │ libc_a-ferror.o                          │         96 │     0 │     0 │     0 │     0 │         96 │       0 │        0 │    96 │       0 │             0 │           0 │
build	Build ESP32-C6 firmware	2026-09-24T11:35:35.0892087Z │ nvs_partition_lookup.cpp.obj             │         90 │     0 │     0 │     0 │     0 │         90 │       0 │        0 │    90 │       0 │             0 │           0 │
build	Build ESP32-C6 firmware	2026-09-24T11:35:35.0892607Z │ lv_draw_line.c.obj                       │         88 │    88 │     0 │     0 │    88 │          0 │       0 │        0 │     0 │       0 │             0 │           0 │
build	Build ESP32-C6 firmware	2026-09-24T11:35:35.0893019Z │ log_write.c.obj                          │         86 │    36 │     0 │     4 │    32 │         50 │       0 │        0 │    50 │       0 │             0 │           0 │
build	Build ESP32-C6 firmware	2026-09-24T11:35:35.0893434Z │ libc_a-rget.o                            │         86 │     0 │     0 │     0 │     0 │         86 │       0 │        0 │    86 │       0 │             0 │           0 │
build	Build ESP32-C6 firmware	2026-09-24T11:35:35.0893838Z │ lv_hal_tick.c.obj                        │         85 │     5 │     5 │     0 │     0 │         80 │       0 │        0 │    80 │       0 │             0 │           0 │
build	Build ESP32-C6 firmware	2026-09-24T11:35:35.0894258Z │ esp_efuse_table.c.obj                    │         84 │    48 │     0 │    48 │     0 │         36 │      36 │        0 │     0 │       0 │             0 │           0 │
build	Build ESP32-C6 firmware	2026-09-24T11:35:35.0894683Z │ lv_list.c.obj                            │         84 │     0 │     0 │     0 │     0 │         84 │      84 │        0 │     0 │       0 │             0 │           0 │
build	Build ESP32-C6 firmware	2026-09-24T11:35:35.0895080Z │ md5.c.obj                                │         84 │     0 │     0 │     0 │     0 │         84 │       0 │        0 │    84 │       0 │             0 │           0 │
build	Build ESP32-C6 firmware	2026-09-24T11:35:35.0895480Z │ sha1.c.obj                               │         84 │     0 │     0 │     0 │     0 │         84 │       0 │        0 │    84 │       0 │             0 │           0 │
build	Build ESP32-C6 firmware	2026-09-24T11:35:35.0895878Z │ wl_offchan.o                             │         82 │     8 │     8 │     0 │     0 │         74 │       0 │        0 │    74 │       0 │             0 │           0 │
build	Build ESP32-C6 firmware	2026-09-24T11:35:35.0896302Z │ flash_brownout_hook.c.obj                │         78 │    78 │     2 │     0 │    76 │          0 │       0 │        0 │     0 │       0 │             0 │           0 │
build	Build ESP32-C6 firmware	2026-09-24T11:35:35.0896746Z │ instruction_decode.c.obj                 │         76 │     0 │     0 │     0 │     0 │         76 │       0 │        0 │    76 │       0 │             0 │           0 │
build	Build ESP32-C6 firmware	2026-09-24T11:35:35.0897174Z │ spi_periph.c.obj                         │         72 │     0 │     0 │     0 │     0 │         72 │      72 │        0 │     0 │       0 │             0 │           0 │
build	Build ESP32-C6 firmware	2026-09-24T11:35:35.0897726Z │ libc_a-time.o                            │         70 │     0 │     0 │     0 │     0 │         70 │       0 │        0 │    70 │       0 │             0 │           0 │
build	Build ESP32-C6 firmware	2026-09-24T11:35:35.0898135Z │ mesh_parent.o                            │         68 │     4 │     4 │     0 │     0 │         64 │       0 │        0 │    64 │       0 │             0 │           0 │
build	Build ESP32-C6 firmware	2026-09-24T11:35:35.0898552Z │ stdatomic.c.obj                          │         68 │    68 │     0 │     0 │    68 │          0 │       0 │        0 │     0 │       0 │             0 │           0 │
build	Build ESP32-C6 firmware	2026-09-24T11:35:35.0899024Z │ init.c.obj                               │         66 │     0 │     0 │     0 │     0 │         66 │       8 │        0 │    42 │       0 │             0 │           0 │
build	Build ESP32-C6 firmware	2026-09-24T11:35:35.0899422Z │ bad_alloc.o                              │         66 │     0 │     0 │     0 │     0 │         66 │      20 │        0 │    46 │       0 │             0 │           0 │
build	Build ESP32-C6 firmware	2026-09-24T11:35:35.0899838Z │ eh_terminate.o                           │         66 │     0 │     0 │     0 │     0 │         66 │      16 │        0 │    50 │       0 │             0 │           0 │
build	Build ESP32-C6 firmware	2026-09-24T11:35:35.0900370Z │ platform_util.c.obj                      │         64 │     0 │     0 │     0 │     0 │         64 │       4 │        0 │    60 │       0 │             0 │           0 │
build	Build ESP32-C6 firmware	2026-09-24T11:35:35.0900779Z │ hal_mac_rx.o                             │         64 │     0 │     0 │     0 │     0 │         64 │       0 │        0 │    64 │       0 │             0 │           0 │
build	Build ESP32-C6 firmware	2026-09-24T11:35:35.0901197Z │ nvs_platform.cpp.obj                     │         60 │     4 │     4 │     0 │     0 │         56 │       0 │        0 │    56 │       0 │             0 │           0 │
build	Build ESP32-C6 firmware	2026-09-24T11:35:35.0901620Z │ esp_system_chip.c.obj                    │         60 │     8 │     0 │     0 │     8 │         52 │       0 │        0 │    52 │       0 │             0 │           0 │
build	Build ESP32-C6 firmware	2026-09-24T11:35:35.0902049Z │ uart_periph.c.obj                        │         60 │     0 │     0 │     0 │     0 │         60 │      60 │        0 │     0 │       0 │             0 │           0 │
build	Build ESP32-C6 firmware	2026-09-24T11:35:35.0902458Z │ reent_init.c.obj                         │         58 │    58 │     0 │     0 │    58 │          0 │       0 │        0 │     0 │       0 │             0 │           0 │
build	Build ESP32-C6 firmware	2026-09-24T11:35:35.0902869Z │ crypto_ops.c.obj                         │         58 │     0 │     0 │     0 │     0 │         58 │      44 │        0 │    14 │       0 │             0 │           0 │
build	Build ESP32-C6 firmware	2026-09-24T11:35:35.0903292Z │ libc_a-sysopen.o                         │         58 │     0 │     0 │     0 │     0 │         58 │       0 │        0 │    58 │       0 │             0 │           0 │
build	Build ESP32-C6 firmware	2026-09-24T11:35:35.0903700Z │ lv_msgbox.c.obj                          │         56 │     0 │     0 │     0 │     0 │         56 │      56 │        0 │     0 │       0 │             0 │           0 │
build	Build ESP32-C6 firmware	2026-09-24T11:35:35.0904126Z │ cxx_exception_stubs.cpp.obj              │         56 │     0 │     0 │     0 │     0 │         56 │       0 │        0 │    56 │       0 │             0 │           0 │
build	Build ESP32-C6 firmware	2026-09-24T11:35:35.0904545Z │ libc_a-getenv.o                          │         56 │     0 │     0 │     0 │     0 │         56 │       0 │        0 │    56 │       0 │             0 │           0 │
build	Build ESP32-C6 firmware	2026-09-24T11:35:35.0904943Z │ def.c.obj                                │         50 │     0 │     0 │     0 │     0 │         50 │       0 │        0 │    50 │       0 │             0 │           0 │
build	Build ESP32-C6 firmware	2026-09-24T11:35:35.0905353Z │ lp_timer_hal.c.obj                       │         44 │    44 │     0 │     4 │    40 │          0 │       0 │        0 │     0 │       0 │             0 │           0 │
build	Build ESP32-C6 firmware	2026-09-24T11:35:35.0905761Z │ libc_a-fseek.o                           │         44 │     0 │     0 │     0 │     0 │         44 │       0 │        0 │    44 │       0 │             0 │           0 │
build	Build ESP32-C6 firmware	2026-09-24T11:35:35.0906262Z │ libc_a-tzset.o                           │         44 │     0 │     0 │     0 │     0 │         44 │       0 │        0 │    44 │       0 │             0 │           0 │
build	Build ESP32-C6 firmware	2026-09-24T11:35:35.0906669Z │ esp_mem.c.obj                            │         42 │     0 │     0 │     0 │     0 │         42 │       0 │        0 │    42 │       0 │             0 │           0 │
build	Build ESP32-C6 firmware	2026-09-24T11:35:35.0907075Z │ platform.c.obj                           │         40 │     8 │     0 │     8 │     0 │         32 │       0 │        0 │    32 │       0 │             0 │           0 │
build	Build ESP32-C6 firmware	2026-09-24T11:35:35.0907484Z │ new_opvnt.o                              │         40 │     4 │     0 │     4 │     0 │         36 │      16 │        0 │    20 │       0 │             0 │           0 │
build	Build ESP32-C6 firmware	2026-09-24T11:35:35.0907981Z │ esp_timer_init.c.obj                     │         40 │     0 │     0 │     0 │     0 │         40 │       8 │        0 │    32 │       0 │             0 │           0 │
build	Build ESP32-C6 firmware	2026-09-24T11:35:35.0908407Z │ libc_a-sysread.o                         │         40 │     0 │     0 │     0 │     0 │         40 │       0 │        0 │    40 │       0 │             0 │           0 │
build	Build ESP32-C6 firmware	2026-09-24T11:35:35.0908821Z │ libc_a-syswrite.o                        │         40 │     0 │     0 │     0 │     0 │         40 │       0 │        0 │    40 │       0 │             0 │           0 │
build	Build ESP32-C6 firmware	2026-09-24T11:35:35.0909244Z │ esp_gpio_reserve.c.obj                   │         36 │     8 │     0 │     8 │     0 │         28 │       0 │        0 │    28 │       0 │             0 │           0 │
build	Build ESP32-C6 firmware	2026-09-24T11:35:35.0909669Z │ libc_a-sysgettod.o                       │         36 │     0 │     0 │     0 │     0 │         36 │       0 │        0 │    36 │       0 │             0 │           0 │
build	Build ESP32-C6 firmware	2026-09-24T11:35:35.0910099Z │ esp_memory_utils.c.obj                   │         34 │    34 │     0 │     0 │    34 │          0 │       0 │        0 │     0 │       0 │             0 │           0 │
build	Build ESP32-C6 firmware	2026-09-24T11:35:35.0910699Z │ esp_hardware.c.obj                       │         34 │     0 │     0 │     0 │     0 │         34 │       0 │        0 │    34 │       0 │             0 │           0 │
build	Build ESP32-C6 firmware	2026-09-24T11:35:35.0911110Z │ ieee80211_rfid.o                         │         34 │     0 │     0 │     0 │     0 │         34 │       0 │        0 │    34 │       0 │             0 │           0 │
build	Build ESP32-C6 firmware	2026-09-24T11:35:35.0911528Z │ lv_draw_transform.c.obj                  │         32 │     0 │     0 │     0 │     0 │         32 │       0 │        0 │    32 │       0 │             0 │           0 │
build	Build ESP32-C6 firmware	2026-09-24T11:35:35.0911973Z │ bootloader_flash_config_esp32c6.c.obj    │         32 │     0 │     0 │     0 │     0 │         32 │       0 │        0 │    32 │       0 │             0 │           0 │
build	Build ESP32-C6 firmware	2026-09-24T11:35:35.0912412Z │ libc_a-exit.o                            │         32 │     0 │     0 │     0 │     0 │         32 │       0 │        0 │    32 │       0 │             0 │           0 │
build	Build ESP32-C6 firmware	2026-09-24T11:35:35.0912917Z │ libc_a-putchar.o                         │         32 │     0 │     0 │     0 │     0 │         32 │       0 │        0 │    32 │       0 │             0 │           0 │
build	Build ESP32-C6 firmware	2026-09-24T11:35:35.0913350Z │ libc_a-tzlock.o                          │         32 │     0 │     0 │     0 │     0 │         32 │       0 │        0 │    32 │       0 │             0 │           0 │
build	Build ESP32-C6 firmware	2026-09-24T11:35:35.0913762Z │ libc_a-sysfstat.o                        │         32 │     0 │     0 │     0 │     0 │         32 │       0 │        0 │    32 │       0 │             0 │           0 │
build	Build ESP32-C6 firmware	2026-09-24T11:35:35.0914175Z │ libc_a-envlock.o                         │         32 │     0 │     0 │     0 │     0 │         32 │       0 │        0 │    32 │       0 │             0 │           0 │
build	Build ESP32-C6 firmware	2026-09-24T11:35:35.0914691Z │ esp_rom_systimer.c.obj                   │         30 │    30 │     0 │     0 │    30 │          0 │       0 │        0 │     0 │       0 │             0 │           0 │
build	Build ESP32-C6 firmware	2026-09-24T11:35:35.0915111Z │ mpi_periph.c.obj                         │         28 │     0 │     0 │     0 │     0 │         28 │      28 │        0 │     0 │       0 │             0 │           0 │
build	Build ESP32-C6 firmware	2026-09-24T11:35:35.0915537Z │ esp_eap_client.c.obj                     │         24 │     4 │     4 │     0 │     0 │         20 │       0 │        0 │    20 │       0 │             0 │           0 │
build	Build ESP32-C6 firmware	2026-09-24T11:35:35.0915967Z │ esp_timer_impl_common.c.obj              │         24 │    24 │     0 │    16 │     8 │          0 │       0 │        0 │     0 │       0 │             0 │           0 │
build	Build ESP32-C6 firmware	2026-09-24T11:35:35.0916392Z │ systimer.c.obj                           │         24 │    24 │     0 │     0 │    24 │          0 │       0 │        0 │     0 │       0 │             0 │           0 │
build	Build ESP32-C6 firmware	2026-09-24T11:35:35.0916820Z │ ext_mem_layout.c.obj                     │         24 │     0 │     0 │     0 │     0 │         24 │      24 │        0 │     0 │       0 │             0 │           0 │
build	Build ESP32-C6 firmware	2026-09-24T11:35:35.0917232Z │ ip6_addr.c.obj                           │         24 │     0 │     0 │     0 │     0 │         24 │      24 │        0 │     0 │       0 │             0 │           0 │
build	Build ESP32-C6 firmware	2026-09-24T11:35:35.0917655Z │ esp_aes_gdma_impl.c.obj                  │         24 │     0 │     0 │     0 │     0 │         24 │       0 │        0 │    24 │       0 │             0 │           0 │
build	Build ESP32-C6 firmware	2026-09-24T11:35:35.0918074Z │ libc_a-sysclose.o                        │         24 │     0 │     0 │     0 │     0 │         24 │       0 │        0 │    24 │       0 │             0 │           0 │
build	Build ESP32-C6 firmware	2026-09-24T11:35:35.0918492Z │ libc_a-sysunlink.o                       │         24 │     0 │     0 │     0 │     0 │         24 │       0 │        0 │    24 │       0 │             0 │           0 │
build	Build ESP32-C6 firmware	2026-09-24T11:35:35.0918912Z │ new_handler.o                            │         21 │     4 │     4 │     0 │     0 │         17 │       1 │        0 │    16 │       0 │             0 │           0 │
build	Build ESP32-C6 firmware	2026-09-24T11:35:35.0919318Z │ coexist_dbg.o                            │         20 │    20 │     0 │     4 │    16 │          0 │       0 │        0 │     0 │       0 │             0 │           0 │
build	Build ESP32-C6 firmware	2026-09-24T11:35:35.0919742Z │ bootloader_mem.c.obj                     │         20 │     0 │     0 │     0 │     0 │         20 │       0 │        0 │    20 │       0 │             0 │           0 │
build	Build ESP32-C6 firmware	2026-09-24T11:35:35.0920271Z │ lv_draw.c.obj                            │         18 │     0 │     0 │     0 │     0 │         18 │       0 │        0 │    18 │       0 │             0 │           0 │
build	Build ESP32-C6 firmware	2026-09-24T11:35:35.0920672Z │ lv_extra.c.obj                           │         18 │     0 │     0 │     0 │     0 │         18 │       0 │        0 │    18 │       0 │             0 │           0 │
build	Build ESP32-C6 firmware	2026-09-24T11:35:35.0921081Z │ libc_a-errno.o                           │         18 │     0 │     0 │     0 │     0 │         18 │       0 │        0 │    18 │       0 │             0 │           0 │
build	Build ESP32-C6 firmware	2026-09-24T11:35:35.0921489Z │ libc_a-tzvars.o                          │         16 │    16 │     8 │     8 │     0 │          0 │       0 │        0 │     0 │       0 │             0 │           0 │
build	Build ESP32-C6 firmware	2026-09-24T11:35:35.0922002Z │ esp_sha_gdma_impl.c.obj                  │         16 │     0 │     0 │     0 │     0 │         16 │       0 │        0 │    16 │       0 │             0 │           0 │
build	Build ESP32-C6 firmware	2026-09-24T11:35:35.0922410Z │ esp_wps.c.obj                            │         14 │     4 │     4 │     0 │     0 │         10 │       0 │        0 │    10 │       0 │             0 │           0 │
build	Build ESP32-C6 firmware	2026-09-24T11:35:35.0922818Z │ flash_encrypt.c.obj                      │         14 │    14 │     0 │     0 │    14 │          0 │       0 │        0 │     0 │       0 │             0 │           0 │
build	Build ESP32-C6 firmware	2026-09-24T11:35:35.0923318Z │ ledc_hal.c.obj                           │         14 │     0 │     0 │     0 │     0 │         14 │       0 │        0 │    14 │       0 │             0 │           0 │
build	Build ESP32-C6 firmware	2026-09-24T11:35:35.0923741Z │ spi_flash_chip_drivers.c.obj             │         12 │    12 │     0 │    12 │     0 │          0 │       0 │        0 │     0 │       0 │             0 │           0 │
build	Build ESP32-C6 firmware	2026-09-24T11:35:35.0924177Z │ i2c_periph.c.obj                         │         12 │     0 │     0 │     0 │     0 │         12 │      12 │        0 │     0 │       0 │             0 │           0 │
build	Build ESP32-C6 firmware	2026-09-24T11:35:35.0924582Z │ log_level.c.obj                          │         10 │     4 │     0 │     4 │     0 │          6 │       0 │        0 │     6 │       0 │             0 │           0 │
build	Build ESP32-C6 firmware	2026-09-24T11:35:35.0924987Z │ libc_a-environ.o                         │          8 │     8 │     4 │     4 │     0 │          0 │       0 │        0 │     0 │       0 │             0 │           0 │
build	Build ESP32-C6 firmware	2026-09-24T11:35:35.0925395Z │ del_op.o                                 │          8 │     0 │     0 │     0 │     0 │          8 │       0 │        0 │     8 │       0 │             0 │           0 │
build	Build ESP32-C6 firmware	2026-09-24T11:35:35.0925787Z │ tinfo.o                                  │          6 │     0 │     0 │     0 │     0 │          6 │       0 │        0 │     6 │       0 │             0 │           0 │
build	Build ESP32-C6 firmware	2026-09-24T11:35:35.0926190Z │ eh_term_handler.o                        │          4 │     4 │     0 │     4 │     0 │          0 │       0 │        0 │     0 │       0 │             0 │           0 │
build	Build ESP32-C6 firmware	2026-09-24T11:35:35.0926594Z │ rtc_module.c.obj                         │          4 │     4 │     0 │     0 │     4 │          0 │       0 │        0 │     0 │       0 │             0 │           0 │
build	Build ESP32-C6 firmware	2026-09-24T11:35:35.0927001Z │ pthread.c.obj                            │          4 │     0 │     0 │     0 │     0 │          4 │       0 │        0 │     2 │       0 │             0 │           0 │
build	Build ESP32-C6 firmware	2026-09-24T11:35:35.0927405Z │ del_ops.o                                │          4 │     0 │     0 │     0 │     0 │          4 │       0 │        0 │     4 │       0 │             0 │           0 │
build	Build ESP32-C6 firmware	2026-09-24T11:35:35.0927806Z │ libc_a-u_strerr.o                        │          4 │     0 │     0 │     0 │     0 │          4 │       0 │        0 │     4 │       0 │             0 │           0 │
build	Build ESP32-C6 firmware	2026-09-24T11:35:35.0928279Z │ ubsan.c.obj                              │          2 │     2 │     0 │     0 │     2 │          0 │       0 │        0 │     0 │       0 │             0 │           0 │
build	Build ESP32-C6 firmware	2026-09-24T11:35:35.0928685Z │ esp_rom_multi_heap.c.obj                 │          2 │     0 │     0 │     0 │     0 │          2 │       0 │        0 │     2 │       0 │             0 │           0 │
build	Build ESP32-C6 firmware	2026-09-24T11:35:35.0929099Z │ getentropy.c.obj                         │          2 │     0 │     0 │     0 │     0 │          2 │       0 │        0 │     2 │       0 │             0 │           0 │
build	Build ESP32-C6 firmware	2026-09-24T11:35:35.0929578Z │ pthread_cond_var.c.obj                   │          2 │     0 │     0 │     0 │     0 │          2 │       0 │        0 │     2 │       0 │             0 │           0 │
build	Build ESP32-C6 firmware	2026-09-24T11:35:35.0929999Z │ pthread_rwlock.c.obj                     │          2 │     0 │     0 │     0 │     0 │          2 │       0 │        0 │     2 │       0 │             0 │           0 │
build	Build ESP32-C6 firmware	2026-09-24T11:35:35.0930546Z │ pthread_semaphore.c.obj                  │          2 │     0 │     0 │     0 │     0 │          2 │       0 │        0 │     2 │       0 │             0 │           0 │
build	Build ESP32-C6 firmware	2026-09-24T11:35:35.0930958Z │ cxx_guards.cpp.obj                       │          2 │     0 │     0 │     0 │     0 │          2 │       0 │        0 │     2 │       0 │             0 │           0 │
build	Build ESP32-C6 firmware	2026-09-24T11:35:35.0931359Z │ cxx_init.cpp.obj                         │          2 │     0 │     0 │     0 │     0 │          2 │       0 │        0 │     2 │       0 │             0 │           0 │
build	Build ESP32-C6 firmware	2026-09-24T11:35:35.0931767Z │ nvs_sec_provider.c.obj                   │          2 │     0 │     0 │     0 │     0 │          2 │       0 │        0 │     2 │       0 │             0 │           0 │
build	Build ESP32-C6 firmware	2026-09-24T11:35:35.0932178Z │ del_opv.o                                │          2 │     0 │     0 │     0 │     0 │          2 │       0 │        0 │     2 │       0 │             0 │           0 │
build	Build ESP32-C6 firmware	2026-09-24T11:35:35.0932569Z │ new_opv.o                                │          2 │     0 │     0 │     0 │     0 │          2 │       0 │        0 │     2 │       0 │             0 │           0 │
build	Build ESP32-C6 firmware	2026-09-24T11:35:35.0932960Z │ eh_exception.o                           │          2 │     0 │     0 │     0 │     0 │          2 │       0 │        0 │     2 │       0 │             0 │           0 │
build	Build ESP32-C6 firmware	2026-09-24T11:35:35.0933361Z │ ledc_periph.c.obj                        │          1 │     0 │     0 │     0 │     0 │          1 │       1 │        0 │     0 │       0 │             0 │           0 │
build	Build ESP32-C6 firmware	2026-09-24T11:35:35.0933842Z └──────────────────────────────────────────┴────────────┴───────┴───────┴───────┴───────┴────────────┴─────────┴──────────┴───────┴─────────┴───────────────┴─────────────┘
build	Build ESP32-C6 firmware	2026-09-24T11:35:35.7888047Z ##[end-action id=__espressif_esp-idf-ci-action.__run;outcome=success;conclusion=success;duration_ms=140680]
build	Assemble firmware.zip	﻿2026-09-24T11:35:35.7913063Z ##[group]Run mkdir -p firmware
build	Assemble firmware.zip	2026-09-24T11:35:35.7913268Z ^[[36;1mmkdir -p firmware^[[0m
build	Assemble firmware.zip	2026-09-24T11:35:35.7913426Z ^[[36;1mcp build/bootloader/bootloader.bin firmware/^[[0m
build	Assemble firmware.zip	2026-09-24T11:35:35.7913642Z ^[[36;1mcp build/partition_table/partition-table.bin firmware/^[[0m
build	Assemble firmware.zip	2026-09-24T11:35:35.7913833Z ^[[36;1mcp build/*.bin firmware/^[[0m
build	Assemble firmware.zip	2026-09-24T11:35:35.7914004Z ^[[36;1mcp build/flash_args firmware/ 2>/dev/null || true^[[0m
build	Assemble firmware.zip	2026-09-24T11:35:35.7914214Z ^[[36;1mcp build/flasher_args.json firmware/ 2>/dev/null || true^[[0m
build	Assemble firmware.zip	2026-09-24T11:35:35.7914450Z ^[[36;1mcp build/project_description.json firmware/ 2>/dev/null || true^[[0m
build	Assemble firmware.zip	2026-09-24T11:35:35.7914688Z ^[[36;1mcp build/config/sdkconfig.h firmware/ 2>/dev/null || true^[[0m
build	Assemble firmware.zip	2026-09-24T11:35:35.7914919Z ^[[36;1mcp build/phase3c-size-report.txt firmware/^[[0m
build	Assemble firmware.zip	2026-09-24T11:35:35.7915111Z ^[[36;1mecho "${GITHUB_SHA}" > firmware/git_commit.txt^[[0m
build	Assemble firmware.zip	2026-09-24T11:35:35.7915306Z ^[[36;1mcd firmware && zip -r ../firmware.zip . && cd ..^[[0m
build	Assemble firmware.zip	2026-09-24T11:35:35.7915489Z ^[[36;1munzip -l firmware.zip^[[0m
build	Assemble firmware.zip	2026-09-24T11:35:35.7968136Z shell: /usr/bin/bash -e {0}
build	Assemble firmware.zip	2026-09-24T11:35:35.7968285Z ##[endgroup]
build	Assemble firmware.zip	2026-09-24T11:35:35.8143889Z   adding: git_commit.txt (deflated 2%)
build	Assemble firmware.zip	2026-09-24T11:35:35.8161737Z   adding: phase3c-size-report.txt (deflated 88%)
build	Assemble firmware.zip	2026-09-24T11:35:35.8162037Z   adding: partition-table.bin (deflated 97%)
build	Assemble firmware.zip	2026-09-24T11:35:35.8181796Z   adding: project_description.json (deflated 91%)
build	Assemble firmware.zip	2026-09-24T11:35:35.8182130Z   adding: flash_args (deflated 28%)
build	Assemble firmware.zip	2026-09-24T11:35:35.8182392Z   adding: flasher_args.json (deflated 66%)
build	Assemble firmware.zip	2026-09-24T11:35:35.8591654Z   adding: esp32c6_pwnagotchi.bin (deflated 42%)
build	Assemble firmware.zip	2026-09-24T11:35:35.8596812Z   adding: bootloader.bin (deflated 38%)
build	Assemble firmware.zip	2026-09-24T11:35:35.8603765Z   adding: sdkconfig.h (deflated 80%)
build	Assemble firmware.zip	2026-09-24T11:35:35.8625087Z Archive:  firmware.zip
build	Assemble firmware.zip	2026-09-24T11:35:35.8625311Z   Length      Date    Time    Name
build	Assemble firmware.zip	2026-09-24T11:35:35.8625560Z ---------  ---------- -----   ----
build	Assemble firmware.zip	2026-09-24T11:35:35.8625775Z        41  2026-09-24 11:35   git_commit.txt
build	Assemble firmware.zip	2026-09-24T11:35:35.8625983Z    156445  2026-09-24 11:35   phase3c-size-report.txt
build	Assemble firmware.zip	2026-09-24T11:35:35.8626161Z      3072  2026-09-24 11:35   partition-table.bin
build	Assemble firmware.zip	2026-09-24T11:35:35.8626333Z    216166  2026-09-24 11:35   project_description.json
build	Assemble firmware.zip	2026-09-24T11:35:35.8626499Z       155  2026-09-24 11:35   flash_args
build	Assemble firmware.zip	2026-09-24T11:35:35.8626743Z       927  2026-09-24 11:35   flasher_args.json
build	Assemble firmware.zip	2026-09-24T11:35:35.8626994Z   1233504  2026-09-24 11:35   esp32c6_pwnagotchi.bin
build	Assemble firmware.zip	2026-09-24T11:35:35.8627238Z     21984  2026-09-24 11:35   bootloader.bin
build	Assemble firmware.zip	2026-09-24T11:35:35.8627460Z     48583  2026-09-24 11:35   sdkconfig.h
build	Assemble firmware.zip	2026-09-24T11:35:35.8627679Z ---------                     -------
build	Assemble firmware.zip	2026-09-24T11:35:35.8627888Z   1680877                     9 files
build	Upload firmware artifact	﻿2026-09-24T11:35:35.8668990Z ##[group]Run actions/upload-artifact@v4
build	Upload firmware artifact	2026-09-24T11:35:35.8669146Z with:
build	Upload firmware artifact	2026-09-24T11:35:35.8669291Z   name: firmware-e43968db4d8181b5cd00dd586184c2ce300e921b
build	Upload firmware artifact	2026-09-24T11:35:35.8669517Z   path: firmware.zip
build	Upload firmware artifact	2026-09-24T11:35:35.8669639Z   if-no-files-found: error
build	Upload firmware artifact	2026-09-24T11:35:35.8669771Z   compression-level: 6
build	Upload firmware artifact	2026-09-24T11:35:35.8669887Z   overwrite: false
build	Upload firmware artifact	2026-09-24T11:35:35.8670003Z   include-hidden-files: false
build	Upload firmware artifact	2026-09-24T11:35:35.8670249Z ##[endgroup]
build	Upload firmware artifact	2026-09-24T11:35:35.9724412Z (node:13202) [DEP0040] DeprecationWarning: The `punycode` module is deprecated. Please use a userland alternative instead.
build	Upload firmware artifact	2026-09-24T11:35:35.9724872Z (Use `node --trace-deprecation ...` to show where the warning was created)
build	Upload firmware artifact	2026-09-24T11:35:35.9755067Z With the provided path, there will be 1 file uploaded
build	Upload firmware artifact	2026-09-24T11:35:35.9766713Z Artifact name is valid!
build	Upload firmware artifact	2026-09-24T11:35:35.9767285Z Root directory input is valid!
build	Upload firmware artifact	2026-09-24T11:35:36.2318317Z Beginning upload of artifact content to blob storage
build	Upload firmware artifact	2026-09-24T11:35:36.2661519Z (node:13202) [DEP0169] DeprecationWarning: `url.parse()` behavior is not standardized and prone to errors that have security implications. Use the WHATWG URL API instead. CVEs are not issued for `url.parse()` vulnerabilities.
build	Upload firmware artifact	2026-09-24T11:35:36.5815655Z Uploaded bytes 778332
build	Upload firmware artifact	2026-09-24T11:35:36.6236106Z Finished uploading artifact content to blob storage!
build	Upload firmware artifact	2026-09-24T11:35:36.6236709Z SHA256 digest of uploaded artifact zip is 08abf8b90b3e4f9b9bbd768e3f2a342f57da0b8094881ce60e0abfd28eb1a275
build	Upload firmware artifact	2026-09-24T11:35:36.6237347Z Finalizing artifact upload
build	Upload firmware artifact	2026-09-24T11:35:36.9015459Z Artifact firmware-e43968db4d8181b5cd00dd586184c2ce300e921b.zip successfully finalized. Artifact ID 10805416973
build	Upload firmware artifact	2026-09-24T11:35:36.9016452Z Artifact firmware-e43968db4d8181b5cd00dd586184c2ce300e921b has been successfully uploaded! Final size is 778332 bytes. Artifact ID is 10805416973
build	Upload firmware artifact	2026-09-24T11:35:36.9021601Z Artifact download URL: https://github.com/yuanwil1y/esp32c6-Pwnagotchi/actions/runs/35993675554/artifacts/10805416973
build	Upload full flash files	﻿2026-09-24T11:35:36.9139851Z ##[group]Run actions/upload-artifact@v4
build	Upload full flash files	2026-09-24T11:35:36.9140026Z with:
build	Upload full flash files	2026-09-24T11:35:36.9140389Z   name: flash-files-e43968db4d8181b5cd00dd586184c2ce300e921b
build	Upload full flash files	2026-09-24T11:35:36.9140787Z   path: build/bootloader/bootloader.bin
build	Upload full flash files	build/partition_table/partition-table.bin
build	Upload full flash files	build/*.bin
build	Upload full flash files	build/flash_args
build	Upload full flash files	build/flasher_args.json
build	Upload full flash files	
build	Upload full flash files	2026-09-24T11:35:36.9141123Z   if-no-files-found: error
build	Upload full flash files	2026-09-24T11:35:36.9141269Z   compression-level: 6
build	Upload full flash files	2026-09-24T11:35:36.9141394Z   overwrite: false
build	Upload full flash files	2026-09-24T11:35:36.9141523Z   include-hidden-files: false
build	Upload full flash files	2026-09-24T11:35:36.9141664Z ##[endgroup]
build	Upload full flash files	2026-09-24T11:35:37.0223929Z (node:13214) [DEP0040] DeprecationWarning: The `punycode` module is deprecated. Please use a userland alternative instead.
build	Upload full flash files	2026-09-24T11:35:37.0224373Z (Use `node --trace-deprecation ...` to show where the warning was created)
build	Upload full flash files	2026-09-24T11:35:37.0290656Z With the provided path, there will be 5 files uploaded
build	Upload full flash files	2026-09-24T11:35:37.0294018Z Artifact name is valid!
build	Upload full flash files	2026-09-24T11:35:37.0294522Z Root directory input is valid!
build	Upload full flash files	2026-09-24T11:35:37.4555255Z Beginning upload of artifact content to blob storage
build	Upload full flash files	2026-09-24T11:35:37.5025410Z (node:13214) [DEP0169] DeprecationWarning: `url.parse()` behavior is not standardized and prone to errors that have security implications. Use the WHATWG URL API instead. CVEs are not issued for `url.parse()` vulnerabilities.
build	Upload full flash files	2026-09-24T11:35:37.8160559Z Uploaded bytes 741199
build	Upload full flash files	2026-09-24T11:35:37.8585612Z Finished uploading artifact content to blob storage!
build	Upload full flash files	2026-09-24T11:35:37.8586245Z SHA256 digest of uploaded artifact zip is af75bb83ec7ffdbc20736a438ba8ddfef70d333e119a4a128a2cb6e6bca06c77
build	Upload full flash files	2026-09-24T11:35:37.8586914Z Finalizing artifact upload
build	Upload full flash files	2026-09-24T11:35:38.0829377Z Artifact flash-files-e43968db4d8181b5cd00dd586184c2ce300e921b.zip successfully finalized. Artifact ID 10805253345
build	Upload full flash files	2026-09-24T11:35:38.0830579Z Artifact flash-files-e43968db4d8181b5cd00dd586184c2ce300e921b has been successfully uploaded! Final size is 741199 bytes. Artifact ID is 10805253345
build	Upload full flash files	2026-09-24T11:35:38.0834994Z Artifact download URL: https://github.com/yuanwil1y/esp32c6-Pwnagotchi/actions/runs/35993675554/artifacts/10805253345
build	Post Checkout	﻿2026-09-24T11:35:38.0981574Z Post job cleanup.
build	Post Checkout	2026-09-24T11:35:38.1558811Z [command]/usr/bin/git version
build	Post Checkout	2026-09-24T11:35:38.1591632Z git version 2.55.0
build	Post Checkout	2026-09-24T11:35:38.1617343Z Temporarily overriding HOME='/home/runner/work/_temp/aa7ff8b6-f256-455b-8d54-fcce2d22f873' before making global git config changes
build	Post Checkout	2026-09-24T11:35:38.1618107Z Adding repository directory to the temporary git global config as a safe directory
build	Post Checkout	2026-09-24T11:35:38.1621744Z [command]/usr/bin/git config --global --add safe.directory /home/runner/work/esp32c6-Pwnagotchi/esp32c6-Pwnagotchi
build	Post Checkout	2026-09-24T11:35:38.1651797Z [command]/usr/bin/git config --local --name-only --get-regexp core\.sshCommand
build	Post Checkout	2026-09-24T11:35:38.1678988Z [command]/usr/bin/git submodule foreach --recursive sh -c "git config --local --name-only --get-regexp 'core\.sshCommand' && git config --local --unset-all 'core.sshCommand' || :"
build	Post Checkout	2026-09-24T11:35:38.1866088Z Entering 'vendor/waveshare'
build	Post Checkout	2026-09-24T11:35:38.1915508Z [command]/usr/bin/git config --local --name-only --get-regexp http\.https\:\/\/github\.com\/\.extraheader
build	Post Checkout	2026-09-24T11:35:38.1939496Z http.https://github.com/.extraheader
build	Post Checkout	2026-09-24T11:35:38.1948003Z [command]/usr/bin/git config --local --unset-all http.https://github.com/.extraheader
build	Post Checkout	2026-09-24T11:35:38.1976797Z [command]/usr/bin/git submodule foreach --recursive sh -c "git config --local --name-only --get-regexp 'http\.https\:\/\/github\.com\/\.extraheader' && git config --local --unset-all 'http.https://github.com/.extraheader' || :"
build	Post Checkout	2026-09-24T11:35:38.2161484Z Entering 'vendor/waveshare'
build	Post Checkout	2026-09-24T11:35:38.2177472Z http.https://github.com/.extraheader
build	Post Checkout	2026-09-24T11:35:38.2222037Z [command]/usr/bin/git config --local --name-only --get-regexp ^includeIf\.gitdir:
build	Post Checkout	2026-09-24T11:35:38.2253312Z [command]/usr/bin/git submodule foreach --recursive git config --local --show-origin --name-only --get-regexp remote.origin.url
build	Post Checkout	2026-09-24T11:35:38.2413613Z Entering 'vendor/waveshare'
build	Post Checkout	2026-09-24T11:35:38.2427492Z file:/home/runner/work/esp32c6-Pwnagotchi/esp32c6-Pwnagotchi/.git/modules/vendor/waveshare/config	remote.origin.url
build	Post Checkout	2026-09-24T11:35:38.2456127Z [command]/usr/bin/git config --file /home/runner/work/esp32c6-Pwnagotchi/esp32c6-Pwnagotchi/.git/modules/vendor/waveshare/config --name-only --get-regexp ^includeIf\.gitdir:
build	Complete job	﻿2026-09-24T11:35:38.2589077Z Cleaning up orphan processes
build	Complete job	2026-09-24T11:35:38.2806587Z ##[warning]Node.js 20 is deprecated. The following actions target Node.js 20 but are being forced to run on Node.js 24: actions/checkout@v4, actions/upload-artifact@v4. For more information see: https://github.blog/changelog/2025-09-19-deprecation-of-node-20-on-github-actions-runners/
