build	Set up job	﻿2026-09-24T12:49:15.4864295Z Current runner version: '2.337.0'
build	Set up job	2026-09-24T12:49:15.4889600Z ##[group]Runner Image Provisioner
build	Set up job	2026-09-24T12:49:15.4890623Z Hosted Compute Agent
build	Set up job	2026-09-24T12:49:15.4891215Z Version: 20260828.587
build	Set up job	2026-09-24T12:49:15.4892243Z Commit: abac92662cab4cc7352de4f9f9d2e2419aad9c29
build	Set up job	2026-09-24T12:49:15.4893042Z Build Date: 2026-08-28T16:44:25Z
build	Set up job	2026-09-24T12:49:15.4893766Z Worker ID: {61572f0c-3590-4dfa-99b9-bfd0e9a494ff}
build	Set up job	2026-09-24T12:49:15.4894608Z Azure Region: westus3
build	Set up job	2026-09-24T12:49:15.4895175Z ##[endgroup]
build	Set up job	2026-09-24T12:49:15.4896855Z ##[group]Operating System
build	Set up job	2026-09-24T12:49:15.4897571Z Ubuntu
build	Set up job	2026-09-24T12:49:15.4898091Z 24.04.5
build	Set up job	2026-09-24T12:49:15.4898648Z LTS
build	Set up job	2026-09-24T12:49:15.4899154Z ##[endgroup]
build	Set up job	2026-09-24T12:49:15.4899689Z ##[group]Runner Image
build	Set up job	2026-09-24T12:49:15.4900341Z Image: ubuntu-24.04
build	Set up job	2026-09-24T12:49:15.4900983Z Version: 20260920.314.1
build	Set up job	2026-09-24T12:49:15.4902795Z Included Software: https://github.com/actions/runner-images/blob/ubuntu24/20260920.314/images/ubuntu/Ubuntu2404-Readme.md
build	Set up job	2026-09-24T12:49:15.4904528Z Image Release: https://github.com/actions/runner-images/releases/tag/ubuntu24%2F20260920.314
build	Set up job	2026-09-24T12:49:15.4905604Z ##[endgroup]
build	Set up job	2026-09-24T12:49:15.4906787Z ##[group]GITHUB_TOKEN Permissions
build	Set up job	2026-09-24T12:49:15.4909010Z Contents: read
build	Set up job	2026-09-24T12:49:15.4909632Z Metadata: read
build	Set up job	2026-09-24T12:49:15.4910305Z Packages: read
build	Set up job	2026-09-24T12:49:15.4910870Z ##[endgroup]
build	Set up job	2026-09-24T12:49:15.4913226Z Secret source: Actions
build	Set up job	2026-09-24T12:49:15.4914311Z Cache mode: write
build	Set up job	2026-09-24T12:49:15.4914990Z Prepare workflow directory
build	Set up job	2026-09-24T12:49:15.5257474Z Prepare all required actions
build	Set up job	2026-09-24T12:49:15.5308323Z Getting action download info
build	Set up job	2026-09-24T12:49:15.8957168Z Download action repository 'actions/checkout@v4' (SHA:11d5960a326750d5838078e36cf38b85af677262)
build	Set up job	2026-09-24T12:49:16.0121194Z Download action repository 'espressif/esp-idf-ci-action@v1' (SHA:9d38657f3d789ca759b2b37aaf5ceffbc42c4f0d)
build	Set up job	2026-09-24T12:49:16.2429069Z Download action repository 'actions/upload-artifact@v4' (SHA:ea165f8d65b6e75b540449e92b4886f43607fa02)
build	Set up job	2026-09-24T12:49:16.4777905Z Complete job name: build
build	Checkout	﻿2026-09-24T12:49:16.5612305Z ##[group]Run actions/checkout@v4
build	Checkout	2026-09-24T12:49:16.5613343Z with:
build	Checkout	2026-09-24T12:49:16.5613830Z   submodules: recursive
build	Checkout	2026-09-24T12:49:16.5614405Z   repository: yuanwil1y/esp32c6-Pwnagotchi
build	Checkout	2026-09-24T12:49:16.5619011Z   token: ***
build	Checkout	2026-09-24T12:49:16.5619484Z   ssh-strict: true
build	Checkout	2026-09-24T12:49:16.5619959Z   ssh-user: git
build	Checkout	2026-09-24T12:49:16.5620451Z   persist-credentials: true
build	Checkout	2026-09-24T12:49:16.5620990Z   clean: true
build	Checkout	2026-09-24T12:49:16.5621479Z   sparse-checkout-cone-mode: true
build	Checkout	2026-09-24T12:49:16.5622247Z   fetch-depth: 1
build	Checkout	2026-09-24T12:49:16.5622721Z   fetch-tags: false
build	Checkout	2026-09-24T12:49:16.5623214Z   show-progress: true
build	Checkout	2026-09-24T12:49:16.5623701Z   lfs: false
build	Checkout	2026-09-24T12:49:16.5624248Z   set-safe-directory: true
build	Checkout	2026-09-24T12:49:16.5624801Z   allow-unsafe-pr-checkout: false
build	Checkout	2026-09-24T12:49:16.5625642Z ##[endgroup]
build	Checkout	2026-09-24T12:49:16.6658890Z Syncing repository: yuanwil1y/esp32c6-Pwnagotchi
build	Checkout	2026-09-24T12:49:16.6662246Z ##[group]Getting Git version info
build	Checkout	2026-09-24T12:49:16.6663731Z Working directory is '/home/runner/work/esp32c6-Pwnagotchi/esp32c6-Pwnagotchi'
build	Checkout	2026-09-24T12:49:16.6665934Z [command]/usr/bin/git version
build	Checkout	2026-09-24T12:49:16.6731358Z git version 2.55.0
build	Checkout	2026-09-24T12:49:16.6756261Z ##[endgroup]
build	Checkout	2026-09-24T12:49:16.6780167Z Temporarily overriding HOME='/home/runner/work/_temp/8460c592-698c-4e6f-9e0b-939c1e4c36fa' before making global git config changes
build	Checkout	2026-09-24T12:49:16.6784035Z Adding repository directory to the temporary git global config as a safe directory
build	Checkout	2026-09-24T12:49:16.6805498Z [command]/usr/bin/git config --global --add safe.directory /home/runner/work/esp32c6-Pwnagotchi/esp32c6-Pwnagotchi
build	Checkout	2026-09-24T12:49:16.6866335Z Deleting the contents of '/home/runner/work/esp32c6-Pwnagotchi/esp32c6-Pwnagotchi'
build	Checkout	2026-09-24T12:49:16.6871826Z ##[group]Initializing the repository
build	Checkout	2026-09-24T12:49:16.6876616Z [command]/usr/bin/git init /home/runner/work/esp32c6-Pwnagotchi/esp32c6-Pwnagotchi
build	Checkout	2026-09-24T12:49:16.7010188Z hint: Using 'master' as the name for the initial branch. This default branch name
build	Checkout	2026-09-24T12:49:16.7012736Z hint: will change to "main" in Git 3.0. To configure the initial branch name
build	Checkout	2026-09-24T12:49:16.7014591Z hint: to use in all of your new repositories, which will suppress this warning,
build	Checkout	2026-09-24T12:49:16.7016469Z hint: call:
build	Checkout	2026-09-24T12:49:16.7017779Z hint:
build	Checkout	2026-09-24T12:49:16.7018807Z hint: 	git config --global init.defaultBranch <name>
build	Checkout	2026-09-24T12:49:16.7019894Z hint:
build	Checkout	2026-09-24T12:49:16.7020905Z hint: Names commonly chosen instead of 'master' are 'main', 'trunk' and
build	Checkout	2026-09-24T12:49:16.7022786Z hint: 'development'. The just-created branch can be renamed via this command:
build	Checkout	2026-09-24T12:49:16.7024192Z hint:
build	Checkout	2026-09-24T12:49:16.7024927Z hint: 	git branch -m <name>
build	Checkout	2026-09-24T12:49:16.7025770Z hint:
build	Checkout	2026-09-24T12:49:16.7026866Z hint: Disable this message with "git config set advice.defaultBranchName false"
build	Checkout	2026-09-24T12:49:16.7028925Z Initialized empty Git repository in /home/runner/work/esp32c6-Pwnagotchi/esp32c6-Pwnagotchi/.git/
build	Checkout	2026-09-24T12:49:16.7032822Z [command]/usr/bin/git remote add origin https://github.com/yuanwil1y/esp32c6-Pwnagotchi
build	Checkout	2026-09-24T12:49:16.7080354Z ##[endgroup]
build	Checkout	2026-09-24T12:49:16.7081928Z ##[group]Disabling automatic garbage collection
build	Checkout	2026-09-24T12:49:16.7084757Z [command]/usr/bin/git config --local gc.auto 0
build	Checkout	2026-09-24T12:49:16.7118410Z ##[endgroup]
build	Checkout	2026-09-24T12:49:16.7119675Z ##[group]Setting up auth
build	Checkout	2026-09-24T12:49:16.7126067Z [command]/usr/bin/git config --local --name-only --get-regexp core\.sshCommand
build	Checkout	2026-09-24T12:49:16.7169139Z [command]/usr/bin/git submodule foreach --recursive sh -c "git config --local --name-only --get-regexp 'core\.sshCommand' && git config --local --unset-all 'core.sshCommand' || :"
build	Checkout	2026-09-24T12:49:16.7587549Z [command]/usr/bin/git config --local --name-only --get-regexp http\.https\:\/\/github\.com\/\.extraheader
build	Checkout	2026-09-24T12:49:16.7626539Z [command]/usr/bin/git submodule foreach --recursive sh -c "git config --local --name-only --get-regexp 'http\.https\:\/\/github\.com\/\.extraheader' && git config --local --unset-all 'http.https://github.com/.extraheader' || :"
build	Checkout	2026-09-24T12:49:16.7857351Z [command]/usr/bin/git config --local --name-only --get-regexp ^includeIf\.gitdir:
build	Checkout	2026-09-24T12:49:16.7895563Z [command]/usr/bin/git submodule foreach --recursive git config --local --show-origin --name-only --get-regexp remote.origin.url
build	Checkout	2026-09-24T12:49:16.8123169Z [command]/usr/bin/git config --local http.https://github.com/.extraheader AUTHORIZATION: basic ***
build	Checkout	2026-09-24T12:49:16.8165438Z ##[endgroup]
build	Checkout	2026-09-24T12:49:16.8167105Z ##[group]Fetching the repository
build	Checkout	2026-09-24T12:49:16.8178510Z [command]/usr/bin/git -c protocol.version=2 fetch --no-tags --prune --no-recurse-submodules --depth=1 origin +3f23fcd08f7da23b606e2289e326bf8d8734875b:refs/remotes/origin/phase3c-sd-logger
build	Checkout	2026-09-24T12:49:17.7330243Z From https://github.com/yuanwil1y/esp32c6-Pwnagotchi
build	Checkout	2026-09-24T12:49:17.7332985Z  * [new ref]         3f23fcd08f7da23b606e2289e326bf8d8734875b -> origin/phase3c-sd-logger
build	Checkout	2026-09-24T12:49:17.7337378Z ##[endgroup]
build	Checkout	2026-09-24T12:49:17.7338873Z ##[group]Determining the checkout info
build	Checkout	2026-09-24T12:49:17.7340618Z ##[endgroup]
build	Checkout	2026-09-24T12:49:17.7347110Z [command]/usr/bin/git sparse-checkout disable
build	Checkout	2026-09-24T12:49:17.7416193Z [command]/usr/bin/git config --local --unset-all extensions.worktreeConfig
build	Checkout	2026-09-24T12:49:17.7454888Z ##[group]Checking out the ref
build	Checkout	2026-09-24T12:49:17.7459316Z [command]/usr/bin/git checkout --progress --force -B phase3c-sd-logger refs/remotes/origin/phase3c-sd-logger
build	Checkout	2026-09-24T12:49:17.7725198Z Switched to a new branch 'phase3c-sd-logger'
build	Checkout	2026-09-24T12:49:17.7732162Z branch 'phase3c-sd-logger' set up to track 'origin/phase3c-sd-logger'.
build	Checkout	2026-09-24T12:49:17.7741873Z ##[endgroup]
build	Checkout	2026-09-24T12:49:17.7744203Z ##[group]Setting up auth for fetching submodules
build	Checkout	2026-09-24T12:49:17.7746765Z [command]/usr/bin/git config --global http.https://github.com/.extraheader AUTHORIZATION: basic ***
build	Checkout	2026-09-24T12:49:17.7791341Z [command]/usr/bin/git config --global --unset-all url.https://github.com/.insteadOf
build	Checkout	2026-09-24T12:49:17.7825507Z [command]/usr/bin/git config --global --add url.https://github.com/.insteadOf git@github.com:
build	Checkout	2026-09-24T12:49:17.7860138Z [command]/usr/bin/git config --global --add url.https://github.com/.insteadOf org-65474623@github.com:
build	Checkout	2026-09-24T12:49:17.7893729Z ##[endgroup]
build	Checkout	2026-09-24T12:49:17.7896113Z ##[group]Fetching submodules
build	Checkout	2026-09-24T12:49:17.7897886Z [command]/usr/bin/git submodule sync --recursive
build	Checkout	2026-09-24T12:49:17.8148253Z [command]/usr/bin/git -c protocol.version=2 submodule update --init --force --depth=1 --recursive
build	Checkout	2026-09-24T12:49:17.8378775Z Submodule 'vendor/waveshare' (https://github.com/waveshareteam/ESP32-C6-LCD-1.9.git) registered for path 'vendor/waveshare'
build	Checkout	2026-09-24T12:49:17.8403821Z Cloning into '/home/runner/work/esp32c6-Pwnagotchi/esp32c6-Pwnagotchi/vendor/waveshare'...
build	Checkout	2026-09-24T12:49:20.9375449Z Submodule path 'vendor/waveshare': checked out '1fed15e32977de11afe1f710a0f5e915bfcc35a5'
build	Checkout	2026-09-24T12:49:20.9416447Z [command]/usr/bin/git submodule foreach --recursive git config --local gc.auto 0
build	Checkout	2026-09-24T12:49:20.9646374Z Entering 'vendor/waveshare'
build	Checkout	2026-09-24T12:49:20.9708735Z ##[endgroup]
build	Checkout	2026-09-24T12:49:20.9709657Z ##[group]Persisting credentials for submodules
build	Checkout	2026-09-24T12:49:20.9716268Z [command]/usr/bin/git submodule foreach --recursive sh -c "git config --local --name-only --get-regexp 'url\.https\:\/\/github\.com\/\.insteadOf' && git config --local --unset-all 'url.https://github.com/.insteadOf' || :"
build	Checkout	2026-09-24T12:49:20.9936292Z Entering 'vendor/waveshare'
build	Checkout	2026-09-24T12:49:20.9997474Z [command]/usr/bin/git submodule foreach --recursive sh -c "git config --local 'http.https://github.com/.extraheader' 'AUTHORIZATION: basic ***' && git config --local --show-origin --name-only --get-regexp remote.origin.url"
build	Checkout	2026-09-24T12:49:21.0217368Z Entering 'vendor/waveshare'
build	Checkout	2026-09-24T12:49:21.0258646Z file:/home/runner/work/esp32c6-Pwnagotchi/esp32c6-Pwnagotchi/.git/modules/vendor/waveshare/config	remote.origin.url
build	Checkout	2026-09-24T12:49:21.0305513Z [command]/usr/bin/git submodule foreach --recursive git config --local --add 'url.https://github.com/.insteadOf' 'git@github.com:'
build	Checkout	2026-09-24T12:49:21.0523404Z Entering 'vendor/waveshare'
build	Checkout	2026-09-24T12:49:21.0579393Z [command]/usr/bin/git submodule foreach --recursive git config --local --add 'url.https://github.com/.insteadOf' 'org-65474623@github.com:'
build	Checkout	2026-09-24T12:49:21.0796752Z Entering 'vendor/waveshare'
build	Checkout	2026-09-24T12:49:21.0851026Z ##[endgroup]
build	Checkout	2026-09-24T12:49:21.0901151Z [command]/usr/bin/git log -1 --format=%H
build	Checkout	2026-09-24T12:49:21.0931030Z 3f23fcd08f7da23b606e2289e326bf8d8734875b
build	Stamp git commit into firmware	﻿2026-09-24T12:49:21.1212237Z ##[group]Run printf '#define APP_BUILD_GIT_SHA "%s"\n#define APP_BUILD_GIT_SHORT "%s"\n' \
build	Stamp git commit into firmware	2026-09-24T12:49:21.1213005Z ^[[36;1mprintf '#define APP_BUILD_GIT_SHA "%s"\n#define APP_BUILD_GIT_SHORT "%s"\n' \^[[0m
build	Stamp git commit into firmware	2026-09-24T12:49:21.1213521Z ^[[36;1m  "${GITHUB_SHA}" "${GITHUB_SHA::7}" > main/build_info.h^[[0m
build	Stamp git commit into firmware	2026-09-24T12:49:21.1213891Z ^[[36;1mcat main/build_info.h^[[0m
build	Stamp git commit into firmware	2026-09-24T12:49:21.1530868Z shell: /usr/bin/bash -e {0}
build	Stamp git commit into firmware	2026-09-24T12:49:21.1531266Z ##[endgroup]
build	Stamp git commit into firmware	2026-09-24T12:49:21.1654174Z #define APP_BUILD_GIT_SHA "3f23fcd08f7da23b606e2289e326bf8d8734875b"
build	Stamp git commit into firmware	2026-09-24T12:49:21.1654903Z #define APP_BUILD_GIT_SHORT "3f23fcd"
build	Build ESP32-C6 firmware	﻿2026-09-24T12:49:21.1728572Z ##[group]Run espressif/esp-idf-ci-action@v1
build	Build ESP32-C6 firmware	2026-09-24T12:49:21.1728928Z with:
build	Build ESP32-C6 firmware	2026-09-24T12:49:21.1729142Z   esp_idf_version: v5.4
build	Build ESP32-C6 firmware	2026-09-24T12:49:21.1729374Z   target: esp32c6
build	Build ESP32-C6 firmware	2026-09-24T12:49:21.1729612Z   path: .
build	Build ESP32-C6 firmware	2026-09-24T12:49:21.1730071Z   command: idf.py build &&
build	Build ESP32-C6 firmware	idf.py size size-components size-files | tee build/phase3c-size-report.txt
build	Build ESP32-C6 firmware	
build	Build ESP32-C6 firmware	2026-09-24T12:49:21.1730592Z   esp_idf_docker_image: espressif/idf
build	Build ESP32-C6 firmware	2026-09-24T12:49:21.1730861Z ##[endgroup]
build	Build ESP32-C6 firmware	2026-09-24T12:49:21.1823410Z ##[start-action display=Run export IDF_TARGET=$(echo "esp32c6" | tr '[:upper:%5D' '[:lower:%5D' | tr -d '_-');id=__espressif_esp-idf-ci-action.__run]
build	Build ESP32-C6 firmware	2026-09-24T12:49:21.1854459Z ##[group]Run export IDF_TARGET=$(echo "esp32c6" | tr '[:upper:]' '[:lower:]' | tr -d '_-')
build	Build ESP32-C6 firmware	2026-09-24T12:49:21.1855279Z ^[[36;1mexport IDF_TARGET=$(echo "esp32c6" | tr '[:upper:]' '[:lower:]' | tr -d '_-')^[[0m
build	Build ESP32-C6 firmware	2026-09-24T12:49:21.1855701Z ^[[36;1mdocker run -t \^[[0m
build	Build ESP32-C6 firmware	2026-09-24T12:49:21.1855965Z ^[[36;1m-e IDF_TARGET="${IDF_TARGET}" \^[[0m
build	Build ESP32-C6 firmware	2026-09-24T12:49:21.1856382Z ^[[36;1m-v "${GITHUB_WORKSPACE}:/app/yuanwil1y/esp32c6-Pwnagotchi" \^[[0m
build	Build ESP32-C6 firmware	2026-09-24T12:49:21.1856792Z ^[[36;1m-w "/app/yuanwil1y/esp32c6-Pwnagotchi/." \^[[0m
build	Build ESP32-C6 firmware	2026-09-24T12:49:21.1857085Z ^[[36;1m \^[[0m
build	Build ESP32-C6 firmware	2026-09-24T12:49:21.1857288Z ^[[36;1mespressif/idf:v5.4 \^[[0m
build	Build ESP32-C6 firmware	2026-09-24T12:49:21.1857686Z ^[[36;1m/bin/bash -c 'git config --global --add safe.directory "*" && idf.py build &&^[[0m
build	Build ESP32-C6 firmware	2026-09-24T12:49:21.1858254Z ^[[36;1midf.py size size-components size-files | tee build/phase3c-size-report.txt^[[0m
build	Build ESP32-C6 firmware	2026-09-24T12:49:21.1858671Z ^[[36;1m'^[[0m
build	Build ESP32-C6 firmware	2026-09-24T12:49:21.1926500Z shell: /usr/bin/bash --noprofile --norc -e -o pipefail {0}
build	Build ESP32-C6 firmware	2026-09-24T12:49:21.1926901Z ##[endgroup]
build	Build ESP32-C6 firmware	2026-09-24T12:49:21.3073835Z Unable to find image 'espressif/idf:v5.4' locally
build	Build ESP32-C6 firmware	2026-09-24T12:49:22.0838596Z v5.4: Pulling from espressif/idf
build	Build ESP32-C6 firmware	2026-09-24T12:49:22.3117634Z de44b265507a: Pulling fs layer
build	Build ESP32-C6 firmware	2026-09-24T12:49:22.3118216Z e77999699af9: Pulling fs layer
build	Build ESP32-C6 firmware	2026-09-24T12:49:22.3118675Z 50f1c1b63b65: Pulling fs layer
build	Build ESP32-C6 firmware	2026-09-24T12:49:22.3119122Z 57851bba112a: Pulling fs layer
build	Build ESP32-C6 firmware	2026-09-24T12:49:22.3119602Z a31a0a15b4ae: Pulling fs layer
build	Build ESP32-C6 firmware	2026-09-24T12:49:22.3120035Z 996bede91559: Pulling fs layer
build	Build ESP32-C6 firmware	2026-09-24T12:49:22.3120479Z c275d5c9b1df: Pulling fs layer
build	Build ESP32-C6 firmware	2026-09-24T12:49:22.3120905Z 4f4fb700ef54: Pulling fs layer
build	Build ESP32-C6 firmware	2026-09-24T12:49:22.3121323Z a31a0a15b4ae: Waiting
build	Build ESP32-C6 firmware	2026-09-24T12:49:22.3122155Z c275d5c9b1df: Waiting
build	Build ESP32-C6 firmware	2026-09-24T12:49:22.3122575Z 996bede91559: Waiting
build	Build ESP32-C6 firmware	2026-09-24T12:49:22.3122974Z 4f4fb700ef54: Waiting
build	Build ESP32-C6 firmware	2026-09-24T12:49:22.3123560Z 57851bba112a: Waiting
build	Build ESP32-C6 firmware	2026-09-24T12:49:22.5787092Z 50f1c1b63b65: Verifying Checksum
build	Build ESP32-C6 firmware	2026-09-24T12:49:22.5787701Z 50f1c1b63b65: Download complete
build	Build ESP32-C6 firmware	2026-09-24T12:49:22.6083622Z de44b265507a: Verifying Checksum
build	Build ESP32-C6 firmware	2026-09-24T12:49:22.6084604Z de44b265507a: Download complete
build	Build ESP32-C6 firmware	2026-09-24T12:49:23.2912661Z e77999699af9: Verifying Checksum
build	Build ESP32-C6 firmware	2026-09-24T12:49:23.2917861Z e77999699af9: Download complete
build	Build ESP32-C6 firmware	2026-09-24T12:49:23.4800110Z 996bede91559: Download complete
build	Build ESP32-C6 firmware	2026-09-24T12:49:23.6599956Z c275d5c9b1df: Verifying Checksum
build	Build ESP32-C6 firmware	2026-09-24T12:49:23.6601323Z c275d5c9b1df: Download complete
build	Build ESP32-C6 firmware	2026-09-24T12:49:23.8353312Z 4f4fb700ef54: Verifying Checksum
build	Build ESP32-C6 firmware	2026-09-24T12:49:23.8359444Z 4f4fb700ef54: Download complete
build	Build ESP32-C6 firmware	2026-09-24T12:49:24.7172944Z de44b265507a: Pull complete
build	Build ESP32-C6 firmware	2026-09-24T12:49:28.0195088Z a31a0a15b4ae: Verifying Checksum
build	Build ESP32-C6 firmware	2026-09-24T12:49:28.0195832Z a31a0a15b4ae: Download complete
build	Build ESP32-C6 firmware	2026-09-24T12:49:31.5342498Z 57851bba112a: Download complete
build	Build ESP32-C6 firmware	2026-09-24T12:49:40.3726844Z e77999699af9: Pull complete
build	Build ESP32-C6 firmware	2026-09-24T12:49:41.0160656Z 50f1c1b63b65: Pull complete
build	Build ESP32-C6 firmware	2026-09-24T12:49:58.1671870Z 57851bba112a: Pull complete
build	Build ESP32-C6 firmware	2026-09-24T12:50:20.8542406Z a31a0a15b4ae: Pull complete
build	Build ESP32-C6 firmware	2026-09-24T12:50:20.8628456Z 996bede91559: Pull complete
build	Build ESP32-C6 firmware	2026-09-24T12:50:20.8737831Z c275d5c9b1df: Pull complete
build	Build ESP32-C6 firmware	2026-09-24T12:50:20.8808639Z 4f4fb700ef54: Pull complete
build	Build ESP32-C6 firmware	2026-09-24T12:50:20.8854749Z Digest: sha256:f1e9f69dc052b9afc7801ca884e0ef40c17e014bb05ce73d9c09d29290bd17fb
build	Build ESP32-C6 firmware	2026-09-24T12:50:20.8864931Z Status: Downloaded newer image for espressif/idf:v5.4
build	Build ESP32-C6 firmware	2026-09-24T12:50:21.0802734Z Checking "python3" ...
build	Build ESP32-C6 firmware	2026-09-24T12:50:21.1052789Z Python 3.12.3
build	Build ESP32-C6 firmware	2026-09-24T12:50:21.1053226Z "python3" has been detected
build	Build ESP32-C6 firmware	2026-09-24T12:50:21.2860216Z ^[[91mActivating ESP-IDF ^[[0m^[[1;91m5.4^[[0m
build	Build ESP32-C6 firmware	2026-09-24T12:50:21.3106526Z ^[[91m*^[[0m Checking python version ^[[33m...^[[0m ^[[1;32m3.12^[[0m^[[32m.^[[0m^[[1;32m3^[[0m
build	Build ESP32-C6 firmware	2026-09-24T12:50:21.5980333Z ^[[91m*^[[0m Checking python dependencies ^[[33m...^[[0m ^[[32mOK^[[0m
build	Build ESP32-C6 firmware	2026-09-24T12:50:21.6914548Z ^[[91m*^[[0m Deactivating the current ESP-IDF environment ^[[1m(^[[0mif any^[[1m)^[[0m ^[[33m...^[[0m ^[[32mOK^[[0m
build	Build ESP32-C6 firmware	2026-09-24T12:50:21.8488378Z ^[[91m*^[[0m Establishing a new ESP-IDF environment ^[[33m...^[[0m ^[[32mOK^[[0m
build	Build ESP32-C6 firmware	2026-09-24T12:50:21.8617507Z ^[[91m*^[[0m Identifying shell ^[[33m...^[[0m ^[[32mbash^[[0m
build	Build ESP32-C6 firmware	2026-09-24T12:50:21.9565992Z ^[[91m*^[[0m Detecting outdated tools in system ^[[33m...^[[0m ^[[32mOK - no outdated tools found^[[0m
build	Build ESP32-C6 firmware	2026-09-24T12:50:21.9582735Z ^[[91m*^[[0m Shell completion ^[[33m...^[[0m ^[[32mAutocompletion code generated^[[0m
build	Build ESP32-C6 firmware	2026-09-24T12:50:22.5443215Z 
build	Build ESP32-C6 firmware	2026-09-24T12:50:22.5444015Z Done! You can now compile ESP-IDF projects.
build	Build ESP32-C6 firmware	2026-09-24T12:50:22.5452435Z Go to the project directory and run:
build	Build ESP32-C6 firmware	2026-09-24T12:50:22.5452693Z 
build	Build ESP32-C6 firmware	2026-09-24T12:50:22.5452793Z   idf.py build
build	Build ESP32-C6 firmware	2026-09-24T12:50:23.3131176Z Executing action: all (aliases: build)
build	Build ESP32-C6 firmware	2026-09-24T12:50:23.3175127Z Running cmake in directory /app/yuanwil1y/esp32c6-Pwnagotchi/build
build	Build ESP32-C6 firmware	2026-09-24T12:50:23.3176674Z Executing "cmake -G Ninja -DPYTHON_DEPS_CHECKED=1 -DPYTHON=/opt/esp/python_env/idf5.4_py3.12_env/bin/python -DESP_PLATFORM=1 -DCCACHE_ENABLE=1 /app/yuanwil1y/esp32c6-Pwnagotchi"...
build	Build ESP32-C6 firmware	2026-09-24T12:50:23.3834770Z -- Found Git: /usr/bin/git (found version "2.43.0")
build	Build ESP32-C6 firmware	2026-09-24T12:50:25.6904122Z -- ccache will be used for faster recompilation
build	Build ESP32-C6 firmware	2026-09-24T12:50:25.7503160Z -- The C compiler identification is GNU 14.2.0
build	Build ESP32-C6 firmware	2026-09-24T12:50:25.8111061Z -- The CXX compiler identification is GNU 14.2.0
build	Build ESP32-C6 firmware	2026-09-24T12:50:25.8234682Z -- The ASM compiler identification is GNU
build	Build ESP32-C6 firmware	2026-09-24T12:50:25.8261465Z -- Found assembler: /opt/esp/tools/riscv32-esp-elf/esp-14.2.0_20241119/riscv32-esp-elf/bin/riscv32-esp-elf-gcc
build	Build ESP32-C6 firmware	2026-09-24T12:50:25.8350039Z -- Detecting C compiler ABI info
build	Build ESP32-C6 firmware	2026-09-24T12:50:25.8860019Z -- Detecting C compiler ABI info - done
build	Build ESP32-C6 firmware	2026-09-24T12:50:25.9004700Z -- Check for working C compiler: /opt/esp/tools/riscv32-esp-elf/esp-14.2.0_20241119/riscv32-esp-elf/bin/riscv32-esp-elf-gcc - skipped
build	Build ESP32-C6 firmware	2026-09-24T12:50:25.9012118Z -- Detecting C compile features
build	Build ESP32-C6 firmware	2026-09-24T12:50:25.9013864Z -- Detecting C compile features - done
build	Build ESP32-C6 firmware	2026-09-24T12:50:25.9090582Z -- Detecting CXX compiler ABI info
build	Build ESP32-C6 firmware	2026-09-24T12:50:25.9674852Z -- Detecting CXX compiler ABI info - done
build	Build ESP32-C6 firmware	2026-09-24T12:50:25.9838821Z -- Check for working CXX compiler: /opt/esp/tools/riscv32-esp-elf/esp-14.2.0_20241119/riscv32-esp-elf/bin/riscv32-esp-elf-g++ - skipped
build	Build ESP32-C6 firmware	2026-09-24T12:50:25.9841290Z -- Detecting CXX compile features
build	Build ESP32-C6 firmware	2026-09-24T12:50:25.9850356Z -- Detecting CXX compile features - done
build	Build ESP32-C6 firmware	2026-09-24T12:50:26.8369757Z -- Building ESP-IDF components for target esp32c6
build	Build ESP32-C6 firmware	2026-09-24T12:50:27.2800536Z NOTICE: Dependencies lock doesn't exist, solving dependencies.
build	Build ESP32-C6 firmware	2026-09-24T12:50:27.3851147Z ......NOTICE: Updating lock file at /app/yuanwil1y/esp32c6-Pwnagotchi/dependencies.lock
build	Build ESP32-C6 firmware	2026-09-24T12:50:27.3852237Z NOTICE: Processing 4 dependencies:
build	Build ESP32-C6 firmware	2026-09-24T12:50:27.3852632Z NOTICE: [1/4] espressif/cmake_utilities (0.5.3)
build	Build ESP32-C6 firmware	2026-09-24T12:50:27.4067934Z NOTICE: [2/4] espressif/esp_lcd_sh8601 (1.0.0)
build	Build ESP32-C6 firmware	2026-09-24T12:50:27.4226089Z NOTICE: [3/4] lvgl/lvgl (8.3.11)
build	Build ESP32-C6 firmware	2026-09-24T12:50:28.0918662Z NOTICE: [4/4] idf (5.4.0)
build	Build ESP32-C6 firmware	2026-09-24T12:50:29.3354081Z -- Project sdkconfig file /app/yuanwil1y/esp32c6-Pwnagotchi/sdkconfig
build	Build ESP32-C6 firmware	2026-09-24T12:50:29.5527787Z Loading defaults file /app/yuanwil1y/esp32c6-Pwnagotchi/sdkconfig.defaults...
build	Build ESP32-C6 firmware	2026-09-24T12:50:29.7271535Z -- Adding linker script /opt/esp/idf/components/riscv/ld/rom.api.ld
build	Build ESP32-C6 firmware	2026-09-24T12:50:29.8011493Z -- Found Python3: /opt/esp/python_env/idf5.4_py3.12_env/bin/python (found version "3.12.3") found components: Interpreter
build	Build ESP32-C6 firmware	2026-09-24T12:50:29.8446277Z -- Performing Test CMAKE_HAVE_LIBC_PTHREAD
build	Build ESP32-C6 firmware	2026-09-24T12:50:29.9126365Z -- Performing Test CMAKE_HAVE_LIBC_PTHREAD - Success
build	Build ESP32-C6 firmware	2026-09-24T12:50:29.9132047Z -- Found Threads: TRUE
build	Build ESP32-C6 firmware	2026-09-24T12:50:29.9160692Z -- Performing Test C_COMPILER_SUPPORTS_WFORMAT_SIGNEDNESS
build	Build ESP32-C6 firmware	2026-09-24T12:50:29.9657102Z -- Performing Test C_COMPILER_SUPPORTS_WFORMAT_SIGNEDNESS - Success
build	Build ESP32-C6 firmware	2026-09-24T12:50:30.1371317Z -- App "esp32c6_pwnagotchi" version: 3f23fcd
build	Build ESP32-C6 firmware	2026-09-24T12:50:30.2603390Z -- Adding linker script /app/yuanwil1y/esp32c6-Pwnagotchi/build/esp-idf/esp_system/ld/memory.ld
build	Build ESP32-C6 firmware	2026-09-24T12:50:30.2604577Z -- Adding linker script /app/yuanwil1y/esp32c6-Pwnagotchi/build/esp-idf/esp_system/ld/sections.ld.in
build	Build ESP32-C6 firmware	2026-09-24T12:50:30.2734715Z -- Adding linker script /opt/esp/idf/components/esp_rom/esp32c6/ld/esp32c6.rom.ld
build	Build ESP32-C6 firmware	2026-09-24T12:50:30.2735571Z -- Adding linker script /opt/esp/idf/components/esp_rom/esp32c6/ld/esp32c6.rom.api.ld
build	Build ESP32-C6 firmware	2026-09-24T12:50:30.2739750Z -- Adding linker script /opt/esp/idf/components/esp_rom/esp32c6/ld/esp32c6.rom.rvfp.ld
build	Build ESP32-C6 firmware	2026-09-24T12:50:30.2741901Z -- Adding linker script /opt/esp/idf/components/esp_rom/esp32c6/ld/esp32c6.rom.wdt.ld
build	Build ESP32-C6 firmware	2026-09-24T12:50:30.2743975Z -- Adding linker script /opt/esp/idf/components/esp_rom/esp32c6/ld/esp32c6.rom.systimer.ld
build	Build ESP32-C6 firmware	2026-09-24T12:50:30.2746177Z -- Adding linker script /opt/esp/idf/components/esp_rom/esp32c6/ld/esp32c6.rom.version.ld
build	Build ESP32-C6 firmware	2026-09-24T12:50:30.2747988Z -- Adding linker script /opt/esp/idf/components/esp_rom/esp32c6/ld/esp32c6.rom.phy.ld
build	Build ESP32-C6 firmware	2026-09-24T12:50:30.2749791Z -- Adding linker script /opt/esp/idf/components/esp_rom/esp32c6/ld/esp32c6.rom.coexist.ld
build	Build ESP32-C6 firmware	2026-09-24T12:50:30.2751147Z -- Adding linker script /opt/esp/idf/components/esp_rom/esp32c6/ld/esp32c6.rom.net80211.ld
build	Build ESP32-C6 firmware	2026-09-24T12:50:30.2753173Z -- Adding linker script /opt/esp/idf/components/esp_rom/esp32c6/ld/esp32c6.rom.pp.ld
build	Build ESP32-C6 firmware	2026-09-24T12:50:30.2754517Z -- Adding linker script /opt/esp/idf/components/esp_rom/esp32c6/ld/esp32c6.rom.newlib.ld
build	Build ESP32-C6 firmware	2026-09-24T12:50:30.2756423Z -- Adding linker script /opt/esp/idf/components/esp_rom/esp32c6/ld/esp32c6.rom.newlib-normal.ld
build	Build ESP32-C6 firmware	2026-09-24T12:50:30.2758013Z -- Adding linker script /opt/esp/idf/components/esp_rom/esp32c6/ld/esp32c6.rom.heap.ld
build	Build ESP32-C6 firmware	2026-09-24T12:50:30.2929275Z -- Adding linker script /opt/esp/idf/components/soc/esp32c6/ld/esp32c6.peripherals.ld
build	Build ESP32-C6 firmware	2026-09-24T12:50:30.6138201Z -- ESP_LCD_SH8601: 1.0.0
build	Build ESP32-C6 firmware	2026-09-24T12:50:30.8053666Z -- Components: app_trace app_update board bootloader bootloader_support bt cmock console cxx driver efuse esp-tls esp_adc esp_app_format esp_bootloader_format esp_coex esp_common esp_driver_ana_cmpr esp_driver_cam esp_driver_dac esp_driver_gpio esp_driver_gptimer esp_driver_i2c esp_driver_i2s esp_driver_isp esp_driver_jpeg esp_driver_ledc esp_driver_mcpwm esp_driver_parlio esp_driver_pcnt esp_driver_ppa esp_driver_rmt esp_driver_sdio esp_driver_sdm esp_driver_sdmmc esp_driver_sdspi esp_driver_spi esp_driver_touch_sens esp_driver_tsens esp_driver_uart esp_driver_usb_serial_jtag esp_eth esp_event esp_gdbstub esp_hid esp_http_client esp_http_server esp_https_ota esp_https_server esp_hw_support esp_lcd esp_local_ctrl esp_mm esp_netif esp_netif_stack esp_partition esp_phy esp_pm esp_psram esp_ringbuf esp_rom esp_security esp_system esp_timer esp_vfs_console esp_wifi espcoredump espressif__cmake_utilities espressif__esp_lcd_sh8601 esptool_py fatfs freertos hal heap http_parser idf_test ieee802154 json log lvgl__lvgl lwip main mbedtls mqtt newlib nvs_flash nvs_sec_provider openthread partition_table protobuf-c protocomm pthread radio riscv rt sdmmc soc spi_flash spiffs storage tcp_transport ulp unity usb vfs wear_levelling wifi_provisioning world wpa_supplicant
build	Build ESP32-C6 firmware	2026-09-24T12:50:30.8087294Z -- Component paths: /opt/esp/idf/components/app_trace /opt/esp/idf/components/app_update /app/yuanwil1y/esp32c6-Pwnagotchi/components/board /opt/esp/idf/components/bootloader /opt/esp/idf/components/bootloader_support /opt/esp/idf/components/bt /opt/esp/idf/components/cmock /opt/esp/idf/components/console /opt/esp/idf/components/cxx /opt/esp/idf/components/driver /opt/esp/idf/components/efuse /opt/esp/idf/components/esp-tls /opt/esp/idf/components/esp_adc /opt/esp/idf/components/esp_app_format /opt/esp/idf/components/esp_bootloader_format /opt/esp/idf/components/esp_coex /opt/esp/idf/components/esp_common /opt/esp/idf/components/esp_driver_ana_cmpr /opt/esp/idf/components/esp_driver_cam /opt/esp/idf/components/esp_driver_dac /opt/esp/idf/components/esp_driver_gpio /opt/esp/idf/components/esp_driver_gptimer /opt/esp/idf/components/esp_driver_i2c /opt/esp/idf/components/esp_driver_i2s /opt/esp/idf/components/esp_driver_isp /opt/esp/idf/components/esp_driver_jpeg /opt/esp/idf/components/esp_driver_ledc /opt/esp/idf/components/esp_driver_mcpwm /opt/esp/idf/components/esp_driver_parlio /opt/esp/idf/components/esp_driver_pcnt /opt/esp/idf/components/esp_driver_ppa /opt/esp/idf/components/esp_driver_rmt /opt/esp/idf/components/esp_driver_sdio /opt/esp/idf/components/esp_driver_sdm /opt/esp/idf/components/esp_driver_sdmmc /opt/esp/idf/components/esp_driver_sdspi /opt/esp/idf/components/esp_driver_spi /opt/esp/idf/components/esp_driver_touch_sens /opt/esp/idf/components/esp_driver_tsens /opt/esp/idf/components/esp_driver_uart /opt/esp/idf/components/esp_driver_usb_serial_jtag /opt/esp/idf/components/esp_eth /opt/esp/idf/components/esp_event /opt/esp/idf/components/esp_gdbstub /opt/esp/idf/components/esp_hid /opt/esp/idf/components/esp_http_client /opt/esp/idf/components/esp_http_server /opt/esp/idf/components/esp_https_ota /opt/esp/idf/components/esp_https_server /opt/esp/idf/components/esp_hw_support /opt/esp/idf/components/esp_lcd /opt/esp/idf/components/esp_local_ctrl /opt/esp/idf/components/esp_mm /opt/esp/idf/components/esp_netif /opt/esp/idf/components/esp_netif_stack /opt/esp/idf/components/esp_partition /opt/esp/idf/components/esp_phy /opt/esp/idf/components/esp_pm /opt/esp/idf/components/esp_psram /opt/esp/idf/components/esp_ringbuf /opt/esp/idf/components/esp_rom /opt/esp/idf/components/esp_security /opt/esp/idf/components/esp_system /opt/esp/idf/components/esp_timer /opt/esp/idf/components/esp_vfs_console /opt/esp/idf/components/esp_wifi /opt/esp/idf/components/espcoredump /app/yuanwil1y/esp32c6-Pwnagotchi/managed_components/espressif__cmake_utilities /app/yuanwil1y/esp32c6-Pwnagotchi/managed_components/espressif__esp_lcd_sh8601 /opt/esp/idf/components/esptool_py /opt/esp/idf/components/fatfs /opt/esp/idf/components/freertos /opt/esp/idf/components/hal /opt/esp/idf/components/heap /opt/esp/idf/components/http_parser /opt/esp/idf/components/idf_test /opt/esp/idf/components/ieee802154 /opt/esp/idf/components/json /opt/esp/idf/components/log /app/yuanwil1y/esp32c6-Pwnagotchi/managed_components/lvgl__lvgl /opt/esp/idf/components/lwip /app/yuanwil1y/esp32c6-Pwnagotchi/main /opt/esp/idf/components/mbedtls /opt/esp/idf/components/mqtt /opt/esp/idf/components/newlib /opt/esp/idf/components/nvs_flash /opt/esp/idf/components/nvs_sec_provider /opt/esp/idf/components/openthread /opt/esp/idf/components/partition_table /opt/esp/idf/components/protobuf-c /opt/esp/idf/components/protocomm /opt/esp/idf/components/pthread /app/yuanwil1y/esp32c6-Pwnagotchi/components/radio /opt/esp/idf/components/riscv /opt/esp/idf/components/rt /opt/esp/idf/components/sdmmc /opt/esp/idf/components/soc /opt/esp/idf/components/spi_flash /opt/esp/idf/components/spiffs /app/yuanwil1y/esp32c6-Pwnagotchi/components/storage /opt/esp/idf/components/tcp_transport /opt/esp/idf/components/ulp /opt/esp/idf/components/unity /opt/esp/idf/components/usb /opt/esp/idf/components/vfs /opt/esp/idf/components/wear_levelling /opt/esp/idf/components/wifi_provisioning /app/yuanwil1y/esp32c6-Pwnagotchi/components/world /opt/esp/idf/components/wpa_supplicant
build	Build ESP32-C6 firmware	2026-09-24T12:50:30.8154725Z -- Configuring done (7.5s)
build	Build ESP32-C6 firmware	2026-09-24T12:50:31.5415756Z -- Generating done (0.7s)
build	Build ESP32-C6 firmware	2026-09-24T12:50:31.5420169Z -- Build files have been written to: /app/yuanwil1y/esp32c6-Pwnagotchi/build
build	Build ESP32-C6 firmware	2026-09-24T12:50:31.6100987Z Running ninja in directory /app/yuanwil1y/esp32c6-Pwnagotchi/build
build	Build ESP32-C6 firmware	2026-09-24T12:50:31.6101473Z Executing "ninja all"...
build	Build ESP32-C6 firmware	2026-09-24T12:50:31.7307851Z 
build	Build ESP32-C6 firmware	2026-09-24T12:50:31.7358611Z [1/1416] Generating project_elf_src_esp32c6.c^[[K
build	Build ESP32-C6 firmware	2026-09-24T12:50:31.7364804Z [2/1416] Generating /app/yuanwil1y/esp32c6-Pwnagotchi/build/esp-idf/esp_system/ld/sections.ld.in linker script...^[[K
build	Build ESP32-C6 firmware	2026-09-24T12:50:31.8012362Z [3/1416] Generating /app/yuanwil1y/esp32c6-Pwnagotchi/build/esp-idf/esp_system/ld/memory.ld linker script...^[[K
build	Build ESP32-C6 firmware	2026-09-24T12:50:31.8019773Z [4/1416] Generating ../../partition_table/partition-table.bin^[[K
build	Build ESP32-C6 firmware	2026-09-24T12:50:31.8021088Z Partition table binary generated. Contents:
build	Build ESP32-C6 firmware	2026-09-24T12:50:31.8022477Z *******************************************************************************
build	Build ESP32-C6 firmware	2026-09-24T12:50:31.8023661Z # ESP-IDF Partition Table
build	Build ESP32-C6 firmware	2026-09-24T12:50:31.8025015Z # Name, Type, SubType, Offset, Size, Flags
build	Build ESP32-C6 firmware	2026-09-24T12:50:31.8026040Z nvs,data,nvs,0x9000,24K,
build	Build ESP32-C6 firmware	2026-09-24T12:50:31.8026827Z phy_init,data,phy,0xf000,4K,
build	Build ESP32-C6 firmware	2026-09-24T12:50:31.8027494Z factory,app,factory,0x10000,4M,
build	Build ESP32-C6 firmware	2026-09-24T12:50:31.8028217Z *******************************************************************************
build	Build ESP32-C6 firmware	2026-09-24T12:50:31.8577748Z 
build	Build ESP32-C6 firmware	2026-09-24T12:50:31.8879887Z [5/1416] Building C object esp-idf/mbedtls/mbedtls/3rdparty/everest/CMakeFiles/everest.dir/library/Hacl_Curve25519_joined.c.obj^[[K
build	Build ESP32-C6 firmware	2026-09-24T12:50:31.9367487Z [6/1416] Building C object esp-idf/mbedtls/mbedtls/3rdparty/everest/CMakeFiles/everest.dir/library/x25519.c.obj^[[K
build	Build ESP32-C6 firmware	2026-09-24T12:50:31.9394659Z [7/1416] Building C object esp-idf/mbedtls/mbedtls/3rdparty/p256-m/CMakeFiles/p256m.dir/p256-m_driver_entrypoints.c.obj^[[K
build	Build ESP32-C6 firmware	2026-09-24T12:50:31.9426083Z [8/1416] Building C object esp-idf/mbedtls/mbedtls/3rdparty/p256-m/CMakeFiles/p256m.dir/p256-m/p256-m.c.obj^[[K
build	Build ESP32-C6 firmware	2026-09-24T12:50:32.0090819Z [9/1416] Building C object esp-idf/mbedtls/mbedtls/3rdparty/everest/CMakeFiles/everest.dir/library/everest.c.obj^[[K
build	Build ESP32-C6 firmware	2026-09-24T12:50:32.0175009Z [10/1416] Building C object esp-idf/mbedtls/mbedtls/library/CMakeFiles/mbedcrypto.dir/aesce.c.obj^[[K
build	Build ESP32-C6 firmware	2026-09-24T12:50:32.1428442Z [11/1416] Building C object esp-idf/mbedtls/mbedtls/library/CMakeFiles/mbedcrypto.dir/aesni.c.obj^[[K
build	Build ESP32-C6 firmware	2026-09-24T12:50:32.1994503Z [12/1416] Building C object esp-idf/mbedtls/mbedtls/library/CMakeFiles/mbedcrypto.dir/aes.c.obj^[[K
build	Build ESP32-C6 firmware	2026-09-24T12:50:32.2338745Z [13/1416] Building C object esp-idf/mbedtls/mbedtls/library/CMakeFiles/mbedcrypto.dir/asn1write.c.obj^[[K
build	Build ESP32-C6 firmware	2026-09-24T12:50:32.3100269Z [14/1416] Building C object esp-idf/mbedtls/mbedtls/library/CMakeFiles/mbedcrypto.dir/asn1parse.c.obj^[[K
build	Build ESP32-C6 firmware	2026-09-24T12:50:32.3339227Z [15/1416] Building C object esp-idf/mbedtls/mbedtls/library/CMakeFiles/mbedcrypto.dir/bignum_mod.c.obj^[[K
build	Build ESP32-C6 firmware	2026-09-24T12:50:32.3459407Z [16/1416] Building C object esp-idf/mbedtls/mbedtls/library/CMakeFiles/mbedcrypto.dir/base64.c.obj^[[K
build	Build ESP32-C6 firmware	2026-09-24T12:50:32.4028859Z [17/1416] Building C object esp-idf/mbedtls/mbedtls/library/CMakeFiles/mbedcrypto.dir/aria.c.obj^[[K
build	Build ESP32-C6 firmware	2026-09-24T12:50:32.4479420Z [18/1416] Building C object esp-idf/mbedtls/mbedtls/library/CMakeFiles/mbedcrypto.dir/bignum_mod_raw.c.obj^[[K
build	Build ESP32-C6 firmware	2026-09-24T12:50:32.5201910Z [19/1416] Building C object esp-idf/mbedtls/mbedtls/library/CMakeFiles/mbedcrypto.dir/block_cipher.c.obj^[[K
build	Build ESP32-C6 firmware	2026-09-24T12:50:32.5680085Z [20/1416] Building C object esp-idf/mbedtls/mbedtls/library/CMakeFiles/mbedcrypto.dir/camellia.c.obj^[[K
build	Build ESP32-C6 firmware	2026-09-24T12:50:32.6048116Z [21/1416] Building C object esp-idf/mbedtls/mbedtls/library/CMakeFiles/mbedcrypto.dir/chacha20.c.obj^[[K
build	Build ESP32-C6 firmware	2026-09-24T12:50:32.6128625Z [22/1416] Building C object esp-idf/mbedtls/mbedtls/library/CMakeFiles/mbedcrypto.dir/bignum_core.c.obj^[[K
build	Build ESP32-C6 firmware	2026-09-24T12:50:32.6643970Z [23/1416] Building C object esp-idf/mbedtls/mbedtls/library/CMakeFiles/mbedcrypto.dir/chachapoly.c.obj^[[K
build	Build ESP32-C6 firmware	2026-09-24T12:50:32.7059438Z [24/1416] Building C object esp-idf/mbedtls/mbedtls/library/CMakeFiles/mbedcrypto.dir/bignum.c.obj^[[K
build	Build ESP32-C6 firmware	2026-09-24T12:50:32.8232938Z [25/1416] Building C object esp-idf/mbedtls/mbedtls/library/CMakeFiles/mbedcrypto.dir/ccm.c.obj^[[K
build	Build ESP32-C6 firmware	2026-09-24T12:50:32.9008728Z [26/1416] Building C object esp-idf/mbedtls/mbedtls/library/CMakeFiles/mbedcrypto.dir/constant_time.c.obj^[[K
build	Build ESP32-C6 firmware	2026-09-24T12:50:32.9157707Z [27/1416] Building C object esp-idf/mbedtls/mbedtls/library/CMakeFiles/mbedcrypto.dir/des.c.obj^[[K
build	Build ESP32-C6 firmware	2026-09-24T12:50:32.9184690Z [28/1416] Building C object esp-idf/mbedtls/mbedtls/library/CMakeFiles/mbedcrypto.dir/cipher.c.obj^[[K
build	Build ESP32-C6 firmware	2026-09-24T12:50:32.9253382Z [29/1416] Building C object esp-idf/mbedtls/mbedtls/library/CMakeFiles/mbedcrypto.dir/cmac.c.obj^[[K
build	Build ESP32-C6 firmware	2026-09-24T12:50:32.9529122Z [30/1416] Building C object esp-idf/mbedtls/mbedtls/library/CMakeFiles/mbedcrypto.dir/cipher_wrap.c.obj^[[K
build	Build ESP32-C6 firmware	2026-09-24T12:50:33.0337897Z [31/1416] Building C object esp-idf/mbedtls/mbedtls/library/CMakeFiles/mbedcrypto.dir/dhm.c.obj^[[K
build	Build ESP32-C6 firmware	2026-09-24T12:50:33.0864449Z [32/1416] Building C object esp-idf/mbedtls/mbedtls/library/CMakeFiles/mbedcrypto.dir/ctr_drbg.c.obj^[[K
build	Build ESP32-C6 firmware	2026-09-24T12:50:33.1739050Z [33/1416] Building C object esp-idf/mbedtls/mbedtls/library/CMakeFiles/mbedcrypto.dir/ecjpake.c.obj^[[K
build	Build ESP32-C6 firmware	2026-09-24T12:50:33.2454525Z [34/1416] Building C object esp-idf/mbedtls/mbedtls/library/CMakeFiles/mbedcrypto.dir/ecdh.c.obj^[[K
build	Build ESP32-C6 firmware	2026-09-24T12:50:33.2547672Z [35/1416] Building C object esp-idf/mbedtls/mbedtls/library/CMakeFiles/mbedcrypto.dir/ecdsa.c.obj^[[K
build	Build ESP32-C6 firmware	2026-09-24T12:50:33.4033520Z [36/1416] Building C object esp-idf/mbedtls/mbedtls/library/CMakeFiles/mbedcrypto.dir/ecp_curves_new.c.obj^[[K
build	Build ESP32-C6 firmware	2026-09-24T12:50:33.4170374Z [37/1416] Building C object esp-idf/mbedtls/mbedtls/library/CMakeFiles/mbedcrypto.dir/entropy.c.obj^[[K
build	Build ESP32-C6 firmware	2026-09-24T12:50:33.4504334Z [38/1416] Building C object esp-idf/mbedtls/mbedtls/library/CMakeFiles/mbedcrypto.dir/entropy_poll.c.obj^[[K
build	Build ESP32-C6 firmware	2026-09-24T12:50:33.5580599Z [39/1416] Building C object esp-idf/mbedtls/mbedtls/library/CMakeFiles/mbedcrypto.dir/ecp_curves.c.obj^[[K
build	Build ESP32-C6 firmware	2026-09-24T12:50:33.6021342Z [40/1416] Building C object esp-idf/mbedtls/mbedtls/library/CMakeFiles/mbedcrypto.dir/hkdf.c.obj^[[K
build	Build ESP32-C6 firmware	2026-09-24T12:50:33.6517323Z [41/1416] Building C object esp-idf/mbedtls/mbedtls/library/CMakeFiles/mbedcrypto.dir/error.c.obj^[[K
build	Build ESP32-C6 firmware	2026-09-24T12:50:33.7342487Z [42/1416] Building C object esp-idf/mbedtls/mbedtls/library/CMakeFiles/mbedcrypto.dir/ecp.c.obj^[[K
build	Build ESP32-C6 firmware	2026-09-24T12:50:33.7594054Z [43/1416] Building C object esp-idf/mbedtls/mbedtls/library/CMakeFiles/mbedcrypto.dir/lmots.c.obj^[[K
build	Build ESP32-C6 firmware	2026-09-24T12:50:33.8030379Z [44/1416] Building C object esp-idf/mbedtls/mbedtls/library/CMakeFiles/mbedcrypto.dir/hmac_drbg.c.obj^[[K
build	Build ESP32-C6 firmware	2026-09-24T12:50:33.8960783Z [45/1416] Building C object esp-idf/mbedtls/mbedtls/library/CMakeFiles/mbedcrypto.dir/gcm.c.obj^[[K
build	Build ESP32-C6 firmware	2026-09-24T12:50:33.9210527Z [46/1416] Building C object esp-idf/mbedtls/mbedtls/library/CMakeFiles/mbedcrypto.dir/md5.c.obj^[[K
build	Build ESP32-C6 firmware	2026-09-24T12:50:33.9344134Z [47/1416] Building C object esp-idf/mbedtls/mbedtls/library/CMakeFiles/mbedcrypto.dir/memory_buffer_alloc.c.obj^[[K
build	Build ESP32-C6 firmware	2026-09-24T12:50:33.9506828Z [48/1416] Building C object esp-idf/mbedtls/mbedtls/library/CMakeFiles/mbedcrypto.dir/nist_kw.c.obj^[[K
build	Build ESP32-C6 firmware	2026-09-24T12:50:33.9614020Z [49/1416] Building C object esp-idf/mbedtls/mbedtls/library/CMakeFiles/mbedcrypto.dir/md.c.obj^[[K
build	Build ESP32-C6 firmware	2026-09-24T12:50:34.0684652Z [50/1416] Building C object esp-idf/mbedtls/mbedtls/library/CMakeFiles/mbedcrypto.dir/lms.c.obj^[[K
build	Build ESP32-C6 firmware	2026-09-24T12:50:34.1571280Z [51/1416] Building C object esp-idf/mbedtls/mbedtls/library/CMakeFiles/mbedcrypto.dir/padlock.c.obj^[[K
build	Build ESP32-C6 firmware	2026-09-24T12:50:34.1910745Z [52/1416] Building C object esp-idf/mbedtls/mbedtls/library/CMakeFiles/mbedcrypto.dir/pk_ecc.c.obj^[[K
build	Build ESP32-C6 firmware	2026-09-24T12:50:34.2798982Z [53/1416] Building C object esp-idf/mbedtls/mbedtls/library/CMakeFiles/mbedcrypto.dir/oid.c.obj^[[K
build	Build ESP32-C6 firmware	2026-09-24T12:50:34.3042393Z [54/1416] Building C object esp-idf/mbedtls/mbedtls/library/CMakeFiles/mbedcrypto.dir/pem.c.obj^[[K
build	Build ESP32-C6 firmware	2026-09-24T12:50:34.3484064Z [55/1416] Building C object esp-idf/mbedtls/mbedtls/library/CMakeFiles/mbedcrypto.dir/pk_wrap.c.obj^[[K
build	Build ESP32-C6 firmware	2026-09-24T12:50:34.3998060Z [56/1416] Building C object esp-idf/mbedtls/mbedtls/library/CMakeFiles/mbedcrypto.dir/pk.c.obj^[[K
build	Build ESP32-C6 firmware	2026-09-24T12:50:34.5163215Z [57/1416] Building C object esp-idf/mbedtls/mbedtls/library/CMakeFiles/mbedcrypto.dir/pkcs12.c.obj^[[K
build	Build ESP32-C6 firmware	2026-09-24T12:50:34.5528279Z [58/1416] Building C object esp-idf/mbedtls/mbedtls/library/CMakeFiles/mbedcrypto.dir/platform.c.obj^[[K
build	Build ESP32-C6 firmware	2026-09-24T12:50:34.5582352Z [59/1416] Building C object esp-idf/mbedtls/mbedtls/library/CMakeFiles/mbedcrypto.dir/platform_util.c.obj^[[K
build	Build ESP32-C6 firmware	2026-09-24T12:50:34.5599845Z [60/1416] Building C object esp-idf/mbedtls/mbedtls/library/CMakeFiles/mbedcrypto.dir/poly1305.c.obj^[[K
build	Build ESP32-C6 firmware	2026-09-24T12:50:34.7471089Z [61/1416] Building C object esp-idf/mbedtls/mbedtls/library/CMakeFiles/mbedcrypto.dir/pkcs5.c.obj^[[K
build	Build ESP32-C6 firmware	2026-09-24T12:50:34.7632275Z [62/1416] Building C object esp-idf/mbedtls/mbedtls/library/CMakeFiles/mbedcrypto.dir/psa_crypto_client.c.obj^[[K
build	Build ESP32-C6 firmware	2026-09-24T12:50:34.7837395Z [63/1416] Building C object esp-idf/mbedtls/mbedtls/library/CMakeFiles/mbedcrypto.dir/pkparse.c.obj^[[K
build	Build ESP32-C6 firmware	2026-09-24T12:50:34.8229164Z [64/1416] Building C object esp-idf/mbedtls/mbedtls/library/CMakeFiles/mbedcrypto.dir/pkwrite.c.obj^[[K
build	Build ESP32-C6 firmware	2026-09-24T12:50:34.9588150Z [65/1416] Building C object esp-idf/mbedtls/mbedtls/library/CMakeFiles/mbedcrypto.dir/psa_crypto_aead.c.obj^[[K
build	Build ESP32-C6 firmware	2026-09-24T12:50:34.9784200Z [66/1416] Building C object esp-idf/mbedtls/mbedtls/library/CMakeFiles/mbedcrypto.dir/psa_crypto_driver_wrappers_no_static.c.obj^[[K
build	Build ESP32-C6 firmware	2026-09-24T12:50:35.0338827Z [67/1416] Building C object esp-idf/mbedtls/mbedtls/library/CMakeFiles/mbedcrypto.dir/psa_crypto_cipher.c.obj^[[K
build	Build ESP32-C6 firmware	2026-09-24T12:50:35.1760974Z [68/1416] Building C object esp-idf/mbedtls/mbedtls/library/CMakeFiles/mbedcrypto.dir/psa_crypto_ffdh.c.obj^[[K
build	Build ESP32-C6 firmware	2026-09-24T12:50:35.2077374Z [69/1416] Building C object esp-idf/mbedtls/mbedtls/library/CMakeFiles/mbedcrypto.dir/psa_crypto_pake.c.obj^[[K
build	Build ESP32-C6 firmware	2026-09-24T12:50:35.2213334Z [70/1416] Building C object esp-idf/mbedtls/mbedtls/library/CMakeFiles/mbedcrypto.dir/psa_crypto_ecp.c.obj^[[K
build	Build ESP32-C6 firmware	2026-09-24T12:50:35.3001906Z [71/1416] Building C object esp-idf/mbedtls/mbedtls/library/CMakeFiles/mbedcrypto.dir/psa_crypto_hash.c.obj^[[K
build	Build ESP32-C6 firmware	2026-09-24T12:50:35.3345726Z [72/1416] Building C object esp-idf/mbedtls/mbedtls/library/CMakeFiles/mbedcrypto.dir/psa_crypto_se.c.obj^[[K
build	Build ESP32-C6 firmware	2026-09-24T12:50:35.4222226Z [73/1416] Building C object esp-idf/mbedtls/mbedtls/library/CMakeFiles/mbedcrypto.dir/psa_crypto_mac.c.obj^[[K
build	Build ESP32-C6 firmware	2026-09-24T12:50:35.5642211Z [74/1416] Building C object esp-idf/mbedtls/mbedtls/library/CMakeFiles/mbedcrypto.dir/psa_crypto_rsa.c.obj^[[K
build	Build ESP32-C6 firmware	2026-09-24T12:50:35.5792891Z [75/1416] Building C object esp-idf/mbedtls/mbedtls/library/CMakeFiles/mbedcrypto.dir/psa_its_file.c.obj^[[K
build	Build ESP32-C6 firmware	2026-09-24T12:50:35.6191390Z [76/1416] Building C object esp-idf/mbedtls/mbedtls/library/CMakeFiles/mbedcrypto.dir/psa_crypto_storage.c.obj^[[K
build	Build ESP32-C6 firmware	2026-09-24T12:50:35.6363069Z [77/1416] Building C object esp-idf/mbedtls/mbedtls/library/CMakeFiles/mbedcrypto.dir/ripemd160.c.obj^[[K
build	Build ESP32-C6 firmware	2026-09-24T12:50:35.6512980Z [78/1416] Building C object esp-idf/mbedtls/mbedtls/library/CMakeFiles/mbedcrypto.dir/psa_crypto_slot_management.c.obj^[[K
build	Build ESP32-C6 firmware	2026-09-24T12:50:35.8312525Z [79/1416] Building C object esp-idf/mbedtls/mbedtls/library/CMakeFiles/mbedcrypto.dir/psa_util.c.obj^[[K
build	Build ESP32-C6 firmware	2026-09-24T12:50:35.8923083Z [80/1416] Building C object esp-idf/mbedtls/mbedtls/library/CMakeFiles/mbedcrypto.dir/sha256.c.obj^[[K
build	Build ESP32-C6 firmware	2026-09-24T12:50:35.9198010Z [81/1416] Building C object esp-idf/mbedtls/mbedtls/library/CMakeFiles/mbedcrypto.dir/rsa_alt_helpers.c.obj^[[K
build	Build ESP32-C6 firmware	2026-09-24T12:50:36.0163431Z [82/1416] Building C object esp-idf/mbedtls/mbedtls/library/CMakeFiles/mbedcrypto.dir/sha1.c.obj^[[K
build	Build ESP32-C6 firmware	2026-09-24T12:50:36.0418599Z [83/1416] Building C object esp-idf/mbedtls/mbedtls/library/CMakeFiles/mbedcrypto.dir/sha3.c.obj^[[K
build	Build ESP32-C6 firmware	2026-09-24T12:50:36.0607910Z [84/1416] Building C object esp-idf/mbedtls/mbedtls/library/CMakeFiles/mbedcrypto.dir/sha512.c.obj^[[K
build	Build ESP32-C6 firmware	2026-09-24T12:50:36.0697220Z [85/1416] Building C object esp-idf/mbedtls/mbedtls/library/CMakeFiles/mbedcrypto.dir/threading.c.obj^[[K
build	Build ESP32-C6 firmware	2026-09-24T12:50:36.1726170Z [86/1416] Building C object esp-idf/mbedtls/mbedtls/library/CMakeFiles/mbedcrypto.dir/timing.c.obj^[[K
build	Build ESP32-C6 firmware	2026-09-24T12:50:36.2432655Z [87/1416] Building C object esp-idf/mbedtls/mbedtls/library/CMakeFiles/mbedcrypto.dir/version_features.c.obj^[[K
build	Build ESP32-C6 firmware	2026-09-24T12:50:36.2442692Z [88/1416] Building C object esp-idf/mbedtls/mbedtls/library/CMakeFiles/mbedcrypto.dir/opt/esp/idf/components/mbedtls/port/sha/dma/esp_sha_gdma_impl.c.obj^[[K
build	Build ESP32-C6 firmware	2026-09-24T12:50:36.2536098Z [89/1416] Building C object esp-idf/mbedtls/mbedtls/library/CMakeFiles/mbedcrypto.dir/psa_crypto.c.obj^[[K
build	Build ESP32-C6 firmware	2026-09-24T12:50:36.2549743Z [90/1416] Building C object esp-idf/mbedtls/mbedtls/library/CMakeFiles/mbedcrypto.dir/opt/esp/idf/components/mbedtls/port/aes/dma/esp_aes_gdma_impl.c.obj^[[K
build	Build ESP32-C6 firmware	2026-09-24T12:50:36.3662596Z [91/1416] Building C object esp-idf/mbedtls/mbedtls/library/CMakeFiles/mbedcrypto.dir/version.c.obj^[[K
build	Build ESP32-C6 firmware	2026-09-24T12:50:36.4153600Z [92/1416] Building C object esp-idf/mbedtls/mbedtls/library/CMakeFiles/mbedcrypto.dir/rsa.c.obj^[[K
build	Build ESP32-C6 firmware	2026-09-24T12:50:36.4478882Z [93/1416] Building C object esp-idf/mbedtls/mbedtls/library/CMakeFiles/mbedcrypto.dir/opt/esp/idf/components/mbedtls/port/esp_hardware.c.obj^[[K
build	Build ESP32-C6 firmware	2026-09-24T12:50:36.4740783Z [94/1416] Building C object esp-idf/mbedtls/mbedtls/library/CMakeFiles/mbedcrypto.dir/opt/esp/idf/components/mbedtls/port/esp_mem.c.obj^[[K
build	Build ESP32-C6 firmware	2026-09-24T12:50:36.5174175Z [95/1416] Building C object esp-idf/mbedtls/mbedtls/library/CMakeFiles/mbedcrypto.dir/opt/esp/idf/components/mbedtls/port/esp_timing.c.obj^[[K
build	Build ESP32-C6 firmware	2026-09-24T12:50:36.5759256Z [96/1416] Building C object esp-idf/mbedtls/mbedtls/library/CMakeFiles/mbedcrypto.dir/opt/esp/idf/components/mbedtls/port/aes/dma/esp_aes_dma_core.c.obj^[[K
build	Build ESP32-C6 firmware	2026-09-24T12:50:36.6242884Z [97/1416] Building C object esp-idf/mbedtls/mbedtls/library/CMakeFiles/mbedcrypto.dir/opt/esp/idf/components/mbedtls/port/crypto_shared_gdma/esp_crypto_shared_gdma.c.obj^[[K
build	Build ESP32-C6 firmware	2026-09-24T12:50:36.6784507Z [98/1416] Building C object esp-idf/mbedtls/mbedtls/library/CMakeFiles/mbedcrypto.dir/opt/esp/idf/components/mbedtls/port/aes/esp_aes_xts.c.obj^[[K
build	Build ESP32-C6 firmware	2026-09-24T12:50:36.7249088Z [99/1416] Building C object esp-idf/mbedtls/mbedtls/library/CMakeFiles/mbedcrypto.dir/opt/esp/idf/components/mbedtls/port/aes/esp_aes_common.c.obj^[[K
build	Build ESP32-C6 firmware	2026-09-24T12:50:36.7395529Z [100/1416] Building C object esp-idf/mbedtls/mbedtls/library/CMakeFiles/mbedcrypto.dir/opt/esp/idf/components/mbedtls/port/sha/esp_sha.c.obj^[[K
build	Build ESP32-C6 firmware	2026-09-24T12:50:36.9100963Z [101/1416] Building C object esp-idf/mbedtls/mbedtls/library/CMakeFiles/mbedcrypto.dir/opt/esp/idf/components/mbedtls/port/aes/dma/esp_aes.c.obj^[[K
build	Build ESP32-C6 firmware	2026-09-24T12:50:36.9153644Z [102/1416] Building C object esp-idf/mbedtls/mbedtls/library/CMakeFiles/mbedcrypto.dir/opt/esp/idf/components/mbedtls/port/sha/dma/sha.c.obj^[[K
build	Build ESP32-C6 firmware	2026-09-24T12:50:36.9193266Z [103/1416] Building C object esp-idf/mbedtls/mbedtls/library/CMakeFiles/mbedcrypto.dir/opt/esp/idf/components/mbedtls/port/bignum/bignum_alt.c.obj^[[K
build	Build ESP32-C6 firmware	2026-09-24T12:50:36.9800749Z [104/1416] Building C object esp-idf/mbedtls/mbedtls/library/CMakeFiles/mbedcrypto.dir/opt/esp/idf/components/mbedtls/port/esp_ds/esp_rsa_sign_alt.c.obj^[[K
build	Build ESP32-C6 firmware	2026-09-24T12:50:36.9941606Z [105/1416] Building C object esp-idf/mbedtls/mbedtls/library/CMakeFiles/mbedcrypto.dir/opt/esp/idf/components/mbedtls/port/sha/dma/esp_sha1.c.obj^[[K
build	Build ESP32-C6 firmware	2026-09-24T12:50:37.0114646Z [106/1416] Building C object esp-idf/mbedtls/mbedtls/library/CMakeFiles/mbedcrypto.dir/opt/esp/idf/components/mbedtls/port/bignum/esp_bignum.c.obj^[[K
build	Build ESP32-C6 firmware	2026-09-24T12:50:37.0489553Z [107/1416] Building C object esp-idf/mbedtls/mbedtls/library/CMakeFiles/mbedcrypto.dir/opt/esp/idf/components/mbedtls/port/sha/dma/esp_sha256.c.obj^[[K
build	Build ESP32-C6 firmware	2026-09-24T12:50:37.1649517Z [108/1416] Building C object esp-idf/mbedtls/mbedtls/library/CMakeFiles/mbedcrypto.dir/opt/esp/idf/components/mbedtls/port/sha/dma/esp_sha512.c.obj^[[K
build	Build ESP32-C6 firmware	2026-09-24T12:50:37.1658706Z [109/1416] Building C object esp-idf/mbedtls/mbedtls/library/CMakeFiles/mbedcrypto.dir/opt/esp/idf/components/mbedtls/port/ecc/esp_ecc.c.obj^[[K
build	Build ESP32-C6 firmware	2026-09-24T12:50:37.2159996Z [110/1416] Building C object esp-idf/mbedtls/mbedtls/library/CMakeFiles/mbedcrypto.dir/opt/esp/idf/components/mbedtls/port/ecc/ecc_alt.c.obj^[[K
build	Build ESP32-C6 firmware	2026-09-24T12:50:37.3574479Z [111/1416] Building C object esp-idf/mbedtls/mbedtls/library/CMakeFiles/mbedcrypto.dir/opt/esp/idf/components/mbedtls/port/md/esp_md.c.obj^[[K
build	Build ESP32-C6 firmware	2026-09-24T12:50:37.4336785Z [112/1416] Building C object esp-idf/mbedtls/mbedtls/library/CMakeFiles/mbedcrypto.dir/opt/esp/idf/components/mbedtls/port/aes/esp_aes_gcm.c.obj^[[K
build	Build ESP32-C6 firmware	2026-09-24T12:50:37.4462872Z [113/1416] Building C object esp-idf/mbedtls/mbedtls/library/CMakeFiles/mbedx509.dir/x509_create.c.obj^[[K
build	Build ESP32-C6 firmware	2026-09-24T12:50:37.6408177Z [114/1416] Building C object esp-idf/mbedtls/mbedtls/library/CMakeFiles/mbedx509.dir/pkcs7.c.obj^[[K
build	Build ESP32-C6 firmware	2026-09-24T12:50:37.6690263Z [115/1416] Building C object esp-idf/mbedtls/mbedtls/library/CMakeFiles/mbedx509.dir/x509_crl.c.obj^[[K
build	Build ESP32-C6 firmware	2026-09-24T12:50:37.7019071Z [116/1416] Building C object esp-idf/mbedtls/mbedtls/library/CMakeFiles/mbedx509.dir/x509.c.obj^[[K
build	Build ESP32-C6 firmware	2026-09-24T12:50:37.7970682Z [117/1416] Building C object esp-idf/mbedtls/mbedtls/library/CMakeFiles/mbedx509.dir/x509write.c.obj^[[K
build	Build ESP32-C6 firmware	2026-09-24T12:50:37.8337052Z [118/1416] Building C object esp-idf/mbedtls/mbedtls/library/CMakeFiles/mbedx509.dir/x509_csr.c.obj^[[K
build	Build ESP32-C6 firmware	2026-09-24T12:50:37.8592368Z [119/1416] Building C object esp-idf/mbedtls/mbedtls/library/CMakeFiles/mbedtls.dir/debug.c.obj^[[K
build	Build ESP32-C6 firmware	2026-09-24T12:50:37.8950442Z [120/1416] Building C object esp-idf/mbedtls/mbedtls/library/CMakeFiles/mbedx509.dir/x509write_crt.c.obj^[[K
build	Build ESP32-C6 firmware	2026-09-24T12:50:37.9667264Z [121/1416] Building C object esp-idf/mbedtls/mbedtls/library/CMakeFiles/mbedtls.dir/mps_reader.c.obj^[[K
build	Build ESP32-C6 firmware	2026-09-24T12:50:37.9839232Z [122/1416] Building C object esp-idf/mbedtls/mbedtls/library/CMakeFiles/mbedtls.dir/mps_trace.c.obj^[[K
build	Build ESP32-C6 firmware	2026-09-24T12:50:38.1218077Z [123/1416] Building C object esp-idf/mbedtls/mbedtls/library/CMakeFiles/mbedx509.dir/x509write_csr.c.obj^[[K
build	Build ESP32-C6 firmware	2026-09-24T12:50:38.1787273Z [124/1416] Building C object esp-idf/mbedtls/mbedtls/library/CMakeFiles/mbedtls.dir/ssl_debug_helpers_generated.c.obj^[[K
build	Build ESP32-C6 firmware	2026-09-24T12:50:38.1987371Z [125/1416] Building C object esp-idf/mbedtls/mbedtls/library/CMakeFiles/mbedtls.dir/ssl_ciphersuites.c.obj^[[K
build	Build ESP32-C6 firmware	2026-09-24T12:50:38.3031020Z [126/1416] Building C object esp-idf/mbedtls/mbedtls/library/CMakeFiles/mbedx509.dir/x509_crt.c.obj^[[K
build	Build ESP32-C6 firmware	2026-09-24T12:50:38.3148293Z [127/1416] Building C object esp-idf/mbedtls/mbedtls/library/CMakeFiles/mbedtls.dir/ssl_cookie.c.obj^[[K
build	Build ESP32-C6 firmware	2026-09-24T12:50:38.3368992Z [128/1416] Building C object esp-idf/mbedtls/mbedtls/library/CMakeFiles/mbedtls.dir/ssl_cache.c.obj^[[K
build	Build ESP32-C6 firmware	2026-09-24T12:50:38.5173587Z [129/1416] Building C object esp-idf/mbedtls/mbedtls/library/CMakeFiles/mbedtls.dir/ssl_client.c.obj^[[K
build	Build ESP32-C6 firmware	2026-09-24T12:50:38.6617826Z [130/1416] Building C object esp-idf/mbedtls/mbedtls/library/CMakeFiles/mbedtls.dir/ssl_tls13_keys.c.obj^[[K
build	Build ESP32-C6 firmware	2026-09-24T12:50:38.7199607Z [131/1416] Building C object esp-idf/mbedtls/mbedtls/library/CMakeFiles/mbedtls.dir/ssl_ticket.c.obj^[[K
build	Build ESP32-C6 firmware	2026-09-24T12:50:38.7989044Z [132/1416] Building C object esp-idf/mbedtls/mbedtls/library/CMakeFiles/mbedtls.dir/ssl_tls13_server.c.obj^[[K
build	Build ESP32-C6 firmware	2026-09-24T12:50:38.8252342Z [133/1416] Building C object esp-idf/mbedtls/mbedtls/library/CMakeFiles/mbedtls.dir/ssl_tls12_client.c.obj^[[K
build	Build ESP32-C6 firmware	2026-09-24T12:50:38.9016127Z [134/1416] Building C object esp-idf/mbedtls/mbedtls/library/CMakeFiles/mbedtls.dir/ssl_tls13_client.c.obj^[[K
build	Build ESP32-C6 firmware	2026-09-24T12:50:38.9155937Z [135/1416] Building C object esp-idf/mbedtls/mbedtls/library/CMakeFiles/mbedtls.dir/ssl_msg.c.obj^[[K
build	Build ESP32-C6 firmware	2026-09-24T12:50:38.9224682Z [136/1416] Building C object esp-idf/mbedtls/mbedtls/library/CMakeFiles/mbedtls.dir/ssl_tls13_generic.c.obj^[[K
build	Build ESP32-C6 firmware	2026-09-24T12:50:38.9280996Z [137/1416] Creating directories for 'bootloader'^[[K
build	Build ESP32-C6 firmware	2026-09-24T12:50:38.9337070Z [138/1416] No download step for 'bootloader'^[[K
build	Build ESP32-C6 firmware	2026-09-24T12:50:38.9427003Z [139/1416] No update step for 'bootloader'^[[K
build	Build ESP32-C6 firmware	2026-09-24T12:50:38.9748947Z [140/1416] No patch step for 'bootloader'^[[K
build	Build ESP32-C6 firmware	2026-09-24T12:50:39.0033370Z [141/1416] Building C object esp-idf/mbedtls/mbedtls/library/CMakeFiles/mbedtls.dir/ssl_tls12_server.c.obj^[[K
build	Build ESP32-C6 firmware	2026-09-24T12:50:39.1098537Z [142/1416] Building C object esp-idf/mbedtls/mbedtls/library/CMakeFiles/mbedtls.dir/opt/esp/idf/components/mbedtls/port/esp_platform_time.c.obj^[[K
build	Build ESP32-C6 firmware	2026-09-24T12:50:39.1333744Z [143/1416] Building C object esp-idf/mbedtls/mbedtls/library/CMakeFiles/mbedtls.dir/opt/esp/idf/components/mbedtls/port/mbedtls_debug.c.obj^[[K
build	Build ESP32-C6 firmware	2026-09-24T12:50:39.1891467Z [144/1416] Building C object esp-idf/esp_bootloader_format/CMakeFiles/__idf_esp_bootloader_format.dir/esp_bootloader_desc.c.obj^[[K
build	Build ESP32-C6 firmware	2026-09-24T12:50:39.2106663Z [145/1416] Building C object esp-idf/mbedtls/mbedtls/library/CMakeFiles/mbedtls.dir/ssl_tls.c.obj^[[K
build	Build ESP32-C6 firmware	2026-09-24T12:50:39.3756916Z [146/1416] Building C object esp-idf/esp_app_format/CMakeFiles/__idf_esp_app_format.dir/esp_app_desc.c.obj^[[K
build	Build ESP32-C6 firmware	2026-09-24T12:50:39.4985017Z [147/1416] Building C object esp-idf/app_update/CMakeFiles/__idf_app_update.dir/esp_ota_app_desc.c.obj^[[K
build	Build ESP32-C6 firmware	2026-09-24T12:50:39.5049296Z [148/1416] Building C object esp-idf/mbedtls/mbedtls/library/CMakeFiles/mbedtls.dir/opt/esp/idf/components/mbedtls/port/net_sockets.c.obj^[[K
build	Build ESP32-C6 firmware	2026-09-24T12:50:39.5250260Z [149/1416] Building C object esp-idf/app_update/CMakeFiles/__idf_app_update.dir/esp_ota_ops.c.obj^[[K
build	Build ESP32-C6 firmware	2026-09-24T12:50:39.5525204Z [150/1416] Building C object esp-idf/esp_partition/CMakeFiles/__idf_esp_partition.dir/partition.c.obj^[[K
build	Build ESP32-C6 firmware	2026-09-24T12:50:39.6150466Z [151/1416] Building C object esp-idf/esp_partition/CMakeFiles/__idf_esp_partition.dir/partition_target.c.obj^[[K
build	Build ESP32-C6 firmware	2026-09-24T12:50:39.6687875Z [152/1416] Building C object esp-idf/efuse/CMakeFiles/__idf_efuse.dir/esp32c6/esp_efuse_table.c.obj^[[K
build	Build ESP32-C6 firmware	2026-09-24T12:50:39.7282820Z [153/1416] Building C object esp-idf/efuse/CMakeFiles/__idf_efuse.dir/esp32c6/esp_efuse_fields.c.obj^[[K
build	Build ESP32-C6 firmware	2026-09-24T12:50:39.7557386Z [154/1416] Building C object esp-idf/efuse/CMakeFiles/__idf_efuse.dir/esp32c6/esp_efuse_utility.c.obj^[[K
build	Build ESP32-C6 firmware	2026-09-24T12:50:39.8610615Z [155/1416] Building C object esp-idf/efuse/CMakeFiles/__idf_efuse.dir/esp32c6/esp_efuse_rtc_calib.c.obj^[[K
build	Build ESP32-C6 firmware	2026-09-24T12:50:39.9426067Z [156/1416] Building C object esp-idf/efuse/CMakeFiles/__idf_efuse.dir/src/esp_efuse_fields.c.obj^[[K
build	Build ESP32-C6 firmware	2026-09-24T12:50:39.9651151Z [157/1416] Building C object esp-idf/efuse/CMakeFiles/__idf_efuse.dir/src/esp_efuse_api.c.obj^[[K
build	Build ESP32-C6 firmware	2026-09-24T12:50:40.0170384Z [158/1416] Building C object esp-idf/efuse/CMakeFiles/__idf_efuse.dir/src/esp_efuse_startup.c.obj^[[K
build	Build ESP32-C6 firmware	2026-09-24T12:50:40.0607171Z [159/1416] Building C object esp-idf/efuse/CMakeFiles/__idf_efuse.dir/src/esp_efuse_utility.c.obj^[[K
build	Build ESP32-C6 firmware	2026-09-24T12:50:40.2144040Z [160/1416] Building C object esp-idf/efuse/CMakeFiles/__idf_efuse.dir/src/efuse_controller/keys/with_key_purposes/esp_efuse_api_key.c.obj^[[K
build	Build ESP32-C6 firmware	2026-09-24T12:50:40.2226286Z [161/1416] Building C object esp-idf/bootloader_support/CMakeFiles/__idf_bootloader_support.dir/src/bootloader_clock_init.c.obj^[[K
build	Build ESP32-C6 firmware	2026-09-24T12:50:40.2632993Z [162/1416] Building C object esp-idf/bootloader_support/CMakeFiles/__idf_bootloader_support.dir/src/bootloader_mem.c.obj^[[K
build	Build ESP32-C6 firmware	2026-09-24T12:50:40.2973453Z [163/1416] Building C object esp-idf/bootloader_support/CMakeFiles/__idf_bootloader_support.dir/src/bootloader_common.c.obj^[[K
build	Build ESP32-C6 firmware	2026-09-24T12:50:40.3064530Z [164/1416] Building C object esp-idf/bootloader_support/CMakeFiles/__idf_bootloader_support.dir/src/bootloader_random.c.obj^[[K
build	Build ESP32-C6 firmware	2026-09-24T12:50:40.3583353Z [165/1416] Building C object esp-idf/bootloader_support/CMakeFiles/__idf_bootloader_support.dir/src/bootloader_common_loader.c.obj^[[K
build	Build ESP32-C6 firmware	2026-09-24T12:50:40.4272635Z [166/1416] Building C object esp-idf/bootloader_support/CMakeFiles/__idf_bootloader_support.dir/src/bootloader_efuse.c.obj^[[K
build	Build ESP32-C6 firmware	2026-09-24T12:50:40.5117387Z [167/1416] Building C object esp-idf/bootloader_support/CMakeFiles/__idf_bootloader_support.dir/src/bootloader_random_esp32c6.c.obj^[[K
build	Build ESP32-C6 firmware	2026-09-24T12:50:40.5739246Z [168/1416] Building C object esp-idf/bootloader_support/CMakeFiles/__idf_bootloader_support.dir/src/flash_encrypt.c.obj^[[K
build	Build ESP32-C6 firmware	2026-09-24T12:50:40.6411279Z [169/1416] Building C object esp-idf/bootloader_support/CMakeFiles/__idf_bootloader_support.dir/src/secure_boot.c.obj^[[K
build	Build ESP32-C6 firmware	2026-09-24T12:50:40.7360424Z [170/1416] Building C object esp-idf/bootloader_support/CMakeFiles/__idf_bootloader_support.dir/bootloader_flash/src/bootloader_flash.c.obj^[[K
build	Build ESP32-C6 firmware	2026-09-24T12:50:40.7689612Z [171/1416] Building C object esp-idf/bootloader_support/CMakeFiles/__idf_bootloader_support.dir/bootloader_flash/src/flash_qio_mode.c.obj^[[K
build	Build ESP32-C6 firmware	2026-09-24T12:50:40.8240613Z [172/1416] Building C object esp-idf/bootloader_support/CMakeFiles/__idf_bootloader_support.dir/bootloader_flash/src/bootloader_flash_config_esp32c6.c.obj^[[K
build	Build ESP32-C6 firmware	2026-09-24T12:50:40.9804836Z [173/1416] Building C object esp-idf/bootloader_support/CMakeFiles/__idf_bootloader_support.dir/src/flash_partitions.c.obj^[[K
build	Build ESP32-C6 firmware	2026-09-24T12:50:41.0213304Z [174/1416] Building C object esp-idf/bootloader_support/CMakeFiles/__idf_bootloader_support.dir/src/esp32c6/secure_boot_secure_features.c.obj^[[K
build	Build ESP32-C6 firmware	2026-09-24T12:50:41.1086675Z [175/1416] Building C object esp-idf/bootloader_support/CMakeFiles/__idf_bootloader_support.dir/src/bootloader_utility.c.obj^[[K
build	Build ESP32-C6 firmware	2026-09-24T12:50:41.1462236Z [176/1416] Building C object esp-idf/bootloader_support/CMakeFiles/__idf_bootloader_support.dir/src/idf/bootloader_sha.c.obj^[[K
build	Build ESP32-C6 firmware	2026-09-24T12:50:41.1483591Z [177/1416] Building C object esp-idf/esp_mm/CMakeFiles/__idf_esp_mm.dir/port/esp32c6/ext_mem_layout.c.obj^[[K
build	Build ESP32-C6 firmware	2026-09-24T12:50:41.2506835Z [178/1416] Building C object esp-idf/bootloader_support/CMakeFiles/__idf_bootloader_support.dir/src/esp_image_format.c.obj^[[K
build	Build ESP32-C6 firmware	2026-09-24T12:50:41.2706487Z [179/1416] Building C object esp-idf/spi_flash/CMakeFiles/__idf_spi_flash.dir/flash_brownout_hook.c.obj^[[K
build	Build ESP32-C6 firmware	2026-09-24T12:50:41.2811168Z [180/1416] Building C object esp-idf/esp_mm/CMakeFiles/__idf_esp_mm.dir/esp_mmu_map.c.obj^[[K
build	Build ESP32-C6 firmware	2026-09-24T12:50:41.3253644Z [181/1416] Building C object esp-idf/spi_flash/CMakeFiles/__idf_spi_flash.dir/spi_flash_chip_drivers.c.obj^[[K
build	Build ESP32-C6 firmware	2026-09-24T12:50:41.4333180Z [182/1416] Building C object esp-idf/esp_mm/CMakeFiles/__idf_esp_mm.dir/heap_align_hw.c.obj^[[K
build	Build ESP32-C6 firmware	2026-09-24T12:50:41.4730269Z [183/1416] Building C object esp-idf/esp_mm/CMakeFiles/__idf_esp_mm.dir/esp_cache.c.obj^[[K
build	Build ESP32-C6 firmware	2026-09-24T12:50:41.5404104Z [184/1416] Building C object esp-idf/spi_flash/CMakeFiles/__idf_spi_flash.dir/spi_flash_chip_issi.c.obj^[[K
build	Build ESP32-C6 firmware	2026-09-24T12:50:41.5602042Z [185/1416] Building C object esp-idf/spi_flash/CMakeFiles/__idf_spi_flash.dir/spi_flash_chip_mxic.c.obj^[[K
build	Build ESP32-C6 firmware	2026-09-24T12:50:41.6745898Z [186/1416] Building C object esp-idf/spi_flash/CMakeFiles/__idf_spi_flash.dir/spi_flash_chip_gd.c.obj^[[K
build	Build ESP32-C6 firmware	2026-09-24T12:50:41.6833438Z [187/1416] Building C object esp-idf/spi_flash/CMakeFiles/__idf_spi_flash.dir/spi_flash_chip_winbond.c.obj^[[K
build	Build ESP32-C6 firmware	2026-09-24T12:50:41.6926978Z [188/1416] Building C object esp-idf/spi_flash/CMakeFiles/__idf_spi_flash.dir/spi_flash_chip_generic.c.obj^[[K
build	Build ESP32-C6 firmware	2026-09-24T12:50:41.7784134Z [189/1416] Building C object esp-idf/spi_flash/CMakeFiles/__idf_spi_flash.dir/spi_flash_chip_boya.c.obj^[[K
build	Build ESP32-C6 firmware	2026-09-24T12:50:41.7838635Z [190/1416] Building C object esp-idf/spi_flash/CMakeFiles/__idf_spi_flash.dir/spi_flash_chip_mxic_opi.c.obj^[[K
build	Build ESP32-C6 firmware	2026-09-24T12:50:41.9741446Z [191/1416] Building C object esp-idf/spi_flash/CMakeFiles/__idf_spi_flash.dir/spi_flash_chip_th.c.obj^[[K
build	Build ESP32-C6 firmware	2026-09-24T12:50:42.0719571Z [192/1416] Building C object esp-idf/spi_flash/CMakeFiles/__idf_spi_flash.dir/memspi_host_driver.c.obj^[[K
build	Build ESP32-C6 firmware	2026-09-24T12:50:42.0768045Z [193/1416] Building C object esp-idf/spi_flash/CMakeFiles/__idf_spi_flash.dir/spi_flash_wrap.c.obj^[[K
build	Build ESP32-C6 firmware	2026-09-24T12:50:42.0851233Z [194/1416] Building C object esp-idf/spi_flash/CMakeFiles/__idf_spi_flash.dir/flash_mmap.c.obj^[[K
build	Build ESP32-C6 firmware	2026-09-24T12:50:42.1263476Z [195/1416] Building C object esp-idf/spi_flash/CMakeFiles/__idf_spi_flash.dir/flash_ops.c.obj^[[K
build	Build ESP32-C6 firmware	2026-09-24T12:50:42.2576829Z [196/1416] Building C object esp-idf/spi_flash/CMakeFiles/__idf_spi_flash.dir/cache_utils.c.obj^[[K
build	Build ESP32-C6 firmware	2026-09-24T12:50:42.3661969Z [197/1416] Building C object esp-idf/spi_flash/CMakeFiles/__idf_spi_flash.dir/spi_flash_os_func_noos.c.obj^[[K
build	Build ESP32-C6 firmware	2026-09-24T12:50:42.4259589Z [198/1416] Building C object esp-idf/esp_system/CMakeFiles/__idf_esp_system.dir/esp_err.c.obj^[[K
build	Build ESP32-C6 firmware	2026-09-24T12:50:42.5286770Z [199/1416] Building C object esp-idf/spi_flash/CMakeFiles/__idf_spi_flash.dir/spi_flash_os_func_app.c.obj^[[K
build	Build ESP32-C6 firmware	2026-09-24T12:50:42.5320057Z [200/1416] Building C object esp-idf/esp_system/CMakeFiles/__idf_esp_system.dir/esp_ipc.c.obj^[[K
build	Build ESP32-C6 firmware	2026-09-24T12:50:42.5893479Z [201/1416] Building C object esp-idf/esp_system/CMakeFiles/__idf_esp_system.dir/crosscore_int.c.obj^[[K
build	Build ESP32-C6 firmware	2026-09-24T12:50:42.6510672Z [202/1416] Building C object esp-idf/spi_flash/CMakeFiles/__idf_spi_flash.dir/esp_flash_spi_init.c.obj^[[K
build	Build ESP32-C6 firmware	2026-09-24T12:50:42.7024991Z [203/1416] Building C object esp-idf/spi_flash/CMakeFiles/__idf_spi_flash.dir/esp_flash_api.c.obj^[[K
build	Build ESP32-C6 firmware	2026-09-24T12:50:42.8521205Z [204/1416] Building C object esp-idf/esp_system/CMakeFiles/__idf_esp_system.dir/freertos_hooks.c.obj^[[K
build	Build ESP32-C6 firmware	2026-09-24T12:50:42.8668177Z [205/1416] Building C object esp-idf/esp_system/CMakeFiles/__idf_esp_system.dir/esp_system.c.obj^[[K
build	Build ESP32-C6 firmware	2026-09-24T12:50:42.8785458Z [206/1416] Building C object esp-idf/esp_system/CMakeFiles/__idf_esp_system.dir/int_wdt.c.obj^[[K
build	Build ESP32-C6 firmware	2026-09-24T12:50:42.8862183Z [207/1416] Building C object esp-idf/esp_system/CMakeFiles/__idf_esp_system.dir/startup.c.obj^[[K
build	Build ESP32-C6 firmware	2026-09-24T12:50:43.0182736Z [208/1416] Building C object esp-idf/esp_system/CMakeFiles/__idf_esp_system.dir/panic.c.obj^[[K
build	Build ESP32-C6 firmware	2026-09-24T12:50:43.0819924Z [209/1416] Building C object esp-idf/esp_system/CMakeFiles/__idf_esp_system.dir/stack_check.c.obj^[[K
build	Build ESP32-C6 firmware	2026-09-24T12:50:43.1022834Z [210/1416] Building C object esp-idf/esp_system/CMakeFiles/__idf_esp_system.dir/startup_funcs.c.obj^[[K
build	Build ESP32-C6 firmware	2026-09-24T12:50:43.1207985Z [211/1416] Building C object esp-idf/esp_system/CMakeFiles/__idf_esp_system.dir/system_time.c.obj^[[K
build	Build ESP32-C6 firmware	2026-09-24T12:50:43.1263854Z [212/1416] Building C object esp-idf/esp_system/CMakeFiles/__idf_esp_system.dir/xt_wdt.c.obj^[[K
build	Build ESP32-C6 firmware	2026-09-24T12:50:43.2849933Z [213/1416] Building C object esp-idf/esp_system/CMakeFiles/__idf_esp_system.dir/ubsan.c.obj^[[K
build	Build ESP32-C6 firmware	2026-09-24T12:50:43.3127145Z [214/1416] Building C object esp-idf/esp_system/CMakeFiles/__idf_esp_system.dir/hw_stack_guard.c.obj^[[K
build	Build ESP32-C6 firmware	2026-09-24T12:50:43.4481493Z [215/1416] Building C object esp-idf/esp_system/CMakeFiles/__idf_esp_system.dir/systick_etm.c.obj^[[K
build	Build ESP32-C6 firmware	2026-09-24T12:50:43.5095706Z [216/1416] Building C object esp-idf/esp_system/CMakeFiles/__idf_esp_system.dir/task_wdt/task_wdt.c.obj^[[K
build	Build ESP32-C6 firmware	2026-09-24T12:50:43.5994223Z [217/1416] Building C object esp-idf/esp_system/CMakeFiles/__idf_esp_system.dir/task_wdt/task_wdt_impl_timergroup.c.obj^[[K
build	Build ESP32-C6 firmware	2026-09-24T12:50:43.6618983Z [218/1416] Building C object esp-idf/esp_system/CMakeFiles/__idf_esp_system.dir/port/panic_handler.c.obj^[[K
build	Build ESP32-C6 firmware	2026-09-24T12:50:43.6711323Z [219/1416] Building C object esp-idf/esp_system/CMakeFiles/__idf_esp_system.dir/port/cpu_start.c.obj^[[K
build	Build ESP32-C6 firmware	2026-09-24T12:50:43.7794634Z [220/1416] Building C object esp-idf/esp_system/CMakeFiles/__idf_esp_system.dir/port/esp_system_chip.c.obj^[[K
build	Build ESP32-C6 firmware	2026-09-24T12:50:43.8279663Z [221/1416] Building C object esp-idf/esp_system/CMakeFiles/__idf_esp_system.dir/port/image_process.c.obj^[[K
build	Build ESP32-C6 firmware	2026-09-24T12:50:43.8836519Z [222/1416] Building C object esp-idf/esp_system/CMakeFiles/__idf_esp_system.dir/port/arch/riscv/expression_with_stack.c.obj^[[K
build	Build ESP32-C6 firmware	2026-09-24T12:50:44.0068804Z [223/1416] Building C object esp-idf/esp_system/CMakeFiles/__idf_esp_system.dir/port/arch/riscv/debug_helpers.c.obj^[[K
build	Build ESP32-C6 firmware	2026-09-24T12:50:44.0149539Z [224/1416] Building C object esp-idf/esp_system/CMakeFiles/__idf_esp_system.dir/port/arch/riscv/panic_arch.c.obj^[[K
build	Build ESP32-C6 firmware	2026-09-24T12:50:44.0230211Z [225/1416] Building C object esp-idf/esp_system/CMakeFiles/__idf_esp_system.dir/port/brownout.c.obj^[[K
build	Build ESP32-C6 firmware	2026-09-24T12:50:44.1068770Z [226/1416] Building C object esp-idf/esp_system/CMakeFiles/__idf_esp_system.dir/port/arch/riscv/debug_stubs.c.obj^[[K
build	Build ESP32-C6 firmware	2026-09-24T12:50:44.1982252Z [227/1416] Building C object esp-idf/esp_system/CMakeFiles/__idf_esp_system.dir/port/soc/esp32c6/reset_reason.c.obj^[[K
build	Build ESP32-C6 firmware	2026-09-24T12:50:44.3111429Z [228/1416] Building C object esp-idf/esp_system/CMakeFiles/__idf_esp_system.dir/port/soc/esp32c6/cache_err_int.c.obj^[[K
build	Build ESP32-C6 firmware	2026-09-24T12:50:44.3229546Z [229/1416] Building C object esp-idf/esp_rom/CMakeFiles/__idf_esp_rom.dir/patches/esp_rom_sys.c.obj^[[K
build	Build ESP32-C6 firmware	2026-09-24T12:50:44.3696047Z [230/1416] Building C object esp-idf/esp_system/CMakeFiles/__idf_esp_system.dir/port/soc/esp32c6/system_internal.c.obj^[[K
build	Build ESP32-C6 firmware	2026-09-24T12:50:44.3908997Z [231/1416] Building C object esp-idf/esp_rom/CMakeFiles/__idf_esp_rom.dir/patches/esp_rom_crc.c.obj^[[K
build	Build ESP32-C6 firmware	2026-09-24T12:50:44.4811232Z [232/1416] Building C object esp-idf/esp_rom/CMakeFiles/__idf_esp_rom.dir/patches/esp_rom_print.c.obj^[[K
build	Build ESP32-C6 firmware	2026-09-24T12:50:44.5358206Z [233/1416] Building C object esp-idf/esp_rom/CMakeFiles/__idf_esp_rom.dir/patches/esp_rom_efuse.c.obj^[[K
build	Build ESP32-C6 firmware	2026-09-24T12:50:44.5538221Z [234/1416] Building C object esp-idf/esp_rom/CMakeFiles/__idf_esp_rom.dir/patches/esp_rom_spiflash.c.obj^[[K
build	Build ESP32-C6 firmware	2026-09-24T12:50:44.6124804Z [235/1416] Building C object esp-idf/esp_rom/CMakeFiles/__idf_esp_rom.dir/patches/esp_rom_uart.c.obj^[[K
build	Build ESP32-C6 firmware	2026-09-24T12:50:44.6372793Z [236/1416] Building C object esp-idf/esp_system/CMakeFiles/__idf_esp_system.dir/port/soc/esp32c6/clk.c.obj^[[K
build	Build ESP32-C6 firmware	2026-09-24T12:50:44.7048949Z [237/1416] Building C object esp-idf/esp_rom/CMakeFiles/__idf_esp_rom.dir/patches/esp_rom_gpio.c.obj^[[K
build	Build ESP32-C6 firmware	2026-09-24T12:50:44.7493993Z [238/1416] Building C object esp-idf/esp_rom/CMakeFiles/__idf_esp_rom.dir/patches/esp_rom_hp_regi2c_esp32c6.c.obj^[[K
build	Build ESP32-C6 firmware	2026-09-24T12:50:44.7659597Z [239/1416] Building C object esp-idf/esp_rom/CMakeFiles/__idf_esp_rom.dir/patches/esp_rom_tlsf.c.obj^[[K
build	Build ESP32-C6 firmware	2026-09-24T12:50:44.8019182Z [240/1416] Building C object esp-idf/esp_rom/CMakeFiles/__idf_esp_rom.dir/patches/esp_rom_multi_heap.c.obj^[[K
build	Build ESP32-C6 firmware	2026-09-24T12:50:44.8436955Z [241/1416] Building C object esp-idf/esp_common/CMakeFiles/__idf_esp_common.dir/src/esp_err_to_name.c.obj^[[K
build	Build ESP32-C6 firmware	2026-09-24T12:50:44.8693034Z [242/1416] Building C object esp-idf/esp_rom/CMakeFiles/__idf_esp_rom.dir/patches/esp_rom_systimer.c.obj^[[K
build	Build ESP32-C6 firmware	2026-09-24T12:50:44.9691296Z [243/1416] Building C object esp-idf/hal/CMakeFiles/__idf_hal.dir/hal_utils.c.obj^[[K
build	Build ESP32-C6 firmware	2026-09-24T12:50:44.9842553Z [244/1416] Building C object esp-idf/hal/CMakeFiles/__idf_hal.dir/efuse_hal.c.obj^[[K
build	Build ESP32-C6 firmware	2026-09-24T12:50:44.9844286Z [245/1416] Performing configure step for 'bootloader'^[[K
build	Build ESP32-C6 firmware	2026-09-24T12:50:44.9871411Z -- Found Git: /usr/bin/git (found version "2.43.0")
build	Build ESP32-C6 firmware	2026-09-24T12:50:44.9879884Z -- The C compiler identification is GNU 14.2.0
build	Build ESP32-C6 firmware	2026-09-24T12:50:44.9881335Z -- The CXX compiler identification is GNU 14.2.0
build	Build ESP32-C6 firmware	2026-09-24T12:50:44.9882367Z -- The ASM compiler identification is GNU
build	Build ESP32-C6 firmware	2026-09-24T12:50:44.9883824Z -- Found assembler: /opt/esp/tools/riscv32-esp-elf/esp-14.2.0_20241119/riscv32-esp-elf/bin/riscv32-esp-elf-gcc
build	Build ESP32-C6 firmware	2026-09-24T12:50:44.9885009Z -- Detecting C compiler ABI info
build	Build ESP32-C6 firmware	2026-09-24T12:50:44.9885682Z -- Detecting C compiler ABI info - done
build	Build ESP32-C6 firmware	2026-09-24T12:50:44.9886954Z -- Check for working C compiler: /opt/esp/tools/riscv32-esp-elf/esp-14.2.0_20241119/riscv32-esp-elf/bin/riscv32-esp-elf-gcc - skipped
build	Build ESP32-C6 firmware	2026-09-24T12:50:44.9888222Z -- Detecting C compile features
build	Build ESP32-C6 firmware	2026-09-24T12:50:44.9888671Z -- Detecting C compile features - done
build	Build ESP32-C6 firmware	2026-09-24T12:50:44.9889143Z -- Detecting CXX compiler ABI info
build	Build ESP32-C6 firmware	2026-09-24T12:50:44.9889607Z -- Detecting CXX compiler ABI info - done
build	Build ESP32-C6 firmware	2026-09-24T12:50:44.9890621Z -- Check for working CXX compiler: /opt/esp/tools/riscv32-esp-elf/esp-14.2.0_20241119/riscv32-esp-elf/bin/riscv32-esp-elf-g++ - skipped
build	Build ESP32-C6 firmware	2026-09-24T12:50:44.9891828Z -- Detecting CXX compile features
build	Build ESP32-C6 firmware	2026-09-24T12:50:44.9892301Z -- Detecting CXX compile features - done
build	Build ESP32-C6 firmware	2026-09-24T12:50:44.9892814Z -- Building ESP-IDF components for target esp32c6
build	Build ESP32-C6 firmware	2026-09-24T12:50:44.9893486Z -- Project sdkconfig file /app/yuanwil1y/esp32c6-Pwnagotchi/sdkconfig
build	Build ESP32-C6 firmware	2026-09-24T12:50:44.9894269Z -- Adding linker script /opt/esp/idf/components/riscv/ld/rom.api.ld
build	Build ESP32-C6 firmware	2026-09-24T12:50:44.9895198Z -- Adding linker script /opt/esp/idf/components/soc/esp32c6/ld/esp32c6.peripherals.ld
build	Build ESP32-C6 firmware	2026-09-24T12:50:44.9895998Z -- Bootloader project name: "bootloader" version: 1
build	Build ESP32-C6 firmware	2026-09-24T12:50:44.9896747Z -- Adding linker script /opt/esp/idf/components/esp_rom/esp32c6/ld/esp32c6.rom.ld
build	Build ESP32-C6 firmware	2026-09-24T12:50:44.9897670Z -- Adding linker script /opt/esp/idf/components/esp_rom/esp32c6/ld/esp32c6.rom.api.ld
build	Build ESP32-C6 firmware	2026-09-24T12:50:44.9898612Z -- Adding linker script /opt/esp/idf/components/esp_rom/esp32c6/ld/esp32c6.rom.rvfp.ld
build	Build ESP32-C6 firmware	2026-09-24T12:50:44.9899830Z -- Adding linker script /opt/esp/idf/components/esp_rom/esp32c6/ld/esp32c6.rom.wdt.ld
build	Build ESP32-C6 firmware	2026-09-24T12:50:44.9900824Z -- Adding linker script /opt/esp/idf/components/esp_rom/esp32c6/ld/esp32c6.rom.systimer.ld
build	Build ESP32-C6 firmware	2026-09-24T12:50:44.9902197Z -- Adding linker script /opt/esp/idf/components/esp_rom/esp32c6/ld/esp32c6.rom.version.ld
build	Build ESP32-C6 firmware	2026-09-24T12:50:44.9903308Z -- Adding linker script /opt/esp/idf/components/esp_rom/esp32c6/ld/esp32c6.rom.newlib.ld
build	Build ESP32-C6 firmware	2026-09-24T12:50:44.9904404Z -- Adding linker script /opt/esp/idf/components/bootloader/subproject/main/ld/esp32c6/bootloader.ld
build	Build ESP32-C6 firmware	2026-09-24T12:50:44.9905639Z -- Adding linker script /opt/esp/idf/components/bootloader/subproject/main/ld/esp32c6/bootloader.rom.ld
build	Build ESP32-C6 firmware	2026-09-24T12:50:44.9907998Z -- Components: bootloader bootloader_support efuse esp_app_format esp_bootloader_format esp_common esp_hw_support esp_rom esp_security esp_system esptool_py freertos hal log main micro-ecc newlib partition_table riscv soc spi_flash
build	Build ESP32-C6 firmware	2026-09-24T12:50:44.9917411Z -- Component paths: /opt/esp/idf/components/bootloader /opt/esp/idf/components/bootloader_support /opt/esp/idf/components/efuse /opt/esp/idf/components/esp_app_format /opt/esp/idf/components/esp_bootloader_format /opt/esp/idf/components/esp_common /opt/esp/idf/components/esp_hw_support /opt/esp/idf/components/esp_rom /opt/esp/idf/components/esp_security /opt/esp/idf/components/esp_system /opt/esp/idf/components/esptool_py /opt/esp/idf/components/freertos /opt/esp/idf/components/hal /opt/esp/idf/components/log /opt/esp/idf/components/bootloader/subproject/main /opt/esp/idf/components/bootloader/subproject/components/micro-ecc /opt/esp/idf/components/newlib /opt/esp/idf/components/partition_table /opt/esp/idf/components/riscv /opt/esp/idf/components/soc /opt/esp/idf/components/spi_flash
build	Build ESP32-C6 firmware	2026-09-24T12:50:44.9922958Z -- Configuring done (5.9s)
build	Build ESP32-C6 firmware	2026-09-24T12:50:44.9923428Z -- Generating done (0.1s)
build	Build ESP32-C6 firmware	2026-09-24T12:50:44.9924156Z -- Build files have been written to: /app/yuanwil1y/esp32c6-Pwnagotchi/build/bootloader
build	Build ESP32-C6 firmware	2026-09-24T12:50:44.9946932Z 
build	Build ESP32-C6 firmware	2026-09-24T12:50:45.0320789Z [246/1416] Building C object esp-idf/esp_rom/CMakeFiles/__idf_esp_rom.dir/patches/esp_rom_wdt.c.obj^[[K
build	Build ESP32-C6 firmware	2026-09-24T12:50:45.0343478Z [247/1416] Building C object esp-idf/hal/CMakeFiles/__idf_hal.dir/lp_timer_hal.c.obj^[[K
build	Build ESP32-C6 firmware	2026-09-24T12:50:45.2218101Z [248/1416] Building C object esp-idf/hal/CMakeFiles/__idf_hal.dir/esp32c6/efuse_hal.c.obj^[[K
build	Build ESP32-C6 firmware	2026-09-24T12:50:45.3004308Z [249/1416] Building C object esp-idf/hal/CMakeFiles/__idf_hal.dir/color_hal.c.obj^[[K
build	Build ESP32-C6 firmware	2026-09-24T12:50:45.4545294Z [250/1416] Building C object esp-idf/hal/CMakeFiles/__idf_hal.dir/mmu_hal.c.obj^[[K
build	Build ESP32-C6 firmware	2026-09-24T12:50:45.4605370Z [251/1416] Building C object esp-idf/hal/CMakeFiles/__idf_hal.dir/spi_flash_encrypt_hal_iram.c.obj^[[K
build	Build ESP32-C6 firmware	2026-09-24T12:50:45.7061570Z [252/1416] Building C object esp-idf/hal/CMakeFiles/__idf_hal.dir/cache_hal.c.obj^[[K
build	Build ESP32-C6 firmware	2026-09-24T12:50:45.7854445Z [253/1416] Building C object esp-idf/hal/CMakeFiles/__idf_hal.dir/spi_flash_hal_iram.c.obj^[[K
build	Build ESP32-C6 firmware	2026-09-24T12:50:45.7901239Z [254/1416] Building C object esp-idf/hal/CMakeFiles/__idf_hal.dir/spi_flash_hal.c.obj^[[K
build	Build ESP32-C6 firmware	2026-09-24T12:50:45.8287082Z [255/1416] Building C object esp-idf/hal/CMakeFiles/__idf_hal.dir/esp32c6/clk_tree_hal.c.obj^[[K
build	Build ESP32-C6 firmware	2026-09-24T12:50:45.8593999Z [256/1416] Building C object esp-idf/hal/CMakeFiles/__idf_hal.dir/uart_hal_iram.c.obj^[[K
build	Build ESP32-C6 firmware	2026-09-24T12:50:46.0772934Z [257/1416] Building C object esp-idf/hal/CMakeFiles/__idf_hal.dir/uart_hal.c.obj^[[K
build	Build ESP32-C6 firmware	2026-09-24T12:50:46.1205008Z [258/1416] Building C object esp-idf/hal/CMakeFiles/__idf_hal.dir/timer_hal.c.obj^[[K
build	Build ESP32-C6 firmware	2026-09-24T12:50:46.1394566Z [259/1416] Building C object esp-idf/hal/CMakeFiles/__idf_hal.dir/gpio_hal.c.obj^[[K
build	Build ESP32-C6 firmware	2026-09-24T12:50:46.1788037Z [260/1416] Building C object esp-idf/hal/CMakeFiles/__idf_hal.dir/ledc_hal_iram.c.obj^[[K
build	Build ESP32-C6 firmware	2026-09-24T12:50:46.3044430Z [261/1416] Building C object esp-idf/hal/CMakeFiles/__idf_hal.dir/ledc_hal.c.obj^[[K
build	Build ESP32-C6 firmware	2026-09-24T12:50:46.3473916Z [262/1416] Building C object esp-idf/hal/CMakeFiles/__idf_hal.dir/rtc_io_hal.c.obj^[[K
build	Build ESP32-C6 firmware	2026-09-24T12:50:46.4933205Z [263/1416] Building C object esp-idf/hal/CMakeFiles/__idf_hal.dir/pcnt_hal.c.obj^[[K
build	Build ESP32-C6 firmware	2026-09-24T12:50:46.5489875Z [264/1416] Building C object esp-idf/hal/CMakeFiles/__idf_hal.dir/i2c_hal_iram.c.obj^[[K
build	Build ESP32-C6 firmware	2026-09-24T12:50:46.5573350Z [265/1416] Building C object esp-idf/hal/CMakeFiles/__idf_hal.dir/twai_hal.c.obj^[[K
build	Build ESP32-C6 firmware	2026-09-24T12:50:46.5871282Z [266/1416] Building C object esp-idf/hal/CMakeFiles/__idf_hal.dir/rmt_hal.c.obj^[[K
build	Build ESP32-C6 firmware	2026-09-24T12:50:46.6782917Z [267/1416] Building C object esp-idf/hal/CMakeFiles/__idf_hal.dir/i2c_hal.c.obj^[[K
build	Build ESP32-C6 firmware	2026-09-24T12:50:46.8023065Z [268/1416] Building C object esp-idf/hal/CMakeFiles/__idf_hal.dir/mcpwm_hal.c.obj^[[K
build	Build ESP32-C6 firmware	2026-09-24T12:50:46.8923337Z [269/1416] Building C object esp-idf/hal/CMakeFiles/__idf_hal.dir/gdma_hal_top.c.obj^[[K
build	Build ESP32-C6 firmware	2026-09-24T12:50:47.0081662Z [270/1416] Building C object esp-idf/hal/CMakeFiles/__idf_hal.dir/twai_hal_iram.c.obj^[[K
build	Build ESP32-C6 firmware	2026-09-24T12:50:47.0112077Z [271/1416] Building C object esp-idf/hal/CMakeFiles/__idf_hal.dir/gdma_hal_ahb_v1.c.obj^[[K
build	Build ESP32-C6 firmware	2026-09-24T12:50:47.1068164Z [272/1416] Building C object esp-idf/hal/CMakeFiles/__idf_hal.dir/sdm_hal.c.obj^[[K
build	Build ESP32-C6 firmware	2026-09-24T12:50:47.2083195Z [273/1416] Building C object esp-idf/hal/CMakeFiles/__idf_hal.dir/etm_hal.c.obj^[[K
build	Build ESP32-C6 firmware	2026-09-24T12:50:47.2263024Z [274/1416] Building C object esp-idf/hal/CMakeFiles/__idf_hal.dir/parlio_hal.c.obj^[[K
build	Build ESP32-C6 firmware	2026-09-24T12:50:47.5134100Z [275/1416] Building C object esp-idf/hal/CMakeFiles/__idf_hal.dir/i2s_hal.c.obj^[[K
build	Build ESP32-C6 firmware	2026-09-24T12:50:47.5519304Z [276/1416] Building C object esp-idf/hal/CMakeFiles/__idf_hal.dir/adc_oneshot_hal.c.obj^[[K
build	Build ESP32-C6 firmware	2026-09-24T12:50:47.6114223Z [277/1416] Building C object esp-idf/hal/CMakeFiles/__idf_hal.dir/adc_hal_common.c.obj^[[K
build	Build ESP32-C6 firmware	2026-09-24T12:50:47.6507970Z [278/1416] Building C object esp-idf/hal/CMakeFiles/__idf_hal.dir/mpi_hal.c.obj^[[K
build	Build ESP32-C6 firmware	2026-09-24T12:50:47.7044827Z [279/1416] Building C object esp-idf/hal/CMakeFiles/__idf_hal.dir/ecc_hal.c.obj^[[K
build	Build ESP32-C6 firmware	2026-09-24T12:50:47.8039970Z [280/1416] Building C object esp-idf/hal/CMakeFiles/__idf_hal.dir/adc_hal.c.obj^[[K
build	Build ESP32-C6 firmware	2026-09-24T12:50:47.8888663Z [281/1416] Building C object esp-idf/hal/CMakeFiles/__idf_hal.dir/sha_hal.c.obj^[[K
build	Build ESP32-C6 firmware	2026-09-24T12:50:47.9248447Z [282/1416] Building C object esp-idf/hal/CMakeFiles/__idf_hal.dir/brownout_hal.c.obj^[[K
build	Build ESP32-C6 firmware	2026-09-24T12:50:47.9793731Z [283/1416] Building C object esp-idf/hal/CMakeFiles/__idf_hal.dir/aes_hal.c.obj^[[K
build	Build ESP32-C6 firmware	2026-09-24T12:50:48.0523898Z [284/1416] Building C object esp-idf/hal/CMakeFiles/__idf_hal.dir/esp32c6/pau_hal.c.obj^[[K
build	Build ESP32-C6 firmware	2026-09-24T12:50:48.3373196Z [285/1416] Building C object esp-idf/hal/CMakeFiles/__idf_hal.dir/esp32c6/modem_clock_hal.c.obj^[[K
build	Build ESP32-C6 firmware	2026-09-24T12:50:48.4780552Z [286/1416] Building C object esp-idf/hal/CMakeFiles/__idf_hal.dir/spi_slave_hal.c.obj^[[K
build	Build ESP32-C6 firmware	2026-09-24T12:50:48.5093627Z [287/1416] Building C object esp-idf/hal/CMakeFiles/__idf_hal.dir/spi_slave_hal_iram.c.obj^[[K
build	Build ESP32-C6 firmware	2026-09-24T12:50:48.7003280Z [288/1416] Building C object esp-idf/hal/CMakeFiles/__idf_hal.dir/spi_hal.c.obj^[[K
build	Build ESP32-C6 firmware	2026-09-24T12:50:48.7399870Z [289/1416] Building C object esp-idf/hal/CMakeFiles/__idf_hal.dir/spi_hal_iram.c.obj^[[K
build	Build ESP32-C6 firmware	2026-09-24T12:50:48.7410788Z [290/1416] Building C object esp-idf/hal/CMakeFiles/__idf_hal.dir/spi_slave_hd_hal.c.obj^[[K
build	Build ESP32-C6 firmware	2026-09-24T12:50:48.9913067Z [291/1416] Building C object esp-idf/hal/CMakeFiles/__idf_hal.dir/esp32c6/pmu_hal.c.obj^[[K
build	Build ESP32-C6 firmware	2026-09-24T12:50:49.1258802Z [292/1416] Building C object esp-idf/hal/CMakeFiles/__idf_hal.dir/ds_hal.c.obj^[[K
build	Build ESP32-C6 firmware	2026-09-24T12:50:49.1750570Z [293/1416] Building C object esp-idf/hal/CMakeFiles/__idf_hal.dir/spi_flash_hal_gpspi.c.obj^[[K
build	Build ESP32-C6 firmware	2026-09-24T12:50:49.1982774Z [294/1416] Building C object esp-idf/hal/CMakeFiles/__idf_hal.dir/apm_hal.c.obj^[[K
build	Build ESP32-C6 firmware	2026-09-24T12:50:49.3258661Z [295/1416] Building C object esp-idf/hal/CMakeFiles/__idf_hal.dir/hmac_hal.c.obj^[[K
build	Build ESP32-C6 firmware	2026-09-24T12:50:49.4213934Z [296/1416] Building C object esp-idf/hal/CMakeFiles/__idf_hal.dir/usb_serial_jtag_hal.c.obj^[[K
build	Build ESP32-C6 firmware	2026-09-24T12:50:49.6354168Z [297/1416] Building C object esp-idf/hal/CMakeFiles/__idf_hal.dir/sdio_slave_hal.c.obj^[[K
build	Build ESP32-C6 firmware	2026-09-24T12:50:49.6713176Z [298/1416] Building C object esp-idf/log/CMakeFiles/__idf_log.dir/src/os/log_timestamp.c.obj^[[K
build	Build ESP32-C6 firmware	2026-09-24T12:50:49.7126175Z [299/1416] Building C object esp-idf/log/CMakeFiles/__idf_log.dir/src/os/log_write.c.obj^[[K
build	Build ESP32-C6 firmware	2026-09-24T12:50:49.7399601Z [300/1416] Building C object esp-idf/log/CMakeFiles/__idf_log.dir/src/os/log_lock.c.obj^[[K
build	Build ESP32-C6 firmware	2026-09-24T12:50:49.7595921Z [301/1416] Building C object esp-idf/log/CMakeFiles/__idf_log.dir/src/log_timestamp_common.c.obj^[[K
build	Build ESP32-C6 firmware	2026-09-24T12:50:49.7905674Z [302/1416] Building C object esp-idf/log/CMakeFiles/__idf_log.dir/src/buffer/log_buffers.c.obj^[[K
build	Build ESP32-C6 firmware	2026-09-24T12:50:49.8036020Z [303/1416] Building C object esp-idf/log/CMakeFiles/__idf_log.dir/src/log_level/log_level.c.obj^[[K
build	Build ESP32-C6 firmware	2026-09-24T12:50:49.8889841Z [304/1416] Building C object esp-idf/log/CMakeFiles/__idf_log.dir/src/util.c.obj^[[K
build	Build ESP32-C6 firmware	2026-09-24T12:50:49.9168221Z [305/1416] Building C object esp-idf/log/CMakeFiles/__idf_log.dir/src/log_level/tag_log_level/tag_log_level.c.obj^[[K
build	Build ESP32-C6 firmware	2026-09-24T12:50:49.9320918Z [306/1416] Building C object esp-idf/log/CMakeFiles/__idf_log.dir/src/log_level/tag_log_level/linked_list/log_linked_list.c.obj^[[K
build	Build ESP32-C6 firmware	2026-09-24T12:50:50.0887993Z [307/1416] Building C object esp-idf/log/CMakeFiles/__idf_log.dir/src/log_level/tag_log_level/cache/log_binary_heap.c.obj^[[K
build	Build ESP32-C6 firmware	2026-09-24T12:50:50.1172066Z [308/1416] Building C object esp-idf/heap/CMakeFiles/__idf_heap.dir/heap_caps_base.c.obj^[[K
build	Build ESP32-C6 firmware	2026-09-24T12:50:50.1566181Z [309/1416] Building C object esp-idf/heap/CMakeFiles/__idf_heap.dir/multi_heap.c.obj^[[K
build	Build ESP32-C6 firmware	2026-09-24T12:50:50.1861578Z [310/1416] Building C object esp-idf/heap/CMakeFiles/__idf_heap.dir/heap_caps.c.obj^[[K
build	Build ESP32-C6 firmware	2026-09-24T12:50:50.2057580Z [311/1416] Building C object esp-idf/heap/CMakeFiles/__idf_heap.dir/port/memory_layout_utils.c.obj^[[K
build	Build ESP32-C6 firmware	2026-09-24T12:50:50.2072684Z [312/1416] Building C object esp-idf/heap/CMakeFiles/__idf_heap.dir/heap_caps_init.c.obj^[[K
build	Build ESP32-C6 firmware	2026-09-24T12:50:50.2080046Z [313/1416] Building C object esp-idf/soc/CMakeFiles/__idf_soc.dir/lldesc.c.obj^[[K
build	Build ESP32-C6 firmware	2026-09-24T12:50:50.2600941Z [314/1416] Building C object esp-idf/heap/CMakeFiles/__idf_heap.dir/port/esp32c6/memory_layout.c.obj^[[K
build	Build ESP32-C6 firmware	2026-09-24T12:50:50.2873282Z [315/1416] Building C object esp-idf/soc/CMakeFiles/__idf_soc.dir/esp32c6/interrupts.c.obj^[[K
build	Build ESP32-C6 firmware	2026-09-24T12:50:50.3097211Z [316/1416] Building C object esp-idf/soc/CMakeFiles/__idf_soc.dir/esp32c6/adc_periph.c.obj^[[K
build	Build ESP32-C6 firmware	2026-09-24T12:50:50.3349433Z [317/1416] Building C object esp-idf/soc/CMakeFiles/__idf_soc.dir/dport_access_common.c.obj^[[K
build	Build ESP32-C6 firmware	2026-09-24T12:50:50.3391969Z [318/1416] Building C object esp-idf/soc/CMakeFiles/__idf_soc.dir/esp32c6/uart_periph.c.obj^[[K
build	Build ESP32-C6 firmware	2026-09-24T12:50:50.3417826Z [319/1416] Building C object esp-idf/soc/CMakeFiles/__idf_soc.dir/esp32c6/dedic_gpio_periph.c.obj^[[K
build	Build ESP32-C6 firmware	2026-09-24T12:50:50.3892690Z [320/1416] Building C object esp-idf/soc/CMakeFiles/__idf_soc.dir/esp32c6/gpio_periph.c.obj^[[K
build	Build ESP32-C6 firmware	2026-09-24T12:50:50.4311226Z [321/1416] Building C object esp-idf/soc/CMakeFiles/__idf_soc.dir/esp32c6/etm_periph.c.obj^[[K
build	Build ESP32-C6 firmware	2026-09-24T12:50:50.4327429Z [322/1416] Performing build step for 'bootloader'^[[K
build	Build ESP32-C6 firmware	2026-09-24T12:50:50.4330213Z [1/114] Generating project_elf_src_esp32c6.c^[[K
build	Build ESP32-C6 firmware	2026-09-24T12:50:50.4331813Z [2/114] Building C object CMakeFiles/bootloader.elf.dir/project_elf_src_esp32c6.c.obj^[[K
build	Build ESP32-C6 firmware	2026-09-24T12:50:50.4333402Z [3/114] Building C object esp-idf/soc/CMakeFiles/__idf_soc.dir/esp32c6/interrupts.c.obj^[[K
build	Build ESP32-C6 firmware	2026-09-24T12:50:50.4334986Z [4/114] Building C object esp-idf/soc/CMakeFiles/__idf_soc.dir/lldesc.c.obj^[[K
build	Build ESP32-C6 firmware	2026-09-24T12:50:50.4336475Z [5/114] Building C object esp-idf/soc/CMakeFiles/__idf_soc.dir/esp32c6/gpio_periph.c.obj^[[K
build	Build ESP32-C6 firmware	2026-09-24T12:50:50.4338134Z [6/114] Building C object esp-idf/soc/CMakeFiles/__idf_soc.dir/esp32c6/adc_periph.c.obj^[[K
build	Build ESP32-C6 firmware	2026-09-24T12:50:50.4339734Z [7/114] Building C object esp-idf/soc/CMakeFiles/__idf_soc.dir/esp32c6/uart_periph.c.obj^[[K
build	Build ESP32-C6 firmware	2026-09-24T12:50:50.4341438Z [8/114] Building C object esp-idf/soc/CMakeFiles/__idf_soc.dir/dport_access_common.c.obj^[[K
build	Build ESP32-C6 firmware	2026-09-24T12:50:50.4343202Z [9/114] Building C object esp-idf/soc/CMakeFiles/__idf_soc.dir/esp32c6/dedic_gpio_periph.c.obj^[[K
build	Build ESP32-C6 firmware	2026-09-24T12:50:50.4345391Z [10/114] Building C object esp-idf/soc/CMakeFiles/__idf_soc.dir/esp32c6/etm_periph.c.obj^[[K
build	Build ESP32-C6 firmware	2026-09-24T12:50:50.4347863Z [11/114] Building C object esp-idf/soc/CMakeFiles/__idf_soc.dir/esp32c6/gdma_periph.c.obj^[[K
build	Build ESP32-C6 firmware	2026-09-24T12:50:50.4350388Z [12/114] Building C object esp-idf/soc/CMakeFiles/__idf_soc.dir/esp32c6/pcnt_periph.c.obj^[[K
build	Build ESP32-C6 firmware	2026-09-24T12:50:50.4352385Z [13/114] Building C object esp-idf/soc/CMakeFiles/__idf_soc.dir/esp32c6/ledc_periph.c.obj^[[K
build	Build ESP32-C6 firmware	2026-09-24T12:50:50.4354027Z [14/114] Building C object esp-idf/soc/CMakeFiles/__idf_soc.dir/esp32c6/sdm_periph.c.obj^[[K
build	Build ESP32-C6 firmware	2026-09-24T12:50:50.4355936Z [15/114] Building C object esp-idf/soc/CMakeFiles/__idf_soc.dir/esp32c6/spi_periph.c.obj^[[K
build	Build ESP32-C6 firmware	2026-09-24T12:50:50.4357541Z [16/114] Building C object esp-idf/soc/CMakeFiles/__idf_soc.dir/esp32c6/rmt_periph.c.obj^[[K
build	Build ESP32-C6 firmware	2026-09-24T12:50:50.4359168Z [17/114] Building C object esp-idf/soc/CMakeFiles/__idf_soc.dir/esp32c6/i2s_periph.c.obj^[[K
build	Build ESP32-C6 firmware	2026-09-24T12:50:50.4360791Z [18/114] Building C object esp-idf/soc/CMakeFiles/__idf_soc.dir/esp32c6/parlio_periph.c.obj^[[K
build	Build ESP32-C6 firmware	2026-09-24T12:50:50.4362641Z [19/114] Building C object esp-idf/soc/CMakeFiles/__idf_soc.dir/esp32c6/i2c_periph.c.obj^[[K
build	Build ESP32-C6 firmware	2026-09-24T12:50:50.4364275Z [20/114] Building C object esp-idf/soc/CMakeFiles/__idf_soc.dir/esp32c6/temperature_sensor_periph.c.obj^[[K
build	Build ESP32-C6 firmware	2026-09-24T12:50:50.4366015Z [21/114] Building C object esp-idf/soc/CMakeFiles/__idf_soc.dir/esp32c6/mcpwm_periph.c.obj^[[K
build	Build ESP32-C6 firmware	2026-09-24T12:50:50.4367594Z [22/114] Building C object esp-idf/soc/CMakeFiles/__idf_soc.dir/esp32c6/ieee802154_periph.c.obj^[[K
build	Build ESP32-C6 firmware	2026-09-24T12:50:50.4369301Z [23/114] Building C object esp-idf/soc/CMakeFiles/__idf_soc.dir/esp32c6/mpi_periph.c.obj^[[K
build	Build ESP32-C6 firmware	2026-09-24T12:50:50.4370865Z [24/114] Building C object esp-idf/soc/CMakeFiles/__idf_soc.dir/esp32c6/timer_periph.c.obj^[[K
build	Build ESP32-C6 firmware	2026-09-24T12:50:50.4372666Z [25/114] Building C object esp-idf/soc/CMakeFiles/__idf_soc.dir/esp32c6/twai_periph.c.obj^[[K
build	Build ESP32-C6 firmware	2026-09-24T12:50:50.4374141Z [26/114] Building C object esp-idf/soc/CMakeFiles/__idf_soc.dir/esp32c6/wdt_periph.c.obj^[[K
build	Build ESP32-C6 firmware	2026-09-24T12:50:50.4375796Z [27/114] Building C object esp-idf/soc/CMakeFiles/__idf_soc.dir/esp32c6/rtc_io_periph.c.obj^[[K
build	Build ESP32-C6 firmware	2026-09-24T12:50:50.4377386Z [28/114] Building C object esp-idf/soc/CMakeFiles/__idf_soc.dir/esp32c6/sdio_slave_periph.c.obj^[[K
build	Build ESP32-C6 firmware	2026-09-24T12:50:50.4379126Z [29/114] Building C object esp-idf/soc/CMakeFiles/__idf_soc.dir/esp32c6/system_retention_periph.c.obj^[[K
build	Build ESP32-C6 firmware	2026-09-24T12:50:50.4380678Z [30/114] Building C object esp-idf/hal/CMakeFiles/__idf_hal.dir/lp_timer_hal.c.obj^[[K
build	Build ESP32-C6 firmware	2026-09-24T12:50:50.4382362Z [31/114] Building C object esp-idf/hal/CMakeFiles/__idf_hal.dir/efuse_hal.c.obj^[[K
build	Build ESP32-C6 firmware	2026-09-24T12:50:50.4383859Z [32/114] Building C object esp-idf/hal/CMakeFiles/__idf_hal.dir/esp32c6/efuse_hal.c.obj^[[K
build	Build ESP32-C6 firmware	2026-09-24T12:50:50.4385398Z [33/114] Building C object esp-idf/hal/CMakeFiles/__idf_hal.dir/hal_utils.c.obj^[[K
build	Build ESP32-C6 firmware	2026-09-24T12:50:50.4387074Z [34/114] Building C object esp-idf/esp_bootloader_format/CMakeFiles/__idf_esp_bootloader_format.dir/esp_bootloader_desc.c.obj^[[K
build	Build ESP32-C6 firmware	2026-09-24T12:50:50.4389001Z [35/114] Building C object esp-idf/spi_flash/CMakeFiles/__idf_spi_flash.dir/spi_flash_wrap.c.obj^[[K
build	Build ESP32-C6 firmware	2026-09-24T12:50:50.4390471Z [36/114] Building C object esp-idf/hal/CMakeFiles/__idf_hal.dir/cache_hal.c.obj^[[K
build	Build ESP32-C6 firmware	2026-09-24T12:50:50.4392104Z [37/114] Building C object esp-idf/hal/CMakeFiles/__idf_hal.dir/mmu_hal.c.obj^[[K
build	Build ESP32-C6 firmware	2026-09-24T12:50:50.4393853Z [38/114] Building C object esp-idf/bootloader_support/CMakeFiles/__idf_bootloader_support.dir/src/bootloader_random.c.obj^[[K
build	Build ESP32-C6 firmware	2026-09-24T12:50:50.4395915Z [39/114] Building C object esp-idf/bootloader_support/CMakeFiles/__idf_bootloader_support.dir/src/bootloader_mem.c.obj^[[K
build	Build ESP32-C6 firmware	2026-09-24T12:50:50.4397946Z [40/114] Building C object esp-idf/bootloader_support/CMakeFiles/__idf_bootloader_support.dir/src/bootloader_common.c.obj^[[K
build	Build ESP32-C6 firmware	2026-09-24T12:50:50.4400112Z [41/114] Building C object esp-idf/bootloader_support/CMakeFiles/__idf_bootloader_support.dir/src/bootloader_clock_init.c.obj^[[K
build	Build ESP32-C6 firmware	2026-09-24T12:50:50.4402702Z [42/114] Building C object esp-idf/bootloader_support/CMakeFiles/__idf_bootloader_support.dir/src/bootloader_efuse.c.obj^[[K
build	Build ESP32-C6 firmware	2026-09-24T12:50:50.4404876Z [43/114] Building C object esp-idf/bootloader_support/CMakeFiles/__idf_bootloader_support.dir/src/flash_encrypt.c.obj^[[K
build	Build ESP32-C6 firmware	2026-09-24T12:50:50.4406790Z [44/114] Building C object esp-idf/bootloader_support/CMakeFiles/__idf_bootloader_support.dir/src/secure_boot.c.obj^[[K
build	Build ESP32-C6 firmware	2026-09-24T12:50:50.4408913Z [45/114] Building C object esp-idf/bootloader_support/CMakeFiles/__idf_bootloader_support.dir/src/bootloader_common_loader.c.obj^[[K
build	Build ESP32-C6 firmware	2026-09-24T12:50:50.4411115Z [46/114] Building C object esp-idf/bootloader_support/CMakeFiles/__idf_bootloader_support.dir/src/bootloader_random_esp32c6.c.obj^[[K
build	Build ESP32-C6 firmware	2026-09-24T12:50:50.4414024Z [47/114] Building C object esp-idf/bootloader_support/CMakeFiles/__idf_bootloader_support.dir/bootloader_flash/src/flash_qio_mode.c.obj^[[K
build	Build ESP32-C6 firmware	2026-09-24T12:50:50.4416161Z [48/114] Building C object esp-idf/bootloader_support/CMakeFiles/__idf_bootloader_support.dir/src/flash_partitions.c.obj^[[K
build	Build ESP32-C6 firmware	2026-09-24T12:50:50.4418574Z [49/114] Building C object esp-idf/bootloader_support/CMakeFiles/__idf_bootloader_support.dir/bootloader_flash/src/bootloader_flash_config_esp32c6.c.obj^[[K
build	Build ESP32-C6 firmware	2026-09-24T12:50:50.4420903Z [50/114] Building C object esp-idf/bootloader_support/CMakeFiles/__idf_bootloader_support.dir/src/bootloader_clock_loader.c.obj^[[K
build	Build ESP32-C6 firmware	2026-09-24T12:50:50.4423503Z [51/114] Building C object esp-idf/bootloader_support/CMakeFiles/__idf_bootloader_support.dir/bootloader_flash/src/bootloader_flash.c.obj^[[K
build	Build ESP32-C6 firmware	2026-09-24T12:50:50.4425779Z [52/114] Building C object esp-idf/bootloader_support/CMakeFiles/__idf_bootloader_support.dir/src/bootloader_init.c.obj^[[K
build	Build ESP32-C6 firmware	2026-09-24T12:50:50.4427925Z [53/114] Building C object esp-idf/bootloader_support/CMakeFiles/__idf_bootloader_support.dir/src/bootloader_utility.c.obj^[[K
build	Build ESP32-C6 firmware	2026-09-24T12:50:50.4429953Z [54/114] Building C object esp-idf/bootloader_support/CMakeFiles/__idf_bootloader_support.dir/src/bootloader_console.c.obj^[[K
build	Build ESP32-C6 firmware	2026-09-24T12:50:50.4432353Z [55/114] Building C object esp-idf/bootloader_support/CMakeFiles/__idf_bootloader_support.dir/src/bootloader_console_loader.c.obj^[[K
build	Build ESP32-C6 firmware	2026-09-24T12:50:50.4434485Z [56/114] Building C object esp-idf/bootloader_support/CMakeFiles/__idf_bootloader_support.dir/src/esp32c6/bootloader_sha.c.obj^[[K
build	Build ESP32-C6 firmware	2026-09-24T12:50:50.4436771Z [57/114] Building C object esp-idf/bootloader_support/CMakeFiles/__idf_bootloader_support.dir/src/esp32c6/bootloader_soc.c.obj^[[K
build	Build ESP32-C6 firmware	2026-09-24T12:50:50.4438915Z [58/114] Building C object esp-idf/bootloader_support/CMakeFiles/__idf_bootloader_support.dir/src/esp32c6/bootloader_ecdsa.c.obj^[[K
build	Build ESP32-C6 firmware	2026-09-24T12:50:50.4440937Z [59/114] Building C object esp-idf/efuse/CMakeFiles/__idf_efuse.dir/esp32c6/esp_efuse_table.c.obj^[[K
build	Build ESP32-C6 firmware	2026-09-24T12:50:50.4444901Z [60/114] Building C object esp-idf/bootloader_support/CMakeFiles/__idf_bootloader_support.dir/src/bootloader_panic.c.obj^[[K
build	Build ESP32-C6 firmware	2026-09-24T12:50:50.4446775Z [61/114] Building C object esp-idf/micro-ecc/CMakeFiles/__idf_micro-ecc.dir/uECC_verify_antifault.c.obj^[[K
build	Build ESP32-C6 firmware	2026-09-24T12:50:50.4450086Z [62/114] Building C object esp-idf/bootloader_support/CMakeFiles/__idf_bootloader_support.dir/src/esp_image_format.c.obj^[[K
build	Build ESP32-C6 firmware	2026-09-24T12:50:50.4453427Z [63/114] Building C object esp-idf/efuse/CMakeFiles/__idf_efuse.dir/esp32c6/esp_efuse_fields.c.obj^[[K
build	Build ESP32-C6 firmware	2026-09-24T12:50:50.4455855Z [64/114] Building C object esp-idf/bootloader_support/CMakeFiles/__idf_bootloader_support.dir/src/esp32c6/bootloader_esp32c6.c.obj^[[K
build	Build ESP32-C6 firmware	2026-09-24T12:50:50.4458031Z [65/114] Building C object esp-idf/efuse/CMakeFiles/__idf_efuse.dir/esp32c6/esp_efuse_rtc_calib.c.obj^[[K
build	Build ESP32-C6 firmware	2026-09-24T12:50:50.4460590Z [66/114] Building C object esp-idf/efuse/CMakeFiles/__idf_efuse.dir/src/esp_efuse_fields.c.obj^[[K
build	Build ESP32-C6 firmware	2026-09-24T12:50:50.4462859Z [67/114] Building C object esp-idf/efuse/CMakeFiles/__idf_efuse.dir/esp32c6/esp_efuse_utility.c.obj^[[K
build	Build ESP32-C6 firmware	2026-09-24T12:50:50.4465951Z [68/114] Building C object esp-idf/efuse/CMakeFiles/__idf_efuse.dir/src/esp_efuse_api.c.obj^[[K
build	Build ESP32-C6 firmware	2026-09-24T12:50:50.4469127Z [69/114] Building C object esp-idf/esp_system/CMakeFiles/__idf_esp_system.dir/esp_err.c.obj^[[K
build	Build ESP32-C6 firmware	2026-09-24T12:50:50.4472729Z [70/114] Building C object esp-idf/esp_hw_support/CMakeFiles/__idf_esp_hw_support.dir/esp_memory_utils.c.obj^[[K
build	Build ESP32-C6 firmware	2026-09-24T12:50:50.4475990Z [71/114] Building C object esp-idf/esp_hw_support/CMakeFiles/__idf_esp_hw_support.dir/port/esp32c6/esp_cpu_intr.c.obj^[[K
build	Build ESP32-C6 firmware	2026-09-24T12:50:50.4479369Z [72/114] Building C object esp-idf/efuse/CMakeFiles/__idf_efuse.dir/src/esp_efuse_utility.c.obj^[[K
build	Build ESP32-C6 firmware	2026-09-24T12:50:50.4481063Z [73/114] Building C object esp-idf/efuse/CMakeFiles/__idf_efuse.dir/src/efuse_controller/keys/with_key_purposes/esp_efuse_api_key.c.obj^[[K
build	Build ESP32-C6 firmware	2026-09-24T12:50:50.4483214Z [74/114] Building C object esp-idf/esp_hw_support/CMakeFiles/__idf_esp_hw_support.dir/cpu.c.obj^[[K
build	Build ESP32-C6 firmware	2026-09-24T12:50:50.4484698Z [75/114] Building C object esp-idf/esp_hw_support/CMakeFiles/__idf_esp_hw_support.dir/port/esp32c6/cpu_region_protect.c.obj^[[K
build	Build ESP32-C6 firmware	2026-09-24T12:50:50.4486293Z [76/114] Building C object esp-idf/esp_hw_support/CMakeFiles/__idf_esp_hw_support.dir/port/esp32c6/pmu_param.c.obj^[[K
build	Build ESP32-C6 firmware	2026-09-24T12:50:50.4487870Z [77/114] Building C object esp-idf/esp_hw_support/CMakeFiles/__idf_esp_hw_support.dir/port/esp32c6/rtc_clk_init.c.obj^[[K
build	Build ESP32-C6 firmware	2026-09-24T12:50:50.4489549Z [78/114] Building C object esp-idf/esp_hw_support/CMakeFiles/__idf_esp_hw_support.dir/port/esp32c6/chip_info.c.obj^[[K
build	Build ESP32-C6 firmware	2026-09-24T12:50:50.4491200Z [79/114] Building C object esp-idf/esp_hw_support/CMakeFiles/__idf_esp_hw_support.dir/port/esp32c6/rtc_time.c.obj^[[K
build	Build ESP32-C6 firmware	2026-09-24T12:50:50.4504847Z [80/114] Building C object esp-idf/esp_common/CMakeFiles/__idf_esp_common.dir/src/esp_err_to_name.c.obj^[[K
build	Build ESP32-C6 firmware	2026-09-24T12:50:50.4506612Z [81/114] Building C object esp-idf/esp_rom/CMakeFiles/__idf_esp_rom.dir/patches/esp_rom_sys.c.obj^[[K
build	Build ESP32-C6 firmware	2026-09-24T12:50:50.4508129Z [82/114] Building C object esp-idf/esp_hw_support/CMakeFiles/__idf_esp_hw_support.dir/port/esp32c6/pmu_init.c.obj^[[K
build	Build ESP32-C6 firmware	2026-09-24T12:50:50.4509757Z [83/114] Building C object esp-idf/esp_hw_support/CMakeFiles/__idf_esp_hw_support.dir/port/esp32c6/ocode_init.c.obj^[[K
build	Build ESP32-C6 firmware	2026-09-24T12:50:50.4511249Z [84/114] Building C object esp-idf/esp_rom/CMakeFiles/__idf_esp_rom.dir/patches/esp_rom_crc.c.obj^[[K
build	Build ESP32-C6 firmware	2026-09-24T12:50:50.4512956Z [85/114] Building C object esp-idf/esp_hw_support/CMakeFiles/__idf_esp_hw_support.dir/port/esp32c6/rtc_clk.c.obj^[[K
build	Build ESP32-C6 firmware	2026-09-24T12:50:50.4514421Z [86/114] Building C object esp-idf/esp_rom/CMakeFiles/__idf_esp_rom.dir/patches/esp_rom_efuse.c.obj^[[K
build	Build ESP32-C6 firmware	2026-09-24T12:50:50.4515842Z [87/114] Building C object esp-idf/esp_rom/CMakeFiles/__idf_esp_rom.dir/patches/esp_rom_spiflash.c.obj^[[K
build	Build ESP32-C6 firmware	2026-09-24T12:50:50.4517260Z [88/114] Building C object esp-idf/esp_rom/CMakeFiles/__idf_esp_rom.dir/patches/esp_rom_gpio.c.obj^[[K
build	Build ESP32-C6 firmware	2026-09-24T12:50:50.4518618Z [89/114] Building C object esp-idf/esp_rom/CMakeFiles/__idf_esp_rom.dir/patches/esp_rom_uart.c.obj^[[K
build	Build ESP32-C6 firmware	2026-09-24T12:50:50.4519946Z [90/114] Building C object esp-idf/log/CMakeFiles/__idf_log.dir/src/noos/log_timestamp.c.obj^[[K
build	Build ESP32-C6 firmware	2026-09-24T12:50:50.4521314Z [91/114] Building C object esp-idf/esp_rom/CMakeFiles/__idf_esp_rom.dir/patches/esp_rom_print.c.obj^[[K
build	Build ESP32-C6 firmware	2026-09-24T12:50:50.4537892Z [92/114] Building C object esp-idf/esp_rom/CMakeFiles/__idf_esp_rom.dir/patches/esp_rom_systimer.c.obj^[[K
build	Build ESP32-C6 firmware	2026-09-24T12:50:50.4539448Z [93/114] Building C object esp-idf/esp_rom/CMakeFiles/__idf_esp_rom.dir/patches/esp_rom_hp_regi2c_esp32c6.c.obj^[[K
build	Build ESP32-C6 firmware	2026-09-24T12:50:50.4541024Z [94/114] Building C object esp-idf/esp_hw_support/CMakeFiles/__idf_esp_hw_support.dir/port/esp32c6/pmu_sleep.c.obj^[[K
build	Build ESP32-C6 firmware	2026-09-24T12:50:50.4551203Z [95/114] Building C object esp-idf/log/CMakeFiles/__idf_log.dir/src/noos/log_lock.c.obj^[[K
build	Build ESP32-C6 firmware	2026-09-24T12:50:50.4552716Z [96/114] Building C object esp-idf/log/CMakeFiles/__idf_log.dir/src/log_timestamp_common.c.obj^[[K
build	Build ESP32-C6 firmware	2026-09-24T12:50:50.4553685Z [97/114] Linking C static library esp-idf/log/liblog.a^[[K
build	Build ESP32-C6 firmware	2026-09-24T12:50:50.4554599Z [98/114] Building C object esp-idf/main/CMakeFiles/__idf_main.dir/bootloader_start.c.obj^[[K
build	Build ESP32-C6 firmware	2026-09-24T12:50:50.4556014Z [99/114] Building C object esp-idf/esp_rom/CMakeFiles/__idf_esp_rom.dir/patches/esp_rom_wdt.c.obj^[[K
build	Build ESP32-C6 firmware	2026-09-24T12:50:50.4557011Z [100/114] Linking C static library esp-idf/esp_rom/libesp_rom.a^[[K
build	Build ESP32-C6 firmware	2026-09-24T12:50:50.4557815Z [101/114] Linking C static library esp-idf/esp_common/libesp_common.a^[[K
build	Build ESP32-C6 firmware	2026-09-24T12:50:50.4558719Z [102/114] Linking C static library esp-idf/esp_hw_support/libesp_hw_support.a^[[K
build	Build ESP32-C6 firmware	2026-09-24T12:50:50.4559682Z [103/114] Linking C static library esp-idf/esp_system/libesp_system.a^[[K
build	Build ESP32-C6 firmware	2026-09-24T12:50:50.4560523Z [104/114] Linking C static library esp-idf/efuse/libefuse.a^[[K
build	Build ESP32-C6 firmware	2026-09-24T12:50:50.4561475Z [105/114] Linking C static library esp-idf/bootloader_support/libbootloader_support.a^[[K
build	Build ESP32-C6 firmware	2026-09-24T12:50:50.4563248Z [106/114] Linking C static library esp-idf/esp_bootloader_format/libesp_bootloader_format.a^[[K
build	Build ESP32-C6 firmware	2026-09-24T12:50:50.4564327Z [107/114] Linking C static library esp-idf/spi_flash/libspi_flash.a^[[K
build	Build ESP32-C6 firmware	2026-09-24T12:50:50.4565191Z [108/114] Linking C static library esp-idf/hal/libhal.a^[[K
build	Build ESP32-C6 firmware	2026-09-24T12:50:50.4566149Z [109/114] Linking C static library esp-idf/micro-ecc/libmicro-ecc.a^[[K
build	Build ESP32-C6 firmware	2026-09-24T12:50:50.4567007Z [110/114] Linking C static library esp-idf/soc/libsoc.a^[[K
build	Build ESP32-C6 firmware	2026-09-24T12:50:50.4567809Z [111/114] Linking C static library esp-idf/main/libmain.a^[[K
build	Build ESP32-C6 firmware	2026-09-24T12:50:50.4568534Z [112/114] Linking C executable bootloader.elf^[[K
build	Build ESP32-C6 firmware	2026-09-24T12:50:50.4569252Z [113/114] Generating binary image from built executable^[[K
build	Build ESP32-C6 firmware	2026-09-24T12:50:50.4569783Z esptool.py v4.8.1
build	Build ESP32-C6 firmware	2026-09-24T12:50:50.4570155Z Creating esp32c6 image...
build	Build ESP32-C6 firmware	2026-09-24T12:50:50.4570551Z Merged 2 ELF sections
build	Build ESP32-C6 firmware	2026-09-24T12:50:50.4570936Z Successfully created esp32c6 image.
build	Build ESP32-C6 firmware	2026-09-24T12:50:50.4571605Z Generated /app/yuanwil1y/esp32c6-Pwnagotchi/build/bootloader/bootloader.bin
build	Build ESP32-C6 firmware	2026-09-24T12:50:50.4584767Z 
build	Build ESP32-C6 firmware	2026-09-24T12:50:50.4586987Z [114/114] cd /app/yuanwil1y/esp32c6-Pwnagotchi/build/bootloader/esp-idf/esptool_py && /opt/esp/python_env/idf5.4_py3.12_env/bin/python /opt/esp/idf/components/partition_table/check_sizes.py --offset 0x8000 bootloader 0x0 /app/yuanwil1y/esp32c6-Pwnagotchi/build/bootloader/bootloader.bin^[[K
build	Build ESP32-C6 firmware	2026-09-24T12:50:50.4589558Z Bootloader binary size 0x5560 bytes. 0x2aa0 bytes (33%) free.
build	Build ESP32-C6 firmware	2026-09-24T12:50:50.4590026Z 
build	Build ESP32-C6 firmware	2026-09-24T12:50:50.4590348Z [323/1416] No install step for 'bootloader'^[[K
build	Build ESP32-C6 firmware	2026-09-24T12:50:50.4648552Z [324/1416] Building C object esp-idf/soc/CMakeFiles/__idf_soc.dir/esp32c6/gdma_periph.c.obj^[[K
build	Build ESP32-C6 firmware	2026-09-24T12:50:50.4705980Z [325/1416] Completed 'bootloader'^[[K
build	Build ESP32-C6 firmware	2026-09-24T12:50:50.4722945Z [326/1416] Building C object esp-idf/soc/CMakeFiles/__idf_soc.dir/esp32c6/pcnt_periph.c.obj^[[K
build	Build ESP32-C6 firmware	2026-09-24T12:50:50.4878570Z [327/1416] Building C object esp-idf/soc/CMakeFiles/__idf_soc.dir/esp32c6/ledc_periph.c.obj^[[K
build	Build ESP32-C6 firmware	2026-09-24T12:50:50.5075896Z [328/1416] Building C object esp-idf/soc/CMakeFiles/__idf_soc.dir/esp32c6/spi_periph.c.obj^[[K
build	Build ESP32-C6 firmware	2026-09-24T12:50:50.5287735Z [329/1416] Building C object esp-idf/soc/CMakeFiles/__idf_soc.dir/esp32c6/sdm_periph.c.obj^[[K
build	Build ESP32-C6 firmware	2026-09-24T12:50:50.5829017Z [330/1416] Building C object esp-idf/soc/CMakeFiles/__idf_soc.dir/esp32c6/rmt_periph.c.obj^[[K
build	Build ESP32-C6 firmware	2026-09-24T12:50:50.5939246Z [331/1416] Building C object esp-idf/soc/CMakeFiles/__idf_soc.dir/esp32c6/i2s_periph.c.obj^[[K
build	Build ESP32-C6 firmware	2026-09-24T12:50:50.5993288Z [332/1416] Building C object esp-idf/soc/CMakeFiles/__idf_soc.dir/esp32c6/temperature_sensor_periph.c.obj^[[K
build	Build ESP32-C6 firmware	2026-09-24T12:50:50.6125315Z [333/1416] Building C object esp-idf/soc/CMakeFiles/__idf_soc.dir/esp32c6/timer_periph.c.obj^[[K
build	Build ESP32-C6 firmware	2026-09-24T12:50:50.6201497Z [334/1416] Building C object esp-idf/soc/CMakeFiles/__idf_soc.dir/esp32c6/i2c_periph.c.obj^[[K
build	Build ESP32-C6 firmware	2026-09-24T12:50:50.6556081Z [335/1416] Building C object esp-idf/soc/CMakeFiles/__idf_soc.dir/esp32c6/parlio_periph.c.obj^[[K
build	Build ESP32-C6 firmware	2026-09-24T12:50:50.6845394Z [336/1416] Building C object esp-idf/soc/CMakeFiles/__idf_soc.dir/esp32c6/mcpwm_periph.c.obj^[[K
build	Build ESP32-C6 firmware	2026-09-24T12:50:50.6847676Z [337/1416] Building C object esp-idf/soc/CMakeFiles/__idf_soc.dir/esp32c6/ieee802154_periph.c.obj^[[K
build	Build ESP32-C6 firmware	2026-09-24T12:50:50.6951403Z [338/1416] Building C object esp-idf/soc/CMakeFiles/__idf_soc.dir/esp32c6/mpi_periph.c.obj^[[K
build	Build ESP32-C6 firmware	2026-09-24T12:50:50.7586339Z [339/1416] Building C object esp-idf/soc/CMakeFiles/__idf_soc.dir/esp32c6/wdt_periph.c.obj^[[K
build	Build ESP32-C6 firmware	2026-09-24T12:50:50.7644992Z [340/1416] Building C object esp-idf/soc/CMakeFiles/__idf_soc.dir/esp32c6/twai_periph.c.obj^[[K
build	Build ESP32-C6 firmware	2026-09-24T12:50:50.7888850Z [341/1416] Building C object esp-idf/soc/CMakeFiles/__idf_soc.dir/esp32c6/rtc_io_periph.c.obj^[[K
build	Build ESP32-C6 firmware	2026-09-24T12:50:50.8280319Z [342/1416] Building C object esp-idf/soc/CMakeFiles/__idf_soc.dir/esp32c6/sdio_slave_periph.c.obj^[[K
build	Build ESP32-C6 firmware	2026-09-24T12:50:50.8297267Z [343/1416] Building C object esp-idf/esp_security/CMakeFiles/__idf_esp_security.dir/src/init.c.obj^[[K
build	Build ESP32-C6 firmware	2026-09-24T12:50:50.8760715Z [344/1416] Building C object esp-idf/soc/CMakeFiles/__idf_soc.dir/esp32c6/system_retention_periph.c.obj^[[K
build	Build ESP32-C6 firmware	2026-09-24T12:50:50.9400006Z [345/1416] Building C object esp-idf/esp_security/CMakeFiles/__idf_esp_security.dir/src/esp_dpa_protection.c.obj^[[K
build	Build ESP32-C6 firmware	2026-09-24T12:50:50.9467024Z [346/1416] Building C object esp-idf/esp_security/CMakeFiles/__idf_esp_security.dir/src/esp_crypto_lock.c.obj^[[K
build	Build ESP32-C6 firmware	2026-09-24T12:50:51.0257028Z [347/1416] Building C object esp-idf/esp_security/CMakeFiles/__idf_esp_security.dir/src/esp_hmac.c.obj^[[K
build	Build ESP32-C6 firmware	2026-09-24T12:50:51.0468814Z [348/1416] Building C object esp-idf/esp_hw_support/CMakeFiles/__idf_esp_hw_support.dir/cpu.c.obj^[[K
build	Build ESP32-C6 firmware	2026-09-24T12:50:51.0516697Z [349/1416] Building C object esp-idf/esp_hw_support/CMakeFiles/__idf_esp_hw_support.dir/port/esp32c6/esp_cpu_intr.c.obj^[[K
build	Build ESP32-C6 firmware	2026-09-24T12:50:51.0807912Z [350/1416] Building C object esp-idf/esp_hw_support/CMakeFiles/__idf_esp_hw_support.dir/esp_memory_utils.c.obj^[[K
build	Build ESP32-C6 firmware	2026-09-24T12:50:51.1325171Z [351/1416] Building C object esp-idf/esp_security/CMakeFiles/__idf_esp_security.dir/src/esp_ds.c.obj^[[K
build	Build ESP32-C6 firmware	2026-09-24T12:50:51.2767987Z [352/1416] Building C object esp-idf/esp_hw_support/CMakeFiles/__idf_esp_hw_support.dir/port/esp32c6/cpu_region_protect.c.obj^[[K
build	Build ESP32-C6 firmware	2026-09-24T12:50:51.2828063Z [353/1416] Building C object esp-idf/esp_hw_support/CMakeFiles/__idf_esp_hw_support.dir/clk_ctrl_os.c.obj^[[K
build	Build ESP32-C6 firmware	2026-09-24T12:50:51.2911040Z [354/1416] Building C object esp-idf/esp_hw_support/CMakeFiles/__idf_esp_hw_support.dir/esp_clk.c.obj^[[K
build	Build ESP32-C6 firmware	2026-09-24T12:50:51.3321114Z [355/1416] Building C object esp-idf/esp_hw_support/CMakeFiles/__idf_esp_hw_support.dir/hw_random.c.obj^[[K
build	Build ESP32-C6 firmware	2026-09-24T12:50:51.3981267Z [356/1416] Building C object esp-idf/esp_hw_support/CMakeFiles/__idf_esp_hw_support.dir/mac_addr.c.obj^[[K
build	Build ESP32-C6 firmware	2026-09-24T12:50:51.5279199Z [357/1416] Building C object esp-idf/esp_hw_support/CMakeFiles/__idf_esp_hw_support.dir/revision.c.obj^[[K
build	Build ESP32-C6 firmware	2026-09-24T12:50:51.5306147Z [358/1416] Building C object esp-idf/esp_hw_support/CMakeFiles/__idf_esp_hw_support.dir/periph_ctrl.c.obj^[[K
build	Build ESP32-C6 firmware	2026-09-24T12:50:51.5366050Z [359/1416] Building C object esp-idf/esp_hw_support/CMakeFiles/__idf_esp_hw_support.dir/intr_alloc.c.obj^[[K
build	Build ESP32-C6 firmware	2026-09-24T12:50:51.5786537Z [360/1416] Building C object esp-idf/esp_hw_support/CMakeFiles/__idf_esp_hw_support.dir/sleep_modem.c.obj^[[K
build	Build ESP32-C6 firmware	2026-09-24T12:50:51.6295985Z [361/1416] Building C object esp-idf/esp_hw_support/CMakeFiles/__idf_esp_hw_support.dir/rtc_module.c.obj^[[K
build	Build ESP32-C6 firmware	2026-09-24T12:50:51.6842569Z [362/1416] Building C object esp-idf/esp_hw_support/CMakeFiles/__idf_esp_hw_support.dir/sleep_console.c.obj^[[K
build	Build ESP32-C6 firmware	2026-09-24T12:50:51.7691574Z [363/1416] Building C object esp-idf/esp_hw_support/CMakeFiles/__idf_esp_hw_support.dir/esp_gpio_reserve.c.obj^[[K
build	Build ESP32-C6 firmware	2026-09-24T12:50:51.8741517Z [364/1416] Building C object esp-idf/esp_hw_support/CMakeFiles/__idf_esp_hw_support.dir/sleep_event.c.obj^[[K
build	Build ESP32-C6 firmware	2026-09-24T12:50:51.8759828Z [365/1416] Building C object esp-idf/esp_hw_support/CMakeFiles/__idf_esp_hw_support.dir/regi2c_ctrl.c.obj^[[K
build	Build ESP32-C6 firmware	2026-09-24T12:50:51.8873194Z [366/1416] Building C object esp-idf/esp_hw_support/CMakeFiles/__idf_esp_hw_support.dir/sar_periph_ctrl_common.c.obj^[[K
build	Build ESP32-C6 firmware	2026-09-24T12:50:51.9900008Z [367/1416] Building C object esp-idf/esp_hw_support/CMakeFiles/__idf_esp_hw_support.dir/sleep_gpio.c.obj^[[K
build	Build ESP32-C6 firmware	2026-09-24T12:50:52.0330363Z [368/1416] Building C object esp-idf/esp_hw_support/CMakeFiles/__idf_esp_hw_support.dir/port/esp32c6/esp_clk_tree.c.obj^[[K
build	Build ESP32-C6 firmware	2026-09-24T12:50:52.1144223Z [369/1416] Building C object esp-idf/esp_hw_support/CMakeFiles/__idf_esp_hw_support.dir/port/esp32c6/io_mux.c.obj^[[K
build	Build ESP32-C6 firmware	2026-09-24T12:50:52.1958720Z [370/1416] Building C object esp-idf/esp_hw_support/CMakeFiles/__idf_esp_hw_support.dir/port/esp_clk_tree_common.c.obj^[[K
build	Build ESP32-C6 firmware	2026-09-24T12:50:52.2308712Z [371/1416] Building C object esp-idf/esp_hw_support/CMakeFiles/__idf_esp_hw_support.dir/dma/esp_dma_utils.c.obj^[[K
build	Build ESP32-C6 firmware	2026-09-24T12:50:52.3131403Z [372/1416] Building C object esp-idf/esp_hw_support/CMakeFiles/__idf_esp_hw_support.dir/dma/gdma_link.c.obj^[[K
build	Build ESP32-C6 firmware	2026-09-24T12:50:52.3810308Z [373/1416] Building C object esp-idf/esp_hw_support/CMakeFiles/__idf_esp_hw_support.dir/sleep_modes.c.obj^[[K
build	Build ESP32-C6 firmware	2026-09-24T12:50:52.3870834Z [374/1416] Building C object esp-idf/esp_hw_support/CMakeFiles/__idf_esp_hw_support.dir/spi_bus_lock.c.obj^[[K
build	Build ESP32-C6 firmware	2026-09-24T12:50:52.4417256Z [375/1416] Building C object esp-idf/esp_hw_support/CMakeFiles/__idf_esp_hw_support.dir/spi_share_hw_ctrl.c.obj^[[K
build	Build ESP32-C6 firmware	2026-09-24T12:50:52.5036833Z [376/1416] Building C object esp-idf/esp_hw_support/CMakeFiles/__idf_esp_hw_support.dir/adc_share_hw_ctrl.c.obj^[[K
build	Build ESP32-C6 firmware	2026-09-24T12:50:52.6084536Z [377/1416] Building C object esp-idf/esp_hw_support/CMakeFiles/__idf_esp_hw_support.dir/sleep_system_peripheral.c.obj^[[K
build	Build ESP32-C6 firmware	2026-09-24T12:50:52.6852044Z [378/1416] Building C object esp-idf/esp_hw_support/CMakeFiles/__idf_esp_hw_support.dir/dma/gdma_sleep_retention.c.obj^[[K
build	Build ESP32-C6 firmware	2026-09-24T12:50:52.6920549Z [379/1416] Building C object esp-idf/esp_hw_support/CMakeFiles/__idf_esp_hw_support.dir/dma/esp_async_memcpy.c.obj^[[K
build	Build ESP32-C6 firmware	2026-09-24T12:50:52.7725012Z [380/1416] Building C object esp-idf/esp_hw_support/CMakeFiles/__idf_esp_hw_support.dir/sleep_retention.c.obj^[[K
build	Build ESP32-C6 firmware	2026-09-24T12:50:52.7835301Z [381/1416] Building C object esp-idf/esp_hw_support/CMakeFiles/__idf_esp_hw_support.dir/port/esp32c6/systimer.c.obj^[[K
build	Build ESP32-C6 firmware	2026-09-24T12:50:52.8150396Z [382/1416] Building C object esp-idf/esp_hw_support/CMakeFiles/__idf_esp_hw_support.dir/deprecated/gdma_legacy.c.obj^[[K
build	Build ESP32-C6 firmware	2026-09-24T12:50:52.9533902Z [383/1416] Building C object esp-idf/esp_hw_support/CMakeFiles/__idf_esp_hw_support.dir/dma/gdma_etm.c.obj^[[K
build	Build ESP32-C6 firmware	2026-09-24T12:50:53.0049247Z [384/1416] Building C object esp-idf/esp_hw_support/CMakeFiles/__idf_esp_hw_support.dir/dma/gdma.c.obj^[[K
build	Build ESP32-C6 firmware	2026-09-24T12:50:53.0176355Z [385/1416] Building C object esp-idf/esp_hw_support/CMakeFiles/__idf_esp_hw_support.dir/port/pau_regdma.c.obj^[[K
build	Build ESP32-C6 firmware	2026-09-24T12:50:53.0934594Z [386/1416] Building C object esp-idf/esp_hw_support/CMakeFiles/__idf_esp_hw_support.dir/dma/async_memcpy_gdma.c.obj^[[K
build	Build ESP32-C6 firmware	2026-09-24T12:50:53.2499895Z [387/1416] Building C object esp-idf/esp_hw_support/CMakeFiles/__idf_esp_hw_support.dir/esp_etm.c.obj^[[K
build	Build ESP32-C6 firmware	2026-09-24T12:50:53.2819074Z [388/1416] Building C object esp-idf/esp_hw_support/CMakeFiles/__idf_esp_hw_support.dir/mspi_timing_tuning.c.obj^[[K
build	Build ESP32-C6 firmware	2026-09-24T12:50:53.3157876Z [389/1416] Building C object esp-idf/esp_hw_support/CMakeFiles/__idf_esp_hw_support.dir/sleep_wake_stub.c.obj^[[K
build	Build ESP32-C6 firmware	2026-09-24T12:50:53.3353002Z [390/1416] Building C object esp-idf/esp_hw_support/CMakeFiles/__idf_esp_hw_support.dir/port/regdma_link.c.obj^[[K
build	Build ESP32-C6 firmware	2026-09-24T12:50:53.4470786Z [391/1416] Building C object esp-idf/esp_hw_support/CMakeFiles/__idf_esp_hw_support.dir/modem_clock.c.obj^[[K
build	Build ESP32-C6 firmware	2026-09-24T12:50:53.4907690Z [392/1416] Building C object esp-idf/esp_hw_support/CMakeFiles/__idf_esp_hw_support.dir/esp_clock_output.c.obj^[[K
build	Build ESP32-C6 firmware	2026-09-24T12:50:53.5289833Z [393/1416] Building C object esp-idf/esp_hw_support/CMakeFiles/__idf_esp_hw_support.dir/port/esp32c6/rtc_clk_init.c.obj^[[K
build	Build ESP32-C6 firmware	2026-09-24T12:50:53.6290360Z [394/1416] Building C object esp-idf/esp_hw_support/CMakeFiles/__idf_esp_hw_support.dir/port/esp32c6/pmu_init.c.obj^[[K
build	Build ESP32-C6 firmware	2026-09-24T12:50:53.6877940Z [395/1416] Building C object esp-idf/esp_hw_support/CMakeFiles/__idf_esp_hw_support.dir/port/esp32c6/pmu_param.c.obj^[[K
build	Build ESP32-C6 firmware	2026-09-24T12:50:53.6973262Z [396/1416] Building C object esp-idf/esp_hw_support/CMakeFiles/__idf_esp_hw_support.dir/port/esp32c6/ocode_init.c.obj^[[K
build	Build ESP32-C6 firmware	2026-09-24T12:50:53.7061810Z [397/1416] Building C object esp-idf/esp_hw_support/CMakeFiles/__idf_esp_hw_support.dir/port/esp32c6/chip_info.c.obj^[[K
build	Build ESP32-C6 firmware	2026-09-24T12:50:53.7405112Z [398/1416] Building C object esp-idf/esp_hw_support/CMakeFiles/__idf_esp_hw_support.dir/port/esp32c6/rtc_clk.c.obj^[[K
build	Build ESP32-C6 firmware	2026-09-24T12:50:53.7578129Z [399/1416] Building ASM object esp-idf/esp_hw_support/CMakeFiles/__idf_esp_hw_support.dir/lowpower/port/esp32c6/sleep_cpu_asm.S.obj^[[K
build	Build ESP32-C6 firmware	2026-09-24T12:50:53.7908303Z [400/1416] Building C object esp-idf/esp_hw_support/CMakeFiles/__idf_esp_hw_support.dir/port/esp32c6/rtc_time.c.obj^[[K
build	Build ESP32-C6 firmware	2026-09-24T12:50:53.9210653Z [401/1416] Building C object esp-idf/esp_hw_support/CMakeFiles/__idf_esp_hw_support.dir/port/esp32c6/pmu_sleep.c.obj^[[K
build	Build ESP32-C6 firmware	2026-09-24T12:50:53.9527366Z [402/1416] Building C object esp-idf/esp_hw_support/CMakeFiles/__idf_esp_hw_support.dir/lowpower/port/esp32c6/sleep_modem_state.c.obj^[[K
build	Build ESP32-C6 firmware	2026-09-24T12:50:53.9937109Z [403/1416] Building C object esp-idf/esp_hw_support/CMakeFiles/__idf_esp_hw_support.dir/lowpower/port/esp32c6/sleep_clock.c.obj^[[K
build	Build ESP32-C6 firmware	2026-09-24T12:50:54.0268398Z [404/1416] Building C object esp-idf/esp_hw_support/CMakeFiles/__idf_esp_hw_support.dir/port/esp32c6/sar_periph_ctrl.c.obj^[[K
build	Build ESP32-C6 firmware	2026-09-24T12:50:54.0477193Z [405/1416] Building C object esp-idf/freertos/CMakeFiles/__idf_freertos.dir/heap_idf.c.obj^[[K
build	Build ESP32-C6 firmware	2026-09-24T12:50:54.1252289Z [406/1416] Building C object esp-idf/esp_hw_support/CMakeFiles/__idf_esp_hw_support.dir/lowpower/port/esp32c6/sleep_cpu.c.obj^[[K
build	Build ESP32-C6 firmware	2026-09-24T12:50:54.1747076Z [407/1416] Building C object esp-idf/freertos/CMakeFiles/__idf_freertos.dir/app_startup.c.obj^[[K
build	Build ESP32-C6 firmware	2026-09-24T12:50:54.2086180Z [408/1416] Building C object esp-idf/freertos/CMakeFiles/__idf_freertos.dir/port_common.c.obj^[[K
build	Build ESP32-C6 firmware	2026-09-24T12:50:54.2727103Z [409/1416] Building C object esp-idf/freertos/CMakeFiles/__idf_freertos.dir/FreeRTOS-Kernel/list.c.obj^[[K
build	Build ESP32-C6 firmware	2026-09-24T12:50:54.4253511Z [410/1416] Building C object esp-idf/freertos/CMakeFiles/__idf_freertos.dir/port_systick.c.obj^[[K
build	Build ESP32-C6 firmware	2026-09-24T12:50:54.4906729Z [411/1416] Building C object esp-idf/freertos/CMakeFiles/__idf_freertos.dir/FreeRTOS-Kernel/queue.c.obj^[[K
build	Build ESP32-C6 firmware	2026-09-24T12:50:54.5003659Z [412/1416] Building C object esp-idf/freertos/CMakeFiles/__idf_freertos.dir/FreeRTOS-Kernel/timers.c.obj^[[K
build	Build ESP32-C6 firmware	2026-09-24T12:50:54.5379186Z [413/1416] Building ASM object esp-idf/freertos/CMakeFiles/__idf_freertos.dir/FreeRTOS-Kernel/portable/riscv/portasm.S.obj^[[K
build	Build ESP32-C6 firmware	2026-09-24T12:50:54.5998995Z [414/1416] Building C object esp-idf/freertos/CMakeFiles/__idf_freertos.dir/FreeRTOS-Kernel/event_groups.c.obj^[[K
build	Build ESP32-C6 firmware	2026-09-24T12:50:54.6978964Z [415/1416] Building C object esp-idf/freertos/CMakeFiles/__idf_freertos.dir/FreeRTOS-Kernel/portable/riscv/port.c.obj^[[K
build	Build ESP32-C6 firmware	2026-09-24T12:50:54.7017587Z [416/1416] Building C object esp-idf/freertos/CMakeFiles/__idf_freertos.dir/esp_additions/freertos_compatibility.c.obj^[[K
build	Build ESP32-C6 firmware	2026-09-24T12:50:54.7369596Z [417/1416] Building C object esp-idf/freertos/CMakeFiles/__idf_freertos.dir/esp_additions/idf_additions_event_groups.c.obj^[[K
build	Build ESP32-C6 firmware	2026-09-24T12:50:54.7674073Z [418/1416] Building C object esp-idf/freertos/CMakeFiles/__idf_freertos.dir/FreeRTOS-Kernel/stream_buffer.c.obj^[[K
build	Build ESP32-C6 firmware	2026-09-24T12:50:54.8565610Z [419/1416] Building C object esp-idf/freertos/CMakeFiles/__idf_freertos.dir/esp_additions/idf_additions.c.obj^[[K
build	Build ESP32-C6 firmware	2026-09-24T12:50:54.8593952Z [420/1416] Building C object esp-idf/newlib/CMakeFiles/__idf_newlib.dir/flockfile.c.obj^[[K
build	Build ESP32-C6 firmware	2026-09-24T12:50:54.8605060Z [421/1416] Building C object esp-idf/newlib/CMakeFiles/__idf_newlib.dir/heap.c.obj^[[K
build	Build ESP32-C6 firmware	2026-09-24T12:50:54.8699025Z [422/1416] Building C object esp-idf/newlib/CMakeFiles/__idf_newlib.dir/assert.c.obj^[[K
build	Build ESP32-C6 firmware	2026-09-24T12:50:54.9210064Z [423/1416] Building C object esp-idf/newlib/CMakeFiles/__idf_newlib.dir/abort.c.obj^[[K
build	Build ESP32-C6 firmware	2026-09-24T12:50:55.0131682Z [424/1416] Building C object esp-idf/freertos/CMakeFiles/__idf_freertos.dir/FreeRTOS-Kernel/tasks.c.obj^[[K
build	Build ESP32-C6 firmware	2026-09-24T12:50:55.0388872Z [425/1416] Building C object esp-idf/newlib/CMakeFiles/__idf_newlib.dir/poll.c.obj^[[K
build	Build ESP32-C6 firmware	2026-09-24T12:50:55.0390963Z [426/1416] Building C object esp-idf/newlib/CMakeFiles/__idf_newlib.dir/reent_init.c.obj^[[K
build	Build ESP32-C6 firmware	2026-09-24T12:50:55.0636346Z [427/1416] Building C object esp-idf/newlib/CMakeFiles/__idf_newlib.dir/random.c.obj^[[K
build	Build ESP32-C6 firmware	2026-09-24T12:50:55.0781056Z [428/1416] Building C object esp-idf/newlib/CMakeFiles/__idf_newlib.dir/pthread.c.obj^[[K
build	Build ESP32-C6 firmware	2026-09-24T12:50:55.0830019Z [429/1416] Building C object esp-idf/newlib/CMakeFiles/__idf_newlib.dir/getentropy.c.obj^[[K
build	Build ESP32-C6 firmware	2026-09-24T12:50:55.1981419Z [430/1416] Building C object esp-idf/newlib/CMakeFiles/__idf_newlib.dir/locks.c.obj^[[K
build	Build ESP32-C6 firmware	2026-09-24T12:50:55.2172489Z [431/1416] Building C object esp-idf/newlib/CMakeFiles/__idf_newlib.dir/termios.c.obj^[[K
build	Build ESP32-C6 firmware	2026-09-24T12:50:55.2519421Z [432/1416] Building C object esp-idf/newlib/CMakeFiles/__idf_newlib.dir/newlib_init.c.obj^[[K
build	Build ESP32-C6 firmware	2026-09-24T12:50:55.3323754Z [433/1416] Building C object esp-idf/newlib/CMakeFiles/__idf_newlib.dir/sysconf.c.obj^[[K
build	Build ESP32-C6 firmware	2026-09-24T12:50:55.3426828Z [434/1416] Building C object esp-idf/newlib/CMakeFiles/__idf_newlib.dir/realpath.c.obj^[[K
build	Build ESP32-C6 firmware	2026-09-24T12:50:55.4029891Z [435/1416] Building C object esp-idf/newlib/CMakeFiles/__idf_newlib.dir/syscalls.c.obj^[[K
build	Build ESP32-C6 firmware	2026-09-24T12:50:55.4074233Z [436/1416] Building C object esp-idf/newlib/CMakeFiles/__idf_newlib.dir/scandir.c.obj^[[K
build	Build ESP32-C6 firmware	2026-09-24T12:50:55.4486888Z [437/1416] Building C object esp-idf/newlib/CMakeFiles/__idf_newlib.dir/stdatomic.c.obj^[[K
build	Build ESP32-C6 firmware	2026-09-24T12:50:55.4947328Z [438/1416] Building C object esp-idf/newlib/CMakeFiles/__idf_newlib.dir/port/esp_time_impl.c.obj^[[K
build	Build ESP32-C6 firmware	2026-09-24T12:50:55.6990438Z [439/1416] Building C object esp-idf/newlib/CMakeFiles/__idf_newlib.dir/time.c.obj^[[K
build	Build ESP32-C6 firmware	2026-09-24T12:50:55.7253879Z [440/1416] Building C object esp-idf/pthread/CMakeFiles/__idf_pthread.dir/pthread_semaphore.c.obj^[[K
build	Build ESP32-C6 firmware	2026-09-24T12:50:55.7631224Z [441/1416] Building C object esp-idf/pthread/CMakeFiles/__idf_pthread.dir/pthread_local_storage.c.obj^[[K
build	Build ESP32-C6 firmware	2026-09-24T12:50:55.7642863Z [442/1416] Building C object esp-idf/pthread/CMakeFiles/__idf_pthread.dir/pthread_cond_var.c.obj^[[K
build	Build ESP32-C6 firmware	2026-09-24T12:50:55.7809978Z [443/1416] Building CXX object esp-idf/cxx/CMakeFiles/__idf_cxx.dir/cxx_exception_stubs.cpp.obj^[[K
build	Build ESP32-C6 firmware	2026-09-24T12:50:55.8149695Z [444/1416] Building C object esp-idf/pthread/CMakeFiles/__idf_pthread.dir/pthread.c.obj^[[K
build	Build ESP32-C6 firmware	2026-09-24T12:50:55.8987614Z [445/1416] Building C object esp-idf/pthread/CMakeFiles/__idf_pthread.dir/pthread_rwlock.c.obj^[[K
build	Build ESP32-C6 firmware	2026-09-24T12:50:56.0018317Z [446/1416] Building C object esp-idf/esp_timer/CMakeFiles/__idf_esp_timer.dir/src/esp_timer_init.c.obj^[[K
build	Build ESP32-C6 firmware	2026-09-24T12:50:56.0205512Z [447/1416] Building C object esp-idf/esp_timer/CMakeFiles/__idf_esp_timer.dir/src/system_time.c.obj^[[K
build	Build ESP32-C6 firmware	2026-09-24T12:50:56.0370303Z [448/1416] Building C object esp-idf/esp_timer/CMakeFiles/__idf_esp_timer.dir/src/ets_timer_legacy.c.obj^[[K
build	Build ESP32-C6 firmware	2026-09-24T12:50:56.1131347Z [449/1416] Building CXX object esp-idf/cxx/CMakeFiles/__idf_cxx.dir/cxx_init.cpp.obj^[[K
build	Build ESP32-C6 firmware	2026-09-24T12:50:56.1338156Z [450/1416] Building C object esp-idf/esp_timer/CMakeFiles/__idf_esp_timer.dir/src/esp_timer.c.obj^[[K
build	Build ESP32-C6 firmware	2026-09-24T12:50:56.1772128Z [451/1416] Building C object esp-idf/esp_timer/CMakeFiles/__idf_esp_timer.dir/src/esp_timer_impl_common.c.obj^[[K
build	Build ESP32-C6 firmware	2026-09-24T12:50:56.2462824Z [452/1416] Building C object esp-idf/esp_timer/CMakeFiles/__idf_esp_timer.dir/src/esp_timer_etm.c.obj^[[K
build	Build ESP32-C6 firmware	2026-09-24T12:50:56.4529837Z [453/1416] Building C object esp-idf/esp_timer/CMakeFiles/__idf_esp_timer.dir/src/esp_timer_impl_systimer.c.obj^[[K
build	Build ESP32-C6 firmware	2026-09-24T12:50:56.5580274Z [454/1416] Building C object esp-idf/esp_driver_gptimer/CMakeFiles/__idf_esp_driver_gptimer.dir/src/gptimer_common.c.obj^[[K
build	Build ESP32-C6 firmware	2026-09-24T12:50:56.6101625Z [455/1416] Building C object esp-idf/esp_driver_gptimer/CMakeFiles/__idf_esp_driver_gptimer.dir/src/gptimer_etm.c.obj^[[K
build	Build ESP32-C6 firmware	2026-09-24T12:50:56.6947876Z [456/1416] Building C object esp-idf/esp_driver_gptimer/CMakeFiles/__idf_esp_driver_gptimer.dir/src/gptimer.c.obj^[[K
build	Build ESP32-C6 firmware	2026-09-24T12:50:56.7303279Z [457/1416] Building CXX object esp-idf/cxx/CMakeFiles/__idf_cxx.dir/cxx_guards.cpp.obj^[[K
build	Build ESP32-C6 firmware	2026-09-24T12:50:56.8209484Z [458/1416] Building C object esp-idf/esp_ringbuf/CMakeFiles/__idf_esp_ringbuf.dir/ringbuf.c.obj^[[K
build	Build ESP32-C6 firmware	2026-09-24T12:50:57.0154484Z [459/1416] Building C object esp-idf/esp_event/CMakeFiles/__idf_esp_event.dir/default_event_loop.c.obj^[[K
build	Build ESP32-C6 firmware	2026-09-24T12:50:57.0549457Z [460/1416] Building C object esp-idf/esp_event/CMakeFiles/__idf_esp_event.dir/esp_event_private.c.obj^[[K
build	Build ESP32-C6 firmware	2026-09-24T12:50:57.1539854Z [461/1416] Building C object esp-idf/esp_event/CMakeFiles/__idf_esp_event.dir/esp_event.c.obj^[[K
build	Build ESP32-C6 firmware	2026-09-24T12:50:57.4860505Z [462/1416] Building C object esp-idf/esp_driver_uart/CMakeFiles/__idf_esp_driver_uart.dir/src/uart_vfs.c.obj^[[K
build	Build ESP32-C6 firmware	2026-09-24T12:51:00.5237338Z [463/1416] Building C object esp-idf/esp_driver_uart/CMakeFiles/__idf_esp_driver_uart.dir/src/uart.c.obj^[[K
build	Build ESP32-C6 firmware	2026-09-24T12:51:00.6257298Z [464/1416] Building CXX object esp-idf/nvs_flash/CMakeFiles/__idf_nvs_flash.dir/src/nvs_cxx_api.cpp.obj^[[K
build	Build ESP32-C6 firmware	2026-09-24T12:51:00.6800549Z [465/1416] Building CXX object esp-idf/nvs_flash/CMakeFiles/__idf_nvs_flash.dir/src/nvs_item_hash_list.cpp.obj^[[K
build	Build ESP32-C6 firmware	2026-09-24T12:51:00.7291029Z [466/1416] Building CXX object esp-idf/nvs_flash/CMakeFiles/__idf_nvs_flash.dir/src/nvs_page.cpp.obj^[[K
build	Build ESP32-C6 firmware	2026-09-24T12:51:00.9514929Z [467/1416] Building CXX object esp-idf/nvs_flash/CMakeFiles/__idf_nvs_flash.dir/src/nvs_pagemanager.cpp.obj^[[K
build	Build ESP32-C6 firmware	2026-09-24T12:51:01.5821302Z [468/1416] Building CXX object esp-idf/nvs_flash/CMakeFiles/__idf_nvs_flash.dir/src/nvs_api.cpp.obj^[[K
build	Build ESP32-C6 firmware	2026-09-24T12:51:01.6386318Z [469/1416] Building CXX object esp-idf/nvs_flash/CMakeFiles/__idf_nvs_flash.dir/src/nvs_partition.cpp.obj^[[K
build	Build ESP32-C6 firmware	2026-09-24T12:51:01.7944274Z [470/1416] Building CXX object esp-idf/nvs_flash/CMakeFiles/__idf_nvs_flash.dir/src/nvs_storage.cpp.obj^[[K
build	Build ESP32-C6 firmware	2026-09-24T12:51:01.9106243Z [471/1416] Building CXX object esp-idf/nvs_flash/CMakeFiles/__idf_nvs_flash.dir/src/nvs_partition_lookup.cpp.obj^[[K
build	Build ESP32-C6 firmware	2026-09-24T12:51:02.1261625Z [472/1416] Building CXX object esp-idf/nvs_flash/CMakeFiles/__idf_nvs_flash.dir/src/nvs_platform.cpp.obj^[[K
build	Build ESP32-C6 firmware	2026-09-24T12:51:02.8352620Z [473/1416] Building C object esp-idf/nvs_flash/CMakeFiles/__idf_nvs_flash.dir/src/nvs_bootloader.c.obj^[[K
build	Build ESP32-C6 firmware	2026-09-24T12:51:03.5406981Z [474/1416] Building C object esp-idf/esp_driver_pcnt/CMakeFiles/__idf_esp_driver_pcnt.dir/src/pulse_cnt.c.obj^[[K
build	Build ESP32-C6 firmware	2026-09-24T12:51:04.2193927Z [475/1416] Building C object esp-idf/esp_driver_spi/CMakeFiles/__idf_esp_driver_spi.dir/src/gpspi/spi_common.c.obj^[[K
build	Build ESP32-C6 firmware	2026-09-24T12:51:04.2903162Z [476/1416] Building CXX object esp-idf/nvs_flash/CMakeFiles/__idf_nvs_flash.dir/src/nvs_handle_locked.cpp.obj^[[K
build	Build ESP32-C6 firmware	2026-09-24T12:51:04.3266092Z [477/1416] Building CXX object esp-idf/nvs_flash/CMakeFiles/__idf_nvs_flash.dir/src/nvs_partition_manager.cpp.obj^[[K
build	Build ESP32-C6 firmware	2026-09-24T12:51:04.4663434Z [478/1416] Building CXX object esp-idf/nvs_flash/CMakeFiles/__idf_nvs_flash.dir/src/nvs_handle_simple.cpp.obj^[[K
build	Build ESP32-C6 firmware	2026-09-24T12:51:04.5527155Z [479/1416] Building C object esp-idf/esp_driver_spi/CMakeFiles/__idf_esp_driver_spi.dir/src/gpspi/spi_dma.c.obj^[[K
build	Build ESP32-C6 firmware	2026-09-24T12:51:04.7683864Z [480/1416] Building C object esp-idf/esp_driver_spi/CMakeFiles/__idf_esp_driver_spi.dir/src/gpspi/spi_master.c.obj^[[K
build	Build ESP32-C6 firmware	2026-09-24T12:51:04.8033573Z [481/1416] Building C object esp-idf/esp_driver_spi/CMakeFiles/__idf_esp_driver_spi.dir/src/gpspi/spi_slave.c.obj^[[K
build	Build ESP32-C6 firmware	2026-09-24T12:51:04.8370870Z [482/1416] Building CXX object esp-idf/nvs_flash/CMakeFiles/__idf_nvs_flash.dir/src/nvs_types.cpp.obj^[[K
build	Build ESP32-C6 firmware	2026-09-24T12:51:04.9918508Z [483/1416] Building C object esp-idf/esp_driver_spi/CMakeFiles/__idf_esp_driver_spi.dir/src/gpspi/spi_slave_hd.c.obj^[[K
build	Build ESP32-C6 firmware	2026-09-24T12:51:05.2202170Z [484/1416] Building C object esp-idf/esp_driver_mcpwm/CMakeFiles/__idf_esp_driver_mcpwm.dir/src/mcpwm_cmpr.c.obj^[[K
build	Build ESP32-C6 firmware	2026-09-24T12:51:05.2623013Z [485/1416] Building C object esp-idf/esp_driver_mcpwm/CMakeFiles/__idf_esp_driver_mcpwm.dir/src/mcpwm_cap.c.obj^[[K
build	Build ESP32-C6 firmware	2026-09-24T12:51:05.2647352Z [486/1416] Building C object esp-idf/esp_driver_mcpwm/CMakeFiles/__idf_esp_driver_mcpwm.dir/src/mcpwm_com.c.obj^[[K
build	Build ESP32-C6 firmware	2026-09-24T12:51:05.4950011Z [487/1416] Building C object esp-idf/esp_driver_mcpwm/CMakeFiles/__idf_esp_driver_mcpwm.dir/src/mcpwm_fault.c.obj^[[K
build	Build ESP32-C6 firmware	2026-09-24T12:51:05.5428775Z [488/1416] Building CXX object esp-idf/nvs_flash/CMakeFiles/__idf_nvs_flash.dir/src/nvs_encrypted_partition.cpp.obj^[[K
build	Build ESP32-C6 firmware	2026-09-24T12:51:05.5466573Z [489/1416] Building C object esp-idf/esp_driver_mcpwm/CMakeFiles/__idf_esp_driver_mcpwm.dir/src/mcpwm_gen.c.obj^[[K
build	Build ESP32-C6 firmware	2026-09-24T12:51:05.5878111Z [490/1416] Building C object esp-idf/esp_driver_mcpwm/CMakeFiles/__idf_esp_driver_mcpwm.dir/src/mcpwm_oper.c.obj^[[K
build	Build ESP32-C6 firmware	2026-09-24T12:51:05.6579519Z [491/1416] Building C object esp-idf/esp_driver_mcpwm/CMakeFiles/__idf_esp_driver_mcpwm.dir/src/mcpwm_etm.c.obj^[[K
build	Build ESP32-C6 firmware	2026-09-24T12:51:05.8424274Z [492/1416] Building C object esp-idf/esp_driver_mcpwm/CMakeFiles/__idf_esp_driver_mcpwm.dir/src/mcpwm_sync.c.obj^[[K
build	Build ESP32-C6 firmware	2026-09-24T12:51:05.9040293Z [493/1416] Building C object esp-idf/esp_driver_mcpwm/CMakeFiles/__idf_esp_driver_mcpwm.dir/src/mcpwm_timer.c.obj^[[K
build	Build ESP32-C6 firmware	2026-09-24T12:51:06.0107161Z [494/1416] Building C object esp-idf/esp_driver_i2s/CMakeFiles/__idf_esp_driver_i2s.dir/i2s_std.c.obj^[[K
build	Build ESP32-C6 firmware	2026-09-24T12:51:06.0519413Z [495/1416] Building C object esp-idf/esp_driver_i2s/CMakeFiles/__idf_esp_driver_i2s.dir/i2s_pdm.c.obj^[[K
build	Build ESP32-C6 firmware	2026-09-24T12:51:06.0841356Z [496/1416] Building C object esp-idf/esp_driver_i2s/CMakeFiles/__idf_esp_driver_i2s.dir/i2s_etm.c.obj^[[K
build	Build ESP32-C6 firmware	2026-09-24T12:51:06.2228836Z [497/1416] Building C object esp-idf/esp_driver_i2s/CMakeFiles/__idf_esp_driver_i2s.dir/i2s_tdm.c.obj^[[K
build	Build ESP32-C6 firmware	2026-09-24T12:51:06.2623110Z [498/1416] Building C object esp-idf/esp_driver_i2s/CMakeFiles/__idf_esp_driver_i2s.dir/i2s_common.c.obj^[[K
build	Build ESP32-C6 firmware	2026-09-24T12:51:06.3117833Z [499/1416] Building C object esp-idf/esp_driver_i2s/CMakeFiles/__idf_esp_driver_i2s.dir/i2s_platform.c.obj^[[K
build	Build ESP32-C6 firmware	2026-09-24T12:51:06.4208725Z [500/1416] Building C object esp-idf/sdmmc/CMakeFiles/__idf_sdmmc.dir/sdmmc_init.c.obj^[[K
build	Build ESP32-C6 firmware	2026-09-24T12:51:06.4550345Z [501/1416] Building C object esp-idf/sdmmc/CMakeFiles/__idf_sdmmc.dir/sdmmc_common.c.obj^[[K
build	Build ESP32-C6 firmware	2026-09-24T12:51:06.4831814Z [502/1416] Building C object esp-idf/sdmmc/CMakeFiles/__idf_sdmmc.dir/sdmmc_cmd.c.obj^[[K
build	Build ESP32-C6 firmware	2026-09-24T12:51:06.5400442Z [503/1416] Building C object esp-idf/sdmmc/CMakeFiles/__idf_sdmmc.dir/sd_pwr_ctrl/sd_pwr_ctrl.c.obj^[[K
build	Build ESP32-C6 firmware	2026-09-24T12:51:06.5596325Z [504/1416] Building C object esp-idf/sdmmc/CMakeFiles/__idf_sdmmc.dir/sdmmc_io.c.obj^[[K
build	Build ESP32-C6 firmware	2026-09-24T12:51:06.5846787Z [505/1416] Building C object esp-idf/esp_driver_sdspi/CMakeFiles/__idf_esp_driver_sdspi.dir/src/sdspi_crc.c.obj^[[K
build	Build ESP32-C6 firmware	2026-09-24T12:51:06.8124171Z [506/1416] Building C object esp-idf/sdmmc/CMakeFiles/__idf_sdmmc.dir/sdmmc_mmc.c.obj^[[K
build	Build ESP32-C6 firmware	2026-09-24T12:51:06.8733456Z [507/1416] Building C object esp-idf/esp_driver_sdspi/CMakeFiles/__idf_esp_driver_sdspi.dir/src/sdspi_host.c.obj^[[K
build	Build ESP32-C6 firmware	2026-09-24T12:51:06.9011070Z [508/1416] Building C object esp-idf/esp_driver_sdspi/CMakeFiles/__idf_esp_driver_sdspi.dir/src/sdspi_transaction.c.obj^[[K
build	Build ESP32-C6 firmware	2026-09-24T12:51:06.9810421Z [509/1416] Building C object esp-idf/sdmmc/CMakeFiles/__idf_sdmmc.dir/sdmmc_sd.c.obj^[[K
build	Build ESP32-C6 firmware	2026-09-24T12:51:06.9936828Z [510/1416] Building C object esp-idf/esp_driver_rmt/CMakeFiles/__idf_esp_driver_rmt.dir/src/rmt_encoder.c.obj^[[K
build	Build ESP32-C6 firmware	2026-09-24T12:51:07.1322346Z [511/1416] Building C object esp-idf/esp_driver_rmt/CMakeFiles/__idf_esp_driver_rmt.dir/src/rmt_common.c.obj^[[K
build	Build ESP32-C6 firmware	2026-09-24T12:51:07.1424644Z [512/1416] Building C object esp-idf/esp_driver_sdio/CMakeFiles/__idf_esp_driver_sdio.dir/src/sdio_slave.c.obj^[[K
build	Build ESP32-C6 firmware	2026-09-24T12:51:07.3448299Z [513/1416] Building C object esp-idf/esp_driver_tsens/CMakeFiles/__idf_esp_driver_tsens.dir/src/temperature_sensor_etm.c.obj^[[K
build	Build ESP32-C6 firmware	2026-09-24T12:51:07.3603771Z [514/1416] Building C object esp-idf/esp_driver_rmt/CMakeFiles/__idf_esp_driver_rmt.dir/src/rmt_rx.c.obj^[[K
build	Build ESP32-C6 firmware	2026-09-24T12:51:07.4049013Z [515/1416] Building C object esp-idf/esp_driver_tsens/CMakeFiles/__idf_esp_driver_tsens.dir/src/temperature_sensor.c.obj^[[K
build	Build ESP32-C6 firmware	2026-09-24T12:51:07.6500093Z [516/1416] Building C object esp-idf/esp_driver_sdm/CMakeFiles/__idf_esp_driver_sdm.dir/src/sdm.c.obj^[[K
build	Build ESP32-C6 firmware	2026-09-24T12:51:07.7293090Z [517/1416] Building C object esp-idf/esp_driver_rmt/CMakeFiles/__idf_esp_driver_rmt.dir/src/rmt_tx.c.obj^[[K
build	Build ESP32-C6 firmware	2026-09-24T12:51:07.7543357Z [518/1416] Building C object esp-idf/esp_driver_i2c/CMakeFiles/__idf_esp_driver_i2c.dir/i2c_common.c.obj^[[K
build	Build ESP32-C6 firmware	2026-09-24T12:51:07.9632926Z [519/1416] Building C object esp-idf/esp_driver_parlio/CMakeFiles/__idf_esp_driver_parlio.dir/src/parlio_common.c.obj^[[K
build	Build ESP32-C6 firmware	2026-09-24T12:51:08.0954129Z [520/1416] Building C object esp-idf/esp_driver_i2c/CMakeFiles/__idf_esp_driver_i2c.dir/i2c_slave.c.obj^[[K
build	Build ESP32-C6 firmware	2026-09-24T12:51:08.1464260Z [521/1416] Building C object esp-idf/esp_driver_parlio/CMakeFiles/__idf_esp_driver_parlio.dir/src/parlio_tx.c.obj^[[K
build	Build ESP32-C6 firmware	2026-09-24T12:51:08.2639353Z [522/1416] Building C object esp-idf/esp_driver_usb_serial_jtag/CMakeFiles/__idf_esp_driver_usb_serial_jtag.dir/src/usb_serial_jtag.c.obj^[[K
build	Build ESP32-C6 firmware	2026-09-24T12:51:08.3383133Z [523/1416] Building C object esp-idf/esp_driver_i2c/CMakeFiles/__idf_esp_driver_i2c.dir/i2c_master.c.obj^[[K
build	Build ESP32-C6 firmware	2026-09-24T12:51:08.3397144Z [524/1416] Building C object esp-idf/esp_driver_usb_serial_jtag/CMakeFiles/__idf_esp_driver_usb_serial_jtag.dir/src/usb_serial_jtag_connection_monitor.c.obj^[[K
build	Build ESP32-C6 firmware	2026-09-24T12:51:08.4747888Z [525/1416] Building C object esp-idf/esp_driver_ledc/CMakeFiles/__idf_esp_driver_ledc.dir/src/ledc.c.obj^[[K
build	Build ESP32-C6 firmware	2026-09-24T12:51:08.5054088Z [526/1416] Building C object esp-idf/esp_driver_parlio/CMakeFiles/__idf_esp_driver_parlio.dir/src/parlio_rx.c.obj^[[K
build	Build ESP32-C6 firmware	2026-09-24T12:51:08.5407877Z [527/1416] Building C object esp-idf/esp_driver_usb_serial_jtag/CMakeFiles/__idf_esp_driver_usb_serial_jtag.dir/src/usb_serial_jtag_vfs.c.obj^[[K
build	Build ESP32-C6 firmware	2026-09-24T12:51:08.7802575Z [528/1416] Building C object esp-idf/driver/CMakeFiles/__idf_driver.dir/deprecated/adc_legacy.c.obj^[[K
build	Build ESP32-C6 firmware	2026-09-24T12:51:08.9334241Z [529/1416] Building C object esp-idf/driver/CMakeFiles/__idf_driver.dir/deprecated/adc_dma_legacy.c.obj^[[K
build	Build ESP32-C6 firmware	2026-09-24T12:51:09.1811031Z [530/1416] Building C object esp-idf/driver/CMakeFiles/__idf_driver.dir/deprecated/timer_legacy.c.obj^[[K
build	Build ESP32-C6 firmware	2026-09-24T12:51:09.2133739Z [531/1416] Building C object esp-idf/driver/CMakeFiles/__idf_driver.dir/i2c/i2c.c.obj^[[K
build	Build ESP32-C6 firmware	2026-09-24T12:51:09.3697587Z [532/1416] Building C object esp-idf/driver/CMakeFiles/__idf_driver.dir/deprecated/pcnt_legacy.c.obj^[[K
build	Build ESP32-C6 firmware	2026-09-24T12:51:09.4080388Z [533/1416] Building C object esp-idf/driver/CMakeFiles/__idf_driver.dir/deprecated/sigma_delta_legacy.c.obj^[[K
build	Build ESP32-C6 firmware	2026-09-24T12:51:09.5016425Z [534/1416] Building C object esp-idf/driver/CMakeFiles/__idf_driver.dir/deprecated/i2s_legacy.c.obj^[[K
build	Build ESP32-C6 firmware	2026-09-24T12:51:09.5774740Z [535/1416] Building C object esp-idf/driver/CMakeFiles/__idf_driver.dir/deprecated/rtc_temperature_legacy.c.obj^[[K
build	Build ESP32-C6 firmware	2026-09-24T12:51:09.6358377Z [536/1416] Building C object esp-idf/esp_phy/CMakeFiles/__idf_esp_phy.dir/src/lib_printf.c.obj^[[K
build	Build ESP32-C6 firmware	2026-09-24T12:51:09.6746894Z [537/1416] Building C object esp-idf/driver/CMakeFiles/__idf_driver.dir/deprecated/mcpwm_legacy.c.obj^[[K
build	Build ESP32-C6 firmware	2026-09-24T12:51:09.7622393Z [538/1416] Building C object esp-idf/esp_phy/CMakeFiles/__idf_esp_phy.dir/src/phy_override.c.obj^[[K
build	Build ESP32-C6 firmware	2026-09-24T12:51:09.7630187Z [539/1416] Building C object esp-idf/esp_phy/CMakeFiles/__idf_esp_phy.dir/src/phy_common.c.obj^[[K
build	Build ESP32-C6 firmware	2026-09-24T12:51:09.7841101Z [540/1416] Building C object esp-idf/driver/CMakeFiles/__idf_driver.dir/twai/twai.c.obj^[[K
build	Build ESP32-C6 firmware	2026-09-24T12:51:09.8654193Z [541/1416] Building C object esp-idf/esp_phy/CMakeFiles/__idf_esp_phy.dir/esp32c6/phy_init_data.c.obj^[[K
build	Build ESP32-C6 firmware	2026-09-24T12:51:09.8909204Z [542/1416] Building C object esp-idf/driver/CMakeFiles/__idf_driver.dir/deprecated/rmt_legacy.c.obj^[[K
build	Build ESP32-C6 firmware	2026-09-24T12:51:10.1174337Z [543/1416] Building C object esp-idf/esp_phy/CMakeFiles/__idf_esp_phy.dir/src/btbb_init.c.obj^[[K
build	Build ESP32-C6 firmware	2026-09-24T12:51:10.1292749Z [544/1416] Building C object esp-idf/esp_vfs_console/CMakeFiles/__idf_esp_vfs_console.dir/vfs_console.c.obj^[[K
build	Build ESP32-C6 firmware	2026-09-24T12:51:10.2274580Z [545/1416] Building C object esp-idf/esp_phy/CMakeFiles/__idf_esp_phy.dir/src/phy_init.c.obj^[[K
build	Build ESP32-C6 firmware	2026-09-24T12:51:10.2463921Z [546/1416] Building C object esp-idf/vfs/CMakeFiles/__idf_vfs.dir/vfs_eventfd.c.obj^[[K
build	Build ESP32-C6 firmware	2026-09-24T12:51:10.4517569Z [547/1416] Building C object esp-idf/vfs/CMakeFiles/__idf_vfs.dir/nullfs.c.obj^[[K
build	Build ESP32-C6 firmware	2026-09-24T12:51:10.5593917Z [548/1416] Building C object esp-idf/vfs/CMakeFiles/__idf_vfs.dir/vfs_semihost.c.obj^[[K
build	Build ESP32-C6 firmware	2026-09-24T12:51:10.5681117Z [549/1416] Building C object esp-idf/lwip/CMakeFiles/__idf_lwip.dir/lwip/src/api/err.c.obj^[[K
build	Build ESP32-C6 firmware	2026-09-24T12:51:10.6018279Z [550/1416] Building C object esp-idf/vfs/CMakeFiles/__idf_vfs.dir/vfs.c.obj^[[K
build	Build ESP32-C6 firmware	2026-09-24T12:51:10.6606678Z [551/1416] Building C object esp-idf/lwip/CMakeFiles/__idf_lwip.dir/apps/sntp/sntp.c.obj^[[K
build	Build ESP32-C6 firmware	2026-09-24T12:51:10.8262396Z [552/1416] Building C object esp-idf/lwip/CMakeFiles/__idf_lwip.dir/lwip/src/api/api_lib.c.obj^[[K
build	Build ESP32-C6 firmware	2026-09-24T12:51:10.8520158Z [553/1416] Building C object esp-idf/lwip/CMakeFiles/__idf_lwip.dir/lwip/src/api/api_msg.c.obj^[[K
build	Build ESP32-C6 firmware	2026-09-24T12:51:10.8732354Z [554/1416] Building C object esp-idf/lwip/CMakeFiles/__idf_lwip.dir/lwip/src/api/if_api.c.obj^[[K
build	Build ESP32-C6 firmware	2026-09-24T12:51:10.9383218Z [555/1416] Building C object esp-idf/lwip/CMakeFiles/__idf_lwip.dir/lwip/src/api/netbuf.c.obj^[[K
build	Build ESP32-C6 firmware	2026-09-24T12:51:10.9473716Z [556/1416] Building C object esp-idf/lwip/CMakeFiles/__idf_lwip.dir/lwip/src/api/netdb.c.obj^[[K
build	Build ESP32-C6 firmware	2026-09-24T12:51:11.1328036Z [557/1416] Building C object esp-idf/lwip/CMakeFiles/__idf_lwip.dir/lwip/src/api/netifapi.c.obj^[[K
build	Build ESP32-C6 firmware	2026-09-24T12:51:11.1988510Z [558/1416] Building C object esp-idf/lwip/CMakeFiles/__idf_lwip.dir/lwip/src/api/tcpip.c.obj^[[K
build	Build ESP32-C6 firmware	2026-09-24T12:51:11.2708746Z [559/1416] Building C object esp-idf/lwip/CMakeFiles/__idf_lwip.dir/lwip/src/apps/sntp/sntp.c.obj^[[K
build	Build ESP32-C6 firmware	2026-09-24T12:51:11.2797524Z [560/1416] Building C object esp-idf/lwip/CMakeFiles/__idf_lwip.dir/lwip/src/apps/netbiosns/netbiosns.c.obj^[[K
build	Build ESP32-C6 firmware	2026-09-24T12:51:11.4598350Z [561/1416] Building C object esp-idf/lwip/CMakeFiles/__idf_lwip.dir/lwip/src/core/def.c.obj^[[K
build	Build ESP32-C6 firmware	2026-09-24T12:51:11.5689880Z [562/1416] Building C object esp-idf/lwip/CMakeFiles/__idf_lwip.dir/lwip/src/core/inet_chksum.c.obj^[[K
build	Build ESP32-C6 firmware	2026-09-24T12:51:11.6094056Z [563/1416] Building C object esp-idf/lwip/CMakeFiles/__idf_lwip.dir/lwip/src/core/ip.c.obj^[[K
build	Build ESP32-C6 firmware	2026-09-24T12:51:11.6267254Z [564/1416] Building C object esp-idf/lwip/CMakeFiles/__idf_lwip.dir/lwip/src/core/init.c.obj^[[K
build	Build ESP32-C6 firmware	2026-09-24T12:51:11.6331260Z [565/1416] Building C object esp-idf/lwip/CMakeFiles/__idf_lwip.dir/lwip/src/core/mem.c.obj^[[K
build	Build ESP32-C6 firmware	2026-09-24T12:51:11.7908593Z [566/1416] Building C object esp-idf/lwip/CMakeFiles/__idf_lwip.dir/lwip/src/core/dns.c.obj^[[K
build	Build ESP32-C6 firmware	2026-09-24T12:51:11.8105680Z [567/1416] Building C object esp-idf/lwip/CMakeFiles/__idf_lwip.dir/lwip/src/api/sockets.c.obj^[[K
build	Build ESP32-C6 firmware	2026-09-24T12:51:11.9331047Z [568/1416] Building C object esp-idf/lwip/CMakeFiles/__idf_lwip.dir/lwip/src/core/memp.c.obj^[[K
build	Build ESP32-C6 firmware	2026-09-24T12:51:12.0417724Z [569/1416] Building C object esp-idf/lwip/CMakeFiles/__idf_lwip.dir/lwip/src/core/stats.c.obj^[[K
build	Build ESP32-C6 firmware	2026-09-24T12:51:12.0879500Z [570/1416] Building C object esp-idf/lwip/CMakeFiles/__idf_lwip.dir/lwip/src/core/pbuf.c.obj^[[K
build	Build ESP32-C6 firmware	2026-09-24T12:51:12.1528429Z [571/1416] Building C object esp-idf/lwip/CMakeFiles/__idf_lwip.dir/lwip/src/core/netif.c.obj^[[K
build	Build ESP32-C6 firmware	2026-09-24T12:51:12.1773513Z [572/1416] Building C object esp-idf/lwip/CMakeFiles/__idf_lwip.dir/lwip/src/core/sys.c.obj^[[K
build	Build ESP32-C6 firmware	2026-09-24T12:51:12.5241202Z [573/1416] Building C object esp-idf/lwip/CMakeFiles/__idf_lwip.dir/lwip/src/core/raw.c.obj^[[K
build	Build ESP32-C6 firmware	2026-09-24T12:51:12.5288640Z [574/1416] Building C object esp-idf/lwip/CMakeFiles/__idf_lwip.dir/lwip/src/core/ipv4/autoip.c.obj^[[K
build	Build ESP32-C6 firmware	2026-09-24T12:51:12.5666543Z [575/1416] Building C object esp-idf/lwip/CMakeFiles/__idf_lwip.dir/lwip/src/core/tcp.c.obj^[[K
build	Build ESP32-C6 firmware	2026-09-24T12:51:12.5938682Z [576/1416] Building C object esp-idf/lwip/CMakeFiles/__idf_lwip.dir/lwip/src/core/timeouts.c.obj^[[K
build	Build ESP32-C6 firmware	2026-09-24T12:51:12.5988854Z [577/1416] Building C object esp-idf/lwip/CMakeFiles/__idf_lwip.dir/lwip/src/core/tcp_in.c.obj^[[K
build	Build ESP32-C6 firmware	2026-09-24T12:51:12.7520939Z [578/1416] Building C object esp-idf/lwip/CMakeFiles/__idf_lwip.dir/lwip/src/core/tcp_out.c.obj^[[K
build	Build ESP32-C6 firmware	2026-09-24T12:51:12.8899067Z [579/1416] Building C object esp-idf/lwip/CMakeFiles/__idf_lwip.dir/lwip/src/core/udp.c.obj^[[K
build	Build ESP32-C6 firmware	2026-09-24T12:51:12.9917409Z [580/1416] Building C object esp-idf/lwip/CMakeFiles/__idf_lwip.dir/lwip/src/core/ipv4/icmp.c.obj^[[K
build	Build ESP32-C6 firmware	2026-09-24T12:51:13.0297168Z [581/1416] Building C object esp-idf/lwip/CMakeFiles/__idf_lwip.dir/lwip/src/core/ipv4/ip4_napt.c.obj^[[K
build	Build ESP32-C6 firmware	2026-09-24T12:51:13.0864008Z [582/1416] Building C object esp-idf/lwip/CMakeFiles/__idf_lwip.dir/lwip/src/core/ipv4/ip4.c.obj^[[K
build	Build ESP32-C6 firmware	2026-09-24T12:51:13.0900811Z [583/1416] Building C object esp-idf/lwip/CMakeFiles/__idf_lwip.dir/lwip/src/core/ipv4/dhcp.c.obj^[[K
build	Build ESP32-C6 firmware	2026-09-24T12:51:13.1371876Z [584/1416] Building C object esp-idf/lwip/CMakeFiles/__idf_lwip.dir/lwip/src/core/ipv4/igmp.c.obj^[[K
build	Build ESP32-C6 firmware	2026-09-24T12:51:13.2696008Z [585/1416] Building C object esp-idf/lwip/CMakeFiles/__idf_lwip.dir/lwip/src/core/ipv4/etharp.c.obj^[[K
build	Build ESP32-C6 firmware	2026-09-24T12:51:13.3203889Z [586/1416] Building C object esp-idf/lwip/CMakeFiles/__idf_lwip.dir/lwip/src/core/ipv4/ip4_addr.c.obj^[[K
build	Build ESP32-C6 firmware	2026-09-24T12:51:13.3358911Z [587/1416] Building C object esp-idf/lwip/CMakeFiles/__idf_lwip.dir/lwip/src/core/ipv6/dhcp6.c.obj^[[K
build	Build ESP32-C6 firmware	2026-09-24T12:51:13.4252983Z [588/1416] Building C object esp-idf/lwip/CMakeFiles/__idf_lwip.dir/lwip/src/core/ipv4/ip4_frag.c.obj^[[K
build	Build ESP32-C6 firmware	2026-09-24T12:51:13.4268874Z [589/1416] Building C object esp-idf/lwip/CMakeFiles/__idf_lwip.dir/lwip/src/core/ipv6/inet6.c.obj^[[K
build	Build ESP32-C6 firmware	2026-09-24T12:51:13.5100630Z [590/1416] Building C object esp-idf/lwip/CMakeFiles/__idf_lwip.dir/lwip/src/core/ipv6/icmp6.c.obj^[[K
build	Build ESP32-C6 firmware	2026-09-24T12:51:13.6429881Z [591/1416] Building C object esp-idf/lwip/CMakeFiles/__idf_lwip.dir/lwip/src/core/ipv6/ethip6.c.obj^[[K
build	Build ESP32-C6 firmware	2026-09-24T12:51:13.7409638Z [592/1416] Building C object esp-idf/lwip/CMakeFiles/__idf_lwip.dir/lwip/src/core/ipv6/ip6_addr.c.obj^[[K
build	Build ESP32-C6 firmware	2026-09-24T12:51:13.7608351Z [593/1416] Building C object esp-idf/lwip/CMakeFiles/__idf_lwip.dir/lwip/src/core/ipv6/ip6_frag.c.obj^[[K
build	Build ESP32-C6 firmware	2026-09-24T12:51:13.7870826Z [594/1416] Building C object esp-idf/lwip/CMakeFiles/__idf_lwip.dir/lwip/src/core/ipv6/ip6.c.obj^[[K
build	Build ESP32-C6 firmware	2026-09-24T12:51:13.9507107Z [595/1416] Building C object esp-idf/lwip/CMakeFiles/__idf_lwip.dir/lwip/src/core/ipv6/mld6.c.obj^[[K
build	Build ESP32-C6 firmware	2026-09-24T12:51:13.9640072Z [596/1416] Building C object esp-idf/lwip/CMakeFiles/__idf_lwip.dir/lwip/src/netif/ethernet.c.obj^[[K
build	Build ESP32-C6 firmware	2026-09-24T12:51:14.0347653Z [597/1416] Building C object esp-idf/lwip/CMakeFiles/__idf_lwip.dir/lwip/src/netif/bridgeif.c.obj^[[K
build	Build ESP32-C6 firmware	2026-09-24T12:51:14.0971479Z [598/1416] Building C object esp-idf/lwip/CMakeFiles/__idf_lwip.dir/lwip/src/netif/slipif.c.obj^[[K
build	Build ESP32-C6 firmware	2026-09-24T12:51:14.1634220Z [599/1416] Building C object esp-idf/lwip/CMakeFiles/__idf_lwip.dir/lwip/src/netif/bridgeif_fdb.c.obj^[[K
build	Build ESP32-C6 firmware	2026-09-24T12:51:14.2021228Z [600/1416] Building C object esp-idf/lwip/CMakeFiles/__idf_lwip.dir/lwip/src/netif/ppp/auth.c.obj^[[K
build	Build ESP32-C6 firmware	2026-09-24T12:51:14.2027909Z [601/1416] Building C object esp-idf/lwip/CMakeFiles/__idf_lwip.dir/lwip/src/netif/ppp/ccp.c.obj^[[K
build	Build ESP32-C6 firmware	2026-09-24T12:51:14.2348196Z [602/1416] Building C object esp-idf/lwip/CMakeFiles/__idf_lwip.dir/lwip/src/netif/ppp/chap-md5.c.obj^[[K
build	Build ESP32-C6 firmware	2026-09-24T12:51:14.3103463Z [603/1416] Building C object esp-idf/lwip/CMakeFiles/__idf_lwip.dir/lwip/src/core/ipv6/nd6.c.obj^[[K
build	Build ESP32-C6 firmware	2026-09-24T12:51:14.3849913Z [604/1416] Building C object esp-idf/lwip/CMakeFiles/__idf_lwip.dir/lwip/src/netif/ppp/chap-new.c.obj^[[K
build	Build ESP32-C6 firmware	2026-09-24T12:51:14.3949669Z [605/1416] Building C object esp-idf/lwip/CMakeFiles/__idf_lwip.dir/lwip/src/netif/ppp/eap.c.obj^[[K
build	Build ESP32-C6 firmware	2026-09-24T12:51:14.4541016Z [606/1416] Building C object esp-idf/lwip/CMakeFiles/__idf_lwip.dir/lwip/src/netif/ppp/chap_ms.c.obj^[[K
build	Build ESP32-C6 firmware	2026-09-24T12:51:14.4848493Z [607/1416] Building C object esp-idf/lwip/CMakeFiles/__idf_lwip.dir/lwip/src/netif/ppp/demand.c.obj^[[K
build	Build ESP32-C6 firmware	2026-09-24T12:51:14.5468891Z [608/1416] Building C object esp-idf/lwip/CMakeFiles/__idf_lwip.dir/lwip/src/netif/ppp/ecp.c.obj^[[K
build	Build ESP32-C6 firmware	2026-09-24T12:51:14.5746858Z [609/1416] Building C object esp-idf/lwip/CMakeFiles/__idf_lwip.dir/lwip/src/netif/ppp/eui64.c.obj^[[K
build	Build ESP32-C6 firmware	2026-09-24T12:51:14.6118592Z [610/1416] Building C object esp-idf/lwip/CMakeFiles/__idf_lwip.dir/lwip/src/netif/ppp/fsm.c.obj^[[K
build	Build ESP32-C6 firmware	2026-09-24T12:51:14.7048150Z [611/1416] Building C object esp-idf/lwip/CMakeFiles/__idf_lwip.dir/lwip/src/netif/ppp/ipcp.c.obj^[[K
build	Build ESP32-C6 firmware	2026-09-24T12:51:14.7067085Z [612/1416] Building C object esp-idf/lwip/CMakeFiles/__idf_lwip.dir/lwip/src/netif/ppp/ipv6cp.c.obj^[[K
build	Build ESP32-C6 firmware	2026-09-24T12:51:14.7550363Z [613/1416] Building C object esp-idf/lwip/CMakeFiles/__idf_lwip.dir/lwip/src/netif/ppp/lcp.c.obj^[[K
build	Build ESP32-C6 firmware	2026-09-24T12:51:14.8540791Z [614/1416] Building C object esp-idf/lwip/CMakeFiles/__idf_lwip.dir/lwip/src/netif/ppp/magic.c.obj^[[K
build	Build ESP32-C6 firmware	2026-09-24T12:51:14.8574516Z [615/1416] Building C object esp-idf/lwip/CMakeFiles/__idf_lwip.dir/lwip/src/netif/ppp/mppe.c.obj^[[K
build	Build ESP32-C6 firmware	2026-09-24T12:51:14.9106944Z [616/1416] Building C object esp-idf/lwip/CMakeFiles/__idf_lwip.dir/lwip/src/netif/ppp/ppp.c.obj^[[K
build	Build ESP32-C6 firmware	2026-09-24T12:51:14.9176106Z [617/1416] Building C object esp-idf/lwip/CMakeFiles/__idf_lwip.dir/lwip/src/netif/ppp/multilink.c.obj^[[K
build	Build ESP32-C6 firmware	2026-09-24T12:51:14.9713070Z [618/1416] Building C object esp-idf/lwip/CMakeFiles/__idf_lwip.dir/lwip/src/netif/ppp/pppapi.c.obj^[[K
build	Build ESP32-C6 firmware	2026-09-24T12:51:15.0470347Z [619/1416] Building C object esp-idf/lwip/CMakeFiles/__idf_lwip.dir/lwip/src/netif/ppp/pppcrypt.c.obj^[[K
build	Build ESP32-C6 firmware	2026-09-24T12:51:15.1133672Z [620/1416] Building C object esp-idf/lwip/CMakeFiles/__idf_lwip.dir/lwip/src/netif/ppp/pppoe.c.obj^[[K
build	Build ESP32-C6 firmware	2026-09-24T12:51:15.1268075Z [621/1416] Building C object esp-idf/lwip/CMakeFiles/__idf_lwip.dir/lwip/src/netif/ppp/upap.c.obj^[[K
build	Build ESP32-C6 firmware	2026-09-24T12:51:15.1880080Z [622/1416] Building C object esp-idf/lwip/CMakeFiles/__idf_lwip.dir/lwip/src/netif/ppp/pppol2tp.c.obj^[[K
build	Build ESP32-C6 firmware	2026-09-24T12:51:15.2395235Z [623/1416] Building C object esp-idf/lwip/CMakeFiles/__idf_lwip.dir/lwip/src/netif/ppp/pppos.c.obj^[[K
build	Build ESP32-C6 firmware	2026-09-24T12:51:15.2612614Z [624/1416] Building C object esp-idf/lwip/CMakeFiles/__idf_lwip.dir/lwip/src/netif/ppp/utils.c.obj^[[K
build	Build ESP32-C6 firmware	2026-09-24T12:51:15.3660061Z [625/1416] Building C object esp-idf/lwip/CMakeFiles/__idf_lwip.dir/lwip/src/netif/ppp/vj.c.obj^[[K
build	Build ESP32-C6 firmware	2026-09-24T12:51:15.3983527Z [626/1416] Building C object esp-idf/lwip/CMakeFiles/__idf_lwip.dir/port/hooks/lwip_default_hooks.c.obj^[[K
build	Build ESP32-C6 firmware	2026-09-24T12:51:15.5344374Z [627/1416] Building C object esp-idf/lwip/CMakeFiles/__idf_lwip.dir/port/hooks/tcp_isn_default.c.obj^[[K
build	Build ESP32-C6 firmware	2026-09-24T12:51:15.5667123Z [628/1416] Building C object esp-idf/lwip/CMakeFiles/__idf_lwip.dir/port/sockets_ext.c.obj^[[K
build	Build ESP32-C6 firmware	2026-09-24T12:51:15.6185577Z [629/1416] Building C object esp-idf/lwip/CMakeFiles/__idf_lwip.dir/port/debug/lwip_debug.c.obj^[[K
build	Build ESP32-C6 firmware	2026-09-24T12:51:15.6738158Z [630/1416] Building C object esp-idf/lwip/CMakeFiles/__idf_lwip.dir/port/acd_dhcp_check.c.obj^[[K
build	Build ESP32-C6 firmware	2026-09-24T12:51:15.6823933Z [631/1416] Building C object esp-idf/lwip/CMakeFiles/__idf_lwip.dir/port/freertos/sys_arch.c.obj^[[K
build	Build ESP32-C6 firmware	2026-09-24T12:51:15.8426610Z [632/1416] Building C object esp-idf/lwip/CMakeFiles/__idf_lwip.dir/port/esp32xx/vfs_lwip.c.obj^[[K
build	Build ESP32-C6 firmware	2026-09-24T12:51:15.8583040Z [633/1416] Building C object esp-idf/lwip/CMakeFiles/__idf_lwip.dir/apps/ping/esp_ping.c.obj^[[K
build	Build ESP32-C6 firmware	2026-09-24T12:51:15.9002569Z [634/1416] Building C object esp-idf/lwip/CMakeFiles/__idf_lwip.dir/lwip/src/netif/ppp/polarssl/des.c.obj^[[K
build	Build ESP32-C6 firmware	2026-09-24T12:51:15.9087681Z [635/1416] Building C object esp-idf/lwip/CMakeFiles/__idf_lwip.dir/apps/ping/ping.c.obj^[[K
build	Build ESP32-C6 firmware	2026-09-24T12:51:15.9124253Z [636/1416] Building C object esp-idf/lwip/CMakeFiles/__idf_lwip.dir/lwip/src/netif/ppp/polarssl/md4.c.obj^[[K
build	Build ESP32-C6 firmware	2026-09-24T12:51:16.0720947Z [637/1416] Building C object esp-idf/lwip/CMakeFiles/__idf_lwip.dir/lwip/src/netif/ppp/polarssl/arc4.c.obj^[[K
build	Build ESP32-C6 firmware	2026-09-24T12:51:16.0748274Z [638/1416] Building C object esp-idf/lwip/CMakeFiles/__idf_lwip.dir/apps/ping/ping_sock.c.obj^[[K
build	Build ESP32-C6 firmware	2026-09-24T12:51:16.0811177Z [639/1416] Building C object esp-idf/esp_netif/CMakeFiles/__idf_esp_netif.dir/esp_netif_objects.c.obj^[[K
build	Build ESP32-C6 firmware	2026-09-24T12:51:16.1629979Z [640/1416] Building C object esp-idf/lwip/CMakeFiles/__idf_lwip.dir/lwip/src/netif/ppp/polarssl/md5.c.obj^[[K
build	Build ESP32-C6 firmware	2026-09-24T12:51:16.1942066Z [641/1416] Building C object esp-idf/esp_netif/CMakeFiles/__idf_esp_netif.dir/esp_netif_defaults.c.obj^[[K
build	Build ESP32-C6 firmware	2026-09-24T12:51:16.2076507Z [642/1416] Building C object esp-idf/lwip/CMakeFiles/__idf_lwip.dir/lwip/src/netif/ppp/polarssl/sha1.c.obj^[[K
build	Build ESP32-C6 firmware	2026-09-24T12:51:16.4446533Z [643/1416] Building C object esp-idf/esp_netif/CMakeFiles/__idf_esp_netif.dir/esp_netif_handlers.c.obj^[[K
build	Build ESP32-C6 firmware	2026-09-24T12:51:16.4474006Z [644/1416] Building C object esp-idf/esp_netif/CMakeFiles/__idf_esp_netif.dir/lwip/esp_netif_lwip_defaults.c.obj^[[K
build	Build ESP32-C6 firmware	2026-09-24T12:51:16.5073294Z [645/1416] Building C object esp-idf/esp_netif/CMakeFiles/__idf_esp_netif.dir/lwip/esp_netif_sntp.c.obj^[[K
build	Build ESP32-C6 firmware	2026-09-24T12:51:16.5697413Z [646/1416] Building C object esp-idf/lwip/CMakeFiles/__idf_lwip.dir/apps/dhcpserver/dhcpserver.c.obj^[[K
build	Build ESP32-C6 firmware	2026-09-24T12:51:16.6183462Z [647/1416] Building C object esp-idf/esp_netif/CMakeFiles/__idf_esp_netif.dir/lwip/netif/wlanif.c.obj^[[K
build	Build ESP32-C6 firmware	2026-09-24T12:51:16.7533539Z [648/1416] Building C object esp-idf/esp_netif/CMakeFiles/__idf_esp_netif.dir/lwip/netif/ethernetif.c.obj^[[K
build	Build ESP32-C6 firmware	2026-09-24T12:51:16.8158058Z [649/1416] Building C object esp-idf/esp_netif/CMakeFiles/__idf_esp_netif.dir/lwip/netif/esp_pbuf_ref.c.obj^[[K
build	Build ESP32-C6 firmware	2026-09-24T12:51:16.9317356Z [650/1416] Building C object esp-idf/wpa_supplicant/CMakeFiles/__idf_wpa_supplicant.dir/port/os_xtensa.c.obj^[[K
build	Build ESP32-C6 firmware	2026-09-24T12:51:17.0411884Z [651/1416] Building C object esp-idf/wpa_supplicant/CMakeFiles/__idf_wpa_supplicant.dir/src/ap/ap_config.c.obj^[[K
build	Build ESP32-C6 firmware	2026-09-24T12:51:17.0673555Z [652/1416] Building C object esp-idf/wpa_supplicant/CMakeFiles/__idf_wpa_supplicant.dir/src/ap/ieee802_1x.c.obj^[[K
build	Build ESP32-C6 firmware	2026-09-24T12:51:17.0766907Z [653/1416] Building C object esp-idf/esp_netif/CMakeFiles/__idf_esp_netif.dir/lwip/esp_netif_lwip.c.obj^[[K
build	Build ESP32-C6 firmware	2026-09-24T12:51:17.3409203Z [654/1416] Building C object esp-idf/wpa_supplicant/CMakeFiles/__idf_wpa_supplicant.dir/port/eloop.c.obj^[[K
build	Build ESP32-C6 firmware	2026-09-24T12:51:17.3966600Z [655/1416] Building C object esp-idf/wpa_supplicant/CMakeFiles/__idf_wpa_supplicant.dir/src/ap/wpa_auth_ie.c.obj^[[K
build	Build ESP32-C6 firmware	2026-09-24T12:51:17.3968836Z [656/1416] Building C object esp-idf/wpa_supplicant/CMakeFiles/__idf_wpa_supplicant.dir/src/ap/comeback_token.c.obj^[[K
build	Build ESP32-C6 firmware	2026-09-24T12:51:17.4488686Z [657/1416] Building C object esp-idf/wpa_supplicant/CMakeFiles/__idf_wpa_supplicant.dir/src/ap/pmksa_cache_auth.c.obj^[[K
build	Build ESP32-C6 firmware	2026-09-24T12:51:17.5806361Z [658/1416] Building C object esp-idf/wpa_supplicant/CMakeFiles/__idf_wpa_supplicant.dir/src/ap/sta_info.c.obj^[[K
build	Build ESP32-C6 firmware	2026-09-24T12:51:17.6097246Z [659/1416] Building C object esp-idf/wpa_supplicant/CMakeFiles/__idf_wpa_supplicant.dir/src/ap/ieee802_11.c.obj^[[K
build	Build ESP32-C6 firmware	2026-09-24T12:51:17.7672268Z [660/1416] Building C object esp-idf/wpa_supplicant/CMakeFiles/__idf_wpa_supplicant.dir/src/ap/wpa_auth.c.obj^[[K
build	Build ESP32-C6 firmware	2026-09-24T12:51:17.8243740Z [661/1416] Building C object esp-idf/wpa_supplicant/CMakeFiles/__idf_wpa_supplicant.dir/src/common/dragonfly.c.obj^[[K
build	Build ESP32-C6 firmware	2026-09-24T12:51:17.9627402Z [662/1416] Building C object esp-idf/wpa_supplicant/CMakeFiles/__idf_wpa_supplicant.dir/src/utils/bitfield.c.obj^[[K
build	Build ESP32-C6 firmware	2026-09-24T12:51:17.9674525Z [663/1416] Building C object esp-idf/wpa_supplicant/CMakeFiles/__idf_wpa_supplicant.dir/src/common/wpa_common.c.obj^[[K
build	Build ESP32-C6 firmware	2026-09-24T12:51:18.0105855Z [664/1416] Building C object esp-idf/wpa_supplicant/CMakeFiles/__idf_wpa_supplicant.dir/src/crypto/aes-siv.c.obj^[[K
build	Build ESP32-C6 firmware	2026-09-24T12:51:18.1403356Z [665/1416] Building C object esp-idf/wpa_supplicant/CMakeFiles/__idf_wpa_supplicant.dir/src/crypto/sha256-kdf.c.obj^[[K
build	Build ESP32-C6 firmware	2026-09-24T12:51:18.2110752Z [666/1416] Building C object esp-idf/wpa_supplicant/CMakeFiles/__idf_wpa_supplicant.dir/src/crypto/ccmp.c.obj^[[K
build	Build ESP32-C6 firmware	2026-09-24T12:51:18.2169683Z [667/1416] Building C object esp-idf/wpa_supplicant/CMakeFiles/__idf_wpa_supplicant.dir/src/common/sae.c.obj^[[K
build	Build ESP32-C6 firmware	2026-09-24T12:51:18.2843094Z [668/1416] Building C object esp-idf/wpa_supplicant/CMakeFiles/__idf_wpa_supplicant.dir/src/crypto/aes-gcm.c.obj^[[K
build	Build ESP32-C6 firmware	2026-09-24T12:51:18.3916579Z [669/1416] Building C object esp-idf/wpa_supplicant/CMakeFiles/__idf_wpa_supplicant.dir/src/crypto/dh_group5.c.obj^[[K
build	Build ESP32-C6 firmware	2026-09-24T12:51:18.4167093Z [670/1416] Building C object esp-idf/wpa_supplicant/CMakeFiles/__idf_wpa_supplicant.dir/src/crypto/crypto_ops.c.obj^[[K
build	Build ESP32-C6 firmware	2026-09-24T12:51:18.4962453Z [671/1416] Building C object esp-idf/wpa_supplicant/CMakeFiles/__idf_wpa_supplicant.dir/src/crypto/dh_groups.c.obj^[[K
build	Build ESP32-C6 firmware	2026-09-24T12:51:18.5434880Z [672/1416] Building C object esp-idf/wpa_supplicant/CMakeFiles/__idf_wpa_supplicant.dir/src/crypto/sha1-tlsprf.c.obj^[[K
build	Build ESP32-C6 firmware	2026-09-24T12:51:18.6166578Z [673/1416] Building C object esp-idf/wpa_supplicant/CMakeFiles/__idf_wpa_supplicant.dir/src/crypto/sha256-tlsprf.c.obj^[[K
build	Build ESP32-C6 firmware	2026-09-24T12:51:18.6239655Z [674/1416] Building C object esp-idf/wpa_supplicant/CMakeFiles/__idf_wpa_supplicant.dir/src/crypto/sha384-tlsprf.c.obj^[[K
build	Build ESP32-C6 firmware	2026-09-24T12:51:18.6788221Z [675/1416] Building C object esp-idf/wpa_supplicant/CMakeFiles/__idf_wpa_supplicant.dir/src/crypto/ms_funcs.c.obj^[[K
build	Build ESP32-C6 firmware	2026-09-24T12:51:18.7173286Z [676/1416] Building C object esp-idf/wpa_supplicant/CMakeFiles/__idf_wpa_supplicant.dir/src/crypto/sha256-prf.c.obj^[[K
build	Build ESP32-C6 firmware	2026-09-24T12:51:18.8707631Z [677/1416] Building C object esp-idf/wpa_supplicant/CMakeFiles/__idf_wpa_supplicant.dir/src/crypto/sha1-prf.c.obj^[[K
build	Build ESP32-C6 firmware	2026-09-24T12:51:18.8862773Z [678/1416] Building C object esp-idf/wpa_supplicant/CMakeFiles/__idf_wpa_supplicant.dir/src/crypto/md4-internal.c.obj^[[K
build	Build ESP32-C6 firmware	2026-09-24T12:51:18.9452716Z [679/1416] Building C object esp-idf/wpa_supplicant/CMakeFiles/__idf_wpa_supplicant.dir/src/crypto/sha384-prf.c.obj^[[K
build	Build ESP32-C6 firmware	2026-09-24T12:51:19.0087082Z [680/1416] Building C object esp-idf/wpa_supplicant/CMakeFiles/__idf_wpa_supplicant.dir/src/eap_common/eap_wsc_common.c.obj^[[K
build	Build ESP32-C6 firmware	2026-09-24T12:51:19.0653207Z [681/1416] Building C object esp-idf/wpa_supplicant/CMakeFiles/__idf_wpa_supplicant.dir/src/crypto/sha1-tprf.c.obj^[[K
build	Build ESP32-C6 firmware	2026-09-24T12:51:19.0757254Z [682/1416] Building C object esp-idf/wpa_supplicant/CMakeFiles/__idf_wpa_supplicant.dir/src/eap_peer/chap.c.obj^[[K
build	Build ESP32-C6 firmware	2026-09-24T12:51:19.3421017Z [683/1416] Building C object esp-idf/wpa_supplicant/CMakeFiles/__idf_wpa_supplicant.dir/src/common/ieee802_11_common.c.obj^[[K
build	Build ESP32-C6 firmware	2026-09-24T12:51:19.3508515Z [684/1416] Building C object esp-idf/wpa_supplicant/CMakeFiles/__idf_wpa_supplicant.dir/src/eap_peer/eap_mschapv2.c.obj^[[K
build	Build ESP32-C6 firmware	2026-09-24T12:51:19.4015962Z [685/1416] Building C object esp-idf/wpa_supplicant/CMakeFiles/__idf_wpa_supplicant.dir/src/eap_peer/eap_common.c.obj^[[K
build	Build ESP32-C6 firmware	2026-09-24T12:51:19.4279107Z [686/1416] Building C object esp-idf/wpa_supplicant/CMakeFiles/__idf_wpa_supplicant.dir/src/eap_peer/eap.c.obj^[[K
build	Build ESP32-C6 firmware	2026-09-24T12:51:19.4942906Z [687/1416] Building C object esp-idf/wpa_supplicant/CMakeFiles/__idf_wpa_supplicant.dir/src/eap_peer/eap_peap_common.c.obj^[[K
build	Build ESP32-C6 firmware	2026-09-24T12:51:19.5733678Z [688/1416] Building C object esp-idf/wpa_supplicant/CMakeFiles/__idf_wpa_supplicant.dir/src/eap_peer/eap_tls.c.obj^[[K
build	Build ESP32-C6 firmware	2026-09-24T12:51:19.6909645Z [689/1416] Building C object esp-idf/wpa_supplicant/CMakeFiles/__idf_wpa_supplicant.dir/src/eap_peer/eap_peap.c.obj^[[K
build	Build ESP32-C6 firmware	2026-09-24T12:51:19.8149294Z [690/1416] Building C object esp-idf/wpa_supplicant/CMakeFiles/__idf_wpa_supplicant.dir/src/eap_peer/mschapv2.c.obj^[[K
build	Build ESP32-C6 firmware	2026-09-24T12:51:19.8958279Z [691/1416] Building C object esp-idf/wpa_supplicant/CMakeFiles/__idf_wpa_supplicant.dir/src/eap_peer/eap_tls_common.c.obj^[[K
build	Build ESP32-C6 firmware	2026-09-24T12:51:19.9727933Z [692/1416] Building C object esp-idf/wpa_supplicant/CMakeFiles/__idf_wpa_supplicant.dir/src/eap_peer/eap_fast_common.c.obj^[[K
build	Build ESP32-C6 firmware	2026-09-24T12:51:20.1565202Z [693/1416] Building C object esp-idf/wpa_supplicant/CMakeFiles/__idf_wpa_supplicant.dir/src/eap_peer/eap_ttls.c.obj^[[K
build	Build ESP32-C6 firmware	2026-09-24T12:51:20.1580779Z [694/1416] Building C object esp-idf/wpa_supplicant/CMakeFiles/__idf_wpa_supplicant.dir/src/rsn_supp/pmksa_cache.c.obj^[[K
build	Build ESP32-C6 firmware	2026-09-24T12:51:20.2880453Z [695/1416] Building C object esp-idf/wpa_supplicant/CMakeFiles/__idf_wpa_supplicant.dir/src/eap_peer/eap_fast_pac.c.obj^[[K
build	Build ESP32-C6 firmware	2026-09-24T12:51:20.3595727Z [696/1416] Building C object esp-idf/wpa_supplicant/CMakeFiles/__idf_wpa_supplicant.dir/src/eap_peer/eap_fast.c.obj^[[K
build	Build ESP32-C6 firmware	2026-09-24T12:51:20.3750537Z [697/1416] Building C object esp-idf/wpa_supplicant/CMakeFiles/__idf_wpa_supplicant.dir/src/utils/base64.c.obj^[[K
build	Build ESP32-C6 firmware	2026-09-24T12:51:20.5457463Z [698/1416] Building C object esp-idf/wpa_supplicant/CMakeFiles/__idf_wpa_supplicant.dir/src/rsn_supp/wpa_ie.c.obj^[[K
build	Build ESP32-C6 firmware	2026-09-24T12:51:20.5999501Z [699/1416] Building C object esp-idf/wpa_supplicant/CMakeFiles/__idf_wpa_supplicant.dir/src/utils/ext_password.c.obj^[[K
build	Build ESP32-C6 firmware	2026-09-24T12:51:20.6672931Z [700/1416] Building C object esp-idf/wpa_supplicant/CMakeFiles/__idf_wpa_supplicant.dir/src/utils/common.c.obj^[[K
build	Build ESP32-C6 firmware	2026-09-24T12:51:20.6894236Z [701/1416] Building C object esp-idf/wpa_supplicant/CMakeFiles/__idf_wpa_supplicant.dir/src/utils/uuid.c.obj^[[K
build	Build ESP32-C6 firmware	2026-09-24T12:51:20.7057315Z [702/1416] Building C object esp-idf/wpa_supplicant/CMakeFiles/__idf_wpa_supplicant.dir/src/rsn_supp/wpa.c.obj^[[K
build	Build ESP32-C6 firmware	2026-09-24T12:51:20.7312581Z [703/1416] Building C object esp-idf/wpa_supplicant/CMakeFiles/__idf_wpa_supplicant.dir/src/utils/wpabuf.c.obj^[[K
build	Build ESP32-C6 firmware	2026-09-24T12:51:21.0102851Z [704/1416] Building C object esp-idf/wpa_supplicant/CMakeFiles/__idf_wpa_supplicant.dir/src/utils/wpa_debug.c.obj^[[K
build	Build ESP32-C6 firmware	2026-09-24T12:51:21.0473377Z [705/1416] Building C object esp-idf/wpa_supplicant/CMakeFiles/__idf_wpa_supplicant.dir/src/wps/wps.c.obj^[[K
build	Build ESP32-C6 firmware	2026-09-24T12:51:21.0479348Z [706/1416] Building C object esp-idf/wpa_supplicant/CMakeFiles/__idf_wpa_supplicant.dir/src/wps/wps_attr_build.c.obj^[[K
build	Build ESP32-C6 firmware	2026-09-24T12:51:21.1392547Z [707/1416] Building C object esp-idf/wpa_supplicant/CMakeFiles/__idf_wpa_supplicant.dir/src/utils/json.c.obj^[[K
build	Build ESP32-C6 firmware	2026-09-24T12:51:21.1424263Z [708/1416] Building C object esp-idf/wpa_supplicant/CMakeFiles/__idf_wpa_supplicant.dir/src/wps/wps_attr_process.c.obj^[[K
build	Build ESP32-C6 firmware	2026-09-24T12:51:21.2323204Z [709/1416] Building C object esp-idf/wpa_supplicant/CMakeFiles/__idf_wpa_supplicant.dir/src/wps/wps_attr_parse.c.obj^[[K
build	Build ESP32-C6 firmware	2026-09-24T12:51:21.3096465Z [710/1416] Building C object esp-idf/wpa_supplicant/CMakeFiles/__idf_wpa_supplicant.dir/src/wps/wps_common.c.obj^[[K
build	Build ESP32-C6 firmware	2026-09-24T12:51:21.4453649Z [711/1416] Building C object esp-idf/wpa_supplicant/CMakeFiles/__idf_wpa_supplicant.dir/esp_supplicant/src/esp_wpa2_api_port.c.obj^[[K
build	Build ESP32-C6 firmware	2026-09-24T12:51:21.5141027Z [712/1416] Building C object esp-idf/wpa_supplicant/CMakeFiles/__idf_wpa_supplicant.dir/src/common/sae_pk.c.obj^[[K
build	Build ESP32-C6 firmware	2026-09-24T12:51:21.6198423Z [713/1416] Building C object esp-idf/wpa_supplicant/CMakeFiles/__idf_wpa_supplicant.dir/src/wps/wps_dev_attr.c.obj^[[K
build	Build ESP32-C6 firmware	2026-09-24T12:51:21.7932491Z [714/1416] Building C object esp-idf/wpa_supplicant/CMakeFiles/__idf_wpa_supplicant.dir/src/wps/wps_enrollee.c.obj^[[K
build	Build ESP32-C6 firmware	2026-09-24T12:51:21.7979958Z [715/1416] Building C object esp-idf/wpa_supplicant/CMakeFiles/__idf_wpa_supplicant.dir/esp_supplicant/src/esp_wpas_glue.c.obj^[[K
build	Build ESP32-C6 firmware	2026-09-24T12:51:21.8211203Z [716/1416] Building C object esp-idf/wpa_supplicant/CMakeFiles/__idf_wpa_supplicant.dir/esp_supplicant/src/esp_wpa_main.c.obj^[[K
build	Build ESP32-C6 firmware	2026-09-24T12:51:21.8457991Z [717/1416] Building C object esp-idf/wpa_supplicant/CMakeFiles/__idf_wpa_supplicant.dir/esp_supplicant/src/esp_common.c.obj^[[K
build	Build ESP32-C6 firmware	2026-09-24T12:51:22.0318098Z [718/1416] Building C object esp-idf/wpa_supplicant/CMakeFiles/__idf_wpa_supplicant.dir/esp_supplicant/src/esp_eap_client.c.obj^[[K
build	Build ESP32-C6 firmware	2026-09-24T12:51:22.1735129Z [719/1416] Building C object esp-idf/wpa_supplicant/CMakeFiles/__idf_wpa_supplicant.dir/esp_supplicant/src/esp_owe.c.obj^[[K
build	Build ESP32-C6 firmware	2026-09-24T12:51:22.1816079Z [720/1416] Building C object esp-idf/wpa_supplicant/CMakeFiles/__idf_wpa_supplicant.dir/esp_supplicant/src/esp_wpa3.c.obj^[[K
build	Build ESP32-C6 firmware	2026-09-24T12:51:22.2945191Z [721/1416] Building C object esp-idf/wpa_supplicant/CMakeFiles/__idf_wpa_supplicant.dir/esp_supplicant/src/crypto/fastpbkdf2.c.obj^[[K
build	Build ESP32-C6 firmware	2026-09-24T12:51:22.4060983Z [722/1416] Building C object esp-idf/wpa_supplicant/CMakeFiles/__idf_wpa_supplicant.dir/esp_supplicant/src/esp_hostap.c.obj^[[K
build	Build ESP32-C6 firmware	2026-09-24T12:51:22.6403405Z [723/1416] Building C object esp-idf/wpa_supplicant/CMakeFiles/__idf_wpa_supplicant.dir/esp_supplicant/src/esp_wps.c.obj^[[K
build	Build ESP32-C6 firmware	2026-09-24T12:51:22.6526456Z [724/1416] Building C object esp-idf/wpa_supplicant/CMakeFiles/__idf_wpa_supplicant.dir/esp_supplicant/src/crypto/tls_mbedtls.c.obj^[[K
build	Build ESP32-C6 firmware	2026-09-24T12:51:22.6669886Z [725/1416] Building C object esp-idf/wpa_supplicant/CMakeFiles/__idf_wpa_supplicant.dir/esp_supplicant/src/crypto/crypto_mbedtls-rsa.c.obj^[[K
build	Build ESP32-C6 firmware	2026-09-24T12:51:22.7007487Z [726/1416] Building C object esp-idf/wpa_supplicant/CMakeFiles/__idf_wpa_supplicant.dir/esp_supplicant/src/crypto/crypto_mbedtls-bignum.c.obj^[[K
build	Build ESP32-C6 firmware	2026-09-24T12:51:22.8584519Z [727/1416] Building C object esp-idf/wpa_supplicant/CMakeFiles/__idf_wpa_supplicant.dir/esp_supplicant/src/crypto/crypto_mbedtls.c.obj^[[K
build	Build ESP32-C6 firmware	2026-09-24T12:51:22.8668631Z [728/1416] Building C object esp-idf/wpa_supplicant/CMakeFiles/__idf_wpa_supplicant.dir/src/crypto/rc4.c.obj^[[K
build	Build ESP32-C6 firmware	2026-09-24T12:51:22.9308918Z [729/1416] Building C object esp-idf/wpa_supplicant/CMakeFiles/__idf_wpa_supplicant.dir/esp_supplicant/src/crypto/crypto_mbedtls-ec.c.obj^[[K
build	Build ESP32-C6 firmware	2026-09-24T12:51:23.0336306Z [730/1416] Building C object esp-idf/wpa_supplicant/CMakeFiles/__idf_wpa_supplicant.dir/src/crypto/aes-wrap.c.obj^[[K
build	Build ESP32-C6 firmware	2026-09-24T12:51:23.0572010Z [731/1416] Building C object esp-idf/esp_coex/CMakeFiles/__idf_esp_coex.dir/src/coexist.c.obj^[[K
build	Build ESP32-C6 firmware	2026-09-24T12:51:23.0671620Z [732/1416] Building C object esp-idf/wpa_supplicant/CMakeFiles/__idf_wpa_supplicant.dir/src/crypto/aes-unwrap.c.obj^[[K
build	Build ESP32-C6 firmware	2026-09-24T12:51:23.0856683Z [733/1416] Building C object esp-idf/esp_coex/CMakeFiles/__idf_esp_coex.dir/src/lib_printf.c.obj^[[K
build	Build ESP32-C6 firmware	2026-09-24T12:51:23.1010969Z [734/1416] Building C object esp-idf/wpa_supplicant/CMakeFiles/__idf_wpa_supplicant.dir/src/crypto/des-internal.c.obj^[[K
build	Build ESP32-C6 firmware	2026-09-24T12:51:23.1599112Z [735/1416] Building C object esp-idf/esp_coex/CMakeFiles/__idf_esp_coex.dir/src/coexist_debug_diagram.c.obj^[[K
build	Build ESP32-C6 firmware	2026-09-24T12:51:23.1909850Z [736/1416] Building C object esp-idf/wpa_supplicant/CMakeFiles/__idf_wpa_supplicant.dir/src/crypto/aes-ccm.c.obj^[[K
build	Build ESP32-C6 firmware	2026-09-24T12:51:23.2541444Z [737/1416] Building C object esp-idf/esp_coex/CMakeFiles/__idf_esp_coex.dir/esp32c6/esp_coex_adapter.c.obj^[[K
build	Build ESP32-C6 firmware	2026-09-24T12:51:23.2995088Z [738/1416] Building C object esp-idf/esp_coex/CMakeFiles/__idf_esp_coex.dir/src/coexist_debug.c.obj^[[K
build	Build ESP32-C6 firmware	2026-09-24T12:51:23.3290127Z [739/1416] Building C object esp-idf/esp_wifi/CMakeFiles/__idf_esp_wifi.dir/src/lib_printf.c.obj^[[K
build	Build ESP32-C6 firmware	2026-09-24T12:51:23.4817776Z [740/1416] Building C object esp-idf/esp_wifi/CMakeFiles/__idf_esp_wifi.dir/src/mesh_event.c.obj^[[K
build	Build ESP32-C6 firmware	2026-09-24T12:51:23.5269256Z [741/1416] Building C object esp-idf/esp_wifi/CMakeFiles/__idf_esp_wifi.dir/src/smartconfig.c.obj^[[K
build	Build ESP32-C6 firmware	2026-09-24T12:51:23.5524279Z [742/1416] Building C object esp-idf/esp_wifi/CMakeFiles/__idf_esp_wifi.dir/src/wifi_default.c.obj^[[K
build	Build ESP32-C6 firmware	2026-09-24T12:51:23.5613491Z [743/1416] Building C object esp-idf/esp_wifi/CMakeFiles/__idf_esp_wifi.dir/src/wifi_default_ap.c.obj^[[K
build	Build ESP32-C6 firmware	2026-09-24T12:51:23.5822234Z [744/1416] Building C object esp-idf/esp_wifi/CMakeFiles/__idf_esp_wifi.dir/src/wifi_netif.c.obj^[[K
build	Build ESP32-C6 firmware	2026-09-24T12:51:23.7393009Z [745/1416] Building C object esp-idf/esp_wifi/CMakeFiles/__idf_esp_wifi.dir/src/wifi_init.c.obj^[[K
build	Build ESP32-C6 firmware	2026-09-24T12:51:23.8886013Z [746/1416] Building C object esp-idf/esp-tls/CMakeFiles/__idf_esp-tls.dir/esp-tls-crypto/esp_tls_crypto.c.obj^[[K
build	Build ESP32-C6 firmware	2026-09-24T12:51:23.9210284Z [747/1416] Building C object esp-idf/esp-tls/CMakeFiles/__idf_esp-tls.dir/esp_tls_error_capture.c.obj^[[K
build	Build ESP32-C6 firmware	2026-09-24T12:51:23.9256749Z [748/1416] Building C object esp-idf/esp_wifi/CMakeFiles/__idf_esp_wifi.dir/src/smartconfig_ack.c.obj^[[K
build	Build ESP32-C6 firmware	2026-09-24T12:51:23.9269820Z [749/1416] Building C object esp-idf/esp_wifi/CMakeFiles/__idf_esp_wifi.dir/esp32c6/esp_adapter.c.obj^[[K
build	Build ESP32-C6 firmware	2026-09-24T12:51:24.1867122Z [750/1416] Building C object esp-idf/esp-tls/CMakeFiles/__idf_esp-tls.dir/esp_tls_platform_port.c.obj^[[K
build	Build ESP32-C6 firmware	2026-09-24T12:51:24.2331996Z [751/1416] Building C object esp-idf/esp_adc/CMakeFiles/__idf_esp_adc.dir/adc_cali.c.obj^[[K
build	Build ESP32-C6 firmware	2026-09-24T12:51:24.3308423Z [752/1416] Building C object esp-idf/esp-tls/CMakeFiles/__idf_esp-tls.dir/esp_tls.c.obj^[[K
build	Build ESP32-C6 firmware	2026-09-24T12:51:24.3829786Z [753/1416] Building C object esp-idf/esp_adc/CMakeFiles/__idf_esp_adc.dir/adc_common.c.obj^[[K
build	Build ESP32-C6 firmware	2026-09-24T12:51:24.3873215Z [754/1416] Building C object esp-idf/esp_adc/CMakeFiles/__idf_esp_adc.dir/deprecated/esp_adc_cal_common_legacy.c.obj^[[K
build	Build ESP32-C6 firmware	2026-09-24T12:51:24.4040623Z [755/1416] Building C object esp-idf/esp_adc/CMakeFiles/__idf_esp_adc.dir/adc_oneshot.c.obj^[[K
build	Build ESP32-C6 firmware	2026-09-24T12:51:24.4469872Z [756/1416] Building C object esp-idf/http_parser/CMakeFiles/__idf_http_parser.dir/http_parser.c.obj^[[K
build	Build ESP32-C6 firmware	2026-09-24T12:51:24.5957876Z [757/1416] Building C object esp-idf/esp_adc/CMakeFiles/__idf_esp_adc.dir/adc_cali_curve_fitting.c.obj^[[K
build	Build ESP32-C6 firmware	2026-09-24T12:51:24.6255312Z [758/1416] Building C object esp-idf/esp-tls/CMakeFiles/__idf_esp-tls.dir/esp_tls_mbedtls.c.obj^[[K
build	Build ESP32-C6 firmware	2026-09-24T12:51:24.6978565Z [759/1416] Building C object esp-idf/esp_adc/CMakeFiles/__idf_esp_adc.dir/esp32c6/curve_fitting_coefficients.c.obj^[[K
build	Build ESP32-C6 firmware	2026-09-24T12:51:24.8069315Z [760/1416] Building C object esp-idf/esp_adc/CMakeFiles/__idf_esp_adc.dir/gdma/adc_dma.c.obj^[[K
build	Build ESP32-C6 firmware	2026-09-24T12:51:24.8260087Z [761/1416] Building C object esp-idf/esp_adc/CMakeFiles/__idf_esp_adc.dir/adc_monitor.c.obj^[[K
build	Build ESP32-C6 firmware	2026-09-24T12:51:24.8427560Z [762/1416] Building C object esp-idf/esp_gdbstub/CMakeFiles/__idf_esp_gdbstub.dir/src/gdbstub_transport.c.obj^[[K
build	Build ESP32-C6 firmware	2026-09-24T12:51:24.8767153Z [763/1416] Building C object esp-idf/esp_adc/CMakeFiles/__idf_esp_adc.dir/adc_continuous.c.obj^[[K
build	Build ESP32-C6 firmware	2026-09-24T12:51:24.9664041Z [764/1416] Building C object esp-idf/esp_adc/CMakeFiles/__idf_esp_adc.dir/adc_filter.c.obj^[[K
build	Build ESP32-C6 firmware	2026-09-24T12:51:25.1101003Z [765/1416] Building C object esp-idf/esp_gdbstub/CMakeFiles/__idf_esp_gdbstub.dir/src/packet.c.obj^[[K
build	Build ESP32-C6 firmware	2026-09-24T12:51:25.1505052Z [766/1416] Building C object esp-idf/esp_gdbstub/CMakeFiles/__idf_esp_gdbstub.dir/src/port/riscv/gdbstub_riscv.c.obj^[[K
build	Build ESP32-C6 firmware	2026-09-24T12:51:25.1799861Z [767/1416] Building C object esp-idf/esp_gdbstub/CMakeFiles/__idf_esp_gdbstub.dir/src/port/riscv/rv_decode.c.obj^[[K
build	Build ESP32-C6 firmware	2026-09-24T12:51:25.3098885Z [768/1416] Building C object esp-idf/esp_gdbstub/CMakeFiles/__idf_esp_gdbstub.dir/src/gdbstub.c.obj^[[K
build	Build ESP32-C6 firmware	2026-09-24T12:51:25.4704637Z [769/1416] Building C object esp-idf/tcp_transport/CMakeFiles/__idf_tcp_transport.dir/transport.c.obj^[[K
build	Build ESP32-C6 firmware	2026-09-24T12:51:25.5322129Z [770/1416] Building C object esp-idf/tcp_transport/CMakeFiles/__idf_tcp_transport.dir/transport_socks_proxy.c.obj^[[K
build	Build ESP32-C6 firmware	2026-09-24T12:51:25.5800329Z [771/1416] Building C object esp-idf/tcp_transport/CMakeFiles/__idf_tcp_transport.dir/transport_ssl.c.obj^[[K
build	Build ESP32-C6 firmware	2026-09-24T12:51:25.7362605Z [772/1416] Building C object esp-idf/tcp_transport/CMakeFiles/__idf_tcp_transport.dir/transport_internal.c.obj^[[K
build	Build ESP32-C6 firmware	2026-09-24T12:51:25.8268659Z [773/1416] Building C object esp-idf/esp_http_client/CMakeFiles/__idf_esp_http_client.dir/lib/http_header.c.obj^[[K
build	Build ESP32-C6 firmware	2026-09-24T12:51:25.8503551Z [774/1416] Building C object esp-idf/esp_http_client/CMakeFiles/__idf_esp_http_client.dir/lib/http_auth.c.obj^[[K
build	Build ESP32-C6 firmware	2026-09-24T12:51:25.9259527Z [775/1416] Building C object esp-idf/esp_http_client/CMakeFiles/__idf_esp_http_client.dir/lib/http_utils.c.obj^[[K
build	Build ESP32-C6 firmware	2026-09-24T12:51:26.0986882Z [776/1416] Building C object esp-idf/tcp_transport/CMakeFiles/__idf_tcp_transport.dir/transport_ws.c.obj^[[K
build	Build ESP32-C6 firmware	2026-09-24T12:51:26.1705475Z [777/1416] Building C object esp-idf/esp_http_server/CMakeFiles/__idf_esp_http_server.dir/src/httpd_main.c.obj^[[K
build	Build ESP32-C6 firmware	2026-09-24T12:51:26.2960357Z [778/1416] Building C object esp-idf/esp_http_client/CMakeFiles/__idf_esp_http_client.dir/esp_http_client.c.obj^[[K
build	Build ESP32-C6 firmware	2026-09-24T12:51:26.3380930Z [779/1416] Building C object esp-idf/esp_http_server/CMakeFiles/__idf_esp_http_server.dir/src/httpd_sess.c.obj^[[K
build	Build ESP32-C6 firmware	2026-09-24T12:51:26.3509584Z [780/1416] Building C object esp-idf/esp_http_server/CMakeFiles/__idf_esp_http_server.dir/src/httpd_txrx.c.obj^[[K
build	Build ESP32-C6 firmware	2026-09-24T12:51:26.3539681Z [781/1416] Building C object esp-idf/esp_http_server/CMakeFiles/__idf_esp_http_server.dir/src/httpd_parse.c.obj^[[K
build	Build ESP32-C6 firmware	2026-09-24T12:51:26.4292642Z [782/1416] Building C object esp-idf/esp_http_server/CMakeFiles/__idf_esp_http_server.dir/src/httpd_uri.c.obj^[[K
build	Build ESP32-C6 firmware	2026-09-24T12:51:26.4790358Z [783/1416] Building C object esp-idf/esp_http_server/CMakeFiles/__idf_esp_http_server.dir/src/httpd_ws.c.obj^[[K
build	Build ESP32-C6 firmware	2026-09-24T12:51:26.5844831Z [784/1416] Building C object esp-idf/esp_http_server/CMakeFiles/__idf_esp_http_server.dir/src/util/ctrl_sock.c.obj^[[K
build	Build ESP32-C6 firmware	2026-09-24T12:51:26.5912371Z [785/1416] Building C object esp-idf/esp_https_ota/CMakeFiles/__idf_esp_https_ota.dir/src/esp_https_ota.c.obj^[[K
build	Build ESP32-C6 firmware	2026-09-24T12:51:26.6028447Z [786/1416] Linking C static library esp-idf/esp_https_ota/libesp_https_ota.a^[[K
build	Build ESP32-C6 firmware	2026-09-24T12:51:26.6128447Z [787/1416] Linking C static library esp-idf/esp_http_server/libesp_http_server.a^[[K
build	Build ESP32-C6 firmware	2026-09-24T12:51:26.6230698Z [788/1416] Linking C static library esp-idf/esp_http_client/libesp_http_client.a^[[K
build	Build ESP32-C6 firmware	2026-09-24T12:51:26.6319811Z [789/1416] Linking C static library esp-idf/tcp_transport/libtcp_transport.a^[[K
build	Build ESP32-C6 firmware	2026-09-24T12:51:26.6450403Z [790/1416] Linking C static library esp-idf/esp_gdbstub/libesp_gdbstub.a^[[K
build	Build ESP32-C6 firmware	2026-09-24T12:51:26.6553777Z [791/1416] Linking C static library esp-idf/esp_adc/libesp_adc.a^[[K
build	Build ESP32-C6 firmware	2026-09-24T12:51:26.6625276Z [792/1416] Linking C static library esp-idf/esp-tls/libesp-tls.a^[[K
build	Build ESP32-C6 firmware	2026-09-24T12:51:26.6744139Z [793/1416] Linking C static library esp-idf/http_parser/libhttp_parser.a^[[K
build	Build ESP32-C6 firmware	2026-09-24T12:51:26.6820613Z [794/1416] Linking C static library esp-idf/esp_wifi/libesp_wifi.a^[[K
build	Build ESP32-C6 firmware	2026-09-24T12:51:26.7632614Z [795/1416] Linking C static library esp-idf/esp_coex/libesp_coex.a^[[K
build	Build ESP32-C6 firmware	2026-09-24T12:51:26.7767423Z [796/1416] Linking C static library esp-idf/wpa_supplicant/libwpa_supplicant.a^[[K
build	Build ESP32-C6 firmware	2026-09-24T12:51:26.8516817Z [797/1416] Linking C static library esp-idf/esp_netif/libesp_netif.a^[[K
build	Build ESP32-C6 firmware	2026-09-24T12:51:26.8627476Z [798/1416] Linking C static library esp-idf/lwip/liblwip.a^[[K
build	Build ESP32-C6 firmware	2026-09-24T12:51:26.8684245Z [799/1416] Linking C static library esp-idf/vfs/libvfs.a^[[K
build	Build ESP32-C6 firmware	2026-09-24T12:51:26.8774707Z [800/1416] Linking C static library esp-idf/esp_vfs_console/libesp_vfs_console.a^[[K
build	Build ESP32-C6 firmware	2026-09-24T12:51:26.9040957Z [801/1416] Linking C static library esp-idf/esp_phy/libesp_phy.a^[[K
build	Build ESP32-C6 firmware	2026-09-24T12:51:26.9121289Z [802/1416] Linking C static library esp-idf/driver/libdriver.a^[[K
build	Build ESP32-C6 firmware	2026-09-24T12:51:26.9218429Z [803/1416] Linking C static library esp-idf/esp_driver_usb_serial_jtag/libesp_driver_usb_serial_jtag.a^[[K
build	Build ESP32-C6 firmware	2026-09-24T12:51:26.9304686Z [804/1416] Linking C static library esp-idf/esp_driver_parlio/libesp_driver_parlio.a^[[K
build	Build ESP32-C6 firmware	2026-09-24T12:51:26.9408770Z [805/1416] Linking C static library esp-idf/esp_driver_ledc/libesp_driver_ledc.a^[[K
build	Build ESP32-C6 firmware	2026-09-24T12:51:26.9466857Z [806/1416] Linking C static library esp-idf/esp_driver_i2c/libesp_driver_i2c.a^[[K
build	Build ESP32-C6 firmware	2026-09-24T12:51:26.9538650Z [807/1416] Linking C static library esp-idf/esp_driver_sdm/libesp_driver_sdm.a^[[K
build	Build ESP32-C6 firmware	2026-09-24T12:51:26.9645771Z [808/1416] Linking C static library esp-idf/esp_driver_tsens/libesp_driver_tsens.a^[[K
build	Build ESP32-C6 firmware	2026-09-24T12:51:26.9719247Z [809/1416] Linking C static library esp-idf/esp_driver_rmt/libesp_driver_rmt.a^[[K
build	Build ESP32-C6 firmware	2026-09-24T12:51:26.9802169Z [810/1416] Linking C static library esp-idf/esp_driver_sdio/libesp_driver_sdio.a^[[K
build	Build ESP32-C6 firmware	2026-09-24T12:51:26.9929108Z [811/1416] Linking C static library esp-idf/esp_driver_sdspi/libesp_driver_sdspi.a^[[K
build	Build ESP32-C6 firmware	2026-09-24T12:51:27.0057821Z [812/1416] Linking C static library esp-idf/sdmmc/libsdmmc.a^[[K
build	Build ESP32-C6 firmware	2026-09-24T12:51:27.0219071Z [813/1416] Linking C static library esp-idf/esp_driver_i2s/libesp_driver_i2s.a^[[K
build	Build ESP32-C6 firmware	2026-09-24T12:51:27.0345053Z [814/1416] Linking C static library esp-idf/esp_driver_mcpwm/libesp_driver_mcpwm.a^[[K
build	Build ESP32-C6 firmware	2026-09-24T12:51:27.0416699Z [815/1416] Linking C static library esp-idf/esp_driver_spi/libesp_driver_spi.a^[[K
build	Build ESP32-C6 firmware	2026-09-24T12:51:27.0658093Z [816/1416] Linking C static library esp-idf/esp_driver_pcnt/libesp_driver_pcnt.a^[[K
build	Build ESP32-C6 firmware	2026-09-24T12:51:27.0745445Z [817/1416] Linking C static library esp-idf/nvs_flash/libnvs_flash.a^[[K
build	Build ESP32-C6 firmware	2026-09-24T12:51:27.0850506Z [818/1416] Linking C static library esp-idf/esp_event/libesp_event.a^[[K
build	Build ESP32-C6 firmware	2026-09-24T12:51:27.0924134Z [819/1416] Linking C static library esp-idf/esp_driver_uart/libesp_driver_uart.a^[[K
build	Build ESP32-C6 firmware	2026-09-24T12:51:27.1007769Z [820/1416] Linking C static library esp-idf/esp_ringbuf/libesp_ringbuf.a^[[K
build	Build ESP32-C6 firmware	2026-09-24T12:51:27.1116803Z [821/1416] Linking C static library esp-idf/esp_driver_gptimer/libesp_driver_gptimer.a^[[K
build	Build ESP32-C6 firmware	2026-09-24T12:51:27.1190562Z [822/1416] Linking C static library esp-idf/esp_timer/libesp_timer.a^[[K
build	Build ESP32-C6 firmware	2026-09-24T12:51:27.1284147Z [823/1416] Linking C static library esp-idf/cxx/libcxx.a^[[K
build	Build ESP32-C6 firmware	2026-09-24T12:51:27.1465904Z [824/1416] Linking C static library esp-idf/pthread/libpthread.a^[[K
build	Build ESP32-C6 firmware	2026-09-24T12:51:27.1661159Z [825/1416] Linking C static library esp-idf/newlib/libnewlib.a^[[K
build	Build ESP32-C6 firmware	2026-09-24T12:51:27.2199520Z [826/1416] Linking C static library esp-idf/freertos/libfreertos.a^[[K
build	Build ESP32-C6 firmware	2026-09-24T12:51:27.2286751Z [827/1416] Linking C static library esp-idf/esp_hw_support/libesp_hw_support.a^[[K
build	Build ESP32-C6 firmware	2026-09-24T12:51:27.2494211Z [828/1416] Linking C static library esp-idf/esp_security/libesp_security.a^[[K
build	Build ESP32-C6 firmware	2026-09-24T12:51:27.2589193Z [829/1416] Linking C static library esp-idf/soc/libsoc.a^[[K
build	Build ESP32-C6 firmware	2026-09-24T12:51:27.2699793Z [830/1416] Linking C static library esp-idf/heap/libheap.a^[[K
build	Build ESP32-C6 firmware	2026-09-24T12:51:27.3194559Z [831/1416] Linking C static library esp-idf/log/liblog.a^[[K
build	Build ESP32-C6 firmware	2026-09-24T12:51:27.3319409Z [832/1416] Linking C static library esp-idf/hal/libhal.a^[[K
build	Build ESP32-C6 firmware	2026-09-24T12:51:27.3375720Z [833/1416] Linking C static library esp-idf/esp_rom/libesp_rom.a^[[K
build	Build ESP32-C6 firmware	2026-09-24T12:51:27.3651064Z [834/1416] Linking C static library esp-idf/esp_common/libesp_common.a^[[K
build	Build ESP32-C6 firmware	2026-09-24T12:51:27.3856463Z [835/1416] Linking C static library esp-idf/esp_system/libesp_system.a^[[K
build	Build ESP32-C6 firmware	2026-09-24T12:51:27.3943764Z [836/1416] Linking C static library esp-idf/spi_flash/libspi_flash.a^[[K
build	Build ESP32-C6 firmware	2026-09-24T12:51:27.4124150Z [837/1416] Linking C static library esp-idf/esp_mm/libesp_mm.a^[[K
build	Build ESP32-C6 firmware	2026-09-24T12:51:27.4254151Z [838/1416] Linking C static library esp-idf/bootloader_support/libbootloader_support.a^[[K
build	Build ESP32-C6 firmware	2026-09-24T12:51:27.4323333Z [839/1416] Linking C static library esp-idf/efuse/libefuse.a^[[K
build	Build ESP32-C6 firmware	2026-09-24T12:51:27.4393721Z [840/1416] Linking C static library esp-idf/esp_partition/libesp_partition.a^[[K
build	Build ESP32-C6 firmware	2026-09-24T12:51:27.4446908Z [841/1416] Linking C static library esp-idf/app_update/libapp_update.a^[[K
build	Build ESP32-C6 firmware	2026-09-24T12:51:27.4500985Z [842/1416] Linking C static library esp-idf/esp_bootloader_format/libesp_bootloader_format.a^[[K
build	Build ESP32-C6 firmware	2026-09-24T12:51:27.4753352Z [843/1416] Linking C static library esp-idf/esp_app_format/libesp_app_format.a^[[K
build	Build ESP32-C6 firmware	2026-09-24T12:51:27.4901557Z [844/1416] Linking CXX static library esp-idf/mbedtls/mbedtls/library/libmbedtls.a^[[K
build	Build ESP32-C6 firmware	2026-09-24T12:51:27.5822494Z [845/1416] Linking CXX static library esp-idf/mbedtls/mbedtls/library/libmbedx509.a^[[K
build	Build ESP32-C6 firmware	2026-09-24T12:51:27.5883245Z [846/1416] Linking CXX static library esp-idf/mbedtls/mbedtls/library/libmbedcrypto.a^[[K
build	Build ESP32-C6 firmware	2026-09-24T12:51:27.5947962Z [847/1416] Linking CXX static library esp-idf/mbedtls/mbedtls/3rdparty/p256-m/libp256m.a^[[K
build	Build ESP32-C6 firmware	2026-09-24T12:51:27.6977968Z [848/1416] Linking CXX static library esp-idf/mbedtls/mbedtls/3rdparty/everest/libeverest.a^[[K
build	Build ESP32-C6 firmware	2026-09-24T12:51:27.8081998Z [849/1416] Generating x509_crt_bundle^[[K
build	Build ESP32-C6 firmware	2026-09-24T12:51:27.8684285Z [850/1416] Generating ../../x509_crt_bundle.S^[[K
build	Build ESP32-C6 firmware	2026-09-24T12:51:27.8693223Z [851/1416] Building ASM object esp-idf/riscv/CMakeFiles/__idf_riscv.dir/vectors_intc.S.obj^[[K
build	Build ESP32-C6 firmware	2026-09-24T12:51:27.9416325Z [852/1416] Building ASM object esp-idf/riscv/CMakeFiles/__idf_riscv.dir/vectors.S.obj^[[K
build	Build ESP32-C6 firmware	2026-09-24T12:51:27.9459557Z [853/1416] Building C object esp-idf/riscv/CMakeFiles/__idf_riscv.dir/instruction_decode.c.obj^[[K
build	Build ESP32-C6 firmware	2026-09-24T12:51:28.0023263Z [854/1416] Building C object esp-idf/riscv/CMakeFiles/__idf_riscv.dir/interrupt.c.obj^[[K
build	Build ESP32-C6 firmware	2026-09-24T12:51:28.0338511Z [855/1416] Building C object esp-idf/riscv/CMakeFiles/__idf_riscv.dir/interrupt_plic.c.obj^[[K
build	Build ESP32-C6 firmware	2026-09-24T12:51:28.2633120Z [856/1416] Building C object esp-idf/esp_driver_gpio/CMakeFiles/__idf_esp_driver_gpio.dir/src/gpio_glitch_filter_ops.c.obj^[[K
build	Build ESP32-C6 firmware	2026-09-24T12:51:28.2826743Z [857/1416] Building C object esp-idf/esp_driver_gpio/CMakeFiles/__idf_esp_driver_gpio.dir/src/gpio_pin_glitch_filter.c.obj^[[K
build	Build ESP32-C6 firmware	2026-09-24T12:51:28.2954936Z [858/1416] Building C object esp-idf/esp_driver_gpio/CMakeFiles/__idf_esp_driver_gpio.dir/src/dedic_gpio.c.obj^[[K
build	Build ESP32-C6 firmware	2026-09-24T12:51:28.3536706Z [859/1416] Building C object esp-idf/esp_driver_gpio/CMakeFiles/__idf_esp_driver_gpio.dir/src/rtc_io.c.obj^[[K
build	Build ESP32-C6 firmware	2026-09-24T12:51:28.4481817Z [860/1416] Building C object esp-idf/esp_driver_gpio/CMakeFiles/__idf_esp_driver_gpio.dir/src/gpio_flex_glitch_filter.c.obj^[[K
build	Build ESP32-C6 firmware	2026-09-24T12:51:28.5082415Z [861/1416] Building C object esp-idf/esp_pm/CMakeFiles/__idf_esp_pm.dir/pm_trace.c.obj^[[K
build	Build ESP32-C6 firmware	2026-09-24T12:51:28.5134843Z [862/1416] Building C object esp-idf/esp_driver_gpio/CMakeFiles/__idf_esp_driver_gpio.dir/src/gpio.c.obj^[[K
build	Build ESP32-C6 firmware	2026-09-24T12:51:28.5802817Z [863/1416] Building C object esp-idf/esp_pm/CMakeFiles/__idf_esp_pm.dir/pm_locks.c.obj^[[K
build	Build ESP32-C6 firmware	2026-09-24T12:51:28.6396890Z [864/1416] Building C object esp-idf/esp_driver_gpio/CMakeFiles/__idf_esp_driver_gpio.dir/src/gpio_etm.c.obj^[[K
build	Build ESP32-C6 firmware	2026-09-24T12:51:28.6783021Z [865/1416] Building ASM object esp-idf/mbedtls/CMakeFiles/__idf_mbedtls.dir/__/__/x509_crt_bundle.S.obj^[[K
build	Build ESP32-C6 firmware	2026-09-24T12:51:28.7468170Z [866/1416] Building C object esp-idf/esp_pm/CMakeFiles/__idf_esp_pm.dir/pm_impl.c.obj^[[K
build	Build ESP32-C6 firmware	2026-09-24T12:51:28.7538230Z [867/1416] Building C object esp-idf/mbedtls/CMakeFiles/__idf_mbedtls.dir/esp_crt_bundle/esp_crt_bundle.c.obj^[[K
build	Build ESP32-C6 firmware	2026-09-24T12:51:28.7728041Z [868/1416] Building C object esp-idf/app_trace/CMakeFiles/__idf_app_trace.dir/host_file_io.c.obj^[[K
build	Build ESP32-C6 firmware	2026-09-24T12:51:28.7749997Z [869/1416] Linking C static library esp-idf/mbedtls/libmbedtls.a^[[K
build	Build ESP32-C6 firmware	2026-09-24T12:51:28.7995875Z [870/1416] Building C object esp-idf/app_trace/CMakeFiles/__idf_app_trace.dir/app_trace_util.c.obj^[[K
build	Build ESP32-C6 firmware	2026-09-24T12:51:28.8315505Z [871/1416] Linking C static library esp-idf/esp_pm/libesp_pm.a^[[K
build	Build ESP32-C6 firmware	2026-09-24T12:51:28.8411482Z [872/1416] Building C object esp-idf/app_trace/CMakeFiles/__idf_app_trace.dir/app_trace.c.obj^[[K
build	Build ESP32-C6 firmware	2026-09-24T12:51:28.8639308Z [873/1416] Linking C static library esp-idf/esp_driver_gpio/libesp_driver_gpio.a^[[K
build	Build ESP32-C6 firmware	2026-09-24T12:51:28.9000994Z [874/1416] Linking C static library esp-idf/riscv/libriscv.a^[[K
build	Build ESP32-C6 firmware	2026-09-24T12:51:28.9816414Z [875/1416] Building C object esp-idf/unity/CMakeFiles/__idf_unity.dir/unity_compat.c.obj^[[K
build	Build ESP32-C6 firmware	2026-09-24T12:51:29.0037895Z [876/1416] Building C object esp-idf/app_trace/CMakeFiles/__idf_app_trace.dir/port/port_uart.c.obj^[[K
build	Build ESP32-C6 firmware	2026-09-24T12:51:29.0228944Z [877/1416] Linking C static library esp-idf/app_trace/libapp_trace.a^[[K
build	Build ESP32-C6 firmware	2026-09-24T12:51:29.1053644Z [878/1416] Building C object esp-idf/unity/CMakeFiles/__idf_unity.dir/unity_runner.c.obj^[[K
build	Build ESP32-C6 firmware	2026-09-24T12:51:29.1675066Z [879/1416] Building C object esp-idf/unity/CMakeFiles/__idf_unity.dir/unity_utils_memory.c.obj^[[K
build	Build ESP32-C6 firmware	2026-09-24T12:51:29.1826066Z [880/1416] Building C object esp-idf/unity/CMakeFiles/__idf_unity.dir/unity_utils_freertos.c.obj^[[K
build	Build ESP32-C6 firmware	2026-09-24T12:51:29.2238912Z [881/1416] Building C object esp-idf/unity/CMakeFiles/__idf_unity.dir/port/esp/unity_utils_memory_esp.c.obj^[[K
build	Build ESP32-C6 firmware	2026-09-24T12:51:29.2586824Z [882/1416] Building C object esp-idf/unity/CMakeFiles/__idf_unity.dir/unity_utils_cache.c.obj^[[K
build	Build ESP32-C6 firmware	2026-09-24T12:51:29.2925123Z [883/1416] Building C object esp-idf/unity/CMakeFiles/__idf_unity.dir/unity/src/unity.c.obj^[[K
build	Build ESP32-C6 firmware	2026-09-24T12:51:29.3321080Z [884/1416] Building C object esp-idf/cmock/CMakeFiles/__idf_cmock.dir/CMock/src/cmock.c.obj^[[K
build	Build ESP32-C6 firmware	2026-09-24T12:51:29.3651645Z [885/1416] Building C object esp-idf/unity/CMakeFiles/__idf_unity.dir/unity_port_esp32.c.obj^[[K
build	Build ESP32-C6 firmware	2026-09-24T12:51:29.3786291Z [886/1416] Linking C static library esp-idf/unity/libunity.a^[[K
build	Build ESP32-C6 firmware	2026-09-24T12:51:29.3943784Z [887/1416] Linking C static library esp-idf/cmock/libcmock.a^[[K
build	Build ESP32-C6 firmware	2026-09-24T12:51:29.4704257Z [888/1416] Building C object esp-idf/console/CMakeFiles/__idf_console.dir/split_argv.c.obj^[[K
build	Build ESP32-C6 firmware	2026-09-24T12:51:29.5170291Z [889/1416] Building C object esp-idf/console/CMakeFiles/__idf_console.dir/commands.c.obj^[[K
build	Build ESP32-C6 firmware	2026-09-24T12:51:29.6125606Z [890/1416] Building C object esp-idf/console/CMakeFiles/__idf_console.dir/esp_console_common.c.obj^[[K
build	Build ESP32-C6 firmware	2026-09-24T12:51:29.6452062Z [891/1416] Building C object esp-idf/console/CMakeFiles/__idf_console.dir/esp_console_repl_chip.c.obj^[[K
build	Build ESP32-C6 firmware	2026-09-24T12:51:29.7052397Z [892/1416] Building C object esp-idf/console/CMakeFiles/__idf_console.dir/argtable3/arg_cmd.c.obj^[[K
build	Build ESP32-C6 firmware	2026-09-24T12:51:29.7252013Z [893/1416] Building C object esp-idf/console/CMakeFiles/__idf_console.dir/argtable3/arg_date.c.obj^[[K
build	Build ESP32-C6 firmware	2026-09-24T12:51:29.7609692Z [894/1416] Building C object esp-idf/console/CMakeFiles/__idf_console.dir/argtable3/arg_dbl.c.obj^[[K
build	Build ESP32-C6 firmware	2026-09-24T12:51:29.7612065Z [895/1416] Building C object esp-idf/console/CMakeFiles/__idf_console.dir/argtable3/arg_dstr.c.obj^[[K
build	Build ESP32-C6 firmware	2026-09-24T12:51:29.7750755Z [896/1416] Building C object esp-idf/console/CMakeFiles/__idf_console.dir/argtable3/arg_end.c.obj^[[K
build	Build ESP32-C6 firmware	2026-09-24T12:51:29.8696900Z [897/1416] Building C object esp-idf/console/CMakeFiles/__idf_console.dir/linenoise/linenoise.c.obj^[[K
build	Build ESP32-C6 firmware	2026-09-24T12:51:29.8859485Z [898/1416] Building C object esp-idf/console/CMakeFiles/__idf_console.dir/argtable3/arg_file.c.obj^[[K
build	Build ESP32-C6 firmware	2026-09-24T12:51:29.9530265Z [899/1416] Building C object esp-idf/console/CMakeFiles/__idf_console.dir/argtable3/arg_hashtable.c.obj^[[K
build	Build ESP32-C6 firmware	2026-09-24T12:51:29.9560797Z [900/1416] Building C object esp-idf/console/CMakeFiles/__idf_console.dir/argtable3/arg_rem.c.obj^[[K
build	Build ESP32-C6 firmware	2026-09-24T12:51:29.9793271Z [901/1416] Building C object esp-idf/console/CMakeFiles/__idf_console.dir/argtable3/arg_lit.c.obj^[[K
build	Build ESP32-C6 firmware	2026-09-24T12:51:30.0540708Z [902/1416] Building C object esp-idf/console/CMakeFiles/__idf_console.dir/argtable3/arg_int.c.obj^[[K
build	Build ESP32-C6 firmware	2026-09-24T12:51:30.1282881Z [903/1416] Building C object esp-idf/console/CMakeFiles/__idf_console.dir/argtable3/arg_str.c.obj^[[K
build	Build ESP32-C6 firmware	2026-09-24T12:51:30.1572021Z [904/1416] Building C object esp-idf/esp_driver_cam/CMakeFiles/__idf_esp_driver_cam.dir/esp_cam_ctlr.c.obj^[[K
build	Build ESP32-C6 firmware	2026-09-24T12:51:30.2131912Z [905/1416] Building C object esp-idf/console/CMakeFiles/__idf_console.dir/argtable3/arg_utils.c.obj^[[K
build	Build ESP32-C6 firmware	2026-09-24T12:51:30.2552329Z [906/1416] Building C object esp-idf/console/CMakeFiles/__idf_console.dir/argtable3/arg_rex.c.obj^[[K
build	Build ESP32-C6 firmware	2026-09-24T12:51:30.2676512Z [907/1416] Building C object esp-idf/esp_driver_cam/CMakeFiles/__idf_esp_driver_cam.dir/dvp_share_ctrl.c.obj^[[K
build	Build ESP32-C6 firmware	2026-09-24T12:51:30.3876390Z [908/1416] Linking C static library esp-idf/esp_driver_cam/libesp_driver_cam.a^[[K
build	Build ESP32-C6 firmware	2026-09-24T12:51:30.4550085Z [909/1416] Building C object esp-idf/console/CMakeFiles/__idf_console.dir/argtable3/argtable3.c.obj^[[K
build	Build ESP32-C6 firmware	2026-09-24T12:51:30.5135938Z [910/1416] Linking C static library esp-idf/console/libconsole.a^[[K
build	Build ESP32-C6 firmware	2026-09-24T12:51:30.5249390Z [911/1416] Building C object esp-idf/esp_eth/CMakeFiles/__idf_esp_eth.dir/src/esp_eth_netif_glue.c.obj^[[K
build	Build ESP32-C6 firmware	2026-09-24T12:51:30.5464026Z [912/1416] Building C object esp-idf/esp_hid/CMakeFiles/__idf_esp_hid.dir/src/esp_hidd.c.obj^[[K
build	Build ESP32-C6 firmware	2026-09-24T12:51:30.6542325Z [913/1416] Building C object esp-idf/esp_eth/CMakeFiles/__idf_esp_eth.dir/src/esp_eth.c.obj^[[K
build	Build ESP32-C6 firmware	2026-09-24T12:51:30.6916506Z [914/1416] Building C object esp-idf/esp_hid/CMakeFiles/__idf_esp_hid.dir/src/esp_hidh.c.obj^[[K
build	Build ESP32-C6 firmware	2026-09-24T12:51:30.7710110Z [915/1416] Building C object esp-idf/esp_lcd/CMakeFiles/__idf_esp_lcd.dir/src/esp_lcd_common.c.obj^[[K
build	Build ESP32-C6 firmware	2026-09-24T12:51:30.7758080Z [916/1416] Building C object esp-idf/esp_eth/CMakeFiles/__idf_esp_eth.dir/src/phy/esp_eth_phy_802_3.c.obj^[[K
build	Build ESP32-C6 firmware	2026-09-24T12:51:30.8048857Z [917/1416] Building C object esp-idf/esp_hid/CMakeFiles/__idf_esp_hid.dir/src/esp_hid_common.c.obj^[[K
build	Build ESP32-C6 firmware	2026-09-24T12:51:30.8063348Z [918/1416] Linking C static library esp-idf/esp_hid/libesp_hid.a^[[K
build	Build ESP32-C6 firmware	2026-09-24T12:51:30.8563660Z [919/1416] Linking C static library esp-idf/esp_eth/libesp_eth.a^[[K
build	Build ESP32-C6 firmware	2026-09-24T12:51:31.0331627Z [920/1416] Building C object esp-idf/esp_lcd/CMakeFiles/__idf_esp_lcd.dir/src/esp_lcd_panel_io.c.obj^[[K
build	Build ESP32-C6 firmware	2026-09-24T12:51:31.0639342Z [921/1416] Building C object esp-idf/esp_lcd/CMakeFiles/__idf_esp_lcd.dir/src/esp_lcd_panel_ops.c.obj^[[K
build	Build ESP32-C6 firmware	2026-09-24T12:51:31.0893282Z [922/1416] Building C object esp-idf/esp_lcd/CMakeFiles/__idf_esp_lcd.dir/src/esp_lcd_panel_nt35510.c.obj^[[K
build	Build ESP32-C6 firmware	2026-09-24T12:51:31.1159732Z [923/1416] Building C object esp-idf/esp_https_server/CMakeFiles/__idf_esp_https_server.dir/src/https_server.c.obj^[[K
build	Build ESP32-C6 firmware	2026-09-24T12:51:31.1265072Z [924/1416] Linking C static library esp-idf/esp_https_server/libesp_https_server.a^[[K
build	Build ESP32-C6 firmware	2026-09-24T12:51:31.1405472Z [925/1416] Building C object esp-idf/esp_lcd/CMakeFiles/__idf_esp_lcd.dir/src/esp_lcd_panel_st7789.c.obj^[[K
build	Build ESP32-C6 firmware	2026-09-24T12:51:31.2015322Z [926/1416] Building C object esp-idf/esp_lcd/CMakeFiles/__idf_esp_lcd.dir/src/esp_lcd_panel_ssd1306.c.obj^[[K
build	Build ESP32-C6 firmware	2026-09-24T12:51:31.2803821Z [927/1416] Building C object esp-idf/esp_lcd/CMakeFiles/__idf_esp_lcd.dir/i2c/esp_lcd_panel_io_i2c_v1.c.obj^[[K
build	Build ESP32-C6 firmware	2026-09-24T12:51:31.4002424Z [928/1416] Building C object esp-idf/protocomm/CMakeFiles/__idf_protocomm.dir/proto-c/constants.pb-c.c.obj^[[K
build	Build ESP32-C6 firmware	2026-09-24T12:51:31.4381215Z [929/1416] Building C object esp-idf/esp_lcd/CMakeFiles/__idf_esp_lcd.dir/i2c/esp_lcd_panel_io_i2c_v2.c.obj^[[K
build	Build ESP32-C6 firmware	2026-09-24T12:51:31.4384749Z [930/1416] Building C object esp-idf/protocomm/CMakeFiles/__idf_protocomm.dir/proto-c/sec0.pb-c.c.obj^[[K
build	Build ESP32-C6 firmware	2026-09-24T12:51:31.4868824Z [931/1416] Building C object esp-idf/esp_lcd/CMakeFiles/__idf_esp_lcd.dir/spi/esp_lcd_panel_io_spi.c.obj^[[K
build	Build ESP32-C6 firmware	2026-09-24T12:51:31.5570984Z [932/1416] Linking C static library esp-idf/esp_lcd/libesp_lcd.a^[[K
build	Build ESP32-C6 firmware	2026-09-24T12:51:31.5668053Z [933/1416] Building C object esp-idf/protocomm/CMakeFiles/__idf_protocomm.dir/proto-c/sec1.pb-c.c.obj^[[K
build	Build ESP32-C6 firmware	2026-09-24T12:51:31.6129118Z [934/1416] Building C object esp-idf/protocomm/CMakeFiles/__idf_protocomm.dir/src/common/protocomm.c.obj^[[K
build	Build ESP32-C6 firmware	2026-09-24T12:51:31.6368382Z [935/1416] Building C object esp-idf/protocomm/CMakeFiles/__idf_protocomm.dir/proto-c/sec2.pb-c.c.obj^[[K
build	Build ESP32-C6 firmware	2026-09-24T12:51:31.7995036Z [936/1416] Building C object esp-idf/protocomm/CMakeFiles/__idf_protocomm.dir/proto-c/session.pb-c.c.obj^[[K
build	Build ESP32-C6 firmware	2026-09-24T12:51:31.8157900Z [937/1416] Building C object esp-idf/protocomm/CMakeFiles/__idf_protocomm.dir/src/transports/protocomm_console.c.obj^[[K
build	Build ESP32-C6 firmware	2026-09-24T12:51:31.9056558Z [938/1416] Building C object esp-idf/protocomm/CMakeFiles/__idf_protocomm.dir/src/security/security0.c.obj^[[K
build	Build ESP32-C6 firmware	2026-09-24T12:51:31.9329056Z [939/1416] Building C object esp-idf/protobuf-c/CMakeFiles/__idf_protobuf-c.dir/protobuf-c/protobuf-c/protobuf-c.c.obj^[[K
build	Build ESP32-C6 firmware	2026-09-24T12:51:32.0181841Z [940/1416] Linking C static library esp-idf/protobuf-c/libprotobuf-c.a^[[K
build	Build ESP32-C6 firmware	2026-09-24T12:51:32.1072006Z [941/1416] Building C object esp-idf/protocomm/CMakeFiles/__idf_protocomm.dir/src/transports/protocomm_httpd.c.obj^[[K
build	Build ESP32-C6 firmware	2026-09-24T12:51:32.1195717Z [942/1416] Building C object esp-idf/protocomm/CMakeFiles/__idf_protocomm.dir/src/crypto/srp6a/esp_srp_mpi.c.obj^[[K
build	Build ESP32-C6 firmware	2026-09-24T12:51:32.1494429Z [943/1416] Building C object esp-idf/protocomm/CMakeFiles/__idf_protocomm.dir/src/security/security1.c.obj^[[K
build	Build ESP32-C6 firmware	2026-09-24T12:51:32.1825115Z [944/1416] Building C object esp-idf/protocomm/CMakeFiles/__idf_protocomm.dir/src/crypto/srp6a/esp_srp.c.obj^[[K
build	Build ESP32-C6 firmware	2026-09-24T12:51:32.1996346Z [945/1416] Building C object esp-idf/protocomm/CMakeFiles/__idf_protocomm.dir/src/security/security2.c.obj^[[K
build	Build ESP32-C6 firmware	2026-09-24T12:51:32.2272239Z [946/1416] Building C object esp-idf/espcoredump/CMakeFiles/__idf_espcoredump.dir/src/core_dump_init.c.obj^[[K
build	Build ESP32-C6 firmware	2026-09-24T12:51:32.3399582Z [947/1416] Linking C static library esp-idf/protocomm/libprotocomm.a^[[K
build	Build ESP32-C6 firmware	2026-09-24T12:51:32.3871040Z [948/1416] Building C object esp-idf/esp_local_ctrl/CMakeFiles/__idf_esp_local_ctrl.dir/src/esp_local_ctrl.c.obj^[[K
build	Build ESP32-C6 firmware	2026-09-24T12:51:32.4211158Z [949/1416] Building C object esp-idf/esp_local_ctrl/CMakeFiles/__idf_esp_local_ctrl.dir/proto-c/esp_local_ctrl.pb-c.c.obj^[[K
build	Build ESP32-C6 firmware	2026-09-24T12:51:32.4351301Z [950/1416] Building C object esp-idf/esp_local_ctrl/CMakeFiles/__idf_esp_local_ctrl.dir/src/esp_local_ctrl_handler.c.obj^[[K
build	Build ESP32-C6 firmware	2026-09-24T12:51:32.4588494Z [951/1416] Building C object esp-idf/esp_local_ctrl/CMakeFiles/__idf_esp_local_ctrl.dir/src/esp_local_ctrl_transport_httpd.c.obj^[[K
build	Build ESP32-C6 firmware	2026-09-24T12:51:32.4758831Z [952/1416] Linking C static library esp-idf/esp_local_ctrl/libesp_local_ctrl.a^[[K
build	Build ESP32-C6 firmware	2026-09-24T12:51:32.5270974Z [953/1416] Building C object esp-idf/espcoredump/CMakeFiles/__idf_espcoredump.dir/src/core_dump_common.c.obj^[[K
build	Build ESP32-C6 firmware	2026-09-24T12:51:32.5623246Z [954/1416] Building C object esp-idf/espcoredump/CMakeFiles/__idf_espcoredump.dir/src/core_dump_crc.c.obj^[[K
build	Build ESP32-C6 firmware	2026-09-24T12:51:32.6129207Z [955/1416] Building C object esp-idf/espcoredump/CMakeFiles/__idf_espcoredump.dir/src/core_dump_sha.c.obj^[[K
build	Build ESP32-C6 firmware	2026-09-24T12:51:32.6634806Z [956/1416] Building C object esp-idf/espcoredump/CMakeFiles/__idf_espcoredump.dir/src/core_dump_flash.c.obj^[[K
build	Build ESP32-C6 firmware	2026-09-24T12:51:32.6821458Z [957/1416] Building C object esp-idf/espcoredump/CMakeFiles/__idf_espcoredump.dir/src/core_dump_uart.c.obj^[[K
build	Build ESP32-C6 firmware	2026-09-24T12:51:32.7176493Z [958/1416] Building C object esp-idf/espcoredump/CMakeFiles/__idf_espcoredump.dir/src/core_dump_elf.c.obj^[[K
build	Build ESP32-C6 firmware	2026-09-24T12:51:32.7381823Z [959/1416] Building C object esp-idf/espcoredump/CMakeFiles/__idf_espcoredump.dir/src/core_dump_binary.c.obj^[[K
build	Build ESP32-C6 firmware	2026-09-24T12:51:32.7673338Z [960/1416] Building C object esp-idf/espcoredump/CMakeFiles/__idf_espcoredump.dir/src/port/riscv/core_dump_port.c.obj^[[K
build	Build ESP32-C6 firmware	2026-09-24T12:51:32.7751200Z [961/1416] Linking C static library esp-idf/espcoredump/libespcoredump.a^[[K
build	Build ESP32-C6 firmware	2026-09-24T12:51:32.8530306Z [962/1416] Building CXX object esp-idf/wear_levelling/CMakeFiles/__idf_wear_levelling.dir/Partition.cpp.obj^[[K
build	Build ESP32-C6 firmware	2026-09-24T12:51:32.8905954Z [963/1416] Building CXX object esp-idf/wear_levelling/CMakeFiles/__idf_wear_levelling.dir/SPI_Flash.cpp.obj^[[K
build	Build ESP32-C6 firmware	2026-09-24T12:51:32.8977900Z [964/1416] Building CXX object esp-idf/wear_levelling/CMakeFiles/__idf_wear_levelling.dir/WL_Ext_Perf.cpp.obj^[[K
build	Build ESP32-C6 firmware	2026-09-24T12:51:32.9621239Z [965/1416] Building CXX object esp-idf/wear_levelling/CMakeFiles/__idf_wear_levelling.dir/crc32.cpp.obj^[[K
build	Build ESP32-C6 firmware	2026-09-24T12:51:33.0932551Z [966/1416] Building CXX object esp-idf/wear_levelling/CMakeFiles/__idf_wear_levelling.dir/WL_Ext_Safe.cpp.obj^[[K
build	Build ESP32-C6 firmware	2026-09-24T12:51:33.1075405Z [967/1416] Building CXX object esp-idf/wear_levelling/CMakeFiles/__idf_wear_levelling.dir/wear_levelling.cpp.obj^[[K
build	Build ESP32-C6 firmware	2026-09-24T12:51:33.1475919Z [968/1416] Building C object esp-idf/fatfs/CMakeFiles/__idf_fatfs.dir/diskio/diskio.c.obj^[[K
build	Build ESP32-C6 firmware	2026-09-24T12:51:33.1836023Z [969/1416] Building C object esp-idf/fatfs/CMakeFiles/__idf_fatfs.dir/diskio/diskio_wl.c.obj^[[K
build	Build ESP32-C6 firmware	2026-09-24T12:51:33.3159654Z [970/1416] Building C object esp-idf/fatfs/CMakeFiles/__idf_fatfs.dir/diskio/diskio_rawflash.c.obj^[[K
build	Build ESP32-C6 firmware	2026-09-24T12:51:33.3418577Z [971/1416] Building CXX object esp-idf/wear_levelling/CMakeFiles/__idf_wear_levelling.dir/WL_Flash.cpp.obj^[[K
build	Build ESP32-C6 firmware	2026-09-24T12:51:33.3440445Z [972/1416] Linking C static library esp-idf/wear_levelling/libwear_levelling.a^[[K
build	Build ESP32-C6 firmware	2026-09-24T12:51:33.4396479Z [973/1416] Building C object esp-idf/fatfs/CMakeFiles/__idf_fatfs.dir/port/freertos/ffsystem.c.obj^[[K
build	Build ESP32-C6 firmware	2026-09-24T12:51:33.4698718Z [974/1416] Building C object esp-idf/fatfs/CMakeFiles/__idf_fatfs.dir/diskio/diskio_sdmmc.c.obj^[[K
build	Build ESP32-C6 firmware	2026-09-24T12:51:33.6475135Z [975/1416] Building C object esp-idf/fatfs/CMakeFiles/__idf_fatfs.dir/src/ffunicode.c.obj^[[K
build	Build ESP32-C6 firmware	2026-09-24T12:51:33.7566372Z [976/1416] Building C object esp-idf/ieee802154/CMakeFiles/__idf_ieee802154.dir/driver/esp_ieee802154_ack.c.obj^[[K
build	Build ESP32-C6 firmware	2026-09-24T12:51:33.8266562Z [977/1416] Building C object esp-idf/ieee802154/CMakeFiles/__idf_ieee802154.dir/esp_ieee802154.c.obj^[[K
build	Build ESP32-C6 firmware	2026-09-24T12:51:33.8638432Z [978/1416] Building C object esp-idf/fatfs/CMakeFiles/__idf_fatfs.dir/vfs/vfs_fat_sdmmc.c.obj^[[K
build	Build ESP32-C6 firmware	2026-09-24T12:51:33.8863182Z [979/1416] Building C object esp-idf/fatfs/CMakeFiles/__idf_fatfs.dir/vfs/vfs_fat.c.obj^[[K
build	Build ESP32-C6 firmware	2026-09-24T12:51:34.0880401Z [980/1416] Building C object esp-idf/fatfs/CMakeFiles/__idf_fatfs.dir/vfs/vfs_fat_spiflash.c.obj^[[K
build	Build ESP32-C6 firmware	2026-09-24T12:51:34.1057226Z [981/1416] Building C object esp-idf/ieee802154/CMakeFiles/__idf_ieee802154.dir/driver/esp_ieee802154_sec.c.obj^[[K
build	Build ESP32-C6 firmware	2026-09-24T12:51:34.1123869Z [982/1416] Building C object esp-idf/ieee802154/CMakeFiles/__idf_ieee802154.dir/driver/esp_ieee802154_pib.c.obj^[[K
build	Build ESP32-C6 firmware	2026-09-24T12:51:34.1154989Z [983/1416] Building C object esp-idf/fatfs/CMakeFiles/__idf_fatfs.dir/src/ff.c.obj^[[K
build	Build ESP32-C6 firmware	2026-09-24T12:51:34.1214618Z [984/1416] Building C object esp-idf/ieee802154/CMakeFiles/__idf_ieee802154.dir/driver/esp_ieee802154_frame.c.obj^[[K
build	Build ESP32-C6 firmware	2026-09-24T12:51:34.1527625Z [985/1416] Building C object esp-idf/ieee802154/CMakeFiles/__idf_ieee802154.dir/driver/esp_ieee802154_util.c.obj^[[K
build	Build ESP32-C6 firmware	2026-09-24T12:51:34.1898078Z [986/1416] Linking C static library esp-idf/fatfs/libfatfs.a^[[K
build	Build ESP32-C6 firmware	2026-09-24T12:51:34.3307111Z [987/1416] Building C object esp-idf/ieee802154/CMakeFiles/__idf_ieee802154.dir/driver/esp_ieee802154_dev.c.obj^[[K
build	Build ESP32-C6 firmware	2026-09-24T12:51:34.3661350Z [988/1416] Building C object esp-idf/ieee802154/CMakeFiles/__idf_ieee802154.dir/driver/esp_ieee802154_timer.c.obj^[[K
build	Build ESP32-C6 firmware	2026-09-24T12:51:34.4392130Z [989/1416] Linking C static library esp-idf/ieee802154/libieee802154.a^[[K
build	Build ESP32-C6 firmware	2026-09-24T12:51:34.5756283Z [990/1416] Building C object esp-idf/json/CMakeFiles/__idf_json.dir/cJSON/cJSON_Utils.c.obj^[[K
build	Build ESP32-C6 firmware	2026-09-24T12:51:34.5885160Z [991/1416] Building C object esp-idf/mqtt/CMakeFiles/__idf_mqtt.dir/esp-mqtt/lib/mqtt_outbox.c.obj^[[K
build	Build ESP32-C6 firmware	2026-09-24T12:51:34.6534279Z [992/1416] Building C object esp-idf/mqtt/CMakeFiles/__idf_mqtt.dir/esp-mqtt/lib/mqtt_msg.c.obj^[[K
build	Build ESP32-C6 firmware	2026-09-24T12:51:34.7501172Z [993/1416] Building C object esp-idf/mqtt/CMakeFiles/__idf_mqtt.dir/esp-mqtt/lib/platform_esp32_idf.c.obj^[[K
build	Build ESP32-C6 firmware	2026-09-24T12:51:34.7789496Z [994/1416] Building C object esp-idf/json/CMakeFiles/__idf_json.dir/cJSON/cJSON.c.obj^[[K
build	Build ESP32-C6 firmware	2026-09-24T12:51:34.7791217Z [995/1416] Building C object esp-idf/nvs_sec_provider/CMakeFiles/__idf_nvs_sec_provider.dir/nvs_sec_provider.c.obj^[[K
build	Build ESP32-C6 firmware	2026-09-24T12:51:34.8007977Z [996/1416] Linking C static library esp-idf/json/libjson.a^[[K
build	Build ESP32-C6 firmware	2026-09-24T12:51:34.9068633Z [997/1416] Linking C static library esp-idf/nvs_sec_provider/libnvs_sec_provider.a^[[K
build	Build ESP32-C6 firmware	2026-09-24T12:51:34.9217644Z [998/1416] Building C object esp-idf/spiffs/CMakeFiles/__idf_spiffs.dir/spiffs_api.c.obj^[[K
build	Build ESP32-C6 firmware	2026-09-24T12:51:34.9976972Z [999/1416] Building C object esp-idf/rt/CMakeFiles/__idf_rt.dir/FreeRTOS_POSIX_utils.c.obj^[[K
build	Build ESP32-C6 firmware	2026-09-24T12:51:35.0189390Z [1000/1416] Building C object esp-idf/rt/CMakeFiles/__idf_rt.dir/FreeRTOS_POSIX_mqueue.c.obj^[[K
build	Build ESP32-C6 firmware	2026-09-24T12:51:35.0568208Z [1001/1416] Linking C static library esp-idf/rt/librt.a^[[K
build	Build ESP32-C6 firmware	2026-09-24T12:51:35.2366450Z [1002/1416] Building C object esp-idf/spiffs/CMakeFiles/__idf_spiffs.dir/spiffs/src/spiffs_cache.c.obj^[[K
build	Build ESP32-C6 firmware	2026-09-24T12:51:35.2894288Z [1003/1416] Building C object esp-idf/spiffs/CMakeFiles/__idf_spiffs.dir/spiffs/src/spiffs_gc.c.obj^[[K
build	Build ESP32-C6 firmware	2026-09-24T12:51:35.3390714Z [1004/1416] Building C object esp-idf/spiffs/CMakeFiles/__idf_spiffs.dir/spiffs/src/spiffs_check.c.obj^[[K
build	Build ESP32-C6 firmware	2026-09-24T12:51:35.3754598Z [1005/1416] Building C object esp-idf/mqtt/CMakeFiles/__idf_mqtt.dir/esp-mqtt/mqtt_client.c.obj^[[K
build	Build ESP32-C6 firmware	2026-09-24T12:51:35.4816541Z [1006/1416] Linking C static library esp-idf/mqtt/libmqtt.a^[[K
build	Build ESP32-C6 firmware	2026-09-24T12:51:35.5195483Z [1007/1416] Building C object esp-idf/spiffs/CMakeFiles/__idf_spiffs.dir/spiffs/src/spiffs_hydrogen.c.obj^[[K
build	Build ESP32-C6 firmware	2026-09-24T12:51:35.6699223Z [1008/1416] Building C object esp-idf/wifi_provisioning/CMakeFiles/__idf_wifi_provisioning.dir/src/wifi_config.c.obj^[[K
build	Build ESP32-C6 firmware	2026-09-24T12:51:35.6745213Z [1009/1416] Building C object esp-idf/spiffs/CMakeFiles/__idf_spiffs.dir/spiffs/src/spiffs_nucleus.c.obj^[[K
build	Build ESP32-C6 firmware	2026-09-24T12:51:35.6824641Z [1010/1416] Building C object esp-idf/spiffs/CMakeFiles/__idf_spiffs.dir/esp_spiffs.c.obj^[[K
build	Build ESP32-C6 firmware	2026-09-24T12:51:35.7159004Z [1011/1416] Building C object esp-idf/wifi_provisioning/CMakeFiles/__idf_wifi_provisioning.dir/src/wifi_ctrl.c.obj^[[K
build	Build ESP32-C6 firmware	2026-09-24T12:51:35.7175818Z [1012/1416] Building C object esp-idf/wifi_provisioning/CMakeFiles/__idf_wifi_provisioning.dir/src/wifi_scan.c.obj^[[K
build	Build ESP32-C6 firmware	2026-09-24T12:51:35.8604315Z [1013/1416] Linking C static library esp-idf/spiffs/libspiffs.a^[[K
build	Build ESP32-C6 firmware	2026-09-24T12:51:35.9039853Z [1014/1416] Building C object esp-idf/wifi_provisioning/CMakeFiles/__idf_wifi_provisioning.dir/src/handlers.c.obj^[[K
build	Build ESP32-C6 firmware	2026-09-24T12:51:35.9715068Z [1015/1416] Building C object esp-idf/wifi_provisioning/CMakeFiles/__idf_wifi_provisioning.dir/proto-c/wifi_config.pb-c.c.obj^[[K
build	Build ESP32-C6 firmware	2026-09-24T12:51:36.0030488Z [1016/1416] Building C object esp-idf/wifi_provisioning/CMakeFiles/__idf_wifi_provisioning.dir/proto-c/wifi_ctrl.pb-c.c.obj^[[K
build	Build ESP32-C6 firmware	2026-09-24T12:51:36.0226235Z [1017/1416] Building C object esp-idf/wifi_provisioning/CMakeFiles/__idf_wifi_provisioning.dir/proto-c/wifi_constants.pb-c.c.obj^[[K
build	Build ESP32-C6 firmware	2026-09-24T12:51:36.0577761Z [1018/1416] Building C object esp-idf/wifi_provisioning/CMakeFiles/__idf_wifi_provisioning.dir/src/scheme_console.c.obj^[[K
build	Build ESP32-C6 firmware	2026-09-24T12:51:36.2561232Z [1019/1416] Building C object esp-idf/wifi_provisioning/CMakeFiles/__idf_wifi_provisioning.dir/proto-c/wifi_scan.pb-c.c.obj^[[K
build	Build ESP32-C6 firmware	2026-09-24T12:51:36.3157394Z [1020/1416] Building C object esp-idf/wifi_provisioning/CMakeFiles/__idf_wifi_provisioning.dir/src/scheme_softap.c.obj^[[K
build	Build ESP32-C6 firmware	2026-09-24T12:51:36.3201979Z [1021/1416] Building C object esp-idf/espressif__esp_lcd_sh8601/CMakeFiles/__idf_espressif__esp_lcd_sh8601.dir/esp_lcd_sh8601.c.obj^[[K
build	Build ESP32-C6 firmware	2026-09-24T12:51:36.3341512Z [1022/1416] Building C object esp-idf/wifi_provisioning/CMakeFiles/__idf_wifi_provisioning.dir/src/manager.c.obj^[[K
build	Build ESP32-C6 firmware	2026-09-24T12:51:36.3487545Z [1023/1416] Linking C static library esp-idf/espressif__esp_lcd_sh8601/libespressif__esp_lcd_sh8601.a^[[K
build	Build ESP32-C6 firmware	2026-09-24T12:51:36.3754599Z [1024/1416] Linking C static library esp-idf/wifi_provisioning/libwifi_provisioning.a^[[K
build	Build ESP32-C6 firmware	2026-09-24T12:51:36.3789137Z [1025/1416] Building C object esp-idf/lvgl__lvgl/CMakeFiles/__idf_lvgl__lvgl.dir/src/core/lv_disp.c.obj^[[K
build	Build ESP32-C6 firmware	2026-09-24T12:51:36.4826655Z [1026/1416] Building C object esp-idf/lvgl__lvgl/CMakeFiles/__idf_lvgl__lvgl.dir/src/core/lv_event.c.obj^[[K
build	Build ESP32-C6 firmware	2026-09-24T12:51:36.7190382Z [1027/1416] Building C object esp-idf/lvgl__lvgl/CMakeFiles/__idf_lvgl__lvgl.dir/src/core/lv_group.c.obj^[[K
build	Build ESP32-C6 firmware	2026-09-24T12:51:36.7218531Z [1028/1416] Building C object esp-idf/lvgl__lvgl/CMakeFiles/__idf_lvgl__lvgl.dir/src/core/lv_indev_scroll.c.obj^[[K
build	Build ESP32-C6 firmware	2026-09-24T12:51:36.7632416Z [1029/1416] Building C object esp-idf/lvgl__lvgl/CMakeFiles/__idf_lvgl__lvgl.dir/src/core/lv_obj_draw.c.obj^[[K
build	Build ESP32-C6 firmware	2026-09-24T12:51:36.7970034Z [1030/1416] Building C object esp-idf/lvgl__lvgl/CMakeFiles/__idf_lvgl__lvgl.dir/src/core/lv_obj_class.c.obj^[[K
build	Build ESP32-C6 firmware	2026-09-24T12:51:36.8399674Z [1031/1416] Building C object esp-idf/lvgl__lvgl/CMakeFiles/__idf_lvgl__lvgl.dir/src/core/lv_indev.c.obj^[[K
build	Build ESP32-C6 firmware	2026-09-24T12:51:37.0724974Z [1032/1416] Building C object esp-idf/lvgl__lvgl/CMakeFiles/__idf_lvgl__lvgl.dir/src/core/lv_obj.c.obj^[[K
build	Build ESP32-C6 firmware	2026-09-24T12:51:37.1456510Z [1033/1416] Building C object esp-idf/lvgl__lvgl/CMakeFiles/__idf_lvgl__lvgl.dir/src/core/lv_obj_pos.c.obj^[[K
build	Build ESP32-C6 firmware	2026-09-24T12:51:37.2171896Z [1034/1416] Building C object esp-idf/lvgl__lvgl/CMakeFiles/__idf_lvgl__lvgl.dir/src/core/lv_obj_scroll.c.obj^[[K
build	Build ESP32-C6 firmware	2026-09-24T12:51:37.2562665Z [1035/1416] Building C object esp-idf/lvgl__lvgl/CMakeFiles/__idf_lvgl__lvgl.dir/src/core/lv_obj_style_gen.c.obj^[[K
build	Build ESP32-C6 firmware	2026-09-24T12:51:37.3308597Z [1036/1416] Building C object esp-idf/lvgl__lvgl/CMakeFiles/__idf_lvgl__lvgl.dir/src/core/lv_obj_tree.c.obj^[[K
build	Build ESP32-C6 firmware	2026-09-24T12:51:37.3618933Z [1037/1416] Building C object esp-idf/lvgl__lvgl/CMakeFiles/__idf_lvgl__lvgl.dir/src/core/lv_obj_style.c.obj^[[K
build	Build ESP32-C6 firmware	2026-09-24T12:51:37.3968421Z [1038/1416] Building C object esp-idf/lvgl__lvgl/CMakeFiles/__idf_lvgl__lvgl.dir/src/draw/arm2d/lv_gpu_arm2d.c.obj^[[K
build	Build ESP32-C6 firmware	2026-09-24T12:51:37.4196980Z [1039/1416] Building C object esp-idf/lvgl__lvgl/CMakeFiles/__idf_lvgl__lvgl.dir/src/core/lv_refr.c.obj^[[K
build	Build ESP32-C6 firmware	2026-09-24T12:51:37.4877227Z [1040/1416] Building C object esp-idf/lvgl__lvgl/CMakeFiles/__idf_lvgl__lvgl.dir/src/draw/lv_draw.c.obj^[[K
build	Build ESP32-C6 firmware	2026-09-24T12:51:37.5111639Z [1041/1416] Building C object esp-idf/lvgl__lvgl/CMakeFiles/__idf_lvgl__lvgl.dir/src/core/lv_theme.c.obj^[[K
build	Build ESP32-C6 firmware	2026-09-24T12:51:37.6157999Z [1042/1416] Building C object esp-idf/lvgl__lvgl/CMakeFiles/__idf_lvgl__lvgl.dir/src/draw/lv_draw_arc.c.obj^[[K
build	Build ESP32-C6 firmware	2026-09-24T12:51:37.6266526Z [1043/1416] Building C object esp-idf/lvgl__lvgl/CMakeFiles/__idf_lvgl__lvgl.dir/src/draw/lv_draw_line.c.obj^[[K
build	Build ESP32-C6 firmware	2026-09-24T12:51:37.6797599Z [1044/1416] Building C object esp-idf/lvgl__lvgl/CMakeFiles/__idf_lvgl__lvgl.dir/src/draw/lv_draw_img.c.obj^[[K
build	Build ESP32-C6 firmware	2026-09-24T12:51:37.6828903Z [1045/1416] Building C object esp-idf/lvgl__lvgl/CMakeFiles/__idf_lvgl__lvgl.dir/src/draw/lv_draw_layer.c.obj^[[K
build	Build ESP32-C6 firmware	2026-09-24T12:51:37.7192440Z [1046/1416] Building C object esp-idf/lvgl__lvgl/CMakeFiles/__idf_lvgl__lvgl.dir/src/draw/lv_draw_label.c.obj^[[K
build	Build ESP32-C6 firmware	2026-09-24T12:51:37.8272008Z [1047/1416] Building C object esp-idf/lvgl__lvgl/CMakeFiles/__idf_lvgl__lvgl.dir/src/draw/lv_draw_rect.c.obj^[[K
build	Build ESP32-C6 firmware	2026-09-24T12:51:37.8352447Z [1048/1416] Building C object esp-idf/lvgl__lvgl/CMakeFiles/__idf_lvgl__lvgl.dir/src/draw/lv_draw_transform.c.obj^[[K
build	Build ESP32-C6 firmware	2026-09-24T12:51:37.9246985Z [1049/1416] Building C object esp-idf/lvgl__lvgl/CMakeFiles/__idf_lvgl__lvgl.dir/src/draw/lv_draw_triangle.c.obj^[[K
build	Build ESP32-C6 firmware	2026-09-24T12:51:37.9278044Z [1050/1416] Building C object esp-idf/lvgl__lvgl/CMakeFiles/__idf_lvgl__lvgl.dir/src/draw/lv_img_cache.c.obj^[[K
build	Build ESP32-C6 firmware	2026-09-24T12:51:37.9293332Z [1051/1416] Building C object esp-idf/lvgl__lvgl/CMakeFiles/__idf_lvgl__lvgl.dir/src/draw/nxp/pxp/lv_draw_pxp.c.obj^[[K
build	Build ESP32-C6 firmware	2026-09-24T12:51:37.9842969Z [1052/1416] Building C object esp-idf/lvgl__lvgl/CMakeFiles/__idf_lvgl__lvgl.dir/src/draw/nxp/pxp/lv_draw_pxp_blend.c.obj^[[K
build	Build ESP32-C6 firmware	2026-09-24T12:51:38.0004073Z [1053/1416] Building C object esp-idf/lvgl__lvgl/CMakeFiles/__idf_lvgl__lvgl.dir/src/draw/lv_img_buf.c.obj^[[K
build	Build ESP32-C6 firmware	2026-09-24T12:51:38.0060724Z [1054/1416] Building C object esp-idf/lvgl__lvgl/CMakeFiles/__idf_lvgl__lvgl.dir/src/draw/nxp/vglite/lv_draw_vglite.c.obj^[[K
build	Build ESP32-C6 firmware	2026-09-24T12:51:38.0203435Z [1055/1416] Building C object esp-idf/lvgl__lvgl/CMakeFiles/__idf_lvgl__lvgl.dir/src/draw/nxp/pxp/lv_gpu_nxp_pxp_osa.c.obj^[[K
build	Build ESP32-C6 firmware	2026-09-24T12:51:38.0671295Z [1056/1416] Building C object esp-idf/lvgl__lvgl/CMakeFiles/__idf_lvgl__lvgl.dir/src/draw/nxp/pxp/lv_gpu_nxp_pxp.c.obj^[[K
build	Build ESP32-C6 firmware	2026-09-24T12:51:38.0706216Z [1057/1416] Building C object esp-idf/lvgl__lvgl/CMakeFiles/__idf_lvgl__lvgl.dir/src/draw/lv_img_decoder.c.obj^[[K
build	Build ESP32-C6 firmware	2026-09-24T12:51:38.0742004Z [1058/1416] Building C object esp-idf/lvgl__lvgl/CMakeFiles/__idf_lvgl__lvgl.dir/src/draw/nxp/vglite/lv_draw_vglite_blend.c.obj^[[K
build	Build ESP32-C6 firmware	2026-09-24T12:51:38.0780990Z [1059/1416] Building C object esp-idf/lvgl__lvgl/CMakeFiles/__idf_lvgl__lvgl.dir/src/draw/nxp/vglite/lv_draw_vglite_rect.c.obj^[[K
build	Build ESP32-C6 firmware	2026-09-24T12:51:38.0838020Z [1060/1416] Building C object esp-idf/lvgl__lvgl/CMakeFiles/__idf_lvgl__lvgl.dir/src/draw/nxp/vglite/lv_draw_vglite_arc.c.obj^[[K
build	Build ESP32-C6 firmware	2026-09-24T12:51:38.0958331Z [1061/1416] Building C object esp-idf/lvgl__lvgl/CMakeFiles/__idf_lvgl__lvgl.dir/src/draw/lv_draw_mask.c.obj^[[K
build	Build ESP32-C6 firmware	2026-09-24T12:51:38.1304246Z [1062/1416] Building C object esp-idf/lvgl__lvgl/CMakeFiles/__idf_lvgl__lvgl.dir/src/draw/nxp/vglite/lv_draw_vglite_line.c.obj^[[K
build	Build ESP32-C6 firmware	2026-09-24T12:51:38.1606079Z [1063/1416] Building C object esp-idf/lvgl__lvgl/CMakeFiles/__idf_lvgl__lvgl.dir/src/draw/nxp/vglite/lv_vglite_buf.c.obj^[[K
build	Build ESP32-C6 firmware	2026-09-24T12:51:38.1736663Z [1064/1416] Building C object esp-idf/lvgl__lvgl/CMakeFiles/__idf_lvgl__lvgl.dir/src/draw/nxp/vglite/lv_vglite_utils.c.obj^[[K
build	Build ESP32-C6 firmware	2026-09-24T12:51:38.1842171Z [1065/1416] Building C object esp-idf/lvgl__lvgl/CMakeFiles/__idf_lvgl__lvgl.dir/src/draw/sdl/lv_draw_sdl.c.obj^[[K
build	Build ESP32-C6 firmware	2026-09-24T12:51:38.2095640Z [1066/1416] Building C object esp-idf/lvgl__lvgl/CMakeFiles/__idf_lvgl__lvgl.dir/src/draw/sdl/lv_draw_sdl_arc.c.obj^[[K
build	Build ESP32-C6 firmware	2026-09-24T12:51:38.2482881Z [1067/1416] Building C object esp-idf/lvgl__lvgl/CMakeFiles/__idf_lvgl__lvgl.dir/src/draw/sdl/lv_draw_sdl_bg.c.obj^[[K
build	Build ESP32-C6 firmware	2026-09-24T12:51:38.2656773Z [1068/1416] Building C object esp-idf/lvgl__lvgl/CMakeFiles/__idf_lvgl__lvgl.dir/src/draw/sdl/lv_draw_sdl_composite.c.obj^[[K
build	Build ESP32-C6 firmware	2026-09-24T12:51:38.2661932Z [1069/1416] Building C object esp-idf/lvgl__lvgl/CMakeFiles/__idf_lvgl__lvgl.dir/src/draw/renesas/lv_gpu_d2_draw_label.c.obj^[[K
build	Build ESP32-C6 firmware	2026-09-24T12:51:38.2667941Z [1070/1416] Building C object esp-idf/lvgl__lvgl/CMakeFiles/__idf_lvgl__lvgl.dir/src/draw/sdl/lv_draw_sdl_img.c.obj^[[K
build	Build ESP32-C6 firmware	2026-09-24T12:51:38.2848213Z [1071/1416] Building C object esp-idf/lvgl__lvgl/CMakeFiles/__idf_lvgl__lvgl.dir/src/draw/sdl/lv_draw_sdl_label.c.obj^[[K
build	Build ESP32-C6 firmware	2026-09-24T12:51:38.2944141Z [1072/1416] Building C object esp-idf/lvgl__lvgl/CMakeFiles/__idf_lvgl__lvgl.dir/src/draw/renesas/lv_gpu_d2_ra6m3.c.obj^[[K
build	Build ESP32-C6 firmware	2026-09-24T12:51:38.3053084Z [1073/1416] Building C object esp-idf/lvgl__lvgl/CMakeFiles/__idf_lvgl__lvgl.dir/src/draw/sdl/lv_draw_sdl_layer.c.obj^[[K
build	Build ESP32-C6 firmware	2026-09-24T12:51:38.3257386Z [1074/1416] Building C object esp-idf/lvgl__lvgl/CMakeFiles/__idf_lvgl__lvgl.dir/src/draw/sdl/lv_draw_sdl_line.c.obj^[[K
build	Build ESP32-C6 firmware	2026-09-24T12:51:38.3327926Z [1075/1416] Building C object esp-idf/lvgl__lvgl/CMakeFiles/__idf_lvgl__lvgl.dir/src/draw/sdl/lv_draw_sdl_mask.c.obj^[[K
build	Build ESP32-C6 firmware	2026-09-24T12:51:38.3494650Z [1076/1416] Building C object esp-idf/lvgl__lvgl/CMakeFiles/__idf_lvgl__lvgl.dir/src/draw/sdl/lv_draw_sdl_rect.c.obj^[[K
build	Build ESP32-C6 firmware	2026-09-24T12:51:38.3718998Z [1077/1416] Building C object esp-idf/lvgl__lvgl/CMakeFiles/__idf_lvgl__lvgl.dir/src/draw/sdl/lv_draw_sdl_polygon.c.obj^[[K
build	Build ESP32-C6 firmware	2026-09-24T12:51:38.3813239Z [1078/1416] Building C object esp-idf/lvgl__lvgl/CMakeFiles/__idf_lvgl__lvgl.dir/src/draw/sdl/lv_draw_sdl_stack_blur.c.obj^[[K
build	Build ESP32-C6 firmware	2026-09-24T12:51:38.3829653Z [1079/1416] Building C object esp-idf/lvgl__lvgl/CMakeFiles/__idf_lvgl__lvgl.dir/src/draw/sdl/lv_draw_sdl_utils.c.obj^[[K
build	Build ESP32-C6 firmware	2026-09-24T12:51:38.5125997Z [1080/1416] Building C object esp-idf/lvgl__lvgl/CMakeFiles/__idf_lvgl__lvgl.dir/src/draw/sdl/lv_draw_sdl_texture_cache.c.obj^[[K
build	Build ESP32-C6 firmware	2026-09-24T12:51:38.5816100Z [1081/1416] Building C object esp-idf/lvgl__lvgl/CMakeFiles/__idf_lvgl__lvgl.dir/src/draw/sw/lv_draw_sw.c.obj^[[K
build	Build ESP32-C6 firmware	2026-09-24T12:51:38.5853400Z [1082/1416] Building C object esp-idf/lvgl__lvgl/CMakeFiles/__idf_lvgl__lvgl.dir/src/draw/stm32_dma2d/lv_gpu_stm32_dma2d.c.obj^[[K
build	Build ESP32-C6 firmware	2026-09-24T12:51:38.6283281Z [1083/1416] Building C object esp-idf/lvgl__lvgl/CMakeFiles/__idf_lvgl__lvgl.dir/src/draw/sw/lv_draw_sw_dither.c.obj^[[K
build	Build ESP32-C6 firmware	2026-09-24T12:51:38.7107038Z [1084/1416] Building C object esp-idf/lvgl__lvgl/CMakeFiles/__idf_lvgl__lvgl.dir/src/draw/sw/lv_draw_sw_gradient.c.obj^[[K
build	Build ESP32-C6 firmware	2026-09-24T12:51:38.7773779Z [1085/1416] Building C object esp-idf/lvgl__lvgl/CMakeFiles/__idf_lvgl__lvgl.dir/src/draw/sw/lv_draw_sw_arc.c.obj^[[K
build	Build ESP32-C6 firmware	2026-09-24T12:51:38.8344479Z [1086/1416] Building C object esp-idf/lvgl__lvgl/CMakeFiles/__idf_lvgl__lvgl.dir/src/draw/sw/lv_draw_sw_blend.c.obj^[[K
build	Build ESP32-C6 firmware	2026-09-24T12:51:38.8744983Z [1087/1416] Building C object esp-idf/lvgl__lvgl/CMakeFiles/__idf_lvgl__lvgl.dir/src/draw/sw/lv_draw_sw_img.c.obj^[[K
build	Build ESP32-C6 firmware	2026-09-24T12:51:38.9353464Z [1088/1416] Building C object esp-idf/lvgl__lvgl/CMakeFiles/__idf_lvgl__lvgl.dir/src/draw/sw/lv_draw_sw_layer.c.obj^[[K
build	Build ESP32-C6 firmware	2026-09-24T12:51:38.9515861Z [1089/1416] Building C object esp-idf/lvgl__lvgl/CMakeFiles/__idf_lvgl__lvgl.dir/src/draw/sw/lv_draw_sw_letter.c.obj^[[K
build	Build ESP32-C6 firmware	2026-09-24T12:51:39.0840154Z [1090/1416] Building C object esp-idf/lvgl__lvgl/CMakeFiles/__idf_lvgl__lvgl.dir/src/draw/sw/lv_draw_sw_polygon.c.obj^[[K
build	Build ESP32-C6 firmware	2026-09-24T12:51:39.1612003Z [1091/1416] Building C object esp-idf/lvgl__lvgl/CMakeFiles/__idf_lvgl__lvgl.dir/src/draw/sw/lv_draw_sw_line.c.obj^[[K
build	Build ESP32-C6 firmware	2026-09-24T12:51:39.2632670Z [1092/1416] Building C object esp-idf/lvgl__lvgl/CMakeFiles/__idf_lvgl__lvgl.dir/src/draw/swm341_dma2d/lv_gpu_swm341_dma2d.c.obj^[[K
build	Build ESP32-C6 firmware	2026-09-24T12:51:39.2752267Z [1093/1416] Building C object esp-idf/lvgl__lvgl/CMakeFiles/__idf_lvgl__lvgl.dir/src/draw/sw/lv_draw_sw_transform.c.obj^[[K
build	Build ESP32-C6 firmware	2026-09-24T12:51:39.3416598Z [1094/1416] Building C object esp-idf/lvgl__lvgl/CMakeFiles/__idf_lvgl__lvgl.dir/src/extra/layouts/flex/lv_flex.c.obj^[[K
build	Build ESP32-C6 firmware	2026-09-24T12:51:39.3742284Z [1095/1416] Building C object esp-idf/lvgl__lvgl/CMakeFiles/__idf_lvgl__lvgl.dir/src/draw/sw/lv_draw_sw_rect.c.obj^[[K
build	Build ESP32-C6 firmware	2026-09-24T12:51:39.3963516Z [1096/1416] Building C object esp-idf/lvgl__lvgl/CMakeFiles/__idf_lvgl__lvgl.dir/src/extra/layouts/grid/lv_grid.c.obj^[[K
build	Build ESP32-C6 firmware	2026-09-24T12:51:39.5032460Z [1097/1416] Building C object esp-idf/lvgl__lvgl/CMakeFiles/__idf_lvgl__lvgl.dir/src/extra/libs/bmp/lv_bmp.c.obj^[[K
build	Build ESP32-C6 firmware	2026-09-24T12:51:39.5044337Z [1098/1416] Building C object esp-idf/lvgl__lvgl/CMakeFiles/__idf_lvgl__lvgl.dir/src/extra/libs/ffmpeg/lv_ffmpeg.c.obj^[[K
build	Build ESP32-C6 firmware	2026-09-24T12:51:39.5649485Z [1099/1416] Building C object esp-idf/lvgl__lvgl/CMakeFiles/__idf_lvgl__lvgl.dir/src/extra/libs/freetype/lv_freetype.c.obj^[[K
build	Build ESP32-C6 firmware	2026-09-24T12:51:39.6138435Z [1100/1416] Building C object esp-idf/lvgl__lvgl/CMakeFiles/__idf_lvgl__lvgl.dir/src/extra/libs/fsdrv/lv_fs_fatfs.c.obj^[[K
build	Build ESP32-C6 firmware	2026-09-24T12:51:39.6367837Z [1101/1416] Building C object esp-idf/lvgl__lvgl/CMakeFiles/__idf_lvgl__lvgl.dir/src/extra/libs/gif/gifdec.c.obj^[[K
build	Build ESP32-C6 firmware	2026-09-24T12:51:39.6814116Z [1102/1416] Building C object esp-idf/lvgl__lvgl/CMakeFiles/__idf_lvgl__lvgl.dir/src/extra/libs/fsdrv/lv_fs_littlefs.c.obj^[[K
build	Build ESP32-C6 firmware	2026-09-24T12:51:39.7449977Z [1103/1416] Building C object esp-idf/lvgl__lvgl/CMakeFiles/__idf_lvgl__lvgl.dir/src/extra/libs/fsdrv/lv_fs_posix.c.obj^[[K
build	Build ESP32-C6 firmware	2026-09-24T12:51:39.7523550Z [1104/1416] Building C object esp-idf/lvgl__lvgl/CMakeFiles/__idf_lvgl__lvgl.dir/src/extra/libs/fsdrv/lv_fs_stdio.c.obj^[[K
build	Build ESP32-C6 firmware	2026-09-24T12:51:39.8619353Z [1105/1416] Building C object esp-idf/lvgl__lvgl/CMakeFiles/__idf_lvgl__lvgl.dir/src/extra/libs/fsdrv/lv_fs_win32.c.obj^[[K
build	Build ESP32-C6 firmware	2026-09-24T12:51:39.9037948Z [1106/1416] Building C object esp-idf/lvgl__lvgl/CMakeFiles/__idf_lvgl__lvgl.dir/src/extra/libs/gif/lv_gif.c.obj^[[K
build	Build ESP32-C6 firmware	2026-09-24T12:51:39.9184178Z [1107/1416] Building C object esp-idf/lvgl__lvgl/CMakeFiles/__idf_lvgl__lvgl.dir/src/extra/libs/png/lv_png.c.obj^[[K
build	Build ESP32-C6 firmware	2026-09-24T12:51:39.9989126Z [1108/1416] Building C object esp-idf/lvgl__lvgl/CMakeFiles/__idf_lvgl__lvgl.dir/src/extra/libs/png/lodepng.c.obj^[[K
build	Build ESP32-C6 firmware	2026-09-24T12:51:40.0081160Z [1109/1416] Building C object esp-idf/lvgl__lvgl/CMakeFiles/__idf_lvgl__lvgl.dir/src/extra/libs/qrcode/lv_qrcode.c.obj^[[K
build	Build ESP32-C6 firmware	2026-09-24T12:51:40.0089375Z [1110/1416] Building C object esp-idf/lvgl__lvgl/CMakeFiles/__idf_lvgl__lvgl.dir/src/extra/libs/sjpg/tjpgd.c.obj^[[K
build	Build ESP32-C6 firmware	2026-09-24T12:51:40.0951322Z [1111/1416] Building C object esp-idf/lvgl__lvgl/CMakeFiles/__idf_lvgl__lvgl.dir/src/extra/libs/rlottie/lv_rlottie.c.obj^[[K
build	Build ESP32-C6 firmware	2026-09-24T12:51:40.1060995Z [1112/1416] Building C object esp-idf/lvgl__lvgl/CMakeFiles/__idf_lvgl__lvgl.dir/src/extra/others/fragment/lv_fragment.c.obj^[[K
build	Build ESP32-C6 firmware	2026-09-24T12:51:40.1302976Z [1113/1416] Building C object esp-idf/lvgl__lvgl/CMakeFiles/__idf_lvgl__lvgl.dir/src/extra/others/fragment/lv_fragment_manager.c.obj^[[K
build	Build ESP32-C6 firmware	2026-09-24T12:51:40.2293163Z [1114/1416] Building C object esp-idf/lvgl__lvgl/CMakeFiles/__idf_lvgl__lvgl.dir/src/extra/libs/sjpg/lv_sjpg.c.obj^[[K
build	Build ESP32-C6 firmware	2026-09-24T12:51:40.2562290Z [1115/1416] Building C object esp-idf/lvgl__lvgl/CMakeFiles/__idf_lvgl__lvgl.dir/src/extra/lv_extra.c.obj^[[K
build	Build ESP32-C6 firmware	2026-09-24T12:51:40.2668285Z [1116/1416] Building C object esp-idf/lvgl__lvgl/CMakeFiles/__idf_lvgl__lvgl.dir/src/extra/libs/tiny_ttf/lv_tiny_ttf.c.obj^[[K
build	Build ESP32-C6 firmware	2026-09-24T12:51:40.2883640Z [1117/1416] Building C object esp-idf/lvgl__lvgl/CMakeFiles/__idf_lvgl__lvgl.dir/src/extra/libs/qrcode/qrcodegen.c.obj^[[K
build	Build ESP32-C6 firmware	2026-09-24T12:51:40.4067573Z [1118/1416] Building C object esp-idf/lvgl__lvgl/CMakeFiles/__idf_lvgl__lvgl.dir/src/extra/others/gridnav/lv_gridnav.c.obj^[[K
build	Build ESP32-C6 firmware	2026-09-24T12:51:40.4326032Z [1119/1416] Building C object esp-idf/lvgl__lvgl/CMakeFiles/__idf_lvgl__lvgl.dir/src/extra/others/msg/lv_msg.c.obj^[[K
build	Build ESP32-C6 firmware	2026-09-24T12:51:40.4350407Z [1120/1416] Building C object esp-idf/lvgl__lvgl/CMakeFiles/__idf_lvgl__lvgl.dir/src/extra/others/ime/lv_ime_pinyin.c.obj^[[K
build	Build ESP32-C6 firmware	2026-09-24T12:51:40.5725609Z [1121/1416] Building C object esp-idf/lvgl__lvgl/CMakeFiles/__idf_lvgl__lvgl.dir/src/extra/others/imgfont/lv_imgfont.c.obj^[[K
build	Build ESP32-C6 firmware	2026-09-24T12:51:40.6038021Z [1122/1416] Building C object esp-idf/lvgl__lvgl/CMakeFiles/__idf_lvgl__lvgl.dir/src/extra/others/monkey/lv_monkey.c.obj^[[K
build	Build ESP32-C6 firmware	2026-09-24T12:51:40.6836106Z [1123/1416] Building C object esp-idf/lvgl__lvgl/CMakeFiles/__idf_lvgl__lvgl.dir/src/extra/others/snapshot/lv_snapshot.c.obj^[[K
build	Build ESP32-C6 firmware	2026-09-24T12:51:40.7488590Z [1124/1416] Building C object esp-idf/lvgl__lvgl/CMakeFiles/__idf_lvgl__lvgl.dir/src/extra/themes/basic/lv_theme_basic.c.obj^[[K
build	Build ESP32-C6 firmware	2026-09-24T12:51:40.7667651Z [1125/1416] Building C object esp-idf/lvgl__lvgl/CMakeFiles/__idf_lvgl__lvgl.dir/src/extra/widgets/animimg/lv_animimg.c.obj^[[K
build	Build ESP32-C6 firmware	2026-09-24T12:51:40.8397386Z [1126/1416] Building C object esp-idf/lvgl__lvgl/CMakeFiles/__idf_lvgl__lvgl.dir/src/extra/themes/mono/lv_theme_mono.c.obj^[[K
build	Build ESP32-C6 firmware	2026-09-24T12:51:40.9656685Z [1127/1416] Building C object esp-idf/lvgl__lvgl/CMakeFiles/__idf_lvgl__lvgl.dir/src/extra/widgets/calendar/lv_calendar_header_arrow.c.obj^[[K
build	Build ESP32-C6 firmware	2026-09-24T12:51:41.0230289Z [1128/1416] Building C object esp-idf/lvgl__lvgl/CMakeFiles/__idf_lvgl__lvgl.dir/src/extra/widgets/calendar/lv_calendar_header_dropdown.c.obj^[[K
build	Build ESP32-C6 firmware	2026-09-24T12:51:41.0328839Z [1129/1416] Building C object esp-idf/lvgl__lvgl/CMakeFiles/__idf_lvgl__lvgl.dir/src/extra/themes/default/lv_theme_default.c.obj^[[K
build	Build ESP32-C6 firmware	2026-09-24T12:51:41.1975233Z [1130/1416] Building C object esp-idf/lvgl__lvgl/CMakeFiles/__idf_lvgl__lvgl.dir/src/extra/widgets/calendar/lv_calendar.c.obj^[[K
build	Build ESP32-C6 firmware	2026-09-24T12:51:41.2505777Z [1131/1416] Building C object esp-idf/lvgl__lvgl/CMakeFiles/__idf_lvgl__lvgl.dir/src/extra/widgets/imgbtn/lv_imgbtn.c.obj^[[K
build	Build ESP32-C6 firmware	2026-09-24T12:51:41.3180801Z [1132/1416] Building C object esp-idf/lvgl__lvgl/CMakeFiles/__idf_lvgl__lvgl.dir/src/extra/widgets/colorwheel/lv_colorwheel.c.obj^[[K
build	Build ESP32-C6 firmware	2026-09-24T12:51:41.3543815Z [1133/1416] Building C object esp-idf/lvgl__lvgl/CMakeFiles/__idf_lvgl__lvgl.dir/src/extra/widgets/led/lv_led.c.obj^[[K
build	Build ESP32-C6 firmware	2026-09-24T12:51:41.3733731Z [1134/1416] Building C object esp-idf/lvgl__lvgl/CMakeFiles/__idf_lvgl__lvgl.dir/src/extra/widgets/list/lv_list.c.obj^[[K
build	Build ESP32-C6 firmware	2026-09-24T12:51:41.6505670Z [1135/1416] Building C object esp-idf/lvgl__lvgl/CMakeFiles/__idf_lvgl__lvgl.dir/src/extra/widgets/keyboard/lv_keyboard.c.obj^[[K
build	Build ESP32-C6 firmware	2026-09-24T12:51:41.6546962Z [1136/1416] Building C object esp-idf/lvgl__lvgl/CMakeFiles/__idf_lvgl__lvgl.dir/src/extra/widgets/chart/lv_chart.c.obj^[[K
build	Build ESP32-C6 firmware	2026-09-24T12:51:41.6586185Z [1137/1416] Building C object esp-idf/lvgl__lvgl/CMakeFiles/__idf_lvgl__lvgl.dir/src/extra/widgets/msgbox/lv_msgbox.c.obj^[[K
build	Build ESP32-C6 firmware	2026-09-24T12:51:41.7745047Z [1138/1416] Building C object esp-idf/lvgl__lvgl/CMakeFiles/__idf_lvgl__lvgl.dir/src/extra/widgets/menu/lv_menu.c.obj^[[K
build	Build ESP32-C6 firmware	2026-09-24T12:51:41.7919441Z [1139/1416] Building C object esp-idf/lvgl__lvgl/CMakeFiles/__idf_lvgl__lvgl.dir/src/extra/widgets/spinbox/lv_spinbox.c.obj^[[K
build	Build ESP32-C6 firmware	2026-09-24T12:51:41.9497929Z [1140/1416] Building C object esp-idf/lvgl__lvgl/CMakeFiles/__idf_lvgl__lvgl.dir/src/extra/widgets/meter/lv_meter.c.obj^[[K
build	Build ESP32-C6 firmware	2026-09-24T12:51:41.9926708Z [1141/1416] Building C object esp-idf/lvgl__lvgl/CMakeFiles/__idf_lvgl__lvgl.dir/src/font/lv_font.c.obj^[[K
build	Build ESP32-C6 firmware	2026-09-24T12:51:41.9997887Z [1142/1416] Building C object esp-idf/lvgl__lvgl/CMakeFiles/__idf_lvgl__lvgl.dir/src/extra/widgets/tileview/lv_tileview.c.obj^[[K
build	Build ESP32-C6 firmware	2026-09-24T12:51:42.0219131Z [1143/1416] Building C object esp-idf/lvgl__lvgl/CMakeFiles/__idf_lvgl__lvgl.dir/src/extra/widgets/span/lv_span.c.obj^[[K
build	Build ESP32-C6 firmware	2026-09-24T12:51:42.0514325Z [1144/1416] Building C object esp-idf/lvgl__lvgl/CMakeFiles/__idf_lvgl__lvgl.dir/src/extra/widgets/tabview/lv_tabview.c.obj^[[K
build	Build ESP32-C6 firmware	2026-09-24T12:51:42.0549418Z [1145/1416] Building C object esp-idf/lvgl__lvgl/CMakeFiles/__idf_lvgl__lvgl.dir/src/extra/widgets/spinner/lv_spinner.c.obj^[[K
build	Build ESP32-C6 firmware	2026-09-24T12:51:42.2239258Z [1146/1416] Building C object esp-idf/lvgl__lvgl/CMakeFiles/__idf_lvgl__lvgl.dir/src/extra/widgets/win/lv_win.c.obj^[[K
build	Build ESP32-C6 firmware	2026-09-24T12:51:42.2506856Z [1147/1416] Building C object esp-idf/lvgl__lvgl/CMakeFiles/__idf_lvgl__lvgl.dir/src/font/lv_font_montserrat_10.c.obj^[[K
build	Build ESP32-C6 firmware	2026-09-24T12:51:42.2849937Z [1148/1416] Building C object esp-idf/lvgl__lvgl/CMakeFiles/__idf_lvgl__lvgl.dir/src/font/lv_font_fmt_txt.c.obj^[[K
build	Build ESP32-C6 firmware	2026-09-24T12:51:42.2982266Z [1149/1416] Building C object esp-idf/lvgl__lvgl/CMakeFiles/__idf_lvgl__lvgl.dir/src/font/lv_font_dejavu_16_persian_hebrew.c.obj^[[K
build	Build ESP32-C6 firmware	2026-09-24T12:51:42.4325996Z [1150/1416] Building C object esp-idf/lvgl__lvgl/CMakeFiles/__idf_lvgl__lvgl.dir/src/font/lv_font_montserrat_12_subpx.c.obj^[[K
build	Build ESP32-C6 firmware	2026-09-24T12:51:42.4373619Z [1151/1416] Building C object esp-idf/lvgl__lvgl/CMakeFiles/__idf_lvgl__lvgl.dir/src/font/lv_font_montserrat_12.c.obj^[[K
build	Build ESP32-C6 firmware	2026-09-24T12:51:42.5142966Z [1152/1416] Building C object esp-idf/lvgl__lvgl/CMakeFiles/__idf_lvgl__lvgl.dir/src/font/lv_font_loader.c.obj^[[K
build	Build ESP32-C6 firmware	2026-09-24T12:51:42.5328621Z [1153/1416] Building C object esp-idf/lvgl__lvgl/CMakeFiles/__idf_lvgl__lvgl.dir/src/font/lv_font_montserrat_14.c.obj^[[K
build	Build ESP32-C6 firmware	2026-09-24T12:51:42.5625686Z [1154/1416] Building C object esp-idf/lvgl__lvgl/CMakeFiles/__idf_lvgl__lvgl.dir/src/font/lv_font_montserrat_16.c.obj^[[K
build	Build ESP32-C6 firmware	2026-09-24T12:51:42.5987480Z [1155/1416] Building C object esp-idf/lvgl__lvgl/CMakeFiles/__idf_lvgl__lvgl.dir/src/font/lv_font_montserrat_18.c.obj^[[K
build	Build ESP32-C6 firmware	2026-09-24T12:51:42.7012327Z [1156/1416] Building C object esp-idf/lvgl__lvgl/CMakeFiles/__idf_lvgl__lvgl.dir/src/font/lv_font_montserrat_20.c.obj^[[K
build	Build ESP32-C6 firmware	2026-09-24T12:51:42.7409236Z [1157/1416] Building C object esp-idf/lvgl__lvgl/CMakeFiles/__idf_lvgl__lvgl.dir/src/font/lv_font_montserrat_24.c.obj^[[K
build	Build ESP32-C6 firmware	2026-09-24T12:51:42.8261992Z [1158/1416] Building C object esp-idf/lvgl__lvgl/CMakeFiles/__idf_lvgl__lvgl.dir/src/font/lv_font_montserrat_22.c.obj^[[K
build	Build ESP32-C6 firmware	2026-09-24T12:51:42.8707476Z [1159/1416] Building C object esp-idf/lvgl__lvgl/CMakeFiles/__idf_lvgl__lvgl.dir/src/font/lv_font_montserrat_26.c.obj^[[K
build	Build ESP32-C6 firmware	2026-09-24T12:51:42.8828225Z [1160/1416] Building C object esp-idf/lvgl__lvgl/CMakeFiles/__idf_lvgl__lvgl.dir/src/font/lv_font_montserrat_28.c.obj^[[K
build	Build ESP32-C6 firmware	2026-09-24T12:51:42.8952842Z [1161/1416] Building C object esp-idf/lvgl__lvgl/CMakeFiles/__idf_lvgl__lvgl.dir/src/font/lv_font_montserrat_30.c.obj^[[K
build	Build ESP32-C6 firmware	2026-09-24T12:51:43.0125589Z [1162/1416] Building C object esp-idf/lvgl__lvgl/CMakeFiles/__idf_lvgl__lvgl.dir/src/font/lv_font_montserrat_28_compressed.c.obj^[[K
build	Build ESP32-C6 firmware	2026-09-24T12:51:43.0315160Z [1163/1416] Building C object esp-idf/lvgl__lvgl/CMakeFiles/__idf_lvgl__lvgl.dir/src/font/lv_font_montserrat_34.c.obj^[[K
build	Build ESP32-C6 firmware	2026-09-24T12:51:43.1353922Z [1164/1416] Building C object esp-idf/lvgl__lvgl/CMakeFiles/__idf_lvgl__lvgl.dir/src/font/lv_font_montserrat_32.c.obj^[[K
build	Build ESP32-C6 firmware	2026-09-24T12:51:43.1612849Z [1165/1416] Building C object esp-idf/lvgl__lvgl/CMakeFiles/__idf_lvgl__lvgl.dir/src/font/lv_font_montserrat_42.c.obj^[[K
build	Build ESP32-C6 firmware	2026-09-24T12:51:43.1986928Z [1166/1416] Building C object esp-idf/lvgl__lvgl/CMakeFiles/__idf_lvgl__lvgl.dir/src/font/lv_font_montserrat_38.c.obj^[[K
build	Build ESP32-C6 firmware	2026-09-24T12:51:43.2468541Z [1167/1416] Building C object esp-idf/lvgl__lvgl/CMakeFiles/__idf_lvgl__lvgl.dir/src/font/lv_font_montserrat_36.c.obj^[[K
build	Build ESP32-C6 firmware	2026-09-24T12:51:43.2539012Z [1168/1416] Building C object esp-idf/lvgl__lvgl/CMakeFiles/__idf_lvgl__lvgl.dir/src/font/lv_font_montserrat_40.c.obj^[[K
build	Build ESP32-C6 firmware	2026-09-24T12:51:43.3608812Z [1169/1416] Building C object esp-idf/lvgl__lvgl/CMakeFiles/__idf_lvgl__lvgl.dir/src/font/lv_font_montserrat_44.c.obj^[[K
build	Build ESP32-C6 firmware	2026-09-24T12:51:43.4793585Z [1170/1416] Building C object esp-idf/lvgl__lvgl/CMakeFiles/__idf_lvgl__lvgl.dir/src/font/lv_font_montserrat_46.c.obj^[[K
build	Build ESP32-C6 firmware	2026-09-24T12:51:43.5035238Z [1171/1416] Building C object esp-idf/lvgl__lvgl/CMakeFiles/__idf_lvgl__lvgl.dir/src/font/lv_font_montserrat_8.c.obj^[[K
build	Build ESP32-C6 firmware	2026-09-24T12:51:43.5088368Z [1172/1416] Building C object esp-idf/lvgl__lvgl/CMakeFiles/__idf_lvgl__lvgl.dir/src/font/lv_font_unscii_16.c.obj^[[K
build	Build ESP32-C6 firmware	2026-09-24T12:51:43.5537656Z [1173/1416] Building C object esp-idf/lvgl__lvgl/CMakeFiles/__idf_lvgl__lvgl.dir/src/font/lv_font_montserrat_48.c.obj^[[K
build	Build ESP32-C6 firmware	2026-09-24T12:51:43.5557425Z [1174/1416] Building C object esp-idf/lvgl__lvgl/CMakeFiles/__idf_lvgl__lvgl.dir/src/font/lv_font_simsun_16_cjk.c.obj^[[K
build	Build ESP32-C6 firmware	2026-09-24T12:51:43.6118682Z [1175/1416] Building C object esp-idf/lvgl__lvgl/CMakeFiles/__idf_lvgl__lvgl.dir/src/font/lv_font_unscii_8.c.obj^[[K
build	Build ESP32-C6 firmware	2026-09-24T12:51:43.6771056Z [1176/1416] Building C object esp-idf/lvgl__lvgl/CMakeFiles/__idf_lvgl__lvgl.dir/src/hal/lv_hal_tick.c.obj^[[K
build	Build ESP32-C6 firmware	2026-09-24T12:51:43.7617711Z [1177/1416] Building C object esp-idf/lvgl__lvgl/CMakeFiles/__idf_lvgl__lvgl.dir/src/hal/lv_hal_indev.c.obj^[[K
build	Build ESP32-C6 firmware	2026-09-24T12:51:43.7818651Z [1178/1416] Building C object esp-idf/lvgl__lvgl/CMakeFiles/__idf_lvgl__lvgl.dir/src/misc/lv_area.c.obj^[[K
build	Build ESP32-C6 firmware	2026-09-24T12:51:43.7991180Z [1179/1416] Building C object esp-idf/lvgl__lvgl/CMakeFiles/__idf_lvgl__lvgl.dir/src/misc/lv_bidi.c.obj^[[K
build	Build ESP32-C6 firmware	2026-09-24T12:51:43.8045255Z [1180/1416] Building C object esp-idf/lvgl__lvgl/CMakeFiles/__idf_lvgl__lvgl.dir/src/misc/lv_anim_timeline.c.obj^[[K
build	Build ESP32-C6 firmware	2026-09-24T12:51:43.8124942Z [1181/1416] Building C object esp-idf/lvgl__lvgl/CMakeFiles/__idf_lvgl__lvgl.dir/src/misc/lv_anim.c.obj^[[K
build	Build ESP32-C6 firmware	2026-09-24T12:51:43.8217916Z [1182/1416] Building C object esp-idf/lvgl__lvgl/CMakeFiles/__idf_lvgl__lvgl.dir/src/misc/lv_async.c.obj^[[K
build	Build ESP32-C6 firmware	2026-09-24T12:51:43.8827967Z [1183/1416] Building C object esp-idf/lvgl__lvgl/CMakeFiles/__idf_lvgl__lvgl.dir/src/hal/lv_hal_disp.c.obj^[[K
build	Build ESP32-C6 firmware	2026-09-24T12:51:43.9632369Z [1184/1416] Building C object esp-idf/lvgl__lvgl/CMakeFiles/__idf_lvgl__lvgl.dir/src/misc/lv_log.c.obj^[[K
build	Build ESP32-C6 firmware	2026-09-24T12:51:43.9851314Z [1185/1416] Building C object esp-idf/lvgl__lvgl/CMakeFiles/__idf_lvgl__lvgl.dir/src/misc/lv_gc.c.obj^[[K
build	Build ESP32-C6 firmware	2026-09-24T12:51:43.9918893Z [1186/1416] Building C object esp-idf/lvgl__lvgl/CMakeFiles/__idf_lvgl__lvgl.dir/src/misc/lv_color.c.obj^[[K
build	Build ESP32-C6 firmware	2026-09-24T12:51:44.0355445Z [1187/1416] Building C object esp-idf/lvgl__lvgl/CMakeFiles/__idf_lvgl__lvgl.dir/src/misc/lv_ll.c.obj^[[K
build	Build ESP32-C6 firmware	2026-09-24T12:51:44.0566022Z [1188/1416] Building C object esp-idf/lvgl__lvgl/CMakeFiles/__idf_lvgl__lvgl.dir/src/misc/lv_math.c.obj^[[K
build	Build ESP32-C6 firmware	2026-09-24T12:51:44.0788872Z [1189/1416] Building C object esp-idf/lvgl__lvgl/CMakeFiles/__idf_lvgl__lvgl.dir/src/misc/lv_lru.c.obj^[[K
build	Build ESP32-C6 firmware	2026-09-24T12:51:44.1137306Z [1190/1416] Building C object esp-idf/lvgl__lvgl/CMakeFiles/__idf_lvgl__lvgl.dir/src/misc/lv_fs.c.obj^[[K
build	Build ESP32-C6 firmware	2026-09-24T12:51:44.1748501Z [1191/1416] Building C object esp-idf/lvgl__lvgl/CMakeFiles/__idf_lvgl__lvgl.dir/src/misc/lv_templ.c.obj^[[K
build	Build ESP32-C6 firmware	2026-09-24T12:51:44.2014350Z [1192/1416] Building C object esp-idf/lvgl__lvgl/CMakeFiles/__idf_lvgl__lvgl.dir/src/misc/lv_tlsf.c.obj^[[K
build	Build ESP32-C6 firmware	2026-09-24T12:51:44.2270288Z [1193/1416] Building C object esp-idf/lvgl__lvgl/CMakeFiles/__idf_lvgl__lvgl.dir/src/misc/lv_mem.c.obj^[[K
build	Build ESP32-C6 firmware	2026-09-24T12:51:44.2796326Z [1194/1416] Building C object esp-idf/lvgl__lvgl/CMakeFiles/__idf_lvgl__lvgl.dir/src/misc/lv_printf.c.obj^[[K
build	Build ESP32-C6 firmware	2026-09-24T12:51:44.3273087Z [1195/1416] Building C object esp-idf/lvgl__lvgl/CMakeFiles/__idf_lvgl__lvgl.dir/src/misc/lv_timer.c.obj^[[K
build	Build ESP32-C6 firmware	2026-09-24T12:51:44.3434390Z [1196/1416] Building C object esp-idf/lvgl__lvgl/CMakeFiles/__idf_lvgl__lvgl.dir/src/misc/lv_style.c.obj^[[K
build	Build ESP32-C6 firmware	2026-09-24T12:51:44.3615944Z [1197/1416] Building C object esp-idf/lvgl__lvgl/CMakeFiles/__idf_lvgl__lvgl.dir/src/misc/lv_utils.c.obj^[[K
build	Build ESP32-C6 firmware	2026-09-24T12:51:44.3936176Z [1198/1416] Building C object esp-idf/lvgl__lvgl/CMakeFiles/__idf_lvgl__lvgl.dir/src/misc/lv_style_gen.c.obj^[[K
build	Build ESP32-C6 firmware	2026-09-24T12:51:44.5076168Z [1199/1416] Building C object esp-idf/lvgl__lvgl/CMakeFiles/__idf_lvgl__lvgl.dir/src/misc/lv_txt_ap.c.obj^[[K
build	Build ESP32-C6 firmware	2026-09-24T12:51:44.6018086Z [1200/1416] Building C object esp-idf/lvgl__lvgl/CMakeFiles/__idf_lvgl__lvgl.dir/src/misc/lv_txt.c.obj^[[K
build	Build ESP32-C6 firmware	2026-09-24T12:51:44.7210284Z [1201/1416] Building C object esp-idf/lvgl__lvgl/CMakeFiles/__idf_lvgl__lvgl.dir/src/widgets/lv_btn.c.obj^[[K
build	Build ESP32-C6 firmware	2026-09-24T12:51:44.7981344Z [1202/1416] Building C object esp-idf/lvgl__lvgl/CMakeFiles/__idf_lvgl__lvgl.dir/src/widgets/lv_bar.c.obj^[[K
build	Build ESP32-C6 firmware	2026-09-24T12:51:44.8419989Z [1203/1416] Building C object esp-idf/lvgl__lvgl/CMakeFiles/__idf_lvgl__lvgl.dir/src/widgets/lv_arc.c.obj^[[K
build	Build ESP32-C6 firmware	2026-09-24T12:51:44.8568250Z [1204/1416] Building C object esp-idf/lvgl__lvgl/CMakeFiles/__idf_lvgl__lvgl.dir/src/widgets/lv_checkbox.c.obj^[[K
build	Build ESP32-C6 firmware	2026-09-24T12:51:44.8769653Z [1205/1416] Building C object esp-idf/lvgl__lvgl/CMakeFiles/__idf_lvgl__lvgl.dir/src/widgets/lv_canvas.c.obj^[[K
build	Build ESP32-C6 firmware	2026-09-24T12:51:44.9533538Z [1206/1416] Building C object esp-idf/lvgl__lvgl/CMakeFiles/__idf_lvgl__lvgl.dir/src/widgets/lv_btnmatrix.c.obj^[[K
build	Build ESP32-C6 firmware	2026-09-24T12:51:45.1134212Z [1207/1416] Building C object esp-idf/lvgl__lvgl/CMakeFiles/__idf_lvgl__lvgl.dir/src/widgets/lv_objx_templ.c.obj^[[K
build	Build ESP32-C6 firmware	2026-09-24T12:51:45.1599826Z [1208/1416] Building C object esp-idf/lvgl__lvgl/CMakeFiles/__idf_lvgl__lvgl.dir/src/widgets/lv_img.c.obj^[[K
build	Build ESP32-C6 firmware	2026-09-24T12:51:45.2029458Z [1209/1416] Building C object esp-idf/lvgl__lvgl/CMakeFiles/__idf_lvgl__lvgl.dir/src/widgets/lv_dropdown.c.obj^[[K
build	Build ESP32-C6 firmware	2026-09-24T12:51:45.3346738Z [1210/1416] Building C object esp-idf/lvgl__lvgl/CMakeFiles/__idf_lvgl__lvgl.dir/src/widgets/lv_line.c.obj^[[K
build	Build ESP32-C6 firmware	2026-09-24T12:51:45.3404865Z [1211/1416] Building C object esp-idf/lvgl__lvgl/CMakeFiles/__idf_lvgl__lvgl.dir/src/widgets/lv_roller.c.obj^[[K
build	Build ESP32-C6 firmware	2026-09-24T12:51:45.3626683Z [1212/1416] Building C object esp-idf/lvgl__lvgl/CMakeFiles/__idf_lvgl__lvgl.dir/src/widgets/lv_label.c.obj^[[K
build	Build ESP32-C6 firmware	2026-09-24T12:51:45.4085004Z [1213/1416] Building C object esp-idf/lvgl__lvgl/CMakeFiles/__idf_lvgl__lvgl.dir/src/widgets/lv_slider.c.obj^[[K
build	Build ESP32-C6 firmware	2026-09-24T12:51:45.6379094Z [1214/1416] Building C object esp-idf/lvgl__lvgl/CMakeFiles/__idf_lvgl__lvgl.dir/src/widgets/lv_switch.c.obj^[[K
build	Build ESP32-C6 firmware	2026-09-24T12:51:45.6882463Z [1215/1416] Building C object esp-idf/lvgl__lvgl/CMakeFiles/__idf_lvgl__lvgl.dir/examples/anim/lv_example_anim_1.c.obj^[[K
build	Build ESP32-C6 firmware	2026-09-24T12:51:45.7215688Z [1216/1416] Building C object esp-idf/lvgl__lvgl/CMakeFiles/__idf_lvgl__lvgl.dir/examples/anim/lv_example_anim_2.c.obj^[[K
build	Build ESP32-C6 firmware	2026-09-24T12:51:45.7478143Z [1217/1416] Building C object esp-idf/lvgl__lvgl/CMakeFiles/__idf_lvgl__lvgl.dir/src/widgets/lv_textarea.c.obj^[[K
build	Build ESP32-C6 firmware	2026-09-24T12:51:45.7607376Z [1218/1416] Building C object esp-idf/lvgl__lvgl/CMakeFiles/__idf_lvgl__lvgl.dir/examples/anim/lv_example_anim_timeline_1.c.obj^[[K
build	Build ESP32-C6 firmware	2026-09-24T12:51:45.8312625Z [1219/1416] Building C object esp-idf/lvgl__lvgl/CMakeFiles/__idf_lvgl__lvgl.dir/src/widgets/lv_table.c.obj^[[K
build	Build ESP32-C6 firmware	2026-09-24T12:51:45.9888323Z [1220/1416] Building C object esp-idf/lvgl__lvgl/CMakeFiles/__idf_lvgl__lvgl.dir/examples/anim/lv_example_anim_3.c.obj^[[K
build	Build ESP32-C6 firmware	2026-09-24T12:51:46.0824401Z [1221/1416] Building C object esp-idf/lvgl__lvgl/CMakeFiles/__idf_lvgl__lvgl.dir/examples/assets/img_caret_down.c.obj^[[K
build	Build ESP32-C6 firmware	2026-09-24T12:51:46.1596053Z [1222/1416] Building C object esp-idf/lvgl__lvgl/CMakeFiles/__idf_lvgl__lvgl.dir/examples/assets/img_cogwheel_alpha16.c.obj^[[K
build	Build ESP32-C6 firmware	2026-09-24T12:51:46.2778806Z [1223/1416] Building C object esp-idf/lvgl__lvgl/CMakeFiles/__idf_lvgl__lvgl.dir/examples/assets/emoji/img_emoji_F617.c.obj^[[K
build	Build ESP32-C6 firmware	2026-09-24T12:51:46.3396018Z [1224/1416] Building C object esp-idf/lvgl__lvgl/CMakeFiles/__idf_lvgl__lvgl.dir/examples/assets/animimg002.c.obj^[[K
build	Build ESP32-C6 firmware	2026-09-24T12:51:46.3603178Z [1225/1416] Building C object esp-idf/lvgl__lvgl/CMakeFiles/__idf_lvgl__lvgl.dir/examples/assets/animimg003.c.obj^[[K
build	Build ESP32-C6 firmware	2026-09-24T12:51:46.4405154Z [1226/1416] Building C object esp-idf/lvgl__lvgl/CMakeFiles/__idf_lvgl__lvgl.dir/examples/assets/animimg001.c.obj^[[K
build	Build ESP32-C6 firmware	2026-09-24T12:51:46.4812646Z [1227/1416] Building C object esp-idf/lvgl__lvgl/CMakeFiles/__idf_lvgl__lvgl.dir/examples/assets/img_cogwheel_indexed16.c.obj^[[K
build	Build ESP32-C6 firmware	2026-09-24T12:51:46.4963772Z [1228/1416] Building C object esp-idf/lvgl__lvgl/CMakeFiles/__idf_lvgl__lvgl.dir/examples/assets/img_cogwheel_argb.c.obj^[[K
build	Build ESP32-C6 firmware	2026-09-24T12:51:46.6209044Z [1229/1416] Building C object esp-idf/lvgl__lvgl/CMakeFiles/__idf_lvgl__lvgl.dir/examples/assets/img_cogwheel_chroma_keyed.c.obj^[[K
build	Build ESP32-C6 firmware	2026-09-24T12:51:46.6723113Z [1230/1416] Building C object esp-idf/lvgl__lvgl/CMakeFiles/__idf_lvgl__lvgl.dir/examples/assets/img_cogwheel_rgb.c.obj^[[K
build	Build ESP32-C6 firmware	2026-09-24T12:51:46.6842592Z [1231/1416] Building C object esp-idf/lvgl__lvgl/CMakeFiles/__idf_lvgl__lvgl.dir/examples/assets/img_skew_strip.c.obj^[[K
build	Build ESP32-C6 firmware	2026-09-24T12:51:46.7239459Z [1232/1416] Building C object esp-idf/lvgl__lvgl/CMakeFiles/__idf_lvgl__lvgl.dir/examples/assets/img_hand.c.obj^[[K
build	Build ESP32-C6 firmware	2026-09-24T12:51:46.7563721Z [1233/1416] Building C object esp-idf/lvgl__lvgl/CMakeFiles/__idf_lvgl__lvgl.dir/examples/assets/imgbtn_left.c.obj^[[K
build	Build ESP32-C6 firmware	2026-09-24T12:51:46.8203013Z [1234/1416] Building C object esp-idf/lvgl__lvgl/CMakeFiles/__idf_lvgl__lvgl.dir/examples/assets/img_star.c.obj^[[K
build	Build ESP32-C6 firmware	2026-09-24T12:51:46.8919696Z [1235/1416] Building C object esp-idf/lvgl__lvgl/CMakeFiles/__idf_lvgl__lvgl.dir/examples/assets/imgbtn_mid.c.obj^[[K
build	Build ESP32-C6 firmware	2026-09-24T12:51:46.9830684Z [1236/1416] Building C object esp-idf/lvgl__lvgl/CMakeFiles/__idf_lvgl__lvgl.dir/examples/assets/imgbtn_right.c.obj^[[K
build	Build ESP32-C6 firmware	2026-09-24T12:51:47.0576991Z [1237/1416] Building C object esp-idf/lvgl__lvgl/CMakeFiles/__idf_lvgl__lvgl.dir/examples/event/lv_example_event_1.c.obj^[[K
build	Build ESP32-C6 firmware	2026-09-24T12:51:47.0699891Z [1238/1416] Building C object esp-idf/lvgl__lvgl/CMakeFiles/__idf_lvgl__lvgl.dir/examples/event/lv_example_event_4.c.obj^[[K
build	Build ESP32-C6 firmware	2026-09-24T12:51:47.0791344Z [1239/1416] Building C object esp-idf/lvgl__lvgl/CMakeFiles/__idf_lvgl__lvgl.dir/examples/event/lv_example_event_3.c.obj^[[K
build	Build ESP32-C6 firmware	2026-09-24T12:51:47.1390559Z [1240/1416] Building C object esp-idf/lvgl__lvgl/CMakeFiles/__idf_lvgl__lvgl.dir/examples/event/lv_example_event_2.c.obj^[[K
build	Build ESP32-C6 firmware	2026-09-24T12:51:47.2299921Z [1241/1416] Building C object esp-idf/lvgl__lvgl/CMakeFiles/__idf_lvgl__lvgl.dir/examples/get_started/lv_example_get_started_1.c.obj^[[K
build	Build ESP32-C6 firmware	2026-09-24T12:51:47.3106713Z [1242/1416] Building C object esp-idf/lvgl__lvgl/CMakeFiles/__idf_lvgl__lvgl.dir/examples/get_started/lv_example_get_started_2.c.obj^[[K
build	Build ESP32-C6 firmware	2026-09-24T12:51:47.3255060Z [1243/1416] Building C object esp-idf/lvgl__lvgl/CMakeFiles/__idf_lvgl__lvgl.dir/examples/get_started/lv_example_get_started_3.c.obj^[[K
build	Build ESP32-C6 firmware	2026-09-24T12:51:47.4128181Z [1244/1416] Building C object esp-idf/lvgl__lvgl/CMakeFiles/__idf_lvgl__lvgl.dir/examples/layouts/flex/lv_example_flex_1.c.obj^[[K
build	Build ESP32-C6 firmware	2026-09-24T12:51:47.4403488Z [1245/1416] Building C object esp-idf/lvgl__lvgl/CMakeFiles/__idf_lvgl__lvgl.dir/examples/layouts/flex/lv_example_flex_3.c.obj^[[K
build	Build ESP32-C6 firmware	2026-09-24T12:51:47.4558729Z [1246/1416] Building C object esp-idf/lvgl__lvgl/CMakeFiles/__idf_lvgl__lvgl.dir/examples/layouts/flex/lv_example_flex_4.c.obj^[[K
build	Build ESP32-C6 firmware	2026-09-24T12:51:47.5505801Z [1247/1416] Building C object esp-idf/lvgl__lvgl/CMakeFiles/__idf_lvgl__lvgl.dir/examples/layouts/flex/lv_example_flex_2.c.obj^[[K
build	Build ESP32-C6 firmware	2026-09-24T12:51:47.6274232Z [1248/1416] Building C object esp-idf/lvgl__lvgl/CMakeFiles/__idf_lvgl__lvgl.dir/examples/layouts/flex/lv_example_flex_5.c.obj^[[K
build	Build ESP32-C6 firmware	2026-09-24T12:51:47.6579484Z [1249/1416] Building C object esp-idf/lvgl__lvgl/CMakeFiles/__idf_lvgl__lvgl.dir/examples/layouts/flex/lv_example_flex_6.c.obj^[[K
build	Build ESP32-C6 firmware	2026-09-24T12:51:47.7669166Z [1250/1416] Building C object esp-idf/lvgl__lvgl/CMakeFiles/__idf_lvgl__lvgl.dir/examples/layouts/grid/lv_example_grid_1.c.obj^[[K
build	Build ESP32-C6 firmware	2026-09-24T12:51:47.7742898Z [1251/1416] Building C object esp-idf/lvgl__lvgl/CMakeFiles/__idf_lvgl__lvgl.dir/examples/layouts/grid/lv_example_grid_4.c.obj^[[K
build	Build ESP32-C6 firmware	2026-09-24T12:51:47.7843709Z [1252/1416] Building C object esp-idf/lvgl__lvgl/CMakeFiles/__idf_lvgl__lvgl.dir/examples/layouts/grid/lv_example_grid_2.c.obj^[[K
build	Build ESP32-C6 firmware	2026-09-24T12:51:47.8940267Z [1253/1416] Building C object esp-idf/lvgl__lvgl/CMakeFiles/__idf_lvgl__lvgl.dir/examples/layouts/grid/lv_example_grid_3.c.obj^[[K
build	Build ESP32-C6 firmware	2026-09-24T12:51:47.9379257Z [1254/1416] Building C object esp-idf/lvgl__lvgl/CMakeFiles/__idf_lvgl__lvgl.dir/examples/libs/bmp/lv_example_bmp_1.c.obj^[[K
build	Build ESP32-C6 firmware	2026-09-24T12:51:47.9511530Z [1255/1416] Building C object esp-idf/lvgl__lvgl/CMakeFiles/__idf_lvgl__lvgl.dir/examples/layouts/grid/lv_example_grid_6.c.obj^[[K
build	Build ESP32-C6 firmware	2026-09-24T12:51:48.0462785Z [1256/1416] Building C object esp-idf/lvgl__lvgl/CMakeFiles/__idf_lvgl__lvgl.dir/examples/layouts/grid/lv_example_grid_5.c.obj^[[K
build	Build ESP32-C6 firmware	2026-09-24T12:51:48.0891543Z [1257/1416] Building C object esp-idf/lvgl__lvgl/CMakeFiles/__idf_lvgl__lvgl.dir/examples/libs/ffmpeg/lv_example_ffmpeg_1.c.obj^[[K
build	Build ESP32-C6 firmware	2026-09-24T12:51:48.1900237Z [1258/1416] Building C object esp-idf/lvgl__lvgl/CMakeFiles/__idf_lvgl__lvgl.dir/examples/libs/freetype/lv_example_freetype_1.c.obj^[[K
build	Build ESP32-C6 firmware	2026-09-24T12:51:48.1925802Z [1259/1416] Building C object esp-idf/lvgl__lvgl/CMakeFiles/__idf_lvgl__lvgl.dir/examples/libs/ffmpeg/lv_example_ffmpeg_2.c.obj^[[K
build	Build ESP32-C6 firmware	2026-09-24T12:51:48.1973364Z [1260/1416] Building C object esp-idf/lvgl__lvgl/CMakeFiles/__idf_lvgl__lvgl.dir/examples/libs/gif/img_bulb_gif.c.obj^[[K
build	Build ESP32-C6 firmware	2026-09-24T12:51:48.2692709Z [1261/1416] Building C object esp-idf/lvgl__lvgl/CMakeFiles/__idf_lvgl__lvgl.dir/examples/libs/png/img_wink_png.c.obj^[[K
build	Build ESP32-C6 firmware	2026-09-24T12:51:48.3959159Z [1262/1416] Building C object esp-idf/lvgl__lvgl/CMakeFiles/__idf_lvgl__lvgl.dir/examples/libs/gif/lv_example_gif_1.c.obj^[[K
build	Build ESP32-C6 firmware	2026-09-24T12:51:48.4267429Z [1263/1416] Building C object esp-idf/lvgl__lvgl/CMakeFiles/__idf_lvgl__lvgl.dir/examples/libs/qrcode/lv_example_qrcode_1.c.obj^[[K
build	Build ESP32-C6 firmware	2026-09-24T12:51:48.4292447Z [1264/1416] Building C object esp-idf/lvgl__lvgl/CMakeFiles/__idf_lvgl__lvgl.dir/examples/libs/png/lv_example_png_1.c.obj^[[K
build	Build ESP32-C6 firmware	2026-09-24T12:51:48.4838216Z [1265/1416] Building C object esp-idf/lvgl__lvgl/CMakeFiles/__idf_lvgl__lvgl.dir/examples/libs/rlottie/lv_example_rlottie_1.c.obj^[[K
build	Build ESP32-C6 firmware	2026-09-24T12:51:48.5222880Z [1266/1416] Building C object esp-idf/lvgl__lvgl/CMakeFiles/__idf_lvgl__lvgl.dir/examples/libs/rlottie/lv_example_rlottie_approve.c.obj^[[K
build	Build ESP32-C6 firmware	2026-09-24T12:51:48.6335855Z [1267/1416] Building C object esp-idf/lvgl__lvgl/CMakeFiles/__idf_lvgl__lvgl.dir/examples/libs/sjpg/lv_example_sjpg_1.c.obj^[[K
build	Build ESP32-C6 firmware	2026-09-24T12:51:48.6389876Z [1268/1416] Building C object esp-idf/lvgl__lvgl/CMakeFiles/__idf_lvgl__lvgl.dir/examples/libs/rlottie/lv_example_rlottie_2.c.obj^[[K
build	Build ESP32-C6 firmware	2026-09-24T12:51:48.6907736Z [1269/1416] Building C object esp-idf/lvgl__lvgl/CMakeFiles/__idf_lvgl__lvgl.dir/examples/others/fragment/lv_example_fragment_2.c.obj^[[K
build	Build ESP32-C6 firmware	2026-09-24T12:51:48.6980549Z [1270/1416] Building C object esp-idf/lvgl__lvgl/CMakeFiles/__idf_lvgl__lvgl.dir/examples/others/fragment/lv_example_fragment_1.c.obj^[[K
build	Build ESP32-C6 firmware	2026-09-24T12:51:48.7795414Z [1271/1416] Building C object esp-idf/lvgl__lvgl/CMakeFiles/__idf_lvgl__lvgl.dir/examples/others/gridnav/lv_example_gridnav_1.c.obj^[[K
build	Build ESP32-C6 firmware	2026-09-24T12:51:48.7878284Z [1272/1416] Building C object esp-idf/lvgl__lvgl/CMakeFiles/__idf_lvgl__lvgl.dir/examples/others/gridnav/lv_example_gridnav_2.c.obj^[[K
build	Build ESP32-C6 firmware	2026-09-24T12:51:48.9196225Z [1273/1416] Building C object esp-idf/lvgl__lvgl/CMakeFiles/__idf_lvgl__lvgl.dir/examples/others/gridnav/lv_example_gridnav_3.c.obj^[[K
build	Build ESP32-C6 firmware	2026-09-24T12:51:48.9909011Z [1274/1416] Building C object esp-idf/lvgl__lvgl/CMakeFiles/__idf_lvgl__lvgl.dir/examples/others/ime/lv_example_ime_pinyin_1.c.obj^[[K
build	Build ESP32-C6 firmware	2026-09-24T12:51:48.9924606Z [1275/1416] Building C object esp-idf/lvgl__lvgl/CMakeFiles/__idf_lvgl__lvgl.dir/examples/others/imgfont/lv_example_imgfont_1.c.obj^[[K
build	Build ESP32-C6 firmware	2026-09-24T12:51:49.0066216Z [1276/1416] Building C object esp-idf/lvgl__lvgl/CMakeFiles/__idf_lvgl__lvgl.dir/examples/others/ime/lv_example_ime_pinyin_2.c.obj^[[K
build	Build ESP32-C6 firmware	2026-09-24T12:51:49.0089193Z [1277/1416] Building C object esp-idf/lvgl__lvgl/CMakeFiles/__idf_lvgl__lvgl.dir/examples/others/monkey/lv_example_monkey_1.c.obj^[[K
build	Build ESP32-C6 firmware	2026-09-24T12:51:49.1518238Z [1278/1416] Building C object esp-idf/lvgl__lvgl/CMakeFiles/__idf_lvgl__lvgl.dir/examples/others/gridnav/lv_example_gridnav_4.c.obj^[[K
build	Build ESP32-C6 firmware	2026-09-24T12:51:49.1745238Z [1279/1416] Building C object esp-idf/lvgl__lvgl/CMakeFiles/__idf_lvgl__lvgl.dir/examples/others/monkey/lv_example_monkey_3.c.obj^[[K
build	Build ESP32-C6 firmware	2026-09-24T12:51:49.2177423Z [1280/1416] Building C object esp-idf/lvgl__lvgl/CMakeFiles/__idf_lvgl__lvgl.dir/examples/others/monkey/lv_example_monkey_2.c.obj^[[K
build	Build ESP32-C6 firmware	2026-09-24T12:51:49.2208567Z [1281/1416] Building C object esp-idf/lvgl__lvgl/CMakeFiles/__idf_lvgl__lvgl.dir/examples/others/msg/lv_example_msg_2.c.obj^[[K
build	Build ESP32-C6 firmware	2026-09-24T12:51:49.2293099Z [1282/1416] Building C object esp-idf/lvgl__lvgl/CMakeFiles/__idf_lvgl__lvgl.dir/examples/porting/lv_port_disp_template.c.obj^[[K
build	Build ESP32-C6 firmware	2026-09-24T12:51:49.2811365Z [1283/1416] Building C object esp-idf/lvgl__lvgl/CMakeFiles/__idf_lvgl__lvgl.dir/examples/porting/lv_port_fs_template.c.obj^[[K
build	Build ESP32-C6 firmware	2026-09-24T12:51:49.2858360Z [1284/1416] Building C object esp-idf/lvgl__lvgl/CMakeFiles/__idf_lvgl__lvgl.dir/examples/others/msg/lv_example_msg_1.c.obj^[[K
build	Build ESP32-C6 firmware	2026-09-24T12:51:49.3326726Z [1285/1416] Building C object esp-idf/lvgl__lvgl/CMakeFiles/__idf_lvgl__lvgl.dir/examples/porting/lv_port_indev_template.c.obj^[[K
build	Build ESP32-C6 firmware	2026-09-24T12:51:49.3638672Z [1286/1416] Building C object esp-idf/lvgl__lvgl/CMakeFiles/__idf_lvgl__lvgl.dir/examples/others/snapshot/lv_example_snapshot_1.c.obj^[[K
build	Build ESP32-C6 firmware	2026-09-24T12:51:49.5575009Z [1287/1416] Building C object esp-idf/lvgl__lvgl/CMakeFiles/__idf_lvgl__lvgl.dir/examples/others/msg/lv_example_msg_3.c.obj^[[K
build	Build ESP32-C6 firmware	2026-09-24T12:51:49.5850402Z [1288/1416] Building C object esp-idf/lvgl__lvgl/CMakeFiles/__idf_lvgl__lvgl.dir/examples/scroll/lv_example_scroll_1.c.obj^[[K
build	Build ESP32-C6 firmware	2026-09-24T12:51:49.6029753Z [1289/1416] Building C object esp-idf/lvgl__lvgl/CMakeFiles/__idf_lvgl__lvgl.dir/examples/scroll/lv_example_scroll_2.c.obj^[[K
build	Build ESP32-C6 firmware	2026-09-24T12:51:49.6087032Z [1290/1416] Building C object esp-idf/lvgl__lvgl/CMakeFiles/__idf_lvgl__lvgl.dir/examples/scroll/lv_example_scroll_3.c.obj^[[K
build	Build ESP32-C6 firmware	2026-09-24T12:51:49.6206492Z [1291/1416] Building C object esp-idf/lvgl__lvgl/CMakeFiles/__idf_lvgl__lvgl.dir/examples/scroll/lv_example_scroll_4.c.obj^[[K
build	Build ESP32-C6 firmware	2026-09-24T12:51:49.6925577Z [1292/1416] Building C object esp-idf/lvgl__lvgl/CMakeFiles/__idf_lvgl__lvgl.dir/examples/scroll/lv_example_scroll_5.c.obj^[[K
build	Build ESP32-C6 firmware	2026-09-24T12:51:49.8574607Z [1293/1416] Building C object esp-idf/lvgl__lvgl/CMakeFiles/__idf_lvgl__lvgl.dir/examples/scroll/lv_example_scroll_6.c.obj^[[K
build	Build ESP32-C6 firmware	2026-09-24T12:51:49.8774473Z [1294/1416] Building C object esp-idf/lvgl__lvgl/CMakeFiles/__idf_lvgl__lvgl.dir/examples/styles/lv_example_style_1.c.obj^[[K
build	Build ESP32-C6 firmware	2026-09-24T12:51:49.9496196Z [1295/1416] Building C object esp-idf/lvgl__lvgl/CMakeFiles/__idf_lvgl__lvgl.dir/examples/styles/lv_example_style_13.c.obj^[[K
build	Build ESP32-C6 firmware	2026-09-24T12:51:49.9500278Z [1296/1416] Building C object esp-idf/lvgl__lvgl/CMakeFiles/__idf_lvgl__lvgl.dir/examples/styles/lv_example_style_10.c.obj^[[K
build	Build ESP32-C6 firmware	2026-09-24T12:51:49.9888883Z [1297/1416] Building C object esp-idf/lvgl__lvgl/CMakeFiles/__idf_lvgl__lvgl.dir/examples/styles/lv_example_style_12.c.obj^[[K
build	Build ESP32-C6 firmware	2026-09-24T12:51:49.9903015Z [1298/1416] Building C object esp-idf/lvgl__lvgl/CMakeFiles/__idf_lvgl__lvgl.dir/examples/styles/lv_example_style_11.c.obj^[[K
build	Build ESP32-C6 firmware	2026-09-24T12:51:50.1754825Z [1299/1416] Building C object esp-idf/lvgl__lvgl/CMakeFiles/__idf_lvgl__lvgl.dir/examples/styles/lv_example_style_14.c.obj^[[K
build	Build ESP32-C6 firmware	2026-09-24T12:51:50.1778175Z [1300/1416] Building C object esp-idf/lvgl__lvgl/CMakeFiles/__idf_lvgl__lvgl.dir/examples/styles/lv_example_style_15.c.obj^[[K
build	Build ESP32-C6 firmware	2026-09-24T12:51:50.2515486Z [1301/1416] Building C object esp-idf/lvgl__lvgl/CMakeFiles/__idf_lvgl__lvgl.dir/examples/styles/lv_example_style_2.c.obj^[[K
build	Build ESP32-C6 firmware	2026-09-24T12:51:50.2919224Z [1302/1416] Building C object esp-idf/lvgl__lvgl/CMakeFiles/__idf_lvgl__lvgl.dir/examples/styles/lv_example_style_4.c.obj^[[K
build	Build ESP32-C6 firmware	2026-09-24T12:51:50.3333538Z [1303/1416] Building C object esp-idf/lvgl__lvgl/CMakeFiles/__idf_lvgl__lvgl.dir/examples/styles/lv_example_style_3.c.obj^[[K
build	Build ESP32-C6 firmware	2026-09-24T12:51:50.3526708Z [1304/1416] Building C object esp-idf/lvgl__lvgl/CMakeFiles/__idf_lvgl__lvgl.dir/examples/styles/lv_example_style_5.c.obj^[[K
build	Build ESP32-C6 firmware	2026-09-24T12:51:50.4619957Z [1305/1416] Building C object esp-idf/lvgl__lvgl/CMakeFiles/__idf_lvgl__lvgl.dir/examples/styles/lv_example_style_6.c.obj^[[K
build	Build ESP32-C6 firmware	2026-09-24T12:51:50.4790349Z [1306/1416] Building C object esp-idf/lvgl__lvgl/CMakeFiles/__idf_lvgl__lvgl.dir/examples/styles/lv_example_style_7.c.obj^[[K
build	Build ESP32-C6 firmware	2026-09-24T12:51:50.5884301Z [1307/1416] Building C object esp-idf/lvgl__lvgl/CMakeFiles/__idf_lvgl__lvgl.dir/examples/styles/lv_example_style_8.c.obj^[[K
build	Build ESP32-C6 firmware	2026-09-24T12:51:50.6241417Z [1308/1416] Building C object esp-idf/lvgl__lvgl/CMakeFiles/__idf_lvgl__lvgl.dir/examples/widgets/animimg/lv_example_animimg_1.c.obj^[[K
build	Build ESP32-C6 firmware	2026-09-24T12:51:50.6756511Z [1309/1416] Building C object esp-idf/lvgl__lvgl/CMakeFiles/__idf_lvgl__lvgl.dir/examples/styles/lv_example_style_9.c.obj^[[K
build	Build ESP32-C6 firmware	2026-09-24T12:51:50.7255680Z [1310/1416] Building C object esp-idf/lvgl__lvgl/CMakeFiles/__idf_lvgl__lvgl.dir/examples/widgets/arc/lv_example_arc_1.c.obj^[[K
build	Build ESP32-C6 firmware	2026-09-24T12:51:50.7698939Z [1311/1416] Building C object esp-idf/lvgl__lvgl/CMakeFiles/__idf_lvgl__lvgl.dir/examples/widgets/arc/lv_example_arc_2.c.obj^[[K
build	Build ESP32-C6 firmware	2026-09-24T12:51:50.7853950Z [1312/1416] Building C object esp-idf/lvgl__lvgl/CMakeFiles/__idf_lvgl__lvgl.dir/examples/widgets/bar/lv_example_bar_1.c.obj^[[K
build	Build ESP32-C6 firmware	2026-09-24T12:51:50.9039578Z [1313/1416] Building C object esp-idf/lvgl__lvgl/CMakeFiles/__idf_lvgl__lvgl.dir/examples/widgets/bar/lv_example_bar_2.c.obj^[[K
build	Build ESP32-C6 firmware	2026-09-24T12:51:50.9079831Z [1314/1416] Building C object esp-idf/lvgl__lvgl/CMakeFiles/__idf_lvgl__lvgl.dir/examples/widgets/bar/lv_example_bar_3.c.obj^[[K
build	Build ESP32-C6 firmware	2026-09-24T12:51:51.0022701Z [1315/1416] Building C object esp-idf/lvgl__lvgl/CMakeFiles/__idf_lvgl__lvgl.dir/examples/widgets/bar/lv_example_bar_4.c.obj^[[K
build	Build ESP32-C6 firmware	2026-09-24T12:51:51.0659498Z [1316/1416] Building C object esp-idf/lvgl__lvgl/CMakeFiles/__idf_lvgl__lvgl.dir/examples/widgets/bar/lv_example_bar_5.c.obj^[[K
build	Build ESP32-C6 firmware	2026-09-24T12:51:51.0723529Z [1317/1416] Building C object esp-idf/lvgl__lvgl/CMakeFiles/__idf_lvgl__lvgl.dir/examples/widgets/bar/lv_example_bar_6.c.obj^[[K
build	Build ESP32-C6 firmware	2026-09-24T12:51:51.1668677Z [1318/1416] Building C object esp-idf/lvgl__lvgl/CMakeFiles/__idf_lvgl__lvgl.dir/examples/widgets/btn/lv_example_btn_1.c.obj^[[K
build	Build ESP32-C6 firmware	2026-09-24T12:51:51.2541204Z [1319/1416] Building C object esp-idf/lvgl__lvgl/CMakeFiles/__idf_lvgl__lvgl.dir/examples/widgets/btn/lv_example_btn_2.c.obj^[[K
build	Build ESP32-C6 firmware	2026-09-24T12:51:51.2617167Z [1320/1416] Building C object esp-idf/lvgl__lvgl/CMakeFiles/__idf_lvgl__lvgl.dir/examples/widgets/btnmatrix/lv_example_btnmatrix_1.c.obj^[[K
build	Build ESP32-C6 firmware	2026-09-24T12:51:51.3383322Z [1321/1416] Building C object esp-idf/lvgl__lvgl/CMakeFiles/__idf_lvgl__lvgl.dir/examples/widgets/btn/lv_example_btn_3.c.obj^[[K
build	Build ESP32-C6 firmware	2026-09-24T12:51:51.3723843Z [1322/1416] Building C object esp-idf/lvgl__lvgl/CMakeFiles/__idf_lvgl__lvgl.dir/examples/widgets/btnmatrix/lv_example_btnmatrix_2.c.obj^[[K
build	Build ESP32-C6 firmware	2026-09-24T12:51:51.4178500Z [1323/1416] Building C object esp-idf/lvgl__lvgl/CMakeFiles/__idf_lvgl__lvgl.dir/examples/widgets/btnmatrix/lv_example_btnmatrix_3.c.obj^[[K
build	Build ESP32-C6 firmware	2026-09-24T12:51:51.4889812Z [1324/1416] Building C object esp-idf/lvgl__lvgl/CMakeFiles/__idf_lvgl__lvgl.dir/examples/widgets/calendar/lv_example_calendar_1.c.obj^[[K
build	Build ESP32-C6 firmware	2026-09-24T12:51:51.5599380Z [1325/1416] Building C object esp-idf/lvgl__lvgl/CMakeFiles/__idf_lvgl__lvgl.dir/examples/widgets/canvas/lv_example_canvas_1.c.obj^[[K
build	Build ESP32-C6 firmware	2026-09-24T12:51:51.5968515Z [1326/1416] Building C object esp-idf/lvgl__lvgl/CMakeFiles/__idf_lvgl__lvgl.dir/examples/widgets/canvas/lv_example_canvas_2.c.obj^[[K
build	Build ESP32-C6 firmware	2026-09-24T12:51:51.6840764Z [1327/1416] Building C object esp-idf/lvgl__lvgl/CMakeFiles/__idf_lvgl__lvgl.dir/examples/widgets/chart/lv_example_chart_1.c.obj^[[K
build	Build ESP32-C6 firmware	2026-09-24T12:51:51.7232158Z [1328/1416] Building C object esp-idf/lvgl__lvgl/CMakeFiles/__idf_lvgl__lvgl.dir/examples/widgets/chart/lv_example_chart_3.c.obj^[[K
build	Build ESP32-C6 firmware	2026-09-24T12:51:51.7690299Z [1329/1416] Building C object esp-idf/lvgl__lvgl/CMakeFiles/__idf_lvgl__lvgl.dir/examples/widgets/chart/lv_example_chart_2.c.obj^[[K
build	Build ESP32-C6 firmware	2026-09-24T12:51:51.8307301Z [1330/1416] Building C object esp-idf/lvgl__lvgl/CMakeFiles/__idf_lvgl__lvgl.dir/examples/widgets/chart/lv_example_chart_4.c.obj^[[K
build	Build ESP32-C6 firmware	2026-09-24T12:51:51.9013343Z [1331/1416] Building C object esp-idf/lvgl__lvgl/CMakeFiles/__idf_lvgl__lvgl.dir/examples/widgets/chart/lv_example_chart_5.c.obj^[[K
build	Build ESP32-C6 firmware	2026-09-24T12:51:51.9907233Z [1332/1416] Building C object esp-idf/lvgl__lvgl/CMakeFiles/__idf_lvgl__lvgl.dir/examples/widgets/chart/lv_example_chart_7.c.obj^[[K
build	Build ESP32-C6 firmware	2026-09-24T12:51:52.0775278Z [1333/1416] Building C object esp-idf/lvgl__lvgl/CMakeFiles/__idf_lvgl__lvgl.dir/examples/widgets/chart/lv_example_chart_6.c.obj^[[K
build	Build ESP32-C6 firmware	2026-09-24T12:51:52.0917999Z [1334/1416] Building C object esp-idf/lvgl__lvgl/CMakeFiles/__idf_lvgl__lvgl.dir/examples/widgets/checkbox/lv_example_checkbox_1.c.obj^[[K
build	Build ESP32-C6 firmware	2026-09-24T12:51:52.1188665Z [1335/1416] Building C object esp-idf/lvgl__lvgl/CMakeFiles/__idf_lvgl__lvgl.dir/examples/widgets/checkbox/lv_example_checkbox_2.c.obj^[[K
build	Build ESP32-C6 firmware	2026-09-24T12:51:52.1221678Z [1336/1416] Building C object esp-idf/lvgl__lvgl/CMakeFiles/__idf_lvgl__lvgl.dir/examples/widgets/chart/lv_example_chart_8.c.obj^[[K
build	Build ESP32-C6 firmware	2026-09-24T12:51:52.1870988Z [1337/1416] Building C object esp-idf/lvgl__lvgl/CMakeFiles/__idf_lvgl__lvgl.dir/examples/widgets/chart/lv_example_chart_9.c.obj^[[K
build	Build ESP32-C6 firmware	2026-09-24T12:51:52.3393106Z [1338/1416] Building C object esp-idf/lvgl__lvgl/CMakeFiles/__idf_lvgl__lvgl.dir/examples/widgets/colorwheel/lv_example_colorwheel_1.c.obj^[[K
build	Build ESP32-C6 firmware	2026-09-24T12:51:52.4004695Z [1339/1416] Building C object esp-idf/lvgl__lvgl/CMakeFiles/__idf_lvgl__lvgl.dir/examples/widgets/dropdown/lv_example_dropdown_1.c.obj^[[K
build	Build ESP32-C6 firmware	2026-09-24T12:51:52.4179560Z [1340/1416] Building C object esp-idf/lvgl__lvgl/CMakeFiles/__idf_lvgl__lvgl.dir/examples/widgets/dropdown/lv_example_dropdown_2.c.obj^[[K
build	Build ESP32-C6 firmware	2026-09-24T12:51:52.4613664Z [1341/1416] Building C object esp-idf/lvgl__lvgl/CMakeFiles/__idf_lvgl__lvgl.dir/examples/widgets/img/lv_example_img_2.c.obj^[[K
build	Build ESP32-C6 firmware	2026-09-24T12:51:52.4645761Z [1342/1416] Building C object esp-idf/lvgl__lvgl/CMakeFiles/__idf_lvgl__lvgl.dir/examples/widgets/dropdown/lv_example_dropdown_3.c.obj^[[K
build	Build ESP32-C6 firmware	2026-09-24T12:51:52.4794456Z [1343/1416] Building C object esp-idf/lvgl__lvgl/CMakeFiles/__idf_lvgl__lvgl.dir/examples/widgets/img/lv_example_img_1.c.obj^[[K
build	Build ESP32-C6 firmware	2026-09-24T12:51:52.7005110Z [1344/1416] Building C object esp-idf/lvgl__lvgl/CMakeFiles/__idf_lvgl__lvgl.dir/examples/widgets/img/lv_example_img_3.c.obj^[[K
build	Build ESP32-C6 firmware	2026-09-24T12:51:52.7196857Z [1345/1416] Building C object esp-idf/lvgl__lvgl/CMakeFiles/__idf_lvgl__lvgl.dir/examples/widgets/img/lv_example_img_4.c.obj^[[K
build	Build ESP32-C6 firmware	2026-09-24T12:51:52.7355951Z [1346/1416] Building C object esp-idf/lvgl__lvgl/CMakeFiles/__idf_lvgl__lvgl.dir/examples/widgets/imgbtn/lv_example_imgbtn_1.c.obj^[[K
build	Build ESP32-C6 firmware	2026-09-24T12:51:52.7460130Z [1347/1416] Building C object esp-idf/lvgl__lvgl/CMakeFiles/__idf_lvgl__lvgl.dir/examples/widgets/label/lv_example_label_2.c.obj^[[K
build	Build ESP32-C6 firmware	2026-09-24T12:51:52.7799729Z [1348/1416] Building C object esp-idf/lvgl__lvgl/CMakeFiles/__idf_lvgl__lvgl.dir/examples/widgets/keyboard/lv_example_keyboard_1.c.obj^[[K
build	Build ESP32-C6 firmware	2026-09-24T12:51:52.8263483Z [1349/1416] Building C object esp-idf/lvgl__lvgl/CMakeFiles/__idf_lvgl__lvgl.dir/examples/widgets/label/lv_example_label_3.c.obj^[[K
build	Build ESP32-C6 firmware	2026-09-24T12:51:53.0334292Z [1350/1416] Building C object esp-idf/lvgl__lvgl/CMakeFiles/__idf_lvgl__lvgl.dir/examples/widgets/label/lv_example_label_1.c.obj^[[K
build	Build ESP32-C6 firmware	2026-09-24T12:51:53.0354217Z [1351/1416] Building C object esp-idf/lvgl__lvgl/CMakeFiles/__idf_lvgl__lvgl.dir/examples/widgets/list/lv_example_list_1.c.obj^[[K
build	Build ESP32-C6 firmware	2026-09-24T12:51:53.0689635Z [1352/1416] Building C object esp-idf/lvgl__lvgl/CMakeFiles/__idf_lvgl__lvgl.dir/examples/widgets/label/lv_example_label_4.c.obj^[[K
build	Build ESP32-C6 firmware	2026-09-24T12:51:53.1094390Z [1353/1416] Building C object esp-idf/lvgl__lvgl/CMakeFiles/__idf_lvgl__lvgl.dir/examples/widgets/line/lv_example_line_1.c.obj^[[K
build	Build ESP32-C6 firmware	2026-09-24T12:51:53.1421511Z [1354/1416] Building C object esp-idf/lvgl__lvgl/CMakeFiles/__idf_lvgl__lvgl.dir/examples/widgets/led/lv_example_led_1.c.obj^[[K
build	Build ESP32-C6 firmware	2026-09-24T12:51:53.1790421Z [1355/1416] Building C object esp-idf/lvgl__lvgl/CMakeFiles/__idf_lvgl__lvgl.dir/examples/widgets/label/lv_example_label_5.c.obj^[[K
build	Build ESP32-C6 firmware	2026-09-24T12:51:53.3375030Z [1356/1416] Building C object esp-idf/lvgl__lvgl/CMakeFiles/__idf_lvgl__lvgl.dir/examples/widgets/list/lv_example_list_2.c.obj^[[K
build	Build ESP32-C6 firmware	2026-09-24T12:51:53.3710347Z [1357/1416] Building C object esp-idf/lvgl__lvgl/CMakeFiles/__idf_lvgl__lvgl.dir/examples/widgets/menu/lv_example_menu_2.c.obj^[[K
build	Build ESP32-C6 firmware	2026-09-24T12:51:53.4010000Z [1358/1416] Building C object esp-idf/lvgl__lvgl/CMakeFiles/__idf_lvgl__lvgl.dir/examples/widgets/menu/lv_example_menu_3.c.obj^[[K
build	Build ESP32-C6 firmware	2026-09-24T12:51:53.4674676Z [1359/1416] Building C object esp-idf/lvgl__lvgl/CMakeFiles/__idf_lvgl__lvgl.dir/examples/widgets/menu/lv_example_menu_1.c.obj^[[K
build	Build ESP32-C6 firmware	2026-09-24T12:51:53.4718174Z [1360/1416] Building C object esp-idf/lvgl__lvgl/CMakeFiles/__idf_lvgl__lvgl.dir/examples/widgets/meter/lv_example_meter_1.c.obj^[[K
build	Build ESP32-C6 firmware	2026-09-24T12:51:53.4764619Z [1361/1416] Building C object esp-idf/lvgl__lvgl/CMakeFiles/__idf_lvgl__lvgl.dir/examples/widgets/menu/lv_example_menu_5.c.obj^[[K
build	Build ESP32-C6 firmware	2026-09-24T12:51:53.6677155Z [1362/1416] Building C object esp-idf/lvgl__lvgl/CMakeFiles/__idf_lvgl__lvgl.dir/examples/widgets/menu/lv_example_menu_4.c.obj^[[K
build	Build ESP32-C6 firmware	2026-09-24T12:51:53.6704175Z [1363/1416] Building C object esp-idf/lvgl__lvgl/CMakeFiles/__idf_lvgl__lvgl.dir/examples/widgets/meter/lv_example_meter_4.c.obj^[[K
build	Build ESP32-C6 firmware	2026-09-24T12:51:53.7104955Z [1364/1416] Building C object esp-idf/lvgl__lvgl/CMakeFiles/__idf_lvgl__lvgl.dir/examples/widgets/meter/lv_example_meter_3.c.obj^[[K
build	Build ESP32-C6 firmware	2026-09-24T12:51:53.8036902Z [1365/1416] Building C object esp-idf/lvgl__lvgl/CMakeFiles/__idf_lvgl__lvgl.dir/examples/widgets/meter/lv_example_meter_2.c.obj^[[K
build	Build ESP32-C6 firmware	2026-09-24T12:51:53.8326419Z [1366/1416] Building C object esp-idf/lvgl__lvgl/CMakeFiles/__idf_lvgl__lvgl.dir/examples/widgets/obj/lv_example_obj_2.c.obj^[[K
build	Build ESP32-C6 firmware	2026-09-24T12:51:53.8787078Z [1367/1416] Building C object esp-idf/lvgl__lvgl/CMakeFiles/__idf_lvgl__lvgl.dir/examples/widgets/msgbox/lv_example_msgbox_1.c.obj^[[K
build	Build ESP32-C6 firmware	2026-09-24T12:51:53.9148755Z [1368/1416] Building C object esp-idf/lvgl__lvgl/CMakeFiles/__idf_lvgl__lvgl.dir/examples/widgets/obj/lv_example_obj_1.c.obj^[[K
build	Build ESP32-C6 firmware	2026-09-24T12:51:53.9653868Z [1369/1416] Building C object esp-idf/lvgl__lvgl/CMakeFiles/__idf_lvgl__lvgl.dir/examples/widgets/roller/lv_example_roller_2.c.obj^[[K
build	Build ESP32-C6 firmware	2026-09-24T12:51:54.0720314Z [1370/1416] Building C object esp-idf/lvgl__lvgl/CMakeFiles/__idf_lvgl__lvgl.dir/examples/widgets/roller/lv_example_roller_1.c.obj^[[K
build	Build ESP32-C6 firmware	2026-09-24T12:51:54.0995782Z [1371/1416] Building C object esp-idf/lvgl__lvgl/CMakeFiles/__idf_lvgl__lvgl.dir/examples/widgets/roller/lv_example_roller_3.c.obj^[[K
build	Build ESP32-C6 firmware	2026-09-24T12:51:54.1646121Z [1372/1416] Building C object esp-idf/lvgl__lvgl/CMakeFiles/__idf_lvgl__lvgl.dir/examples/widgets/slider/lv_example_slider_1.c.obj^[[K
build	Build ESP32-C6 firmware	2026-09-24T12:51:54.2577762Z [1373/1416] Building C object esp-idf/lvgl__lvgl/CMakeFiles/__idf_lvgl__lvgl.dir/examples/widgets/slider/lv_example_slider_2.c.obj^[[K
build	Build ESP32-C6 firmware	2026-09-24T12:51:54.2579927Z [1374/1416] Building C object esp-idf/lvgl__lvgl/CMakeFiles/__idf_lvgl__lvgl.dir/examples/widgets/span/lv_example_span_1.c.obj^[[K
build	Build ESP32-C6 firmware	2026-09-24T12:51:54.3493725Z [1375/1416] Building C object esp-idf/lvgl__lvgl/CMakeFiles/__idf_lvgl__lvgl.dir/examples/widgets/slider/lv_example_slider_3.c.obj^[[K
build	Build ESP32-C6 firmware	2026-09-24T12:51:54.3989842Z [1376/1416] Building C object esp-idf/lvgl__lvgl/CMakeFiles/__idf_lvgl__lvgl.dir/examples/widgets/spinbox/lv_example_spinbox_1.c.obj^[[K
build	Build ESP32-C6 firmware	2026-09-24T12:51:54.4123292Z [1377/1416] Building C object esp-idf/lvgl__lvgl/CMakeFiles/__idf_lvgl__lvgl.dir/examples/widgets/spinner/lv_example_spinner_1.c.obj^[[K
build	Build ESP32-C6 firmware	2026-09-24T12:51:54.4828615Z [1378/1416] Building C object esp-idf/lvgl__lvgl/CMakeFiles/__idf_lvgl__lvgl.dir/examples/widgets/table/lv_example_table_1.c.obj^[[K
build	Build ESP32-C6 firmware	2026-09-24T12:51:54.6055054Z [1379/1416] Building C object esp-idf/lvgl__lvgl/CMakeFiles/__idf_lvgl__lvgl.dir/examples/widgets/switch/lv_example_switch_1.c.obj^[[K
build	Build ESP32-C6 firmware	2026-09-24T12:51:54.6348990Z [1380/1416] Building C object esp-idf/lvgl__lvgl/CMakeFiles/__idf_lvgl__lvgl.dir/examples/widgets/tabview/lv_example_tabview_1.c.obj^[[K
build	Build ESP32-C6 firmware	2026-09-24T12:51:54.6400124Z [1381/1416] Building C object esp-idf/lvgl__lvgl/CMakeFiles/__idf_lvgl__lvgl.dir/examples/widgets/table/lv_example_table_2.c.obj^[[K
build	Build ESP32-C6 firmware	2026-09-24T12:51:54.6504244Z [1382/1416] Building C object esp-idf/lvgl__lvgl/CMakeFiles/__idf_lvgl__lvgl.dir/examples/widgets/textarea/lv_example_textarea_1.c.obj^[[K
build	Build ESP32-C6 firmware	2026-09-24T12:51:54.7399333Z [1383/1416] Building C object esp-idf/lvgl__lvgl/CMakeFiles/__idf_lvgl__lvgl.dir/examples/widgets/tabview/lv_example_tabview_2.c.obj^[[K
build	Build ESP32-C6 firmware	2026-09-24T12:51:54.8788874Z [1384/1416] Building C object esp-idf/lvgl__lvgl/CMakeFiles/__idf_lvgl__lvgl.dir/examples/widgets/textarea/lv_example_textarea_2.c.obj^[[K
build	Build ESP32-C6 firmware	2026-09-24T12:51:54.8923667Z [1385/1416] Building C object esp-idf/lvgl__lvgl/CMakeFiles/__idf_lvgl__lvgl.dir/examples/widgets/win/lv_example_win_1.c.obj^[[K
build	Build ESP32-C6 firmware	2026-09-24T12:51:54.8939214Z [1386/1416] Building C object esp-idf/lvgl__lvgl/CMakeFiles/__idf_lvgl__lvgl.dir/examples/widgets/tileview/lv_example_tileview_1.c.obj^[[K
build	Build ESP32-C6 firmware	2026-09-24T12:51:54.9392979Z [1387/1416] Building C object esp-idf/lvgl__lvgl/CMakeFiles/__idf_lvgl__lvgl.dir/examples/widgets/textarea/lv_example_textarea_3.c.obj^[[K
build	Build ESP32-C6 firmware	2026-09-24T12:51:54.9751424Z [1388/1416] Building C object esp-idf/board/CMakeFiles/__idf_board.dir/board_spi.c.obj^[[K
build	Build ESP32-C6 firmware	2026-09-24T12:51:55.0116083Z [1389/1416] Building C object esp-idf/board/CMakeFiles/__idf_board.dir/board_i2c.c.obj^[[K
build	Build ESP32-C6 firmware	2026-09-24T12:51:55.1681421Z [1390/1416] Building C object esp-idf/board/CMakeFiles/__idf_board.dir/board_touch.c.obj^[[K
build	Build ESP32-C6 firmware	2026-09-24T12:51:55.3080872Z [1391/1416] Building C object esp-idf/board/CMakeFiles/__idf_board.dir/board_backlight.c.obj^[[K
build	Build ESP32-C6 firmware	2026-09-24T12:51:55.3555937Z [1392/1416] Building C object esp-idf/board/CMakeFiles/__idf_board.dir/board_sd.c.obj^[[K
build	Build ESP32-C6 firmware	2026-09-24T12:51:55.4121458Z [1393/1416] Building C object esp-idf/radio/CMakeFiles/__idf_radio.dir/rx_path.c.obj^[[K
build	Build ESP32-C6 firmware	2026-09-24T12:51:55.4452655Z [1394/1416] Building C object esp-idf/world/CMakeFiles/__idf_world.dir/world.c.obj^[[K
build	Build ESP32-C6 firmware	2026-09-24T12:51:55.4890181Z [1395/1416] Linking C static library esp-idf/lvgl__lvgl/liblvgl__lvgl.a^[[K
build	Build ESP32-C6 firmware	2026-09-24T12:51:55.4918150Z [1396/1416] Building C object esp-idf/radio/CMakeFiles/__idf_radio.dir/obs_cache.c.obj^[[K
build	Build ESP32-C6 firmware	2026-09-24T12:51:55.5213296Z [1397/1416] Building C object esp-idf/radio/CMakeFiles/__idf_radio.dir/hopper_policy.c.obj^[[K
build	Build ESP32-C6 firmware	2026-09-24T12:51:55.6353070Z [1398/1416] Building C object esp-idf/radio/CMakeFiles/__idf_radio.dir/wifi_sniffer.c.obj^[[K
build	Build ESP32-C6 firmware	2026-09-24T12:51:55.6687181Z [1399/1416] Building C object esp-idf/board/CMakeFiles/__idf_board.dir/board_display.c.obj^[[K
build	Build ESP32-C6 firmware	2026-09-24T12:51:55.6824988Z [1400/1416] Linking C static library esp-idf/board/libboard.a^[[K
build	Build ESP32-C6 firmware	2026-09-24T12:51:55.6832824Z [1401/1416] Building C object esp-idf/radio/CMakeFiles/__idf_radio.dir/pcap_serializer.c.obj^[[K
build	Build ESP32-C6 firmware	2026-09-24T12:51:55.7110165Z [1402/1416] Building C object esp-idf/radio/CMakeFiles/__idf_radio.dir/ieee80211_parser.c.obj^[[K
build	Build ESP32-C6 firmware	2026-09-24T12:51:55.8072753Z [1403/1416] Building C object esp-idf/radio/CMakeFiles/__idf_radio.dir/eapol_parser.c.obj^[[K
build	Build ESP32-C6 firmware	2026-09-24T12:51:55.8249609Z [1404/1416] Building C object esp-idf/radio/CMakeFiles/__idf_radio.dir/channel_hopper.c.obj^[[K
build	Build ESP32-C6 firmware	2026-09-24T12:51:55.8343878Z [1405/1416] Linking C static library esp-idf/radio/libradio.a^[[K
build	Build ESP32-C6 firmware	2026-09-24T12:51:55.8728395Z [1406/1416] Linking C static library esp-idf/world/libworld.a^[[K
build	Build ESP32-C6 firmware	2026-09-24T12:51:55.8927323Z [1407/1416] Building C object esp-idf/main/CMakeFiles/__idf_main.dir/app_main.c.obj^[[K
build	Build ESP32-C6 firmware	2026-09-24T12:51:55.9652675Z [1408/1416] Building C object esp-idf/storage/CMakeFiles/__idf_storage.dir/sd_logger_core.c.obj^[[K
build	Build ESP32-C6 firmware	2026-09-24T12:51:55.9730043Z [1409/1416] Building C object esp-idf/storage/CMakeFiles/__idf_storage.dir/sd_logger_idf.c.obj^[[K
build	Build ESP32-C6 firmware	2026-09-24T12:51:55.9786809Z [1410/1416] Linking C static library esp-idf/storage/libstorage.a^[[K
build	Build ESP32-C6 firmware	2026-09-24T12:52:00.7577023Z [1411/1416] Linking C static library esp-idf/main/libmain.a^[[K
build	Build ESP32-C6 firmware	2026-09-24T12:52:00.7862973Z [1412/1416] Generating ld/sections.ld^[[K
build	Build ESP32-C6 firmware	2026-09-24T12:52:01.5830316Z [1413/1416] Building C object CMakeFiles/esp32c6_pwnagotchi.elf.dir/project_elf_src_esp32c6.c.obj^[[K
build	Build ESP32-C6 firmware	2026-09-24T12:52:01.7314215Z [1414/1416] Linking CXX executable esp32c6_pwnagotchi.elf^[[K
build	Build ESP32-C6 firmware	2026-09-24T12:52:01.7315091Z [1415/1416] Generating binary image from built executable^[[K
build	Build ESP32-C6 firmware	2026-09-24T12:52:01.7315461Z esptool.py v4.8.1
build	Build ESP32-C6 firmware	2026-09-24T12:52:01.7315847Z Creating esp32c6 image...
build	Build ESP32-C6 firmware	2026-09-24T12:52:01.7316110Z Merged 1 ELF section
build	Build ESP32-C6 firmware	2026-09-24T12:52:01.7316356Z Successfully created esp32c6 image.
build	Build ESP32-C6 firmware	2026-09-24T12:52:01.7316867Z Generated /app/yuanwil1y/esp32c6-Pwnagotchi/build/esp32c6_pwnagotchi.bin
build	Build ESP32-C6 firmware	2026-09-24T12:52:01.7668349Z 
build	Build ESP32-C6 firmware	2026-09-24T12:52:01.7671956Z [1416/1416] cd /app/yuanwil1y/esp32c6-Pwnagotchi/build/esp-idf/esptool_py && /opt/esp/python_env/idf5.4_py3.12_env/bin/python /opt/esp/idf/components/partition_table/check_sizes.py --offset 0x8000 partition --type app /app/yuanwil1y/esp32c6-Pwnagotchi/build/partition_table/partition-table.bin /app/yuanwil1y/esp32c6-Pwnagotchi/build/esp32c6_pwnagotchi.bin^[[K
build	Build ESP32-C6 firmware	2026-09-24T12:52:01.7675367Z esp32c6_pwnagotchi.bin binary size 0x1230b0 bytes. Smallest app partition is 0x400000 bytes. 0x2dcf50 bytes (72%) free.
build	Build ESP32-C6 firmware	2026-09-24T12:52:01.7694403Z 
build	Build ESP32-C6 firmware	2026-09-24T12:52:01.7694858Z Project build complete. To flash, run:
build	Build ESP32-C6 firmware	2026-09-24T12:52:01.7695287Z  idf.py flash
build	Build ESP32-C6 firmware	2026-09-24T12:52:01.7695494Z or
build	Build ESP32-C6 firmware	2026-09-24T12:52:01.7695683Z  idf.py -p PORT flash
build	Build ESP32-C6 firmware	2026-09-24T12:52:01.7695900Z or
build	Build ESP32-C6 firmware	2026-09-24T12:52:01.7696916Z  python -m esptool --chip esp32c6 -b 460800 --before default_reset --after hard_reset write_flash --flash_mode dio --flash_size 8MB --flash_freq 80m 0x0 build/bootloader/bootloader.bin 0x8000 build/partition_table/partition-table.bin 0x10000 build/esp32c6_pwnagotchi.bin
build	Build ESP32-C6 firmware	2026-09-24T12:52:01.7698146Z or from the "/app/yuanwil1y/esp32c6-Pwnagotchi/build" directory
build	Build ESP32-C6 firmware	2026-09-24T12:52:01.7698741Z  python -m esptool --chip esp32c6 -b 460800 --before default_reset --after hard_reset write_flash "@flash_args"
build	Build ESP32-C6 firmware	2026-09-24T12:52:02.7580957Z Executing action: size
build	Build ESP32-C6 firmware	2026-09-24T12:52:02.7581550Z Running ninja in directory /app/yuanwil1y/esp32c6-Pwnagotchi/build
build	Build ESP32-C6 firmware	2026-09-24T12:52:02.7582824Z Executing "ninja all"...
build	Build ESP32-C6 firmware	2026-09-24T12:52:02.7584469Z [1/4] cd /app/yuanwil1y/esp32c6-Pwnagotchi/build/esp-idf/esptool_py && /opt/esp/python_env/idf5.4_py3.12_env/bin/python /opt/esp/idf/components/partition_table/check_sizes.py --offset 0x8000 partition --type app /app/yuanwil1y/esp32c6-Pwnagotchi/build/partition_table/partition-table.bin /app/yuanwil1y/esp32c6-Pwnagotchi/build/esp32c6_pwnagotchi.bin
build	Build ESP32-C6 firmware	2026-09-24T12:52:02.7586313Z esp32c6_pwnagotchi.bin binary size 0x1230b0 bytes. Smallest app partition is 0x400000 bytes. 0x2dcf50 bytes (72%) free.
build	Build ESP32-C6 firmware	2026-09-24T12:52:02.7725661Z [2/4] Performing build step for 'bootloader'
build	Build ESP32-C6 firmware	2026-09-24T12:52:02.7727707Z [1/1] cd /app/yuanwil1y/esp32c6-Pwnagotchi/build/bootloader/esp-idf/esptool_py && /opt/esp/python_env/idf5.4_py3.12_env/bin/python /opt/esp/idf/components/partition_table/check_sizes.py --offset 0x8000 bootloader 0x0 /app/yuanwil1y/esp32c6-Pwnagotchi/build/bootloader/bootloader.bin
build	Build ESP32-C6 firmware	2026-09-24T12:52:02.7729432Z Bootloader binary size 0x5560 bytes. 0x2aa0 bytes (33%) free.
build	Build ESP32-C6 firmware	2026-09-24T12:52:02.7747429Z [3/4] No install step for 'bootloader'
build	Build ESP32-C6 firmware	2026-09-24T12:52:02.7797594Z [4/4] Completed 'bootloader'
build	Build ESP32-C6 firmware	2026-09-24T12:52:02.8449344Z Running ninja in directory /app/yuanwil1y/esp32c6-Pwnagotchi/build
build	Build ESP32-C6 firmware	2026-09-24T12:52:02.8450097Z Executing "ninja size"...
build	Build ESP32-C6 firmware	2026-09-24T12:52:02.8452332Z [0/1] cd /app/yuanwil1y/esp32c6-Pwnagotchi/build && /opt/esp/tools/cmake/3.30.2/bin/cmake -D "IDF_SIZE_TOOL=/opt/esp/python_env/idf5.4_py3.12_env/bin/python;-m;esp_idf_size" -D MAP_FILE=/app/yuanwil1y/esp32c6-Pwnagotchi/build/esp32c6_pwnagotchi.map -D OUTPUT_JSON= -P /opt/esp/idf/tools/cmake/run_size_tool.cmake
build	Build ESP32-C6 firmware	2026-09-24T12:52:03.0387727Z                             Memory Type Usage Summary                             
build	Build ESP32-C6 firmware	2026-09-24T12:52:03.0391744Z ┏━━━━━━━━━━━━━━━━━━━━━┳━━━━━━━━━━━━━━┳━━━━━━━━━━┳━━━━━━━━━━━━━━━━┳━━━━━━━━━━━━━━━┓
build	Build ESP32-C6 firmware	2026-09-24T12:52:03.0393051Z ┃ Memory Type/Section ┃ Used [bytes] ┃ Used [%] ┃ Remain [bytes] ┃ Total [bytes] ┃
build	Build ESP32-C6 firmware	2026-09-24T12:52:03.0394217Z ┡━━━━━━━━━━━━━━━━━━━━━╇━━━━━━━━━━━━━━╇━━━━━━━━━━╇━━━━━━━━━━━━━━━━╇━━━━━━━━━━━━━━━┩
build	Build ESP32-C6 firmware	2026-09-24T12:52:03.0395181Z │ Flash Code          │      1037910 │     6.19 │       15739274 │      16777184 │
build	Build ESP32-C6 firmware	2026-09-24T12:52:03.0396064Z │    .text            │       875990 │     5.22 │                │               │
build	Build ESP32-C6 firmware	2026-09-24T12:52:03.0396925Z │    .rodata          │       161664 │     0.96 │                │               │
build	Build ESP32-C6 firmware	2026-09-24T12:52:03.0397796Z │    .appdesc         │          256 │      0.0 │                │               │
build	Build ESP32-C6 firmware	2026-09-24T12:52:03.0398671Z │ DIRAM               │       218632 │    48.36 │         233480 │        452112 │
build	Build ESP32-C6 firmware	2026-09-24T12:52:03.0399635Z │    .text            │       138364 │     30.6 │                │               │
build	Build ESP32-C6 firmware	2026-09-24T12:52:03.0400480Z │    .bss             │        64576 │    14.28 │                │               │
build	Build ESP32-C6 firmware	2026-09-24T12:52:03.0401285Z │    .data            │        15685 │     3.47 │                │               │
build	Build ESP32-C6 firmware	2026-09-24T12:52:03.0402358Z │ LP SRAM             │           52 │     0.32 │          16332 │         16384 │
build	Build ESP32-C6 firmware	2026-09-24T12:52:03.0403232Z │    .force_fast      │           28 │     0.17 │                │               │
build	Build ESP32-C6 firmware	2026-09-24T12:52:03.0404156Z │    .rtc_reserved    │           24 │     0.15 │                │               │
build	Build ESP32-C6 firmware	2026-09-24T12:52:03.0405156Z └─────────────────────┴──────────────┴──────────┴────────────────┴───────────────┘
build	Build ESP32-C6 firmware	2026-09-24T12:52:03.0409337Z Total image size: ^[[1;36m1191987^[[0m bytes ^[[1m(^[[0m.bin may be padded larger^[[1m)^[[0m
build	Build ESP32-C6 firmware	2026-09-24T12:52:03.1768552Z Executing action: size-components
build	Build ESP32-C6 firmware	2026-09-24T12:52:03.1769323Z Running ninja in directory /app/yuanwil1y/esp32c6-Pwnagotchi/build
build	Build ESP32-C6 firmware	2026-09-24T12:52:03.1770066Z Executing "ninja all"...
build	Build ESP32-C6 firmware	2026-09-24T12:52:03.1772802Z [1/4] cd /app/yuanwil1y/esp32c6-Pwnagotchi/build/esp-idf/esptool_py && /opt/esp/python_env/idf5.4_py3.12_env/bin/python /opt/esp/idf/components/partition_table/check_sizes.py --offset 0x8000 partition --type app /app/yuanwil1y/esp32c6-Pwnagotchi/build/partition_table/partition-table.bin /app/yuanwil1y/esp32c6-Pwnagotchi/build/esp32c6_pwnagotchi.bin
build	Build ESP32-C6 firmware	2026-09-24T12:52:03.1776140Z esp32c6_pwnagotchi.bin binary size 0x1230b0 bytes. Smallest app partition is 0x400000 bytes. 0x2dcf50 bytes (72%) free.
build	Build ESP32-C6 firmware	2026-09-24T12:52:03.1901560Z [2/4] Performing build step for 'bootloader'
build	Build ESP32-C6 firmware	2026-09-24T12:52:03.1903330Z [1/1] cd /app/yuanwil1y/esp32c6-Pwnagotchi/build/bootloader/esp-idf/esptool_py && /opt/esp/python_env/idf5.4_py3.12_env/bin/python /opt/esp/idf/components/partition_table/check_sizes.py --offset 0x8000 bootloader 0x0 /app/yuanwil1y/esp32c6-Pwnagotchi/build/bootloader/bootloader.bin
build	Build ESP32-C6 firmware	2026-09-24T12:52:03.1905105Z Bootloader binary size 0x5560 bytes. 0x2aa0 bytes (33%) free.
build	Build ESP32-C6 firmware	2026-09-24T12:52:03.1923996Z [3/4] No install step for 'bootloader'
build	Build ESP32-C6 firmware	2026-09-24T12:52:03.1971589Z [4/4] Completed 'bootloader'
build	Build ESP32-C6 firmware	2026-09-24T12:52:03.2615436Z Running ninja in directory /app/yuanwil1y/esp32c6-Pwnagotchi/build
build	Build ESP32-C6 firmware	2026-09-24T12:52:03.2616202Z Executing "ninja size-components"...
build	Build ESP32-C6 firmware	2026-09-24T12:52:03.2618453Z [0/1] cd /app/yuanwil1y/esp32c6-Pwnagotchi/build && /opt/esp/tools/cmake/3.30.2/bin/cmake -D "IDF_SIZE_TOOL=/opt/esp/python_env/idf5.4_py3.12_env/bin/python;-m;esp_idf_size" -D IDF_SIZE_MODE=--archives -D MAP_FILE=/app/yuanwil1y/esp32c6-Pwnagotchi/build/esp32c6_pwnagotchi.map -D OUTPUT_JSON= -P /opt/esp/idf/tools/cmake/run_size_tool.cmake
build	Build ESP32-C6 firmware	2026-09-24T12:52:03.5154174Z                                                                Per-archive contributions to ELF file                                                               
build	Build ESP32-C6 firmware	2026-09-24T12:52:03.5156837Z ┏━━━━━━━━━━━━━━━━━━━━━━━━━━━━━━━━━┳━━━━━━━━━━━━┳━━━━━━━┳━━━━━━━┳━━━━━━━┳━━━━━━━┳━━━━━━━━━━━━┳━━━━━━━━━┳━━━━━━━━━━┳━━━━━━━━┳━━━━━━━━━┳━━━━━━━━━━━━━━━┳━━━━━━━━━━━━━┓
build	Build ESP32-C6 firmware	2026-09-24T12:52:03.5158734Z ┃ Archive File                    ┃ Total Size ┃ DIRAM ┃  .bss ┃ .data ┃ .text ┃ Flash Code ┃ .rodata ┃ .appdesc ┃  .text ┃ LP SRAM ┃ .rtc_reserved ┃ .force_fast ┃
build	Build ESP32-C6 firmware	2026-09-24T12:52:03.5160681Z ┡━━━━━━━━━━━━━━━━━━━━━━━━━━━━━━━━━╇━━━━━━━━━━━━╇━━━━━━━╇━━━━━━━╇━━━━━━━╇━━━━━━━╇━━━━━━━━━━━━╇━━━━━━━━━╇━━━━━━━━━━╇━━━━━━━━╇━━━━━━━━━╇━━━━━━━━━━━━━━━╇━━━━━━━━━━━━━┩
build	Build ESP32-C6 firmware	2026-09-24T12:52:03.5162984Z │ liblvgl__lvgl.a                 │     221591 │ 22012 │  1092 │   142 │ 20778 │     199579 │   16909 │        0 │ 182670 │       0 │             0 │           0 │
build	Build ESP32-C6 firmware	2026-09-24T12:52:03.5164852Z │ libnet80211.a                   │     181435 │ 19484 │ 10385 │  1785 │  7314 │     161951 │   18045 │        0 │ 143906 │       0 │             0 │           0 │
build	Build ESP32-C6 firmware	2026-09-24T12:52:03.5166985Z │ libpp.a                         │     110772 │ 45365 │  2746 │  3201 │ 39418 │      65407 │    9405 │        0 │  56002 │       0 │             0 │           0 │
build	Build ESP32-C6 firmware	2026-09-24T12:52:03.5169917Z │ liblwip.a                       │      93494 │  2482 │  2470 │    12 │     0 │      91012 │    3234 │        0 │  87778 │       0 │             0 │           0 │
build	Build ESP32-C6 firmware	2026-09-24T12:52:03.5173443Z │ libesp_app_format.a             │      86063 │    10 │    10 │     0 │     0 │      86053 │   85267 │      256 │    530 │       0 │             0 │           0 │
build	Build ESP32-C6 firmware	2026-09-24T12:52:03.5177470Z │ libmbedcrypto.a                 │      79601 │   454 │   252 │   116 │    86 │      79147 │    6569 │        0 │  72578 │       0 │             0 │           0 │
build	Build ESP32-C6 firmware	2026-09-24T12:52:03.5181377Z │ libwpa_supplicant.a             │      78607 │  1329 │  1321 │     8 │     0 │      77278 │    1596 │        0 │  75682 │       0 │             0 │           0 │
build	Build ESP32-C6 firmware	2026-09-24T12:52:03.5186221Z │ libradio.a                      │      48716 │ 31435 │ 31435 │     0 │     0 │      17281 │      73 │        0 │  17208 │       0 │             0 │           0 │
build	Build ESP32-C6 firmware	2026-09-24T12:52:03.5188090Z │ libesp_hw_support.a             │      46734 │ 14208 │   148 │  4506 │  9554 │      32474 │    3114 │        0 │  29360 │      52 │            24 │          28 │
build	Build ESP32-C6 firmware	2026-09-24T12:52:03.5189225Z │ libphy.a                        │      28723 │  5579 │    44 │   919 │  4616 │      23144 │       0 │        0 │  23144 │       0 │             0 │           0 │
build	Build ESP32-C6 firmware	2026-09-24T12:52:03.5190286Z │ libfatfs.a                      │      26110 │    64 │    60 │     4 │     0 │      26046 │    1496 │        0 │  24550 │       0 │             0 │           0 │
build	Build ESP32-C6 firmware	2026-09-24T12:52:03.5191427Z │ libstorage.a                    │      21850 │ 10238 │ 10238 │     0 │     0 │      11612 │     192 │        0 │  11420 │       0 │             0 │           0 │
build	Build ESP32-C6 firmware	2026-09-24T12:52:03.5192819Z │ libhal.a                        │      19065 │ 11362 │    12 │   392 │ 10958 │       7703 │     453 │        0 │   7250 │       0 │             0 │           0 │
build	Build ESP32-C6 firmware	2026-09-24T12:52:03.5193819Z │ libsdmmc.a                      │      18440 │     0 │     0 │     0 │     0 │      18440 │    1396 │        0 │  17044 │       0 │             0 │           0 │
build	Build ESP32-C6 firmware	2026-09-24T12:52:03.5194867Z │ libfreertos.a                   │      18287 │ 16560 │  2240 │    88 │ 14232 │       1727 │    1175 │        0 │    552 │       0 │             0 │           0 │
build	Build ESP32-C6 firmware	2026-09-24T12:52:03.5195863Z │ libnvs_flash.a                  │      17022 │    28 │    28 │     0 │     0 │      16994 │     252 │        0 │  16742 │       0 │             0 │           0 │
build	Build ESP32-C6 firmware	2026-09-24T12:52:03.5196812Z │ libc.a                          │      13502 │   712 │   356 │   356 │     0 │      12790 │     764 │        0 │  12026 │       0 │             0 │           0 │
build	Build ESP32-C6 firmware	2026-09-24T12:52:03.5197866Z │ libesp_system.a                 │      13238 │  2442 │   138 │    88 │  2216 │      10796 │     570 │        0 │  10226 │       0 │             0 │           0 │
build	Build ESP32-C6 firmware	2026-09-24T12:52:03.5198929Z │ libesp_driver_spi.a             │      12520 │  4708 │     8 │   112 │  4588 │       7812 │     540 │        0 │   7272 │       0 │             0 │           0 │
build	Build ESP32-C6 firmware	2026-09-24T12:52:03.5200018Z │ libspi_flash.a                  │      10570 │  8993 │    14 │   941 │  8038 │       1577 │     357 │        0 │   1220 │       0 │             0 │           0 │
build	Build ESP32-C6 firmware	2026-09-24T12:52:03.5201048Z │ libdriver.a                     │       7603 │  1198 │    10 │    32 │  1156 │       6405 │     343 │        0 │   6062 │       0 │             0 │           0 │
build	Build ESP32-C6 firmware	2026-09-24T12:52:03.5202314Z │ libesp_driver_gpio.a            │       6979 │    36 │     0 │    36 │     0 │       6943 │     647 │        0 │   6296 │       0 │             0 │           0 │
build	Build ESP32-C6 firmware	2026-09-24T12:52:03.5203310Z │ libvfs.a                        │       6614 │   236 │    44 │   192 │     0 │       6378 │     158 │        0 │   6220 │       0 │             0 │           0 │
build	Build ESP32-C6 firmware	2026-09-24T12:52:03.5204201Z │ libesp_driver_ledc.a            │       6604 │   218 │    36 │     0 │   182 │       6386 │     232 │        0 │   6154 │       0 │             0 │           0 │
build	Build ESP32-C6 firmware	2026-09-24T12:52:03.5205258Z │ libesp_ringbuf.a                │       5740 │  5238 │     0 │     0 │  5238 │        502 │     502 │        0 │      0 │       0 │             0 │           0 │
build	Build ESP32-C6 firmware	2026-09-24T12:52:03.5206275Z │ libcoexist.a                    │       5474 │  1544 │     2 │  1446 │    96 │       3930 │      40 │        0 │   3890 │       0 │             0 │           0 │
build	Build ESP32-C6 firmware	2026-09-24T12:52:03.5207538Z │ libesp_driver_sdspi.a           │       5438 │    13 │    13 │     0 │     0 │       5425 │     283 │        0 │   5142 │       0 │             0 │           0 │
build	Build ESP32-C6 firmware	2026-09-24T12:52:03.5208562Z │ libboard.a                      │       4721 │   229 │   179 │    50 │     0 │       4492 │     386 │        0 │   4106 │       0 │             0 │           0 │
build	Build ESP32-C6 firmware	2026-09-24T12:52:03.5209531Z │ libworld.a                      │       4638 │     0 │     0 │     0 │     0 │       4638 │       6 │        0 │   4632 │       0 │             0 │           0 │
build	Build ESP32-C6 firmware	2026-09-24T12:52:03.5210381Z │ libesp_driver_usb_serial_jtag.a │       4518 │   169 │    17 │    48 │   104 │       4349 │     211 │        0 │   4138 │       0 │             0 │           0 │
build	Build ESP32-C6 firmware	2026-09-24T12:52:03.5211611Z │ libnewlib.a                     │       4075 │  2286 │   200 │   156 │  1930 │       1789 │     111 │        0 │   1678 │       0 │             0 │           0 │
build	Build ESP32-C6 firmware	2026-09-24T12:52:03.5212783Z │ libheap.a                       │       4013 │  1324 │     8 │    12 │  1304 │       2689 │     437 │        0 │   2252 │       0 │             0 │           0 │
build	Build ESP32-C6 firmware	2026-09-24T12:52:03.5213789Z │ libesp_mm.a                     │       3780 │   662 │    44 │    28 │   590 │       3118 │     166 │        0 │   2952 │       0 │             0 │           0 │
build	Build ESP32-C6 firmware	2026-09-24T12:52:03.5214783Z │ libesp_lcd.a                    │       3721 │     0 │     0 │     0 │     0 │       3721 │     225 │        0 │   3496 │       0 │             0 │           0 │
build	Build ESP32-C6 firmware	2026-09-24T12:52:03.5215783Z │ libesp_timer.a                  │       3460 │  1566 │    36 │    16 │  1514 │       1894 │     104 │        0 │   1790 │       0 │             0 │           0 │
build	Build ESP32-C6 firmware	2026-09-24T12:52:03.5216731Z │ libesp_phy.a                    │       3197 │   397 │    44 │     1 │   352 │       2800 │     284 │        0 │   2516 │       0 │             0 │           0 │
build	Build ESP32-C6 firmware	2026-09-24T12:52:03.5217654Z │ libesp_wifi.a                   │       3078 │   816 │     6 │   484 │   326 │       2262 │       8 │        0 │   2254 │       0 │             0 │           0 │
build	Build ESP32-C6 firmware	2026-09-24T12:52:03.5218669Z │ liblog.a                        │       2628 │   594 │   272 │     8 │   314 │       2034 │      48 │        0 │   1986 │       0 │             0 │           0 │
build	Build ESP32-C6 firmware	2026-09-24T12:52:03.5219706Z │ libespressif__esp_lcd_sh8601.a  │       2509 │     4 │     1 │     3 │     0 │       2505 │     231 │        0 │   2274 │       0 │             0 │           0 │
build	Build ESP32-C6 firmware	2026-09-24T12:52:03.5220783Z │ libesp_partition.a              │       2220 │     8 │     8 │     0 │     0 │       2212 │     168 │        0 │   2044 │       0 │             0 │           0 │
build	Build ESP32-C6 firmware	2026-09-24T12:52:03.5221908Z │ libesp_common.a                 │       1816 │     0 │     0 │     0 │     0 │       1816 │    1758 │        0 │     58 │       0 │             0 │           0 │
build	Build ESP32-C6 firmware	2026-09-24T12:52:03.5222811Z │ libefuse.a                      │       1689 │    52 │     4 │    48 │     0 │       1637 │     233 │        0 │   1404 │       0 │             0 │           0 │
build	Build ESP32-C6 firmware	2026-09-24T12:52:03.5223918Z │ libstdc++.a                     │       1662 │    25 │    17 │     8 │     0 │       1637 │     199 │        0 │   1438 │       0 │             0 │           0 │
build	Build ESP32-C6 firmware	2026-09-24T12:52:03.5224940Z │ libesp_rom.a                    │       1645 │  1594 │    84 │     0 │  1510 │         51 │      49 │        0 │      2 │       0 │             0 │           0 │
build	Build ESP32-C6 firmware	2026-09-24T12:52:03.5225928Z │ libesp_event.a                  │       1519 │     4 │     4 │     0 │     0 │       1515 │      57 │        0 │   1458 │       0 │             0 │           0 │
build	Build ESP32-C6 firmware	2026-09-24T12:52:03.5227069Z │ libmain.a                       │       1431 │     0 │     0 │     0 │     0 │       1431 │       9 │        0 │   1422 │       0 │             0 │           0 │
build	Build ESP32-C6 firmware	2026-09-24T12:52:03.5228047Z │ libriscv.a                      │       1280 │  1100 │   256 │     0 │   844 │        180 │      50 │        0 │    130 │       0 │             0 │           0 │
build	Build ESP32-C6 firmware	2026-09-24T12:52:03.5228966Z │ libbootloader_support.a         │       1022 │   930 │     0 │     0 │   930 │         92 │      40 │        0 │     52 │       0 │             0 │           0 │
build	Build ESP32-C6 firmware	2026-09-24T12:52:03.5229909Z │ libsoc.a                        │        769 │     0 │     0 │     0 │     0 │        769 │     769 │        0 │      0 │       0 │             0 │           0 │
build	Build ESP32-C6 firmware	2026-09-24T12:52:03.5230876Z │ libesp_coex.a                   │        674 │   246 │     0 │    80 │   166 │        428 │       0 │        0 │    428 │       0 │             0 │           0 │
build	Build ESP32-C6 firmware	2026-09-24T12:52:03.5231969Z │ libesp_vfs_console.a            │        624 │    12 │    12 │     0 │     0 │        612 │     180 │        0 │    432 │       0 │             0 │           0 │
build	Build ESP32-C6 firmware	2026-09-24T12:52:03.5232802Z │ libpthread.a                    │        604 │     4 │     4 │     0 │     0 │        600 │      46 │        0 │    554 │       0 │             0 │           0 │
build	Build ESP32-C6 firmware	2026-09-24T12:52:03.5233771Z │ libm.a                          │        368 │     0 │     0 │     0 │     0 │        368 │       0 │        0 │    368 │       0 │             0 │           0 │
build	Build ESP32-C6 firmware	2026-09-24T12:52:03.5234552Z │ libcore.a                       │        360 │     9 │     9 │     0 │     0 │        351 │      43 │        0 │    308 │       0 │             0 │           0 │
build	Build ESP32-C6 firmware	2026-09-24T12:52:03.5235503Z │ libesp_security.a               │        307 │    12 │    12 │     0 │     0 │        295 │      33 │        0 │    262 │       0 │             0 │           0 │
build	Build ESP32-C6 firmware	2026-09-24T12:52:03.5236327Z │ libesp_netif.a                  │        300 │     8 │     8 │     0 │     0 │        292 │       0 │        0 │    292 │       0 │             0 │           0 │
build	Build ESP32-C6 firmware	2026-09-24T12:52:03.5237123Z │ libapp_update.a                 │        232 │     4 │     4 │     0 │     0 │        228 │      30 │        0 │    198 │       0 │             0 │           0 │
build	Build ESP32-C6 firmware	2026-09-24T12:52:03.5237889Z │ libmesh.a                       │         68 │     4 │     4 │     0 │     0 │         64 │       0 │        0 │     64 │       0 │             0 │           0 │
build	Build ESP32-C6 firmware	2026-09-24T12:52:03.5238641Z │ libcxx.a                        │         60 │     0 │     0 │     0 │     0 │         60 │       0 │        0 │     60 │       0 │             0 │           0 │
build	Build ESP32-C6 firmware	2026-09-24T12:52:03.5239595Z │ libnvs_sec_provider.a           │          2 │     0 │     0 │     0 │     0 │          2 │       0 │        0 │      2 │       0 │             0 │           0 │
build	Build ESP32-C6 firmware	2026-09-24T12:52:03.5240508Z └─────────────────────────────────┴────────────┴───────┴───────┴───────┴───────┴────────────┴─────────┴──────────┴────────┴─────────┴───────────────┴─────────────┘
build	Build ESP32-C6 firmware	2026-09-24T12:52:03.6500133Z Executing action: size-files
build	Build ESP32-C6 firmware	2026-09-24T12:52:03.6500775Z Running ninja in directory /app/yuanwil1y/esp32c6-Pwnagotchi/build
build	Build ESP32-C6 firmware	2026-09-24T12:52:03.6501189Z Executing "ninja all"...
build	Build ESP32-C6 firmware	2026-09-24T12:52:03.6502909Z [1/4] cd /app/yuanwil1y/esp32c6-Pwnagotchi/build/esp-idf/esptool_py && /opt/esp/python_env/idf5.4_py3.12_env/bin/python /opt/esp/idf/components/partition_table/check_sizes.py --offset 0x8000 partition --type app /app/yuanwil1y/esp32c6-Pwnagotchi/build/partition_table/partition-table.bin /app/yuanwil1y/esp32c6-Pwnagotchi/build/esp32c6_pwnagotchi.bin
build	Build ESP32-C6 firmware	2026-09-24T12:52:03.6504929Z esp32c6_pwnagotchi.bin binary size 0x1230b0 bytes. Smallest app partition is 0x400000 bytes. 0x2dcf50 bytes (72%) free.
build	Build ESP32-C6 firmware	2026-09-24T12:52:03.6629933Z [2/4] Performing build step for 'bootloader'
build	Build ESP32-C6 firmware	2026-09-24T12:52:03.6631483Z [1/1] cd /app/yuanwil1y/esp32c6-Pwnagotchi/build/bootloader/esp-idf/esptool_py && /opt/esp/python_env/idf5.4_py3.12_env/bin/python /opt/esp/idf/components/partition_table/check_sizes.py --offset 0x8000 bootloader 0x0 /app/yuanwil1y/esp32c6-Pwnagotchi/build/bootloader/bootloader.bin
build	Build ESP32-C6 firmware	2026-09-24T12:52:03.6633050Z Bootloader binary size 0x5560 bytes. 0x2aa0 bytes (33%) free.
build	Build ESP32-C6 firmware	2026-09-24T12:52:03.6652164Z [3/4] No install step for 'bootloader'
build	Build ESP32-C6 firmware	2026-09-24T12:52:03.6700444Z [4/4] Completed 'bootloader'
build	Build ESP32-C6 firmware	2026-09-24T12:52:03.7346197Z Running ninja in directory /app/yuanwil1y/esp32c6-Pwnagotchi/build
build	Build ESP32-C6 firmware	2026-09-24T12:52:03.7346863Z Executing "ninja size-files"...
build	Build ESP32-C6 firmware	2026-09-24T12:52:03.7348167Z [0/1] cd /app/yuanwil1y/esp32c6-Pwnagotchi/build && /opt/esp/tools/cmake/3.30.2/bin/cmake -D "IDF_SIZE_TOOL=/opt/esp/python_env/idf5.4_py3.12_env/bin/python;-m;esp_idf_size" -D IDF_SIZE_MODE=--files -D MAP_FILE=/app/yuanwil1y/esp32c6-Pwnagotchi/build/esp32c6_pwnagotchi.map -D OUTPUT_JSON= -P /opt/esp/idf/tools/cmake/run_size_tool.cmake
build	Build ESP32-C6 firmware	2026-09-24T12:52:04.5899205Z                                                                     Per-file contributions to ELF file                                                                     
build	Build ESP32-C6 firmware	2026-09-24T12:52:04.5901457Z ┏━━━━━━━━━━━━━━━━━━━━━━━━━━━━━━━━━━━━━━━━━━┳━━━━━━━━━━━━┳━━━━━━━┳━━━━━━━┳━━━━━━━┳━━━━━━━┳━━━━━━━━━━━━┳━━━━━━━━━┳━━━━━━━━━━┳━━━━━━━┳━━━━━━━━━┳━━━━━━━━━━━━━━━┳━━━━━━━━━━━━━┓
build	Build ESP32-C6 firmware	2026-09-24T12:52:04.5904052Z ┃ Object File                              ┃ Total Size ┃ DIRAM ┃  .bss ┃ .data ┃ .text ┃ Flash Code ┃ .rodata ┃ .appdesc ┃ .text ┃ LP SRAM ┃ .rtc_reserved ┃ .force_fast ┃
build	Build ESP32-C6 firmware	2026-09-24T12:52:04.5906680Z ┡━━━━━━━━━━━━━━━━━━━━━━━━━━━━━━━━━━━━━━━━━━╇━━━━━━━━━━━━╇━━━━━━━╇━━━━━━━╇━━━━━━━╇━━━━━━━╇━━━━━━━━━━━━╇━━━━━━━━━╇━━━━━━━━━━╇━━━━━━━╇━━━━━━━━━╇━━━━━━━━━━━━━━━╇━━━━━━━━━━━━━┩
build	Build ESP32-C6 firmware	2026-09-24T12:52:04.5908755Z │ esp_app_desc.c.obj                       │      86063 │    10 │    10 │     0 │     0 │      86053 │   85267 │      256 │   530 │       0 │             0 │           0 │
build	Build ESP32-C6 firmware	2026-09-24T12:52:04.5910697Z │ wifi_sniffer.c.obj                       │      38675 │ 31283 │ 31283 │     0 │     0 │       7392 │      24 │        0 │  7368 │       0 │             0 │           0 │
build	Build ESP32-C6 firmware	2026-09-24T12:52:04.5912549Z │ wl_cnx.o                                 │      22393 │  5316 │  5169 │     3 │   144 │      17077 │    1497 │        0 │ 15580 │       0 │             0 │           0 │
build	Build ESP32-C6 firmware	2026-09-24T12:52:04.5914269Z │ pm.o                                     │      19985 │  9212 │  1152 │    88 │  7972 │      10773 │    1075 │        0 │  9698 │       0 │             0 │           0 │
build	Build ESP32-C6 firmware	2026-09-24T12:52:04.5916360Z │ ieee80211_output.o                       │      17596 │  3663 │    13 │     2 │  3648 │      13933 │     539 │        0 │ 13394 │       0 │             0 │           0 │
build	Build ESP32-C6 firmware	2026-09-24T12:52:04.5918182Z │ ieee80211_sta.o                          │      15849 │  2492 │    35 │    13 │  2444 │      13357 │    1323 │        0 │ 12034 │       0 │             0 │           0 │
build	Build ESP32-C6 firmware	2026-09-24T12:52:04.5919809Z │ pp.o                                     │      15729 │  9066 │    32 │  1068 │  7966 │       6663 │     685 │        0 │  5978 │       0 │             0 │           0 │
build	Build ESP32-C6 firmware	2026-09-24T12:52:04.5921406Z │ ff.c.obj                                 │      15275 │    10 │    10 │     0 │     0 │      15265 │     185 │        0 │ 15080 │       0 │             0 │           0 │
build	Build ESP32-C6 firmware	2026-09-24T12:52:04.5924523Z │ lv_theme_default.c.obj                   │      15233 │   291 │   109 │     0 │   182 │      14942 │      44 │        0 │ 14898 │       0 │             0 │           0 │
build	Build ESP32-C6 firmware	2026-09-24T12:52:04.5926333Z │ sd_logger_idf.c.obj                      │      14368 │ 10238 │ 10238 │     0 │     0 │       4130 │       0 │        0 │  4130 │       0 │             0 │           0 │
build	Build ESP32-C6 firmware	2026-09-24T12:52:04.5928053Z │ ieee80211_hostap.o                       │      13989 │    82 │    65 │     1 │    16 │      13907 │    1109 │        0 │ 12798 │       0 │             0 │           0 │
build	Build ESP32-C6 firmware	2026-09-24T12:52:04.5929775Z │ lv_font_montserrat_14.c.obj              │      13641 │     8 │     8 │     0 │     0 │      13633 │   13633 │        0 │     0 │       0 │             0 │           0 │
build	Build ESP32-C6 firmware	2026-09-24T12:52:04.5931523Z │ ieee80211_scan.o                         │      13207 │   323 │   309 │    14 │     0 │      12884 │     716 │        0 │ 12168 │       0 │             0 │           0 │
build	Build ESP32-C6 firmware	2026-09-24T12:52:04.5933615Z │ sae.c.obj                                │      12620 │     0 │     0 │     0 │     0 │      12620 │      32 │        0 │ 12588 │       0 │             0 │           0 │
build	Build ESP32-C6 firmware	2026-09-24T12:52:04.5935288Z │ wpa.c.obj                                │      12560 │   872 │   872 │     0 │     0 │      11688 │       0 │        0 │ 11688 │       0 │             0 │           0 │
build	Build ESP32-C6 firmware	2026-09-24T12:52:04.5936924Z │ wdev.o                                   │      12362 │  4770 │   160 │   204 │  4406 │       7592 │     850 │        0 │  6742 │       0 │             0 │           0 │
build	Build ESP32-C6 firmware	2026-09-24T12:52:04.5938595Z │ ieee80211_he.o                           │      12090 │   321 │    27 │     2 │   292 │      11769 │    3243 │        0 │  8526 │       0 │             0 │           0 │
build	Build ESP32-C6 firmware	2026-09-24T12:52:04.5940253Z │ nd6.c.obj                                │      11830 │   940 │   932 │     8 │     0 │      10890 │      88 │        0 │ 10802 │       0 │             0 │           0 │
build	Build ESP32-C6 firmware	2026-09-24T12:52:04.5942139Z │ ieee80211_ht.o                           │      11694 │   776 │     5 │     1 │   770 │      10918 │    1536 │        0 │  9382 │       0 │             0 │           0 │
build	Build ESP32-C6 firmware	2026-09-24T12:52:04.5944080Z │ ieee80211_ioctl.o                        │      11299 │   135 │   135 │     0 │     0 │      11164 │    1790 │        0 │  9374 │       0 │             0 │           0 │
build	Build ESP32-C6 firmware	2026-09-24T12:52:04.5945678Z │ tcp_in.c.obj                             │      10720 │    52 │    52 │     0 │     0 │      10668 │     154 │        0 │ 10514 │       0 │             0 │           0 │
build	Build ESP32-C6 firmware	2026-09-24T12:52:04.5947301Z │ ieee80211_twt.o                          │      10299 │   663 │   259 │   404 │     0 │       9636 │    1132 │        0 │  8504 │       0 │             0 │           0 │
build	Build ESP32-C6 firmware	2026-09-24T12:52:04.5948977Z │ lmac.o                                   │       9362 │  3321 │     0 │    51 │  3270 │       6041 │     923 │        0 │  5118 │       0 │             0 │           0 │
build	Build ESP32-C6 firmware	2026-09-24T12:52:04.5953672Z │ trc.o                                    │       9288 │  2942 │   492 │   876 │  1574 │       6346 │    1520 │        0 │  4826 │       0 │             0 │           0 │
build	Build ESP32-C6 firmware	2026-09-24T12:52:04.5955469Z │ lv_chart.c.obj                           │       9286 │     0 │     0 │     0 │     0 │       9286 │      28 │        0 │  9258 │       0 │             0 │           0 │
build	Build ESP32-C6 firmware	2026-09-24T12:52:04.5957139Z │ lv_draw_sw_rect.c.obj                    │       9254 │  4872 │     0 │     0 │  4872 │       4382 │       0 │        0 │  4382 │       0 │             0 │           0 │
build	Build ESP32-C6 firmware	2026-09-24T12:52:04.5958777Z │ lv_obj_pos.c.obj                         │       8947 │     5 │     5 │     0 │     0 │       8942 │       0 │        0 │  8942 │       0 │             0 │           0 │
build	Build ESP32-C6 firmware	2026-09-24T12:52:04.5960355Z │ wpa_auth.c.obj                           │       8674 │    68 │    68 │     0 │     0 │       8606 │       0 │        0 │  8606 │       0 │             0 │           0 │
build	Build ESP32-C6 firmware	2026-09-24T12:52:04.5962222Z │ ecp.c.obj                                │       8466 │    68 │    68 │     0 │     0 │       8398 │     236 │        0 │  8162 │       0 │             0 │           0 │
build	Build ESP32-C6 firmware	2026-09-24T12:52:04.5963913Z │ tasks.c.obj                              │       8336 │  7792 │   660 │     8 │  7124 │        544 │     544 │        0 │     0 │       0 │             0 │           0 │
build	Build ESP32-C6 firmware	2026-09-24T12:52:04.5965630Z │ ecp_curves.c.obj                         │       7934 │     0 │     0 │     0 │     0 │       7934 │    2276 │        0 │  5658 │       0 │             0 │           0 │
build	Build ESP32-C6 firmware	2026-09-24T12:52:04.5967319Z │ spi_master.c.obj                         │       7747 │  4372 │     8 │     0 │  4364 │       3375 │     393 │        0 │  2982 │       0 │             0 │           0 │
build	Build ESP32-C6 firmware	2026-09-24T12:52:04.5968919Z │ i2c.c.obj                                │       7603 │  1198 │    10 │    32 │  1156 │       6405 │     343 │        0 │  6062 │       0 │             0 │           0 │
build	Build ESP32-C6 firmware	2026-09-24T12:52:04.5970580Z │ tcp_out.c.obj                            │       7592 │     0 │     0 │     0 │     0 │       7592 │     466 │        0 │  7126 │       0 │             0 │           0 │
build	Build ESP32-C6 firmware	2026-09-24T12:52:04.5972492Z │ sd_logger_core.c.obj                     │       7482 │     0 │     0 │     0 │     0 │       7482 │     192 │        0 │  7290 │       0 │             0 │           0 │
build	Build ESP32-C6 firmware	2026-09-24T12:52:04.5974202Z │ dhcp.c.obj                               │       7302 │    64 │    64 │     0 │     0 │       7238 │     228 │        0 │  7010 │       0 │             0 │           0 │
build	Build ESP32-C6 firmware	2026-09-24T12:52:04.5975967Z │ regdma_link.c.obj                        │       7091 │     0 │     0 │     0 │     0 │       7091 │     767 │        0 │  6324 │       0 │             0 │           0 │
build	Build ESP32-C6 firmware	2026-09-24T12:52:04.5977670Z │ ieee80211_nvs.o                          │       7087 │  1304 │  1300 │     4 │     0 │       5783 │     491 │        0 │  5292 │       0 │             0 │           0 │
build	Build ESP32-C6 firmware	2026-09-24T12:52:04.5979295Z │ rsa.c.obj                                │       7050 │     0 │     0 │     0 │     0 │       7050 │       0 │        0 │  7050 │       0 │             0 │           0 │
build	Build ESP32-C6 firmware	2026-09-24T12:52:04.5981001Z │ lv_draw_mask.c.obj                       │       6788 │  3832 │     0 │     0 │  3832 │       2956 │       0 │        0 │  2956 │       0 │             0 │           0 │
build	Build ESP32-C6 firmware	2026-09-24T12:52:04.5983195Z │ sockets.c.obj                            │       6755 │   608 │   608 │     0 │     0 │       6147 │     209 │        0 │  5938 │       0 │             0 │           0 │
build	Build ESP32-C6 firmware	2026-09-24T12:52:04.5984950Z │ gpio.c.obj                               │       6657 │    36 │     0 │    36 │     0 │       6621 │     631 │        0 │  5990 │       0 │             0 │           0 │
build	Build ESP32-C6 firmware	2026-09-24T12:52:04.5986611Z │ ledc.c.obj                               │       6604 │   218 │    36 │     0 │   182 │       6386 │     232 │        0 │  6154 │       0 │             0 │           0 │
build	Build ESP32-C6 firmware	2026-09-24T12:52:04.5988855Z │ ieee80211_api.o                          │       6545 │    30 │    10 │    20 │     0 │       6515 │     371 │        0 │  6144 │       0 │             0 │           0 │
build	Build ESP32-C6 firmware	2026-09-24T12:52:04.5990590Z │ ieee80211_input.o                        │       6523 │     0 │     0 │     0 │     0 │       6523 │     517 │        0 │  6006 │       0 │             0 │           0 │
build	Build ESP32-C6 firmware	2026-09-24T12:52:04.5992523Z │ lv_obj_scroll.c.obj                      │       6382 │     0 │     0 │     0 │     0 │       6382 │       0 │        0 │  6382 │       0 │             0 │           0 │
build	Build ESP32-C6 firmware	2026-09-24T12:52:04.5994192Z │ bignum.c.obj                             │       6341 │     0 │     0 │     0 │     0 │       6341 │     167 │        0 │  6174 │       0 │             0 │           0 │
build	Build ESP32-C6 firmware	2026-09-24T12:52:04.5995876Z │ vfs_fat.c.obj                            │       6248 │    12 │    12 │     0 │     0 │       6236 │     220 │        0 │  6016 │       0 │             0 │           0 │
build	Build ESP32-C6 firmware	2026-09-24T12:52:04.5997606Z │ hal_mac_tx.o                             │       6177 │  5160 │   106 │     0 │  5054 │       1017 │     675 │        0 │   342 │       0 │             0 │           0 │
build	Build ESP32-C6 firmware	2026-09-24T12:52:04.5999303Z │ tcp.c.obj                                │       6174 │    25 │    23 │     2 │     0 │       6149 │     353 │        0 │  5796 │       0 │             0 │           0 │
build	Build ESP32-C6 firmware	2026-09-24T12:52:04.6000985Z │ lv_btnmatrix.c.obj                       │       5992 │    28 │     0 │    28 │     0 │       5964 │      28 │        0 │  5936 │       0 │             0 │           0 │
build	Build ESP32-C6 firmware	2026-09-24T12:52:04.6002840Z │ hal_mac_ctl.o                            │       5952 │   376 │     0 │   204 │   172 │       5576 │     596 │        0 │  4980 │       0 │             0 │           0 │
build	Build ESP32-C6 firmware	2026-09-24T12:52:04.6004441Z │ lv_refr.c.obj                            │       5948 │    94 │     8 │     0 │    86 │       5854 │       0 │        0 │  5854 │       0 │             0 │           0 │
build	Build ESP32-C6 firmware	2026-09-24T12:52:04.6006042Z │ ringbuf.c.obj                            │       5740 │  5238 │     0 │     0 │  5238 │        502 │     502 │        0 │     0 │       0 │             0 │           0 │
build	Build ESP32-C6 firmware	2026-09-24T12:52:04.6007622Z │ lv_label.c.obj                           │       5734 │     0 │     0 │     0 │     0 │       5734 │      28 │        0 │  5706 │       0 │             0 │           0 │
build	Build ESP32-C6 firmware	2026-09-24T12:52:04.6009441Z │ sdmmc_sd.c.obj                           │       5685 │     0 │     0 │     0 │     0 │       5685 │     575 │        0 │  5110 │       0 │             0 │           0 │
build	Build ESP32-C6 firmware	2026-09-24T12:52:04.6011109Z │ sha512.c.obj                             │       5672 │     0 │     0 │     0 │     0 │       5672 │     640 │        0 │  5032 │       0 │             0 │           0 │
build	Build ESP32-C6 firmware	2026-09-24T12:52:04.6012828Z │ vfs.c.obj                                │       5656 │   232 │    40 │   192 │     0 │       5424 │      30 │        0 │  5394 │       0 │             0 │           0 │
build	Build ESP32-C6 firmware	2026-09-24T12:52:04.6014563Z │ rtc_clk.c.obj                            │       5510 │  5510 │     8 │  3014 │  2488 │          0 │       0 │        0 │     0 │       0 │             0 │           0 │
build	Build ESP32-C6 firmware	2026-09-24T12:52:04.6016128Z │ lv_obj_style.c.obj                       │       5263 │   183 │     0 │     1 │   182 │       5080 │       0 │        0 │  5080 │       0 │             0 │           0 │
build	Build ESP32-C6 firmware	2026-09-24T12:52:04.6017742Z │ sleep_retention.c.obj                    │       5245 │   920 │     0 │   892 │    28 │       4325 │     325 │        0 │  4000 │       0 │             0 │           0 │
build	Build ESP32-C6 firmware	2026-09-24T12:52:04.6019313Z │ lv_indev.c.obj                           │       5232 │     8 │     8 │     0 │     0 │       5224 │       0 │        0 │  5224 │       0 │             0 │           0 │
build	Build ESP32-C6 firmware	2026-09-24T12:52:04.6020744Z │ phy_tx_cal.o                             │       5187 │    11 │     0 │    11 │     0 │       5176 │       0 │        0 │  5176 │       0 │             0 │           0 │
build	Build ESP32-C6 firmware	2026-09-24T12:52:04.6022547Z │ nvs_storage.cpp.obj                      │       5160 │     0 │     0 │     0 │     0 │       5160 │       0 │        0 │  5160 │       0 │             0 │           0 │
build	Build ESP32-C6 firmware	2026-09-24T12:52:04.6024257Z │ lv_arc.c.obj                             │       5118 │     0 │     0 │     0 │     0 │       5118 │      28 │        0 │  5090 │       0 │             0 │           0 │
build	Build ESP32-C6 firmware	2026-09-24T12:52:04.6025838Z │ lv_textarea.c.obj                        │       5104 │     4 │     4 │     0 │     0 │       5100 │      28 │        0 │  5072 │       0 │             0 │           0 │
build	Build ESP32-C6 firmware	2026-09-24T12:52:04.6027346Z │ nvs_page.cpp.obj                         │       4980 │     4 │     4 │     0 │     0 │       4976 │       4 │        0 │  4972 │       0 │             0 │           0 │
build	Build ESP32-C6 firmware	2026-09-24T12:52:04.6028834Z │ api_msg.c.obj                            │       4978 │     0 │     0 │     0 │     0 │       4978 │     254 │        0 │  4724 │       0 │             0 │           0 │
build	Build ESP32-C6 firmware	2026-09-24T12:52:04.6030328Z │ hal_debug.o                              │       4966 │     0 │     0 │     0 │     0 │       4966 │     976 │        0 │  3990 │       0 │             0 │           0 │
build	Build ESP32-C6 firmware	2026-09-24T12:52:04.6032342Z │ sdmmc_cmd.c.obj                          │       4819 │     0 │     0 │     0 │     0 │       4819 │     267 │        0 │  4552 │       0 │             0 │           0 │
build	Build ESP32-C6 firmware	2026-09-24T12:52:04.6034121Z │ spi_common.c.obj                         │       4773 │   336 │     0 │   112 │   224 │       4437 │     147 │        0 │  4290 │       0 │             0 │           0 │
build	Build ESP32-C6 firmware	2026-09-24T12:52:04.6035884Z │ lv_draw_sw_blend.c.obj                   │       4670 │  2610 │     0 │     0 │  2610 │       2060 │       0 │        0 │  2060 │       0 │             0 │           0 │
build	Build ESP32-C6 firmware	2026-09-24T12:52:04.6037607Z │ world.c.obj                              │       4638 │     0 │     0 │     0 │     0 │       4638 │       6 │        0 │  4632 │       0 │             0 │           0 │
build	Build ESP32-C6 firmware	2026-09-24T12:52:04.6039224Z │ pm_twt.o                                 │       4573 │  1299 │    19 │    24 │  1256 │       3274 │     326 │        0 │  2948 │       0 │             0 │           0 │
build	Build ESP32-C6 firmware	2026-09-24T12:52:04.6040925Z │ ip6.c.obj                                │       4550 │     0 │     0 │     0 │     0 │       4550 │      18 │        0 │  4532 │       0 │             0 │           0 │
build	Build ESP32-C6 firmware	2026-09-24T12:52:04.6043068Z │ lv_dropdown.c.obj                        │       4420 │     0 │     0 │     0 │     0 │       4420 │      56 │        0 │  4364 │       0 │             0 │           0 │
build	Build ESP32-C6 firmware	2026-09-24T12:52:04.6044797Z │ queue.c.obj                              │       4419 │  4024 │     0 │     0 │  4024 │        395 │     395 │        0 │     0 │       0 │             0 │           0 │
build	Build ESP32-C6 firmware	2026-09-24T12:52:04.6046482Z │ lv_obj.c.obj                             │       4359 │     5 │     5 │     0 │     0 │       4354 │      28 │        0 │  4326 │       0 │             0 │           0 │
build	Build ESP32-C6 firmware	2026-09-24T12:52:04.6048194Z │ ieee80211_supplicant.o                   │       4292 │   164 │   160 │     4 │     0 │       4128 │     110 │        0 │  4018 │       0 │             0 │           0 │
build	Build ESP32-C6 firmware	2026-09-24T12:52:04.6050024Z │ aria.c.obj                               │       4098 │     0 │     0 │     0 │     0 │       4098 │    1072 │        0 │  3026 │       0 │             0 │           0 │
build	Build ESP32-C6 firmware	2026-09-24T12:52:04.6052014Z │ lv_indev_scroll.c.obj                    │       4086 │     0 │     0 │     0 │     0 │       4086 │       0 │        0 │  4086 │       0 │             0 │           0 │
build	Build ESP32-C6 firmware	2026-09-24T12:52:04.6053859Z │ lv_table.c.obj                           │       4082 │     0 │     0 │     0 │     0 │       4082 │      28 │        0 │  4054 │       0 │             0 │           0 │
build	Build ESP32-C6 firmware	2026-09-24T12:52:04.6055640Z │ lv_draw_sw_arc.c.obj                     │       4076 │     0 │     0 │     0 │     0 │       4076 │       0 │        0 │  4076 │       0 │             0 │           0 │
build	Build ESP32-C6 firmware	2026-09-24T12:52:04.6057272Z │ phy_init.o                               │       4074 │  1076 │     4 │   408 │   664 │       2998 │       0 │        0 │  2998 │       0 │             0 │           0 │
build	Build ESP32-C6 firmware	2026-09-24T12:52:04.6059084Z │ gdma.c.obj                               │       4022 │   372 │     0 │    16 │   356 │       3650 │     236 │        0 │  3414 │       0 │             0 │           0 │
build	Build ESP32-C6 firmware	2026-09-24T12:52:04.6060793Z │ udp.c.obj                                │       3922 │     6 │     4 │     2 │     0 │       3916 │      50 │        0 │  3866 │       0 │             0 │           0 │
build	Build ESP32-C6 firmware	2026-09-24T12:52:04.6062790Z │ sdspi_host.c.obj                         │       3919 │     8 │     8 │     0 │     0 │       3911 │      27 │        0 │  3884 │       0 │             0 │           0 │
build	Build ESP32-C6 firmware	2026-09-24T12:52:04.6064537Z │ phy_rx_cal.o                             │       3830 │    54 │     0 │    54 │     0 │       3776 │       0 │        0 │  3776 │       0 │             0 │           0 │
build	Build ESP32-C6 firmware	2026-09-24T12:52:04.6066174Z │ lv_flex.c.obj                            │       3824 │    22 │    22 │     0 │     0 │       3802 │       0 │        0 │  3802 │       0 │             0 │           0 │
build	Build ESP32-C6 firmware	2026-09-24T12:52:04.6067967Z │ ieee80211_timer.o                        │       3769 │   256 │     0 │   256 │     0 │       3513 │    1629 │        0 │  1884 │       0 │             0 │           0 │
build	Build ESP32-C6 firmware	2026-09-24T12:52:04.6069736Z │ ieee80211.o                              │       3731 │   676 │   676 │     0 │     0 │       3055 │     399 │        0 │  2656 │       0 │             0 │           0 │
build	Build ESP32-C6 firmware	2026-09-24T12:52:04.6071981Z │ ieee80211_parser.c.obj                   │       3691 │     0 │     0 │     0 │     0 │       3691 │      17 │        0 │  3674 │       0 │             0 │           0 │
build	Build ESP32-C6 firmware	2026-09-24T12:52:04.6073784Z │ lv_grid.c.obj                            │       3656 │    42 │    42 │     0 │     0 │       3614 │       0 │        0 │  3614 │       0 │             0 │           0 │
build	Build ESP32-C6 firmware	2026-09-24T12:52:04.6075605Z │ lv_colorwheel.c.obj                      │       3624 │     8 │     5 │     3 │     0 │       3616 │      28 │        0 │  3588 │       0 │             0 │           0 │
build	Build ESP32-C6 firmware	2026-09-24T12:52:04.6077656Z │ netif.c.obj                              │       3613 │   273 │   273 │     0 │     0 │       3340 │     210 │        0 │  3130 │       0 │             0 │           0 │
build	Build ESP32-C6 firmware	2026-09-24T12:52:04.6079451Z │ sdmmc_common.c.obj                       │       3608 │     0 │     0 │     0 │     0 │       3608 │     266 │        0 │  3342 │       0 │             0 │           0 │
build	Build ESP32-C6 firmware	2026-09-24T12:52:04.6081213Z │ wpa_common.c.obj                         │       3606 │     0 │     0 │     0 │     0 │       3606 │       0 │        0 │  3606 │       0 │             0 │           0 │
build	Build ESP32-C6 firmware	2026-09-24T12:52:04.6083338Z │ esp_flash_api.c.obj                      │       3595 │  3356 │     0 │   238 │  3118 │        239 │     219 │        0 │    20 │       0 │             0 │           0 │
build	Build ESP32-C6 firmware	2026-09-24T12:52:04.6085062Z │ esp_wpa3.c.obj                           │       3546 │   164 │   156 │     8 │     0 │       3382 │       0 │        0 │  3382 │       0 │             0 │           0 │
build	Build ESP32-C6 firmware	2026-09-24T12:52:04.6086804Z │ sae_pk.c.obj                             │       3542 │     0 │     0 │     0 │     0 │       3542 │    1056 │        0 │  2486 │       0 │             0 │           0 │
build	Build ESP32-C6 firmware	2026-09-24T12:52:04.6088516Z │ coexist_scheme.o                         │       3507 │  1281 │     0 │  1243 │    38 │       2226 │       0 │        0 │  2226 │       0 │             0 │           0 │
build	Build ESP32-C6 firmware	2026-09-24T12:52:04.6090115Z │ esp_mmu_map.c.obj                        │       3494 │   400 │    44 │     4 │   352 │       3094 │     142 │        0 │  2952 │       0 │             0 │           0 │
build	Build ESP32-C6 firmware	2026-09-24T12:52:04.6092114Z │ ieee80211_btwt.o                         │       3440 │  1256 │  1256 │     0 │     0 │       2184 │     196 │        0 │  1988 │       0 │             0 │           0 │
build	Build ESP32-C6 firmware	2026-09-24T12:52:04.6093843Z │ lv_roller.c.obj                          │       3436 │     0 │     0 │     0 │     0 │       3436 │      56 │        0 │  3380 │       0 │             0 │           0 │
build	Build ESP32-C6 firmware	2026-09-24T12:52:04.6095656Z │ esf_buf.o                                │       3422 │  1990 │   240 │   508 │  1242 │       1432 │     490 │        0 │   942 │       0 │             0 │           0 │
build	Build ESP32-C6 firmware	2026-09-24T12:52:04.6097474Z │ spi_flash_chip_generic.c.obj             │       3322 │  3322 │     0 │   250 │  3072 │          0 │       0 │        0 │     0 │       0 │             0 │           0 │
build	Build ESP32-C6 firmware	2026-09-24T12:52:04.6099239Z │ bignum_core.c.obj                        │       3300 │     0 │     0 │     0 │     0 │       3300 │       0 │        0 │  3300 │       0 │             0 │           0 │
build	Build ESP32-C6 firmware	2026-09-24T12:52:04.6100947Z │ intr_alloc.c.obj                         │       3294 │   785 │    13 │     0 │   772 │       2509 │     157 │        0 │  2352 │       0 │             0 │           0 │
build	Build ESP32-C6 firmware	2026-09-24T12:52:04.6103048Z │ pp_he.o                                  │       3224 │  2946 │     0 │    40 │  2906 │        278 │     154 │        0 │   124 │       0 │             0 │           0 │
build	Build ESP32-C6 firmware	2026-09-24T12:52:04.6104742Z │ etharp.c.obj                             │       3183 │   241 │   241 │     0 │     0 │       2942 │      80 │        0 │  2862 │       0 │             0 │           0 │
build	Build ESP32-C6 firmware	2026-09-24T12:52:04.6106433Z │ clk.c.obj                                │       3123 │    36 │     0 │     0 │    36 │       3087 │      13 │        0 │  3074 │       0 │             0 │           0 │
build	Build ESP32-C6 firmware	2026-09-24T12:52:04.6108520Z │ crypto_mbedtls-ec.c.obj                  │       3078 │     0 │     0 │     0 │     0 │       3078 │       0 │        0 │  3078 │       0 │             0 │           0 │
build	Build ESP32-C6 firmware	2026-09-24T12:52:04.6110394Z │ esp_lcd_panel_io_spi.c.obj               │       3054 │     0 │     0 │     0 │     0 │       3054 │     108 │        0 │  2946 │       0 │             0 │           0 │
build	Build ESP32-C6 firmware	2026-09-24T12:52:04.6112457Z │ if_hwctrl.o                              │       3051 │   281 │   161 │     0 │   120 │       2770 │      38 │        0 │  2732 │       0 │             0 │           0 │
build	Build ESP32-C6 firmware	2026-09-24T12:52:04.6114153Z │ lv_img_decoder.c.obj                     │       3030 │     0 │     0 │     0 │     0 │       3030 │      16 │        0 │  3014 │       0 │             0 │           0 │
build	Build ESP32-C6 firmware	2026-09-24T12:52:04.6116088Z │ lv_meter.c.obj                           │       3000 │   182 │     0 │     0 │   182 │       2818 │      28 │        0 │  2790 │       0 │             0 │           0 │
build	Build ESP32-C6 firmware	2026-09-24T12:52:04.6117750Z │ spi_flash_hal_iram.c.obj                 │       2864 │  2864 │     0 │    36 │  2828 │          0 │       0 │        0 │     0 │       0 │             0 │           0 │
build	Build ESP32-C6 firmware	2026-09-24T12:52:04.6119438Z │ lv_img.c.obj                             │       2858 │     0 │     0 │     0 │     0 │       2858 │      28 │        0 │  2830 │       0 │             0 │           0 │
build	Build ESP32-C6 firmware	2026-09-24T12:52:04.6121084Z │ lv_obj_draw.c.obj                        │       2794 │     0 │     0 │     0 │     0 │       2794 │       0 │        0 │  2794 │       0 │             0 │           0 │
build	Build ESP32-C6 firmware	2026-09-24T12:52:04.6123056Z │ lv_draw_sw_line.c.obj                    │       2787 │  2754 │     0 │     0 │  2754 │         33 │      33 │        0 │     0 │       0 │             0 │           0 │
build	Build ESP32-C6 firmware	2026-09-24T12:52:04.6124819Z │ lv_slider.c.obj                          │       2782 │     0 │     0 │     0 │     0 │       2782 │      28 │        0 │  2754 │       0 │             0 │           0 │
build	Build ESP32-C6 firmware	2026-09-24T12:52:04.6126597Z │ pmu_init.c.obj                           │       2775 │    66 │     0 │    56 │    10 │       2709 │     195 │        0 │  2514 │       0 │             0 │           0 │
build	Build ESP32-C6 firmware	2026-09-24T12:52:04.6128284Z │ pbuf.c.obj                               │       2768 │     1 │     1 │     0 │     0 │       2767 │     147 │        0 │  2620 │       0 │             0 │           0 │
build	Build ESP32-C6 firmware	2026-09-24T12:52:04.6129980Z │ lv_bar.c.obj                             │       2762 │     0 │     0 │     0 │     0 │       2762 │      28 │        0 │  2734 │       0 │             0 │           0 │
build	Build ESP32-C6 firmware	2026-09-24T12:52:04.6131529Z │ ieee802_11.c.obj                         │       2734 │     0 │     0 │     0 │     0 │       2734 │       0 │        0 │  2734 │       0 │             0 │           0 │
build	Build ESP32-C6 firmware	2026-09-24T12:52:04.6133733Z │ modem_clock.c.obj                        │       2686 │  1632 │     0 │   180 │  1452 │       1054 │     198 │        0 │   856 │       0 │             0 │           0 │
build	Build ESP32-C6 firmware	2026-09-24T12:52:04.6135645Z │ hal_mac.o                                │       2684 │   420 │     6 │     0 │   414 │       2264 │       6 │        0 │  2258 │       0 │             0 │           0 │
build	Build ESP32-C6 firmware	2026-09-24T12:52:04.6137319Z │ lv_printf.c.obj                          │       2660 │     0 │     0 │     0 │     0 │       2660 │       0 │        0 │  2660 │       0 │             0 │           0 │
build	Build ESP32-C6 firmware	2026-09-24T12:52:04.6139300Z │ port.c.obj                               │       2650 │  2610 │  1564 │    80 │   966 │         40 │      40 │        0 │     0 │       0 │             0 │           0 │
build	Build ESP32-C6 firmware	2026-09-24T12:52:04.6141139Z │ wl_chm.o                                 │       2618 │   592 │   592 │     0 │     0 │       2026 │      66 │        0 │  1960 │       0 │             0 │           0 │
build	Build ESP32-C6 firmware	2026-09-24T12:52:04.6143298Z │ wpa_auth_ie.c.obj                        │       2554 │     0 │     0 │     0 │     0 │       2554 │       0 │        0 │  2554 │       0 │             0 │           0 │
build	Build ESP32-C6 firmware	2026-09-24T12:52:04.6144875Z │ lv_txt.c.obj                             │       2516 │    28 │     0 │    28 │     0 │       2488 │       0 │        0 │  2488 │       0 │             0 │           0 │
build	Build ESP32-C6 firmware	2026-09-24T12:52:04.6146608Z │ esp_lcd_sh8601.c.obj                     │       2509 │     4 │     1 │     3 │     0 │       2505 │     231 │        0 │  2274 │       0 │             0 │           0 │
build	Build ESP32-C6 firmware	2026-09-24T12:52:04.6148288Z │ lv_area.c.obj                            │       2488 │    12 │     8 │     4 │     0 │       2476 │       0 │        0 │  2476 │       0 │             0 │           0 │
build	Build ESP32-C6 firmware	2026-09-24T12:52:04.6150009Z │ lv_draw_sw_transform.c.obj               │       2380 │   182 │     0 │     0 │   182 │       2198 │       0 │        0 │  2198 │       0 │             0 │           0 │
build	Build ESP32-C6 firmware	2026-09-24T12:52:04.6152022Z │ task_wdt.c.obj                           │       2325 │    30 │     5 │    25 │     0 │       2295 │     115 │        0 │  2180 │       0 │             0 │           0 │
build	Build ESP32-C6 firmware	2026-09-24T12:52:04.6153921Z │ usb_serial_jtag_vfs.c.obj                │       2252 │    56 │     8 │    48 │     0 │       2196 │     144 │        0 │  2052 │       0 │             0 │           0 │
build	Build ESP32-C6 firmware	2026-09-24T12:52:04.6155783Z │ gcm.c.obj                                │       2172 │     0 │     0 │     0 │     0 │       2172 │      32 │        0 │  2140 │       0 │             0 │           0 │
build	Build ESP32-C6 firmware	2026-09-24T12:52:04.6157469Z │ sdmmc_mmc.c.obj                          │       2155 │     0 │     0 │     0 │     0 │       2155 │     135 │        0 │  2020 │       0 │             0 │           0 │
build	Build ESP32-C6 firmware	2026-09-24T12:52:04.6159261Z │ phy_i2c.o                                │       2148 │  1286 │     0 │    52 │  1234 │        862 │       0 │        0 │   862 │       0 │             0 │           0 │
build	Build ESP32-C6 firmware	2026-09-24T12:52:04.6160995Z │ eapol_parser.c.obj                       │       2144 │     0 │     0 │     0 │     0 │       2144 │       8 │        0 │  2136 │       0 │             0 │           0 │
build	Build ESP32-C6 firmware	2026-09-24T12:52:04.6163188Z │ usb_serial_jtag.c.obj                    │       2097 │     4 │     4 │     0 │     0 │       2093 │      59 │        0 │  2034 │       0 │             0 │           0 │
build	Build ESP32-C6 firmware	2026-09-24T12:52:04.6165006Z │ phy_pbus.o                               │       2096 │   384 │     0 │   176 │   208 │       1712 │       0 │        0 │  1712 │       0 │             0 │           0 │
build	Build ESP32-C6 firmware	2026-09-24T12:52:04.6166793Z │ nvs_api.cpp.obj                          │       2082 │    16 │    16 │     0 │     0 │       2066 │       0 │        0 │  2066 │       0 │             0 │           0 │
build	Build ESP32-C6 firmware	2026-09-24T12:52:04.6168533Z │ spi_hal_iram.c.obj                       │       2056 │  2056 │     0 │    20 │  2036 │          0 │       0 │        0 │     0 │       0 │             0 │           0 │
build	Build ESP32-C6 firmware	2026-09-24T12:52:04.6170422Z │ phy_hw_freq.o                            │       2036 │  1066 │     0 │    40 │  1026 │        970 │       0 │        0 │   970 │       0 │             0 │           0 │
build	Build ESP32-C6 firmware	2026-09-24T12:52:04.6172395Z │ esp_aes_dma_core.c.obj                   │       2033 │   188 │    88 │    56 │    44 │       1845 │      39 │        0 │  1806 │       0 │             0 │           0 │
build	Build ESP32-C6 firmware	2026-09-24T12:52:04.6174404Z │ board_display.c.obj                      │       2019 │   213 │   167 │    46 │     0 │       1806 │     240 │        0 │  1566 │       0 │             0 │           0 │
build	Build ESP32-C6 firmware	2026-09-24T12:52:04.6176185Z │ mld6.c.obj                               │       1983 │     1 │     1 │     0 │     0 │       1982 │       0 │        0 │  1982 │       0 │             0 │           0 │
build	Build ESP32-C6 firmware	2026-09-24T12:52:04.6177931Z │ spi_bus_lock.c.obj                       │       1973 │  1247 │     0 │     9 │  1238 │        726 │     102 │        0 │   624 │       0 │             0 │           0 │
build	Build ESP32-C6 firmware	2026-09-24T12:52:04.6179988Z │ lv_draw_label.c.obj                      │       1954 │  1826 │     0 │     0 │  1826 │        128 │       0 │        0 │   128 │       0 │             0 │           0 │
build	Build ESP32-C6 firmware	2026-09-24T12:52:04.6182089Z │ wpa_ie.c.obj                             │       1951 │     0 │     0 │     0 │     0 │       1951 │      19 │        0 │  1932 │       0 │             0 │           0 │
build	Build ESP32-C6 firmware	2026-09-24T12:52:04.6183869Z │ sys_arch.c.obj                           │       1923 │    12 │    12 │     0 │     0 │       1911 │     165 │        0 │  1746 │       0 │             0 │           0 │
build	Build ESP32-C6 firmware	2026-09-24T12:52:04.6185606Z │ modem_clock_hal.c.obj                    │       1921 │   684 │     4 │     0 │   680 │       1237 │     257 │        0 │   980 │       0 │             0 │           0 │
build	Build ESP32-C6 firmware	2026-09-24T12:52:04.6187359Z │ pkparse.c.obj                            │       1910 │     0 │     0 │     0 │     0 │       1910 │       0 │        0 │  1910 │       0 │             0 │           0 │
build	Build ESP32-C6 firmware	2026-09-24T12:52:04.6188958Z │ ip4.c.obj                                │       1908 │     6 │     6 │     0 │     0 │       1902 │      22 │        0 │  1880 │       0 │             0 │           0 │
build	Build ESP32-C6 firmware	2026-09-24T12:52:04.6190554Z │ phy_init.c.obj                           │       1905 │   269 │     5 │     0 │   264 │       1636 │     116 │        0 │  1520 │       0 │             0 │           0 │
build	Build ESP32-C6 firmware	2026-09-24T12:52:04.6192561Z │ lv_keyboard.c.obj                        │       1898 │    72 │     0 │    72 │     0 │       1826 │     914 │        0 │   912 │       0 │             0 │           0 │
build	Build ESP32-C6 firmware	2026-09-24T12:52:04.6194240Z │ igmp.c.obj                               │       1893 │     9 │     9 │     0 │     0 │       1884 │      28 │        0 │  1856 │       0 │             0 │           0 │
build	Build ESP32-C6 firmware	2026-09-24T12:52:04.6195901Z │ esp_adapter.c.obj                        │       1891 │   815 │     5 │   484 │   326 │       1076 │       0 │        0 │  1076 │       0 │             0 │           0 │
build	Build ESP32-C6 firmware	2026-09-24T12:52:04.6197625Z │ raw.c.obj                                │       1886 │     4 │     4 │     0 │     0 │       1882 │      28 │        0 │  1854 │       0 │             0 │           0 │
build	Build ESP32-C6 firmware	2026-09-24T12:52:04.6199132Z │ esp_timer.c.obj                          │       1855 │   858 │     8 │     0 │   850 │        997 │      21 │        0 │   976 │       0 │             0 │           0 │
build	Build ESP32-C6 firmware	2026-09-24T12:52:04.6200966Z │ phy_tx_gain.o                            │       1824 │   132 │     0 │   132 │     0 │       1692 │       0 │        0 │  1692 │       0 │             0 │           0 │
build	Build ESP32-C6 firmware	2026-09-24T12:52:04.6202811Z │ phy_rx_gain.o                            │       1820 │    46 │     0 │    46 │     0 │       1774 │       0 │        0 │  1774 │       0 │             0 │           0 │
build	Build ESP32-C6 firmware	2026-09-24T12:52:04.6204329Z │ lv_draw_arc.c.obj                        │       1818 │     0 │     0 │     0 │     0 │       1818 │       0 │        0 │  1818 │       0 │             0 │           0 │
build	Build ESP32-C6 firmware	2026-09-24T12:52:04.6206076Z │ esp_err_to_name.c.obj                    │       1816 │     0 │     0 │     0 │     0 │       1816 │    1758 │        0 │    58 │       0 │             0 │           0 │
build	Build ESP32-C6 firmware	2026-09-24T12:52:04.6207997Z │ lv_style.c.obj                           │       1813 │     6 │     4 │     2 │     0 │       1807 │     113 │        0 │  1694 │       0 │             0 │           0 │
build	Build ESP32-C6 firmware	2026-09-24T12:52:04.6209926Z │ lv_draw_sw_letter.c.obj                  │       1809 │  1175 │   261 │     0 │   914 │        634 │     278 │        0 │   356 │       0 │             0 │           0 │
build	Build ESP32-C6 firmware	2026-09-24T12:52:04.6211847Z │ ecdsa.c.obj                              │       1806 │     0 │     0 │     0 │     0 │       1806 │       0 │        0 │  1806 │       0 │             0 │           0 │
build	Build ESP32-C6 firmware	2026-09-24T12:52:04.6213566Z │ lv_draw_sw_img.c.obj                     │       1802 │  1196 │     0 │     0 │  1196 │        606 │       0 │        0 │   606 │       0 │             0 │           0 │
build	Build ESP32-C6 firmware	2026-09-24T12:52:04.6215297Z │ ieee80211_crypto.o                       │       1798 │    44 │    44 │     0 │     0 │       1754 │     282 │        0 │  1472 │       0 │             0 │           0 │
build	Build ESP32-C6 firmware	2026-09-24T12:52:04.6217044Z │ esp_bignum.c.obj                         │       1795 │   130 │    88 │     0 │    42 │       1665 │      31 │        0 │  1634 │       0 │             0 │           0 │
build	Build ESP32-C6 firmware	2026-09-24T12:52:04.6218701Z │ rsa_alt_helpers.c.obj                    │       1774 │     0 │     0 │     0 │     0 │       1774 │       0 │        0 │  1774 │       0 │             0 │           0 │
build	Build ESP32-C6 firmware	2026-09-24T12:52:04.6220397Z │ cipher_wrap.c.obj                        │       1722 │    28 │     0 │    28 │     0 │       1694 │    1068 │        0 │   626 │       0 │             0 │           0 │
build	Build ESP32-C6 firmware	2026-09-24T12:52:04.6222478Z │ rtc_time.c.obj                           │       1718 │  1658 │     0 │     0 │  1658 │         60 │      60 │        0 │     0 │       0 │             0 │           0 │
build	Build ESP32-C6 firmware	2026-09-24T12:52:04.6224201Z │ md.c.obj                                 │       1716 │     0 │     0 │     0 │     0 │       1716 │      48 │        0 │  1668 │       0 │             0 │           0 │
build	Build ESP32-C6 firmware	2026-09-24T12:52:04.6225867Z │ mmu_hal.c.obj                            │       1708 │  1708 │     0 │   164 │  1544 │          0 │       0 │        0 │     0 │       0 │             0 │           0 │
build	Build ESP32-C6 firmware	2026-09-24T12:52:04.6227501Z │ esp_hostap.c.obj                         │       1670 │     4 │     4 │     0 │     0 │       1666 │       0 │        0 │  1666 │       0 │             0 │           0 │
build	Build ESP32-C6 firmware	2026-09-24T12:52:04.6229099Z │ phy_reg.o                                │       1664 │  1358 │     0 │     0 │  1358 │        306 │       0 │        0 │   306 │       0 │             0 │           0 │
build	Build ESP32-C6 firmware	2026-09-24T12:52:04.6232677Z │ esp_aes.c.obj                            │       1662 │     0 │     0 │     0 │     0 │       1662 │       0 │        0 │  1662 │       0 │             0 │           0 │
build	Build ESP32-C6 firmware	2026-09-24T12:52:04.6234378Z │ ieee80211_phy.o                          │       1658 │   212 │     0 │   212 │     0 │       1446 │     544 │        0 │   902 │       0 │             0 │           0 │
build	Build ESP32-C6 firmware	2026-09-24T12:52:04.6236144Z │ mac_addr.c.obj                           │       1641 │   108 │     0 │   108 │     0 │       1533 │      43 │        0 │  1490 │       0 │             0 │           0 │
build	Build ESP32-C6 firmware	2026-09-24T12:52:04.6238093Z │ vfs_fat_sdmmc.c.obj                      │       1600 │    12 │     8 │     4 │     0 │       1588 │      24 │        0 │  1564 │       0 │             0 │           0 │
build	Build ESP32-C6 firmware	2026-09-24T12:52:04.6239669Z │ ieee80211_mbssid.o                       │       1584 │     0 │     0 │     0 │     0 │       1584 │       0 │        0 │  1584 │       0 │             0 │           0 │
build	Build ESP32-C6 firmware	2026-09-24T12:52:04.6241177Z │ lv_calendar.c.obj                        │       1538 │     0 │     0 │     0 │     0 │       1538 │      56 │        0 │  1482 │       0 │             0 │           0 │
build	Build ESP32-C6 firmware	2026-09-24T12:52:04.6242895Z │ lv_menu.c.obj                            │       1536 │     0 │     0 │     0 │     0 │       1536 │     252 │        0 │  1284 │       0 │             0 │           0 │
build	Build ESP32-C6 firmware	2026-09-24T12:52:04.6244722Z │ pem.c.obj                                │       1536 │     0 │     0 │     0 │     0 │       1536 │       0 │        0 │  1536 │       0 │             0 │           0 │
build	Build ESP32-C6 firmware	2026-09-24T12:52:04.6246157Z │ common.c.obj                             │       1516 │     0 │     0 │     0 │     0 │       1516 │       0 │        0 │  1516 │       0 │             0 │           0 │
build	Build ESP32-C6 firmware	2026-09-24T12:52:04.6247615Z │ aes-gcm.c.obj                            │       1512 │     0 │     0 │     0 │     0 │       1512 │       0 │        0 │  1512 │       0 │             0 │           0 │
build	Build ESP32-C6 firmware	2026-09-24T12:52:04.6248930Z │ libc_a-strerror.o                        │       1484 │     0 │     0 │     0 │     0 │       1484 │     572 │        0 │   912 │       0 │             0 │           0 │
build	Build ESP32-C6 firmware	2026-09-24T12:52:04.6249806Z │ ctr_drbg.c.obj                           │       1484 │     0 │     0 │     0 │     0 │       1484 │       0 │        0 │  1484 │       0 │             0 │           0 │
build	Build ESP32-C6 firmware	2026-09-24T12:52:04.6250665Z │ ieee80211_power.o                        │       1481 │     0 │     0 │     0 │     0 │       1481 │      35 │        0 │  1446 │       0 │             0 │           0 │
build	Build ESP32-C6 firmware	2026-09-24T12:52:04.6251536Z │ lv_draw_sw_gradient.c.obj                │       1479 │   375 │     9 │     0 │   366 │       1104 │       0 │        0 │  1104 │       0 │             0 │           0 │
build	Build ESP32-C6 firmware	2026-09-24T12:52:04.6253492Z │ esp_aes_gcm.c.obj                        │       1470 │     0 │     0 │     0 │     0 │       1470 │      64 │        0 │  1406 │       0 │             0 │           0 │
build	Build ESP32-C6 firmware	2026-09-24T12:52:04.6254991Z │ libc_a-tzset_r.o                         │       1466 │    28 │    28 │     0 │     0 │       1438 │       0 │        0 │  1438 │       0 │             0 │           0 │
build	Build ESP32-C6 firmware	2026-09-24T12:52:04.6256467Z │ hal_he_common.o                          │       1462 │  1112 │     0 │     0 │  1112 │        350 │     350 │        0 │     0 │       0 │             0 │           0 │
build	Build ESP32-C6 firmware	2026-09-24T12:52:04.6258048Z │ api_lib.c.obj                            │       1457 │     0 │     0 │     0 │     0 │       1457 │      47 │        0 │  1410 │       0 │             0 │           0 │
build	Build ESP32-C6 firmware	2026-09-24T12:52:04.6259536Z │ spi_flash_hal_gpspi.c.obj                │       1446 │  1446 │     0 │     0 │  1446 │          0 │       0 │        0 │     0 │       0 │             0 │           0 │
build	Build ESP32-C6 firmware	2026-09-24T12:52:04.6261309Z │ app_main.c.obj                           │       1431 │     0 │     0 │     0 │     0 │       1431 │       9 │        0 │  1422 │       0 │             0 │           0 │
build	Build ESP32-C6 firmware	2026-09-24T12:52:04.6263024Z │ esp_wpa_main.c.obj                       │       1429 │     9 │     9 │     0 │     0 │       1420 │       0 │        0 │  1420 │       0 │             0 │           0 │
build	Build ESP32-C6 firmware	2026-09-24T12:52:04.6264523Z │ eloop.c.obj                              │       1428 │    36 │    36 │     0 │     0 │       1392 │       0 │        0 │  1392 │       0 │             0 │           0 │
build	Build ESP32-C6 firmware	2026-09-24T12:52:04.6266202Z │ crypto_mbedtls.c.obj                     │       1422 │     0 │     0 │     0 │     0 │       1422 │       0 │        0 │  1422 │       0 │             0 │           0 │
build	Build ESP32-C6 firmware	2026-09-24T12:52:04.6267623Z │ pmksa_cache.c.obj                        │       1408 │     0 │     0 │     0 │     0 │       1408 │       0 │        0 │  1408 │       0 │             0 │           0 │
build	Build ESP32-C6 firmware	2026-09-24T12:52:04.6269205Z │ libc_a-mktime.o                          │       1400 │     0 │     0 │     0 │     0 │       1400 │      96 │        0 │  1304 │       0 │             0 │           0 │
build	Build ESP32-C6 firmware	2026-09-24T12:52:04.6270728Z │ esp_event.c.obj                          │       1389 │     0 │     0 │     0 │     0 │       1389 │      37 │        0 │  1352 │       0 │             0 │           0 │
build	Build ESP32-C6 firmware	2026-09-24T12:52:04.6272481Z │ channel_hopper.c.obj                     │       1386 │   152 │   152 │     0 │     0 │       1234 │       0 │        0 │  1234 │       0 │             0 │           0 │
build	Build ESP32-C6 firmware	2026-09-24T12:52:04.6274085Z │ locks.c.obj                              │       1379 │  1124 │   168 │     0 │   956 │        255 │      95 │        0 │   160 │       0 │             0 │           0 │
build	Build ESP32-C6 firmware	2026-09-24T12:52:04.6275570Z │ board_sd.c.obj                           │       1378 │     4 │     4 │     0 │     0 │       1374 │     146 │        0 │  1228 │       0 │             0 │           0 │
build	Build ESP32-C6 firmware	2026-09-24T12:52:04.6277101Z │ ieee80211_action.o                       │       1369 │   492 │     0 │   492 │     0 │        877 │       7 │        0 │   870 │       0 │             0 │           0 │
build	Build ESP32-C6 firmware	2026-09-24T12:52:04.6278617Z │ gdma_hal_ahb_v1.c.obj                    │       1364 │   484 │     0 │     4 │   480 │        880 │       0 │        0 │   880 │       0 │             0 │           0 │
build	Build ESP32-C6 firmware	2026-09-24T12:52:04.6280143Z │ ffunicode.c.obj                          │       1358 │     0 │     0 │     0 │     0 │       1358 │     942 │        0 │   416 │       0 │             0 │           0 │
build	Build ESP32-C6 firmware	2026-09-24T12:52:04.6281947Z │ sdmmc_io.c.obj                           │       1344 │     0 │     0 │     0 │     0 │       1344 │     110 │        0 │  1234 │       0 │             0 │           0 │
build	Build ESP32-C6 firmware	2026-09-24T12:52:04.6283511Z │ lv_group.c.obj                           │       1294 │     4 │     4 │     0 │     0 │       1290 │       0 │        0 │  1290 │       0 │             0 │           0 │
build	Build ESP32-C6 firmware	2026-09-24T12:52:04.6285031Z │ lv_draw_img.c.obj                        │       1286 │   746 │     0 │     0 │   746 │        540 │       0 │        0 │   540 │       0 │             0 │           0 │
build	Build ESP32-C6 firmware	2026-09-24T12:52:04.6286548Z │ nvs_partition_manager.cpp.obj            │       1256 │     4 │     4 │     0 │     0 │       1252 │      16 │        0 │  1236 │       0 │             0 │           0 │
build	Build ESP32-C6 firmware	2026-09-24T12:52:04.6288170Z │ lv_anim.c.obj                            │       1246 │    10 │    10 │     0 │     0 │       1236 │       0 │        0 │  1236 │       0 │             0 │           0 │
build	Build ESP32-C6 firmware	2026-09-24T12:52:04.6289714Z │ lv_tabview.c.obj                         │       1241 │     3 │     3 │     0 │     0 │       1238 │      28 │        0 │  1210 │       0 │             0 │           0 │
build	Build ESP32-C6 firmware	2026-09-24T12:52:04.6291240Z │ lv_spinbox.c.obj                         │       1224 │     0 │     0 │     0 │     0 │       1224 │      28 │        0 │  1196 │       0 │             0 │           0 │
build	Build ESP32-C6 firmware	2026-09-24T12:52:04.6293225Z │ panic.c.obj                              │       1221 │    39 │     9 │     8 │    22 │       1182 │       0 │        0 │  1182 │       0 │             0 │           0 │
build	Build ESP32-C6 firmware	2026-09-24T12:52:04.6294789Z │ heap_caps_init.c.obj                     │       1215 │     4 │     4 │     0 │     0 │       1211 │      57 │        0 │  1154 │       0 │             0 │           0 │
build	Build ESP32-C6 firmware	2026-09-24T12:52:04.6296348Z │ lv_checkbox.c.obj                        │       1204 │     0 │     0 │     0 │     0 │       1204 │      28 │        0 │  1176 │       0 │             0 │           0 │
build	Build ESP32-C6 firmware	2026-09-24T12:52:04.6298125Z │ cipher.c.obj                             │       1186 │     0 │     0 │     0 │     0 │       1186 │       0 │        0 │  1186 │       0 │             0 │           0 │
build	Build ESP32-C6 firmware	2026-09-24T12:52:04.6299681Z │ sdspi_transaction.c.obj                  │       1175 │     5 │     5 │     0 │     0 │       1170 │       0 │        0 │  1170 │       0 │             0 │           0 │
build	Build ESP32-C6 firmware	2026-09-24T12:52:04.6301264Z │ lv_obj_tree.c.obj                        │       1174 │     0 │     0 │     0 │     0 │       1174 │       0 │        0 │  1174 │       0 │             0 │           0 │
build	Build ESP32-C6 firmware	2026-09-24T12:52:04.6303001Z │ aes-ccm.c.obj                            │       1164 │     0 │     0 │     0 │     0 │       1164 │       0 │        0 │  1164 │       0 │             0 │           0 │
build	Build ESP32-C6 firmware	2026-09-24T12:52:04.6304492Z │ cmac.c.obj                               │       1162 │     0 │     0 │     0 │     0 │       1162 │       0 │        0 │  1162 │       0 │             0 │           0 │
build	Build ESP32-C6 firmware	2026-09-24T12:52:04.6305996Z │ nvs_pagemanager.cpp.obj                  │       1156 │     0 │     0 │     0 │     0 │       1156 │       0 │        0 │  1156 │       0 │             0 │           0 │
build	Build ESP32-C6 firmware	2026-09-24T12:52:04.6307080Z │ panic_arch.c.obj                         │       1142 │     0 │     0 │     0 │     0 │       1142 │     212 │        0 │   930 │       0 │             0 │           0 │
build	Build ESP32-C6 firmware	2026-09-24T12:52:04.6307974Z │ pmksa_cache_auth.c.obj                   │       1134 │     0 │     0 │     0 │     0 │       1134 │       0 │        0 │  1134 │       0 │             0 │           0 │
build	Build ESP32-C6 firmware	2026-09-24T12:52:04.6308828Z │ tcpip.c.obj                              │       1128 │    12 │    12 │     0 │     0 │       1116 │     118 │        0 │   998 │       0 │             0 │           0 │
build	Build ESP32-C6 firmware	2026-09-24T12:52:04.6309749Z │ ieee80211_crypto_ccmp.o                  │       1126 │    24 │     0 │    24 │     0 │       1102 │     278 │        0 │   824 │       0 │             0 │           0 │
build	Build ESP32-C6 firmware	2026-09-24T12:52:04.6310619Z │ partition.c.obj                          │       1117 │     8 │     8 │     0 │     0 │       1109 │      37 │        0 │  1072 │       0 │             0 │           0 │
build	Build ESP32-C6 firmware	2026-09-24T12:52:04.6311490Z │ lv_color.c.obj                           │       1108 │   252 │     0 │     0 │   252 │        856 │     380 │        0 │   476 │       0 │             0 │           0 │
build	Build ESP32-C6 firmware	2026-09-24T12:52:04.6312863Z │ lv_led.c.obj                             │       1106 │   182 │     0 │     0 │   182 │        924 │      28 │        0 │   896 │       0 │             0 │           0 │
build	Build ESP32-C6 firmware	2026-09-24T12:52:04.6313719Z │ partition_target.c.obj                   │       1103 │     0 │     0 │     0 │     0 │       1103 │     131 │        0 │   972 │       0 │             0 │           0 │
build	Build ESP32-C6 firmware	2026-09-24T12:52:04.6314583Z │ libc_a-findfp.o                          │       1096 │   328 │   316 │    12 │     0 │        768 │       0 │        0 │   768 │       0 │             0 │           0 │
build	Build ESP32-C6 firmware	2026-09-24T12:52:04.6315432Z │ lv_switch.c.obj                          │       1092 │     0 │     0 │     0 │     0 │       1092 │      28 │        0 │  1064 │       0 │             0 │           0 │
build	Build ESP32-C6 firmware	2026-09-24T12:52:04.6316407Z │ sha.c.obj                                │       1087 │    24 │     0 │    24 │     0 │       1063 │      19 │        0 │  1044 │       0 │             0 │           0 │
build	Build ESP32-C6 firmware	2026-09-24T12:52:04.6317210Z │ lv_fs.c.obj                              │       1076 │     0 │     0 │     0 │     0 │       1076 │       0 │        0 │  1076 │       0 │             0 │           0 │
build	Build ESP32-C6 firmware	2026-09-24T12:52:04.6318057Z │ log_binary_heap.c.obj                    │       1070 │   260 │   260 │     0 │     0 │        810 │      48 │        0 │   762 │       0 │             0 │           0 │
build	Build ESP32-C6 firmware	2026-09-24T12:52:04.6318904Z │ dragonfly.c.obj                          │       1070 │     0 │     0 │     0 │     0 │       1070 │       0 │        0 │  1070 │       0 │             0 │           0 │
build	Build ESP32-C6 firmware	2026-09-24T12:52:04.6319754Z │ heap_caps.c.obj                          │       1067 │   542 │     4 │     4 │   534 │        525 │     127 │        0 │   398 │       0 │             0 │           0 │
build	Build ESP32-C6 firmware	2026-09-24T12:52:04.6320641Z │ memspi_host_driver.c.obj                 │       1063 │  1063 │     0 │   257 │   806 │          0 │       0 │        0 │     0 │       0 │             0 │           0 │
build	Build ESP32-C6 firmware	2026-09-24T12:52:04.6321495Z │ hal_crypto.o                             │       1059 │     0 │     0 │     0 │     0 │       1059 │      27 │        0 │  1032 │       0 │             0 │           0 │
build	Build ESP32-C6 firmware	2026-09-24T12:52:04.6322670Z │ ieee80211_action_vendor.o                │       1056 │    16 │    16 │     0 │     0 │       1040 │      62 │        0 │   978 │       0 │             0 │           0 │
build	Build ESP32-C6 firmware	2026-09-24T12:52:04.6323517Z │ phy_track.o                              │       1056 │     0 │     0 │     0 │     0 │       1056 │       0 │        0 │  1056 │       0 │             0 │           0 │
build	Build ESP32-C6 firmware	2026-09-24T12:52:04.6324362Z │ esp_efuse_utility.c.obj                  │       1047 │     4 │     4 │     0 │     0 │       1043 │     141 │        0 │   902 │       0 │             0 │           0 │
build	Build ESP32-C6 firmware	2026-09-24T12:52:04.6325221Z │ hal_coex.o                               │       1044 │   176 │     0 │     0 │   176 │        868 │      54 │        0 │   814 │       0 │             0 │           0 │
build	Build ESP32-C6 firmware	2026-09-24T12:52:04.6326042Z │ pmu_param.c.obj                          │       1036 │     0 │     0 │     0 │     0 │       1036 │     450 │        0 │   586 │       0 │             0 │           0 │
build	Build ESP32-C6 firmware	2026-09-24T12:52:04.6326911Z │ event_groups.c.obj                       │       1026 │   928 │     0 │     0 │   928 │         98 │      98 │        0 │     0 │       0 │             0 │           0 │
build	Build ESP32-C6 firmware	2026-09-24T12:52:04.6327750Z │ lv_event.c.obj                           │       1022 │     4 │     4 │     0 │     0 │       1018 │       0 │        0 │  1018 │       0 │             0 │           0 │
build	Build ESP32-C6 firmware	2026-09-24T12:52:04.6328605Z │ crypto_mbedtls-bignum.c.obj              │       1014 │     0 │     0 │     0 │     0 │       1014 │       0 │        0 │  1014 │       0 │             0 │           0 │
build	Build ESP32-C6 firmware	2026-09-24T12:52:04.6329480Z │ fastpbkdf2.c.obj                         │       1010 │     0 │     0 │     0 │     0 │       1010 │      12 │        0 │   998 │       0 │             0 │           0 │
build	Build ESP32-C6 firmware	2026-09-24T12:52:04.6330331Z │ pcap_serializer.c.obj                    │        988 │     0 │     0 │     0 │     0 │        988 │      24 │        0 │   964 │       0 │             0 │           0 │
build	Build ESP32-C6 firmware	2026-09-24T12:52:04.6331430Z │ wifi_init.c.obj                          │        959 │     1 │     1 │     0 │     0 │        958 │       8 │        0 │   950 │       0 │             0 │           0 │
build	Build ESP32-C6 firmware	2026-09-24T12:52:04.6332494Z │ nullfs.c.obj                             │        958 │     4 │     4 │     0 │     0 │        954 │     128 │        0 │   826 │       0 │             0 │           0 │
build	Build ESP32-C6 firmware	2026-09-24T12:52:04.6333330Z │ bootloader_flash.c.obj                   │        956 │   916 │     0 │     0 │   916 │         40 │      40 │        0 │     0 │       0 │             0 │           0 │
build	Build ESP32-C6 firmware	2026-09-24T12:52:04.6334305Z │ pk_wrap.c.obj                            │        934 │     0 │     0 │     0 │     0 │        934 │     192 │        0 │   742 │       0 │             0 │           0 │
build	Build ESP32-C6 firmware	2026-09-24T12:52:04.6335126Z │ esp_aes_xts.c.obj                        │        930 │     0 │     0 │     0 │     0 │        930 │       0 │        0 │   930 │       0 │             0 │           0 │
build	Build ESP32-C6 firmware	2026-09-24T12:52:04.6335960Z │ lv_font_fmt_txt.c.obj                    │        928 │     0 │     0 │     0 │     0 │        928 │       0 │        0 │   928 │       0 │             0 │           0 │
build	Build ESP32-C6 firmware	2026-09-24T12:52:04.6336793Z │ diskio_sdmmc.c.obj                       │        916 │    10 │    10 │     0 │     0 │        906 │     102 │        0 │   804 │       0 │             0 │           0 │
build	Build ESP32-C6 firmware	2026-09-24T12:52:04.6337604Z │ icmp.c.obj                               │        914 │     0 │     0 │     0 │     0 │        914 │      30 │        0 │   884 │       0 │             0 │           0 │
build	Build ESP32-C6 firmware	2026-09-24T12:52:04.6345403Z │ lv_style_gen.c.obj                       │        908 │     0 │     0 │     0 │     0 │        908 │       0 │        0 │   908 │       0 │             0 │           0 │
build	Build ESP32-C6 firmware	2026-09-24T12:52:04.6346504Z │ icmp6.c.obj                              │        903 │     0 │     0 │     0 │     0 │        903 │      61 │        0 │   842 │       0 │             0 │           0 │
build	Build ESP32-C6 firmware	2026-09-24T12:52:04.6347371Z │ time.c.obj                               │        900 │   202 │    20 │     0 │   182 │        698 │       0 │        0 │   698 │       0 │             0 │           0 │
build	Build ESP32-C6 firmware	2026-09-24T12:52:04.6348183Z │ ccmp.c.obj                               │        896 │     0 │     0 │     0 │     0 │        896 │       0 │        0 │   896 │       0 │             0 │           0 │
build	Build ESP32-C6 firmware	2026-09-24T12:52:04.6348988Z │ hmac_drbg.c.obj                          │        890 │     0 │     0 │     0 │     0 │        890 │       0 │        0 │   890 │       0 │             0 │           0 │
build	Build ESP32-C6 firmware	2026-09-24T12:52:04.6349820Z │ phy_common.c.obj                         │        881 │    49 │    38 │     1 │    10 │        832 │      40 │        0 │   792 │       0 │             0 │           0 │
build	Build ESP32-C6 firmware	2026-09-24T12:52:04.6350637Z │ phy_rfpll.o                              │        880 │     0 │     0 │     0 │     0 │        880 │       0 │        0 │   880 │       0 │             0 │           0 │
build	Build ESP32-C6 firmware	2026-09-24T12:52:04.6351624Z │ oid.c.obj                                │        873 │     0 │     0 │     0 │     0 │        873 │     553 │        0 │   320 │       0 │             0 │           0 │
build	Build ESP32-C6 firmware	2026-09-24T12:52:04.6352605Z │ coexist_core.o                           │        870 │   150 │     1 │   149 │     0 │        720 │       0 │        0 │   720 │       0 │             0 │           0 │
build	Build ESP32-C6 firmware	2026-09-24T12:52:04.6353428Z │ aes-siv.c.obj                            │        858 │     0 │     0 │     0 │     0 │        858 │      16 │        0 │   842 │       0 │             0 │           0 │
build	Build ESP32-C6 firmware	2026-09-24T12:52:04.6354378Z │ rx_path.c.obj                            │        858 │     0 │     0 │     0 │     0 │        858 │       0 │        0 │   858 │       0 │             0 │           0 │
build	Build ESP32-C6 firmware	2026-09-24T12:52:04.6355218Z │ nvs_handle_simple.cpp.obj                │        854 │     0 │     0 │     0 │     0 │        854 │     128 │        0 │   726 │       0 │             0 │           0 │
build	Build ESP32-C6 firmware	2026-09-24T12:52:04.6356091Z │ lv_math.c.obj                            │        850 │   204 │     0 │     0 │   204 │        646 │     182 │        0 │   464 │       0 │             0 │           0 │
build	Build ESP32-C6 firmware	2026-09-24T12:52:04.6356906Z │ hal_tsf.o                                │        846 │   242 │     8 │     0 │   234 │        604 │       0 │        0 │   604 │       0 │             0 │           0 │
build	Build ESP32-C6 firmware	2026-09-24T12:52:04.6357730Z │ timeouts.c.obj                           │        839 │    12 │    12 │     0 │     0 │        827 │      83 │        0 │   744 │       0 │             0 │           0 │
build	Build ESP32-C6 firmware	2026-09-24T12:52:04.6358583Z │ esp_dma_utils.c.obj                      │        835 │     0 │     0 │     0 │     0 │        835 │     107 │        0 │   728 │       0 │             0 │           0 │
build	Build ESP32-C6 firmware	2026-09-24T12:52:04.6359442Z │ sleep_modes.c.obj                        │        830 │   160 │    24 │   136 │     0 │        642 │      46 │        0 │   596 │      28 │             0 │          28 │
build	Build ESP32-C6 firmware	2026-09-24T12:52:04.6360301Z │ lv_draw_sw_polygon.c.obj                 │        828 │     0 │     0 │     0 │     0 │        828 │       8 │        0 │   820 │       0 │             0 │           0 │
build	Build ESP32-C6 firmware	2026-09-24T12:52:04.6361159Z │ i2c_hal.c.obj                            │        820 │     0 │     0 │     0 │     0 │        820 │      26 │        0 │   794 │       0 │             0 │           0 │
build	Build ESP32-C6 firmware	2026-09-24T12:52:04.6362257Z │ libc_a-fseeko.o                          │        814 │     0 │     0 │     0 │     0 │        814 │       0 │        0 │   814 │       0 │             0 │           0 │
build	Build ESP32-C6 firmware	2026-09-24T12:52:04.6363114Z │ entropy.c.obj                            │        810 │     0 │     0 │     0 │     0 │        810 │       0 │        0 │   810 │       0 │             0 │           0 │
build	Build ESP32-C6 firmware	2026-09-24T12:52:04.6363990Z │ sar_periph_ctrl_common.c.obj             │        806 │    13 │     4 │     9 │     0 │        793 │      33 │        0 │   760 │       0 │             0 │           0 │
build	Build ESP32-C6 firmware	2026-09-24T12:52:04.6364845Z │ spi_hal.c.obj                            │        804 │     0 │     0 │     0 │     0 │        804 │       0 │        0 │   804 │       0 │             0 │           0 │
build	Build ESP32-C6 firmware	2026-09-24T12:52:04.6365672Z │ libc_a-fvwrite.o                         │        798 │     0 │     0 │     0 │     0 │        798 │       0 │        0 │   798 │       0 │             0 │           0 │
build	Build ESP32-C6 firmware	2026-09-24T12:52:04.6366502Z │ lv_timer.c.obj                           │        797 │    17 │    17 │     0 │     0 │        780 │       0 │        0 │   780 │       0 │             0 │           0 │
build	Build ESP32-C6 firmware	2026-09-24T12:52:04.6367326Z │ esp_wpas_glue.c.obj                      │        782 │     0 │     0 │     0 │     0 │        782 │       0 │        0 │   782 │       0 │             0 │           0 │
build	Build ESP32-C6 firmware	2026-09-24T12:52:04.6368187Z │ cache_hal.c.obj                          │        776 │   776 │     8 │   104 │   664 │          0 │       0 │        0 │     0 │       0 │             0 │           0 │
build	Build ESP32-C6 firmware	2026-09-24T12:52:04.6369155Z │ ecc_hal.c.obj                            │        772 │     0 │     0 │     0 │     0 │        772 │      52 │        0 │   720 │       0 │             0 │           0 │
build	Build ESP32-C6 firmware	2026-09-24T12:52:04.6369981Z │ esp_flash_spi_init.c.obj                 │        766 │    84 │     4 │    80 │     0 │        682 │      74 │        0 │   608 │       0 │             0 │           0 │
build	Build ESP32-C6 firmware	2026-09-24T12:52:04.6370798Z │ ccm.c.obj                                │        756 │     0 │     0 │     0 │     0 │        756 │       0 │        0 │   756 │       0 │             0 │           0 │
build	Build ESP32-C6 firmware	2026-09-24T12:52:04.6371609Z │ ieee80211_regdomain.o                    │        752 │     0 │     0 │     0 │     0 │        752 │       0 │        0 │   752 │       0 │             0 │           0 │
build	Build ESP32-C6 firmware	2026-09-24T12:52:04.6372761Z │ lv_hal_disp.c.obj                        │        746 │     4 │     4 │     0 │     0 │        742 │       0 │        0 │   742 │       0 │             0 │           0 │
build	Build ESP32-C6 firmware	2026-09-24T12:52:04.6373637Z │ esp_timer_impl_systimer.c.obj            │        738 │   250 │    20 │     0 │   230 │        488 │      28 │        0 │   460 │       0 │             0 │           0 │
build	Build ESP32-C6 firmware	2026-09-24T12:52:04.6374520Z │ test_hal_tx_statis.o                     │        730 │   730 │     0 │     0 │   730 │          0 │       0 │        0 │     0 │       0 │             0 │           0 │
build	Build ESP32-C6 firmware	2026-09-24T12:52:04.6375348Z │ sdmmc_init.c.obj                         │        728 │     0 │     0 │     0 │     0 │        728 │      16 │        0 │   712 │       0 │             0 │           0 │
build	Build ESP32-C6 firmware	2026-09-24T12:52:04.6376188Z │ memory_layout_utils.c.obj                │        727 │     0 │     0 │     0 │     0 │        727 │      27 │        0 │   700 │       0 │             0 │           0 │
build	Build ESP32-C6 firmware	2026-09-24T12:52:04.6377058Z │ heap_caps_base.c.obj                     │        712 │   674 │     0 │     0 │   674 │         38 │      38 │        0 │     0 │       0 │             0 │           0 │
build	Build ESP32-C6 firmware	2026-09-24T12:52:04.6377895Z │ hal_utilities.o                          │        706 │    20 │    20 │     0 │     0 │        686 │     352 │        0 │   334 │       0 │             0 │           0 │
build	Build ESP32-C6 firmware	2026-09-24T12:52:04.6378726Z │ esp_sha1.c.obj                           │        706 │     0 │     0 │     0 │     0 │        706 │      64 │        0 │   642 │       0 │             0 │           0 │
build	Build ESP32-C6 firmware	2026-09-24T12:52:04.6379568Z │ esp_rom_hp_regi2c_esp32c6.c.obj          │        705 │   660 │     0 │     0 │   660 │         45 │      45 │        0 │     0 │       0 │             0 │           0 │
build	Build ESP32-C6 firmware	2026-09-24T12:52:04.6380412Z │ obs_cache.c.obj                          │        696 │     0 │     0 │     0 │     0 │        696 │       0 │        0 │   696 │       0 │             0 │           0 │
build	Build ESP32-C6 firmware	2026-09-24T12:52:04.6381243Z │ sleep_gpio.c.obj                         │        691 │     0 │     0 │     0 │     0 │        691 │      35 │        0 │   656 │       0 │             0 │           0 │
build	Build ESP32-C6 firmware	2026-09-24T12:52:04.6382195Z │ lv_draw_sw_layer.c.obj                   │        690 │     0 │     0 │     0 │     0 │        690 │       0 │        0 │   690 │       0 │             0 │           0 │
build	Build ESP32-C6 firmware	2026-09-24T12:52:04.6383159Z │ base64.c.obj                             │        686 │     0 │     0 │     0 │     0 │        686 │       0 │        0 │   686 │       0 │             0 │           0 │
build	Build ESP32-C6 firmware	2026-09-24T12:52:04.6383974Z │ pp_timer.o                               │        680 │   336 │     4 │   128 │   204 │        344 │      26 │        0 │   318 │       0 │             0 │           0 │
build	Build ESP32-C6 firmware	2026-09-24T12:52:04.6384809Z │ cpu_region_protect.c.obj                 │        656 │     0 │     0 │     0 │     0 │        656 │       0 │        0 │   656 │       0 │             0 │           0 │
build	Build ESP32-C6 firmware	2026-09-24T12:52:04.6385771Z │ esp_sha256.c.obj                         │        652 │     0 │     0 │     0 │     0 │        652 │      64 │        0 │   588 │       0 │             0 │           0 │
build	Build ESP32-C6 firmware	2026-09-24T12:52:04.6386589Z │ asn1parse.c.obj                          │        652 │     0 │     0 │     0 │     0 │        652 │       0 │        0 │   652 │       0 │             0 │           0 │
build	Build ESP32-C6 firmware	2026-09-24T12:52:04.6387437Z │ system_internal.c.obj                    │        651 │   632 │     0 │     0 │   632 │         19 │      19 │        0 │     0 │       0 │             0 │           0 │
build	Build ESP32-C6 firmware	2026-09-24T12:52:04.6388276Z │ ieee80211_proto.o                        │        647 │     1 │     1 │     0 │     0 │        646 │       0 │        0 │   646 │       0 │             0 │           0 │
build	Build ESP32-C6 firmware	2026-09-24T12:52:04.6389082Z │ hal_ampdu.o                              │        645 │     0 │     0 │     0 │     0 │        645 │     117 │        0 │   528 │       0 │             0 │           0 │
build	Build ESP32-C6 firmware	2026-09-24T12:52:04.6389919Z │ vfs_console.c.obj                        │        624 │    12 │    12 │     0 │     0 │        612 │     180 │        0 │   432 │       0 │             0 │           0 │
build	Build ESP32-C6 firmware	2026-09-24T12:52:04.6390728Z │ ecc_alt.c.obj                            │        622 │     0 │     0 │     0 │     0 │        622 │       0 │        0 │   622 │       0 │             0 │           0 │
build	Build ESP32-C6 firmware	2026-09-24T12:52:04.6391542Z │ esp_rom_wdt.c.obj                        │        620 │   620 │     0 │     0 │   620 │          0 │       0 │        0 │     0 │       0 │             0 │           0 │
build	Build ESP32-C6 firmware	2026-09-24T12:52:04.6392531Z │ ets_timer_legacy.c.obj                   │        619 │   390 │     0 │     0 │   390 │        229 │      47 │        0 │   182 │       0 │             0 │           0 │
build	Build ESP32-C6 firmware	2026-09-24T12:52:04.6393429Z │ spi_flash_os_func_app.c.obj              │        615 │   540 │     0 │    56 │   484 │         75 │      25 │        0 │    50 │       0 │             0 │           0 │
build	Build ESP32-C6 firmware	2026-09-24T12:52:04.6394285Z │ lv_ll.c.obj                              │        612 │     0 │     0 │     0 │     0 │        612 │       0 │        0 │   612 │       0 │             0 │           0 │
build	Build ESP32-C6 firmware	2026-09-24T12:52:04.6395122Z │ lv_calendar_header_arrow.c.obj           │        608 │     0 │     0 │     0 │     0 │        608 │      76 │        0 │   532 │       0 │             0 │           0 │
build	Build ESP32-C6 firmware	2026-09-24T12:52:04.6395983Z │ inet_chksum.c.obj                        │        606 │     0 │     0 │     0 │     0 │        606 │       0 │        0 │   606 │       0 │             0 │           0 │
build	Build ESP32-C6 firmware	2026-09-24T12:52:04.6396822Z │ spi_share_hw_ctrl.c.obj                  │        604 │    14 │    12 │     2 │     0 │        590 │      46 │        0 │   544 │       0 │             0 │           0 │
build	Build ESP32-C6 firmware	2026-09-24T12:52:04.6397680Z │ comeback_token.c.obj                     │        604 │     0 │     0 │     0 │     0 │        604 │       0 │        0 │   604 │       0 │             0 │           0 │
build	Build ESP32-C6 firmware	2026-09-24T12:52:04.6398532Z │ lib_printf.c.obj                         │        600 │     0 │     0 │     0 │     0 │        600 │       0 │        0 │   228 │       0 │             0 │           0 │
build	Build ESP32-C6 firmware	2026-09-24T12:52:04.6399392Z │ pthread_local_storage.c.obj              │        596 │     4 │     4 │     0 │     0 │        592 │      46 │        0 │   546 │       0 │             0 │           0 │
build	Build ESP32-C6 firmware	2026-09-24T12:52:04.6400404Z │ nvs_item_hash_list.cpp.obj               │        594 │     0 │     0 │     0 │     0 │        594 │       0 │        0 │   594 │       0 │             0 │           0 │
build	Build ESP32-C6 firmware	2026-09-24T12:52:04.6401267Z │ port_systick.c.obj                       │        591 │   576 │    16 │     0 │   560 │         15 │      15 │        0 │     0 │       0 │             0 │           0 │
build	Build ESP32-C6 firmware	2026-09-24T12:52:04.6402416Z │ lv_obj_class.c.obj                       │        582 │     0 │     0 │     0 │     0 │        582 │       0 │        0 │   582 │       0 │             0 │           0 │
build	Build ESP32-C6 firmware	2026-09-24T12:52:04.6403425Z │ spi_flash_hal.c.obj                      │        578 │     0 │     0 │     0 │     0 │        578 │       0 │        0 │   578 │       0 │             0 │           0 │
build	Build ESP32-C6 firmware	2026-09-24T12:52:04.6404250Z │ lv_line.c.obj                            │        564 │     0 │     0 │     0 │     0 │        564 │      28 │        0 │   536 │       0 │             0 │           0 │
build	Build ESP32-C6 firmware	2026-09-24T12:52:04.6405086Z │ flash_mmap.c.obj                         │        563 │   200 │     0 │     0 │   200 │        363 │      17 │        0 │   346 │       0 │             0 │           0 │
build	Build ESP32-C6 firmware	2026-09-24T12:52:04.6405934Z │ esp_crypto_shared_gdma.c.obj             │        554 │     8 │     8 │     0 │     0 │        546 │       0 │        0 │   546 │       0 │             0 │           0 │
build	Build ESP32-C6 firmware	2026-09-24T12:52:04.6406780Z │ ethernet.c.obj                           │        554 │     0 │     0 │     0 │     0 │        554 │      28 │        0 │   526 │       0 │             0 │           0 │
build	Build ESP32-C6 firmware	2026-09-24T12:52:04.6407602Z │ ieee80211_ftm.o                          │        551 │    61 │    61 │     0 │     0 │        490 │       0 │        0 │   490 │       0 │             0 │           0 │
build	Build ESP32-C6 firmware	2026-09-24T12:52:04.6408427Z │ lv_mem.c.obj                             │        542 │     4 │     0 │     4 │     0 │        538 │       0 │        0 │   538 │       0 │             0 │           0 │
build	Build ESP32-C6 firmware	2026-09-24T12:52:04.6409226Z │ ecdh.c.obj                               │        542 │     0 │     0 │     0 │     0 │        542 │       0 │        0 │   542 │       0 │             0 │           0 │
build	Build ESP32-C6 firmware	2026-09-24T12:52:04.6410077Z │ regi2c_ctrl.c.obj                        │        538 │   322 │     4 │     4 │   314 │        216 │       0 │        0 │   216 │       0 │             0 │           0 │
build	Build ESP32-C6 firmware	2026-09-24T12:52:04.6410910Z │ libc_a-lcltime_r.o                       │        538 │     0 │     0 │     0 │     0 │        538 │       0 │        0 │   538 │       0 │             0 │           0 │
build	Build ESP32-C6 firmware	2026-09-24T12:52:04.6411891Z │ esp_clk_tree_common.c.obj                │        535 │    12 │    12 │     0 │     0 │        523 │      63 │        0 │   460 │       0 │             0 │           0 │
build	Build ESP32-C6 firmware	2026-09-24T12:52:04.6412745Z │ lv_gc.c.obj                              │        528 │   528 │   528 │     0 │     0 │          0 │       0 │        0 │     0 │       0 │             0 │           0 │
build	Build ESP32-C6 firmware	2026-09-24T12:52:04.6413703Z │ newlib_init.c.obj                        │        528 │   156 │     0 │   156 │     0 │        372 │      16 │        0 │   356 │       0 │             0 │           0 │
build	Build ESP32-C6 firmware	2026-09-24T12:52:04.6414535Z │ lv_tileview.c.obj                        │        519 │     9 │     9 │     0 │     0 │        510 │      56 │        0 │   454 │       0 │             0 │           0 │
build	Build ESP32-C6 firmware	2026-09-24T12:52:04.6415350Z │ clk_tree_hal.c.obj                       │        512 │     0 │     0 │     0 │     0 │        512 │      58 │        0 │   454 │       0 │             0 │           0 │
build	Build ESP32-C6 firmware	2026-09-24T12:52:04.6416157Z │ diskio.c.obj                             │        507 │     8 │     8 │     0 │     0 │        499 │      23 │        0 │   476 │       0 │             0 │           0 │
build	Build ESP32-C6 firmware	2026-09-24T12:52:04.6417165Z │ cpu_start.c.obj                          │        506 │   464 │     0 │     0 │   464 │         42 │       0 │        0 │    42 │       0 │             0 │           0 │
build	Build ESP32-C6 firmware	2026-09-24T12:52:04.6417974Z │ coexist_hw.o                             │        506 │     0 │     0 │     0 │     0 │        506 │      40 │        0 │   466 │       0 │             0 │           0 │
build	Build ESP32-C6 firmware	2026-09-24T12:52:04.6418787Z │ memp.c.obj                               │        500 │     4 │     4 │     0 │     0 │        496 │     146 │        0 │   350 │       0 │             0 │           0 │
build	Build ESP32-C6 firmware	2026-09-24T12:52:04.6419591Z │ bignum_alt.c.obj                         │        496 │     0 │     0 │     0 │     0 │        496 │       0 │        0 │   496 │       0 │             0 │           0 │
build	Build ESP32-C6 firmware	2026-09-24T12:52:04.6420403Z │ libc_a-fflush.o                          │        494 │     0 │     0 │     0 │     0 │        494 │       0 │        0 │   494 │       0 │             0 │           0 │
build	Build ESP32-C6 firmware	2026-09-24T12:52:04.6421234Z │ ip6_frag.c.obj                           │        489 │     4 │     4 │     0 │     0 │        485 │       9 │        0 │   476 │       0 │             0 │           0 │
build	Build ESP32-C6 firmware	2026-09-24T12:52:04.6422208Z │ esp_coex_adapter.c.obj                   │        488 │   246 │     0 │    80 │   166 │        242 │       0 │        0 │   242 │       0 │             0 │           0 │
build	Build ESP32-C6 firmware	2026-09-24T12:52:04.6423057Z │ sta_info.c.obj                           │        488 │     0 │     0 │     0 │     0 │        488 │       0 │        0 │   488 │       0 │             0 │           0 │
build	Build ESP32-C6 firmware	2026-09-24T12:52:04.6423862Z │ pm_coex.o                                │        484 │   356 │     0 │     0 │   356 │        128 │      58 │        0 │    70 │       0 │             0 │           0 │
build	Build ESP32-C6 firmware	2026-09-24T12:52:04.6424691Z │ aes-wrap.c.obj                           │        482 │     0 │     0 │     0 │     0 │        482 │       0 │        0 │   482 │       0 │             0 │           0 │
build	Build ESP32-C6 firmware	2026-09-24T12:52:04.6425542Z │ interrupt.c.obj                          │        476 │   372 │   256 │     0 │   116 │        104 │      50 │        0 │    54 │       0 │             0 │           0 │
build	Build ESP32-C6 firmware	2026-09-24T12:52:04.6426395Z │ tcp_isn_default.c.obj                    │        476 │    68 │    68 │     0 │     0 │        408 │       0 │        0 │   408 │       0 │             0 │           0 │
build	Build ESP32-C6 firmware	2026-09-24T12:52:04.6427236Z │ phy_feature.o                            │        476 │     0 │     0 │     0 │     0 │        476 │       0 │        0 │   476 │       0 │             0 │           0 │
build	Build ESP32-C6 firmware	2026-09-24T12:52:04.6428069Z │ ieee80211_crypto_sms4.o                  │        475 │    24 │     0 │    24 │     0 │        451 │      61 │        0 │   390 │       0 │             0 │           0 │
build	Build ESP32-C6 firmware	2026-09-24T12:52:04.6428896Z │ ip4_frag.c.obj                           │        475 │     0 │     0 │     0 │     0 │        475 │       9 │        0 │   466 │       0 │             0 │           0 │
build	Build ESP32-C6 firmware	2026-09-24T12:52:04.6429731Z │ esp_lcd_panel_ops.c.obj                  │        471 │     0 │     0 │     0 │     0 │        471 │      65 │        0 │   406 │       0 │             0 │           0 │
build	Build ESP32-C6 firmware	2026-09-24T12:52:04.6430561Z │ vectors.S.obj                            │        470 │   470 │     0 │     0 │   470 │          0 │       0 │        0 │     0 │       0 │             0 │           0 │
build	Build ESP32-C6 firmware	2026-09-24T12:52:04.6431523Z │ esp_common.c.obj                         │        466 │   168 │   168 │     0 │     0 │        298 │       0 │        0 │   298 │       0 │             0 │           0 │
build	Build ESP32-C6 firmware	2026-09-24T12:52:04.6432529Z │ libc_a-setvbuf.o                         │        466 │     0 │     0 │     0 │     0 │        466 │       0 │        0 │   466 │       0 │             0 │           0 │
build	Build ESP32-C6 firmware	2026-09-24T12:52:04.6433350Z │ esp_clk_tree.c.obj                       │        465 │     0 │     0 │     0 │     0 │        465 │      29 │        0 │   436 │       0 │             0 │           0 │
build	Build ESP32-C6 firmware	2026-09-24T12:52:04.6434323Z │ sleep_cpu_asm.S.obj                      │        464 │   464 │     0 │     4 │   460 │          0 │       0 │        0 │     0 │       0 │             0 │           0 │
build	Build ESP32-C6 firmware	2026-09-24T12:52:04.6435147Z │ mpi_hal.c.obj                            │        464 │     0 │     0 │     0 │     0 │        464 │       0 │        0 │   464 │       0 │             0 │           0 │
build	Build ESP32-C6 firmware	2026-09-24T12:52:04.6435971Z │ dh_groups.c.obj                          │        463 │     0 │     0 │     0 │     0 │        463 │     417 │        0 │    46 │       0 │             0 │           0 │
build	Build ESP32-C6 firmware	2026-09-24T12:52:04.6436800Z │ board_touch.c.obj                        │        461 │     9 │     5 │     4 │     0 │        452 │       0 │        0 │   452 │       0 │             0 │           0 │
build	Build ESP32-C6 firmware	2026-09-24T12:52:04.6437668Z │ lv_calendar_header_dropdown.c.obj        │        456 │     0 │     0 │     0 │     0 │        456 │      28 │        0 │   428 │       0 │             0 │           0 │
build	Build ESP32-C6 firmware	2026-09-24T12:52:04.6438555Z │ si_class_type_info.o                     │        456 │     0 │     0 │     0 │     0 │        456 │      44 │        0 │   412 │       0 │             0 │           0 │
build	Build ESP32-C6 firmware	2026-09-24T12:52:04.6439403Z │ ledc_hal_iram.c.obj                      │        454 │   454 │     0 │    24 │   430 │          0 │       0 │        0 │     0 │       0 │             0 │           0 │
build	Build ESP32-C6 firmware	2026-09-24T12:52:04.6440246Z │ ocode_init.c.obj                         │        453 │     0 │     0 │     0 │     0 │        453 │      19 │        0 │   434 │       0 │             0 │           0 │
build	Build ESP32-C6 firmware	2026-09-24T12:52:04.6441068Z │ nvs_types.cpp.obj                        │        446 │     0 │     0 │     0 │     0 │        446 │       0 │        0 │   446 │       0 │             0 │           0 │
build	Build ESP32-C6 firmware	2026-09-24T12:52:04.6442132Z │ log_buffers.c.obj                        │        442 │     0 │     0 │     0 │     0 │        442 │       0 │        0 │   442 │       0 │             0 │           0 │
build	Build ESP32-C6 firmware	2026-09-24T12:52:04.6442998Z │ ieee802_11_common.c.obj                  │        436 │     0 │     0 │     0 │     0 │        436 │       0 │        0 │   436 │       0 │             0 │           0 │
build	Build ESP32-C6 firmware	2026-09-24T12:52:04.6443827Z │ esp_clk.c.obj                            │        431 │    71 │     0 │     1 │    70 │        336 │       0 │        0 │   336 │      24 │            24 │           0 │
build	Build ESP32-C6 firmware	2026-09-24T12:52:04.6444807Z │ freertos_hooks.c.obj                     │        430 │   112 │    64 │     0 │    48 │        318 │       0 │        0 │   318 │       0 │             0 │           0 │
build	Build ESP32-C6 firmware	2026-09-24T12:52:04.6445649Z │ acd_dhcp_check.c.obj                     │        430 │     0 │     0 │     0 │     0 │        430 │       0 │        0 │   430 │       0 │             0 │           0 │
build	Build ESP32-C6 firmware	2026-09-24T12:52:04.6446484Z │ aes-unwrap.c.obj                         │        428 │     0 │     0 │     0 │     0 │        428 │       0 │        0 │   428 │       0 │             0 │           0 │
build	Build ESP32-C6 firmware	2026-09-24T12:52:04.6447459Z │ ieee80211_reg_db.o                       │        427 │   230 │     0 │   230 │     0 │        197 │      49 │        0 │   148 │       0 │             0 │           0 │
build	Build ESP32-C6 firmware	2026-09-24T12:52:04.6448283Z │ pm_mbssid.o                              │        424 │     0 │     0 │     0 │     0 │        424 │       0 │        0 │   424 │       0 │             0 │           0 │
build	Build ESP32-C6 firmware	2026-09-24T12:52:04.6449159Z │ brownout.c.obj                           │        419 │   293 │     0 │    47 │   246 │        126 │      24 │        0 │   102 │       0 │             0 │           0 │
build	Build ESP32-C6 firmware	2026-09-24T12:52:04.6449992Z │ libc_a-gmtime_r.o                        │        418 │     0 │     0 │     0 │     0 │        418 │       0 │        0 │   418 │       0 │             0 │           0 │
build	Build ESP32-C6 firmware	2026-09-24T12:52:04.6450861Z │ task_wdt_impl_timergroup.c.obj           │        416 │    12 │    12 │     0 │     0 │        404 │       0 │        0 │   404 │       0 │             0 │           0 │
build	Build ESP32-C6 firmware	2026-09-24T12:52:04.6451864Z │ ap_config.c.obj                          │        408 │     0 │     0 │     0 │     0 │        408 │       0 │        0 │   408 │       0 │             0 │           0 │
build	Build ESP32-C6 firmware	2026-09-24T12:52:04.6452710Z │ class_type_info.o                        │        402 │     0 │     0 │     0 │     0 │        402 │      44 │        0 │   358 │       0 │             0 │           0 │
build	Build ESP32-C6 firmware	2026-09-24T12:52:04.6453566Z │ ieee80211_crypto_tkip.o                  │        394 │    24 │     0 │    24 │     0 │        370 │       0 │        0 │   370 │       0 │             0 │           0 │
build	Build ESP32-C6 firmware	2026-09-24T12:52:04.6454413Z │ reset_reason.c.obj                       │        388 │    70 │     4 │     0 │    66 │        318 │      30 │        0 │   288 │       0 │             0 │           0 │
build	Build ESP32-C6 firmware	2026-09-24T12:52:04.6455263Z │ panic_handler.c.obj                      │        386 │    94 │     4 │     8 │    82 │        292 │       0 │        0 │   292 │       0 │             0 │           0 │
build	Build ESP32-C6 firmware	2026-09-24T12:52:04.6456111Z │ esp_efuse_startup.c.obj                  │        386 │     0 │     0 │     0 │     0 │        386 │      56 │        0 │   330 │       0 │             0 │           0 │
build	Build ESP32-C6 firmware	2026-09-24T12:52:04.6456960Z │ lv_img_buf.c.obj                         │        386 │     0 │     0 │     0 │     0 │        386 │       0 │        0 │   386 │       0 │             0 │           0 │
build	Build ESP32-C6 firmware	2026-09-24T12:52:04.6457780Z │ int_wdt.c.obj                            │        382 │   102 │     8 │     0 │    94 │        280 │       0 │        0 │   280 │       0 │             0 │           0 │
build	Build ESP32-C6 firmware	2026-09-24T12:52:04.6458598Z │ startup_funcs.c.obj                      │        382 │     0 │     0 │     0 │     0 │        382 │      80 │        0 │   302 │       0 │             0 │           0 │
build	Build ESP32-C6 firmware	2026-09-24T12:52:04.6459416Z │ vfs_lwip.c.obj                           │        382 │     0 │     0 │     0 │     0 │        382 │      30 │        0 │   352 │       0 │             0 │           0 │
build	Build ESP32-C6 firmware	2026-09-24T12:52:04.6460216Z │ hal_sniffer.o                            │        382 │     0 │     0 │     0 │     0 │        382 │       0 │        0 │   382 │       0 │             0 │           0 │
build	Build ESP32-C6 firmware	2026-09-24T12:52:04.6461022Z │ aes_hal.c.obj                            │        374 │     0 │     0 │     0 │     0 │        374 │       0 │        0 │   374 │       0 │             0 │           0 │
build	Build ESP32-C6 firmware	2026-09-24T12:52:04.6462142Z │ libc_a-tzcalc_limits.o                   │        370 │     0 │     0 │     0 │     0 │        370 │       0 │        0 │   370 │       0 │             0 │           0 │
build	Build ESP32-C6 firmware	2026-09-24T12:52:04.6462974Z │ libm_a-s_floor.o                         │        368 │     0 │     0 │     0 │     0 │        368 │       0 │        0 │   368 │       0 │             0 │           0 │
build	Build ESP32-C6 firmware	2026-09-24T12:52:04.6463791Z │ coexist_param.o                          │        367 │    47 │     1 │    46 │     0 │        320 │       0 │        0 │   320 │       0 │             0 │           0 │
build	Build ESP32-C6 firmware	2026-09-24T12:52:04.6464619Z │ esp_time_impl.c.obj                      │        364 │    12 │    12 │     0 │     0 │        352 │       0 │        0 │   352 │       0 │             0 │           0 │
build	Build ESP32-C6 firmware	2026-09-24T12:52:04.6465582Z │ app_startup.c.obj                        │        362 │     0 │     0 │     0 │     0 │        362 │      32 │        0 │   330 │       0 │             0 │           0 │
build	Build ESP32-C6 firmware	2026-09-24T12:52:04.6466392Z │ misc_nvs.o                               │        360 │     9 │     9 │     0 │     0 │        351 │      43 │        0 │   308 │       0 │             0 │           0 │
build	Build ESP32-C6 firmware	2026-09-24T12:52:04.6467204Z │ board_i2c.c.obj                          │        347 │     1 │     1 │     0 │     0 │        346 │       0 │        0 │   346 │       0 │             0 │           0 │
build	Build ESP32-C6 firmware	2026-09-24T12:52:04.6468036Z │ crosscore_int.c.obj                      │        344 │   198 │     4 │     0 │   194 │        146 │      46 │        0 │   100 │       0 │             0 │           0 │
build	Build ESP32-C6 firmware	2026-09-24T12:52:04.6468886Z │ ieee80211_crypto_gcmp.o                  │        344 │    24 │     0 │    24 │     0 │        320 │       0 │        0 │   320 │       0 │             0 │           0 │
build	Build ESP32-C6 firmware	2026-09-24T12:52:04.6469754Z │ nvs_partition.cpp.obj                    │        344 │     0 │     0 │     0 │     0 │        344 │     104 │        0 │   240 │       0 │             0 │           0 │
build	Build ESP32-C6 firmware	2026-09-24T12:52:04.6470598Z │ sdspi_crc.c.obj                          │        344 │     0 │     0 │     0 │     0 │        344 │     256 │        0 │    88 │       0 │             0 │           0 │
build	Build ESP32-C6 firmware	2026-09-24T12:52:04.6471421Z │ lv_draw_sw.c.obj                         │        344 │     0 │     0 │     0 │     0 │        344 │       0 │        0 │   344 │       0 │             0 │           0 │
build	Build ESP32-C6 firmware	2026-09-24T12:52:04.6472350Z │ esp_ecc.c.obj                            │        344 │     0 │     0 │     0 │     0 │        344 │       0 │        0 │   344 │       0 │             0 │           0 │
build	Build ESP32-C6 firmware	2026-09-24T12:52:04.6473154Z │ assert.c.obj                             │        342 │   342 │     0 │     0 │   342 │          0 │       0 │        0 │     0 │       0 │             0 │           0 │
build	Build ESP32-C6 firmware	2026-09-24T12:52:04.6474003Z │ ieee80211_mesh_quick.o                   │        337 │   187 │   180 │     7 │     0 │        150 │       0 │        0 │   150 │       0 │             0 │           0 │
build	Build ESP32-C6 firmware	2026-09-24T12:52:04.6474861Z │ lwip_default_hooks.c.obj                 │        332 │     0 │     0 │     0 │     0 │        332 │       0 │        0 │   332 │       0 │             0 │           0 │
build	Build ESP32-C6 firmware	2026-09-24T12:52:04.6475822Z │ sha_hal.c.obj                            │        324 │     0 │     0 │     0 │     0 │        324 │       0 │        0 │   324 │       0 │             0 │           0 │
build	Build ESP32-C6 firmware	2026-09-24T12:52:04.6476629Z │ asn1write.c.obj                          │        324 │     0 │     0 │     0 │     0 │        324 │       0 │        0 │   324 │       0 │             0 │           0 │
build	Build ESP32-C6 firmware	2026-09-24T12:52:04.6477427Z │ rtc_io.c.obj                             │        322 │     0 │     0 │     0 │     0 │        322 │      16 │        0 │   306 │       0 │             0 │           0 │
build	Build ESP32-C6 firmware	2026-09-24T12:52:04.6478354Z │ libc_a-refill.o                          │        322 │     0 │     0 │     0 │     0 │        322 │       0 │        0 │   322 │       0 │             0 │           0 │
build	Build ESP32-C6 firmware	2026-09-24T12:52:04.6479164Z │ wpabuf.c.obj                             │        320 │     0 │     0 │     0 │     0 │        320 │       0 │        0 │   320 │       0 │             0 │           0 │
build	Build ESP32-C6 firmware	2026-09-24T12:52:04.6479984Z │ phy_pwdet.o                              │        318 │   126 │     0 │     0 │   126 │        192 │       0 │        0 │   192 │       0 │             0 │           0 │
build	Build ESP32-C6 firmware	2026-09-24T12:52:04.6480808Z │ log_linked_list.c.obj                    │        314 │     4 │     4 │     0 │     0 │        310 │       0 │        0 │   310 │       0 │             0 │           0 │
build	Build ESP32-C6 firmware	2026-09-24T12:52:04.6481808Z │ libc_a-fgets.o                           │        314 │     0 │     0 │     0 │     0 │        314 │       0 │        0 │   314 │       0 │             0 │           0 │
build	Build ESP32-C6 firmware	2026-09-24T12:52:04.6482684Z │ io_mux.c.obj                             │        312 │    12 │    12 │     0 │     0 │        300 │       0 │        0 │   300 │       0 │             0 │           0 │
build	Build ESP32-C6 firmware	2026-09-24T12:52:04.6483516Z │ pmu_sleep.c.obj                          │        312 │   312 │     1 │    63 │   248 │          0 │       0 │        0 │     0 │       0 │             0 │           0 │
build	Build ESP32-C6 firmware	2026-09-24T12:52:04.6484372Z │ ieee80211_ets.o                          │        311 │     0 │     0 │     0 │     0 │        311 │      63 │        0 │   248 │       0 │             0 │           0 │
build	Build ESP32-C6 firmware	2026-09-24T12:52:04.6485207Z │ pp_debug.o                               │        308 │   284 │   264 │     4 │    16 │         24 │       0 │        0 │    24 │       0 │             0 │           0 │
build	Build ESP32-C6 firmware	2026-09-24T12:52:04.6486062Z │ spi_flash_encrypt_hal_iram.c.obj         │        308 │   308 │     0 │    36 │   272 │          0 │       0 │        0 │     0 │       0 │             0 │           0 │
build	Build ESP32-C6 firmware	2026-09-24T12:52:04.6486943Z │ interrupts.c.obj                         │        308 │     0 │     0 │     0 │     0 │        308 │     308 │        0 │     0 │       0 │             0 │           0 │
build	Build ESP32-C6 firmware	2026-09-24T12:52:04.6487775Z │ lv_hal_indev.c.obj                       │        308 │     0 │     0 │     0 │     0 │        308 │       0 │        0 │   308 │       0 │             0 │           0 │
build	Build ESP32-C6 firmware	2026-09-24T12:52:04.6488615Z │ constant_time.c.obj                      │        306 │     0 │     0 │     0 │     0 │        306 │       0 │        0 │   306 │       0 │             0 │           0 │
build	Build ESP32-C6 firmware	2026-09-24T12:52:04.6489454Z │ board_backlight.c.obj                    │        305 │     1 │     1 │     0 │     0 │        304 │       0 │        0 │   304 │       0 │             0 │           0 │
build	Build ESP32-C6 firmware	2026-09-24T12:52:04.6490305Z │ esp_netif_lwip.c.obj                     │        300 │     8 │     8 │     0 │     0 │        292 │       0 │        0 │   292 │       0 │             0 │           0 │
build	Build ESP32-C6 firmware	2026-09-24T12:52:04.6491169Z │ sleep_clock.c.obj                        │        300 │     0 │     0 │     0 │     0 │        300 │     130 │        0 │   170 │       0 │             0 │           0 │
build	Build ESP32-C6 firmware	2026-09-24T12:52:04.6492151Z │ lv_obj_style_gen.c.obj                   │        300 │     0 │     0 │     0 │     0 │        300 │       0 │        0 │   300 │       0 │             0 │           0 │
build	Build ESP32-C6 firmware	2026-09-24T12:52:04.6493180Z │ apm_hal.c.obj                            │        292 │     0 │     0 │     0 │     0 │        292 │       0 │        0 │   292 │       0 │             0 │           0 │
build	Build ESP32-C6 firmware	2026-09-24T12:52:04.6494000Z │ hw_random.c.obj                          │        290 │   138 │     4 │     0 │   134 │        152 │      24 │        0 │   128 │       0 │             0 │           0 │
build	Build ESP32-C6 firmware	2026-09-24T12:52:04.6494832Z │ esp_rom_tlsf.c.obj                       │        288 │   284 │    84 │     0 │   200 │          4 │       4 │        0 │     0 │       0 │             0 │           0 │
build	Build ESP32-C6 firmware	2026-09-24T12:52:04.6495776Z │ phy_basic.o                              │        288 │     0 │     0 │     0 │     0 │        288 │       0 │        0 │   288 │       0 │             0 │           0 │
build	Build ESP32-C6 firmware	2026-09-24T12:52:04.6496601Z │ sha256-prf.c.obj                         │        284 │     0 │     0 │     0 │     0 │        284 │       0 │        0 │   284 │       0 │             0 │           0 │
build	Build ESP32-C6 firmware	2026-09-24T12:52:04.6497428Z │ pp_he_ctrl.o                             │        280 │    28 │    26 │     2 │     0 │        252 │       0 │        0 │   252 │       0 │             0 │           0 │
build	Build ESP32-C6 firmware	2026-09-24T12:52:04.6498233Z │ sha256-kdf.c.obj                         │        280 │     0 │     0 │     0 │     0 │        280 │       0 │        0 │   280 │       0 │             0 │           0 │
build	Build ESP32-C6 firmware	2026-09-24T12:52:04.6499066Z │ adc_share_hw_ctrl.c.obj                  │        278 │     4 │     4 │     0 │     0 │        274 │      20 │        0 │   254 │       0 │             0 │           0 │
build	Build ESP32-C6 firmware	2026-09-24T12:52:04.6499887Z │ lv_font.c.obj                            │        278 │     0 │     0 │     0 │     0 │        278 │       0 │        0 │   278 │       0 │             0 │           0 │
build	Build ESP32-C6 firmware	2026-09-24T12:52:04.6500724Z │ hopper_policy.c.obj                      │        278 │     0 │     0 │     0 │     0 │        278 │       0 │        0 │   278 │       0 │             0 │           0 │
build	Build ESP32-C6 firmware	2026-09-24T12:52:04.6501565Z │ phy_analog_cal.o                         │        274 │     0 │     0 │     0 │     0 │        274 │       0 │        0 │   274 │       0 │             0 │           0 │
build	Build ESP32-C6 firmware	2026-09-24T12:52:04.6502527Z │ ieee80211_debug.o                        │        268 │    64 │    64 │     0 │     0 │        204 │       0 │        0 │   204 │       0 │             0 │           0 │
build	Build ESP32-C6 firmware	2026-09-24T12:52:04.6503358Z │ lv_draw_layer.c.obj                      │        268 │     0 │     0 │     0 │     0 │        268 │       0 │        0 │   268 │       0 │             0 │           0 │
build	Build ESP32-C6 firmware	2026-09-24T12:52:04.6504173Z │ phy_11ax.o                               │        266 │     0 │     0 │     0 │     0 │        266 │       0 │        0 │   266 │       0 │             0 │           0 │
build	Build ESP32-C6 firmware	2026-09-24T12:52:04.6505001Z │ vectors_intc.S.obj                       │        258 │   258 │     0 │     0 │   258 │          0 │       0 │        0 │     0 │       0 │             0 │           0 │
build	Build ESP32-C6 firmware	2026-09-24T12:52:04.6505979Z │ libc_a-fdopen.o                          │        258 │     0 │     0 │     0 │     0 │        258 │       0 │        0 │   258 │       0 │             0 │           0 │
build	Build ESP32-C6 firmware	2026-09-24T12:52:04.6506801Z │ libc_a-reent.o                           │        256 │     0 │     0 │     0 │     0 │        256 │       0 │        0 │   256 │       0 │             0 │           0 │
build	Build ESP32-C6 firmware	2026-09-24T12:52:04.6507608Z │ libc_a-fopen.o                           │        252 │     0 │     0 │     0 │     0 │        252 │       0 │        0 │   252 │       0 │             0 │           0 │
build	Build ESP32-C6 firmware	2026-09-24T12:52:04.6508414Z │ startup.c.obj                            │        250 │     8 │     8 │     0 │     0 │        242 │       4 │        0 │   238 │       0 │             0 │           0 │
build	Build ESP32-C6 firmware	2026-09-24T12:52:04.6509336Z │ rc4.c.obj                                │        250 │     0 │     0 │     0 │     0 │        250 │       0 │        0 │   250 │       0 │             0 │           0 │
build	Build ESP32-C6 firmware	2026-09-24T12:52:04.6510192Z │ eh_globals.o                             │        249 │    13 │    13 │     0 │     0 │        236 │      12 │        0 │   224 │       0 │             0 │           0 │
build	Build ESP32-C6 firmware	2026-09-24T12:52:04.6511013Z │ flash_ops.c.obj                          │        246 │    66 │     0 │     8 │    58 │        180 │      22 │        0 │   158 │       0 │             0 │           0 │
build	Build ESP32-C6 firmware	2026-09-24T12:52:04.6511965Z │ clk_ctrl_os.c.obj                        │        244 │     5 │     5 │     0 │     0 │        239 │      29 │        0 │   210 │       0 │             0 │           0 │
build	Build ESP32-C6 firmware	2026-09-24T12:52:04.6512797Z │ libc_a-impure.o                          │        244 │   244 │     0 │   244 │     0 │          0 │       0 │        0 │     0 │       0 │             0 │           0 │
build	Build ESP32-C6 firmware	2026-09-24T12:52:04.6513646Z │ idf_additions.c.obj                      │        243 │     0 │     0 │     0 │     0 │        243 │      21 │        0 │   222 │       0 │             0 │           0 │
build	Build ESP32-C6 firmware	2026-09-24T12:52:04.6514474Z │ libc_a-fclose.o                          │        238 │     0 │     0 │     0 │     0 │        238 │       0 │        0 │   238 │       0 │             0 │           0 │
build	Build ESP32-C6 firmware	2026-09-24T12:52:04.6515320Z │ periph_ctrl.c.obj                        │        235 │   161 │    41 │     0 │   120 │         74 │       0 │        0 │    74 │       0 │             0 │           0 │
build	Build ESP32-C6 firmware	2026-09-24T12:52:04.6516154Z │ esp_ota_ops.c.obj                        │        232 │     4 │     4 │     0 │     0 │        228 │      30 │        0 │   198 │       0 │             0 │           0 │
build	Build ESP32-C6 firmware	2026-09-24T12:52:04.6516980Z │ i2c_hal_iram.c.obj                       │        232 │   232 │     0 │     0 │   232 │          0 │       0 │        0 │     0 │       0 │             0 │           0 │
build	Build ESP32-C6 firmware	2026-09-24T12:52:04.6517800Z │ util.c.obj                               │        228 │     0 │     0 │     0 │     0 │        228 │       0 │        0 │   228 │       0 │             0 │           0 │
build	Build ESP32-C6 firmware	2026-09-24T12:52:04.6518601Z │ if_hecfg.o                               │        224 │   146 │     0 │     0 │   146 │         78 │      78 │        0 │     0 │       0 │             0 │           0 │
build	Build ESP32-C6 firmware	2026-09-24T12:52:04.6519418Z │ rate_control.o                           │        224 │     0 │     0 │     0 │     0 │        224 │       0 │        0 │   224 │       0 │             0 │           0 │
build	Build ESP32-C6 firmware	2026-09-24T12:52:04.6520238Z │ lv_spinner.c.obj                         │        220 │     8 │     8 │     0 │     0 │        212 │      28 │        0 │   184 │       0 │             0 │           0 │
build	Build ESP32-C6 firmware	2026-09-24T12:52:04.6521058Z │ portasm.S.obj                            │        216 │   216 │     0 │     0 │   216 │          0 │       0 │        0 │     0 │       0 │             0 │           0 │
build	Build ESP32-C6 firmware	2026-09-24T12:52:04.6522188Z │ brownout_hal.c.obj                       │        216 │     0 │     0 │     0 │     0 │        216 │       0 │        0 │   216 │       0 │             0 │           0 │
build	Build ESP32-C6 firmware	2026-09-24T12:52:04.6523034Z │ eh_catch.o                               │        214 │     0 │     0 │     0 │     0 │        214 │       0 │        0 │   214 │       0 │             0 │           0 │
build	Build ESP32-C6 firmware	2026-09-24T12:52:04.6524039Z │ libc_a-fwrite.o                          │        212 │     0 │     0 │     0 │     0 │        212 │       0 │        0 │   212 │       0 │             0 │           0 │
build	Build ESP32-C6 firmware	2026-09-24T12:52:04.6524865Z │ board_spi.c.obj                          │        211 │     1 │     1 │     0 │     0 │        210 │       0 │        0 │   210 │       0 │             0 │           0 │
build	Build ESP32-C6 firmware	2026-09-24T12:52:04.6525672Z │ mem.c.obj                                │        210 │     0 │     0 │     0 │     0 │        210 │      20 │        0 │   190 │       0 │             0 │           0 │
build	Build ESP32-C6 firmware	2026-09-24T12:52:04.6526588Z │ pk.c.obj                                 │        208 │     0 │     0 │     0 │     0 │        208 │       0 │        0 │   208 │       0 │             0 │           0 │
build	Build ESP32-C6 firmware	2026-09-24T12:52:04.6527398Z │ ffsystem.c.obj                           │        206 │    12 │    12 │     0 │     0 │        194 │       0 │        0 │   194 │       0 │             0 │           0 │
build	Build ESP32-C6 firmware	2026-09-24T12:52:04.6528231Z │ coexist_api.o                            │        204 │    46 │     0 │     4 │    42 │        158 │       0 │        0 │   158 │       0 │             0 │           0 │
build	Build ESP32-C6 firmware	2026-09-24T12:52:04.6529041Z │ libc_a-stdio.o                           │        200 │     0 │     0 │     0 │     0 │        200 │       0 │        0 │   200 │       0 │             0 │           0 │
build	Build ESP32-C6 firmware	2026-09-24T12:52:04.6529871Z │ esp_lcd_panel_io.c.obj                   │        196 │     0 │     0 │     0 │     0 │        196 │      52 │        0 │   144 │       0 │             0 │           0 │
build	Build ESP32-C6 firmware	2026-09-24T12:52:04.6530695Z │ phy_api.o                                │        194 │     0 │     0 │     0 │     0 │        194 │       0 │        0 │   194 │       0 │             0 │           0 │
build	Build ESP32-C6 firmware	2026-09-24T12:52:04.6531496Z │ lv_img_cache.c.obj                       │        192 │     0 │     0 │     0 │     0 │        192 │       0 │        0 │   192 │       0 │             0 │           0 │
build	Build ESP32-C6 firmware	2026-09-24T12:52:04.6532542Z │ dns.c.obj                                │        190 │    72 │    72 │     0 │     0 │        118 │       0 │        0 │   118 │       0 │             0 │           0 │
build	Build ESP32-C6 firmware	2026-09-24T12:52:04.6533340Z │ heap.c.obj                               │        190 │   190 │     0 │     0 │   190 │          0 │       0 │        0 │     0 │       0 │             0 │           0 │
build	Build ESP32-C6 firmware	2026-09-24T12:52:04.6534157Z │ hw_stack_guard.c.obj                     │        188 │     0 │     0 │     0 │     0 │        188 │       8 │        0 │   180 │       0 │             0 │           0 │
build	Build ESP32-C6 firmware	2026-09-24T12:52:04.6535003Z │ memory_layout.c.obj                      │        188 │     0 │     0 │     0 │     0 │        188 │     188 │        0 │     0 │       0 │             0 │           0 │
build	Build ESP32-C6 firmware	2026-09-24T12:52:04.6535828Z │ tag_log_level.c.obj                      │        188 │     0 │     0 │     0 │     0 │        188 │       0 │        0 │   188 │       0 │             0 │           0 │
build	Build ESP32-C6 firmware	2026-09-24T12:52:04.6536793Z │ sha1-prf.c.obj                           │        188 │     0 │     0 │     0 │     0 │        188 │       0 │        0 │   188 │       0 │             0 │           0 │
build	Build ESP32-C6 firmware	2026-09-24T12:52:04.6537600Z │ netbuf.c.obj                             │        187 │     0 │     0 │     0 │     0 │        187 │      13 │        0 │   174 │       0 │             0 │           0 │
build	Build ESP32-C6 firmware	2026-09-24T12:52:04.6538408Z │ system_time.c.obj                        │        184 │    44 │     8 │     0 │    36 │        140 │       0 │        0 │   140 │       0 │             0 │           0 │
build	Build ESP32-C6 firmware	2026-09-24T12:52:04.6539411Z │ cache_utils.c.obj                        │        184 │   146 │     8 │     0 │   138 │         38 │       0 │        0 │    38 │       0 │             0 │           0 │
build	Build ESP32-C6 firmware	2026-09-24T12:52:04.6540235Z │ lv_draw_rect.c.obj                       │        184 │   122 │     0 │     0 │   122 │         62 │       0 │        0 │    62 │       0 │             0 │           0 │
build	Build ESP32-C6 firmware	2026-09-24T12:52:04.6541057Z │ pk_ecc.c.obj                             │        184 │     0 │     0 │     0 │     0 │        184 │       0 │        0 │   184 │       0 │             0 │           0 │
build	Build ESP32-C6 firmware	2026-09-24T12:52:04.6541989Z │ libc_a-putc.o                            │        182 │     0 │     0 │     0 │     0 │        182 │       0 │        0 │   182 │       0 │             0 │           0 │
build	Build ESP32-C6 firmware	2026-09-24T12:52:04.6542796Z │ phy_tsens.o                              │        180 │     0 │     0 │     0 │     0 │        180 │       0 │        0 │   180 │       0 │             0 │           0 │
build	Build ESP32-C6 firmware	2026-09-24T12:52:04.6543593Z │ esp_err.c.obj                            │        178 │   178 │     0 │     0 │   178 │          0 │       0 │        0 │     0 │       0 │             0 │           0 │
build	Build ESP32-C6 firmware	2026-09-24T12:52:04.6544409Z │ log_lock.c.obj                           │        172 │   172 │     4 │     0 │   168 │          0 │       0 │        0 │     0 │       0 │             0 │           0 │
build	Build ESP32-C6 firmware	2026-09-24T12:52:04.6545243Z │ esp_efuse_api.c.obj                      │        172 │     0 │     0 │     0 │     0 │        172 │       0 │        0 │   172 │       0 │             0 │           0 │
build	Build ESP32-C6 firmware	2026-09-24T12:52:04.6546056Z │ libc_a-puts.o                            │        172 │     0 │     0 │     0 │     0 │        172 │       0 │        0 │   172 │       0 │             0 │           0 │
build	Build ESP32-C6 firmware	2026-09-24T12:52:04.6546933Z │ usb_serial_jtag_connection_monitor.c.obj │        169 │   109 │     5 │     0 │   104 │         60 │       8 │        0 │    52 │       0 │             0 │           0 │
build	Build ESP32-C6 firmware	2026-09-24T12:52:04.6547827Z │ esp_crypto_lock.c.obj                    │        168 │    12 │    12 │     0 │     0 │        156 │       0 │        0 │   156 │       0 │             0 │           0 │
build	Build ESP32-C6 firmware	2026-09-24T12:52:04.6548655Z │ hal_test.o                               │        166 │    56 │    56 │     0 │     0 │        110 │       0 │        0 │   110 │       0 │             0 │           0 │
build	Build ESP32-C6 firmware	2026-09-24T12:52:04.6549486Z │ ieee80211_ie_vendor.o                    │        166 │     0 │     0 │     0 │     0 │        166 │       0 │        0 │   166 │       0 │             0 │           0 │
build	Build ESP32-C6 firmware	2026-09-24T12:52:04.6550311Z │ libc_a-getenv_r.o                        │        166 │     0 │     0 │     0 │     0 │        166 │       0 │        0 │   166 │       0 │             0 │           0 │
build	Build ESP32-C6 firmware	2026-09-24T12:52:04.6551137Z │ cache_err_int.c.obj                      │        165 │     0 │     0 │     0 │     0 │        165 │      19 │        0 │   146 │       0 │             0 │           0 │
build	Build ESP32-C6 firmware	2026-09-24T12:52:04.6552073Z │ lv_win.c.obj                             │        164 │     2 │     2 │     0 │     0 │        162 │      28 │        0 │   134 │       0 │             0 │           0 │
build	Build ESP32-C6 firmware	2026-09-24T12:52:04.6552898Z │ port_common.c.obj                        │        162 │   132 │     0 │     0 │   132 │         30 │      30 │        0 │     0 │       0 │             0 │           0 │
build	Build ESP32-C6 firmware	2026-09-24T12:52:04.6553880Z │ gpio_hal.c.obj                           │        162 │     0 │     0 │     0 │     0 │        162 │      28 │        0 │   134 │       0 │             0 │           0 │
build	Build ESP32-C6 firmware	2026-09-24T12:52:04.6554708Z │ esp_aes_common.c.obj                     │        162 │     0 │     0 │     0 │     0 │        162 │       0 │        0 │   162 │       0 │             0 │           0 │
build	Build ESP32-C6 firmware	2026-09-24T12:52:04.6555541Z │ pau_regdma.c.obj                         │        156 │   124 │     4 │     4 │   116 │         32 │       0 │        0 │    32 │       0 │             0 │           0 │
build	Build ESP32-C6 firmware	2026-09-24T12:52:04.6556359Z │ libc_a-fputs.o                           │        156 │     0 │     0 │     0 │     0 │        156 │       0 │        0 │   156 │       0 │             0 │           0 │
build	Build ESP32-C6 firmware	2026-09-24T12:52:04.6557332Z │ ieee80211_crypto_wep.o                   │        154 │    24 │     0 │    24 │     0 │        130 │       0 │        0 │   130 │       0 │             0 │           0 │
build	Build ESP32-C6 firmware	2026-09-24T12:52:04.6558176Z │ heap_align_hw.c.obj                      │        152 │   152 │     0 │     0 │   152 │          0 │       0 │        0 │     0 │       0 │             0 │           0 │
build	Build ESP32-C6 firmware	2026-09-24T12:52:04.6559015Z │ gdma_hal_top.c.obj                       │        150 │    42 │     0 │     0 │    42 │        108 │       0 │        0 │   108 │       0 │             0 │           0 │
build	Build ESP32-C6 firmware	2026-09-24T12:52:04.6559841Z │ pm_beacon_offset.o                       │        149 │     4 │     0 │     4 │     0 │        145 │      29 │        0 │   116 │       0 │             0 │           0 │
build	Build ESP32-C6 firmware	2026-09-24T12:52:04.6560654Z │ pau_hal.c.obj                            │        146 │     0 │     0 │     0 │     0 │        146 │      32 │        0 │   114 │       0 │             0 │           0 │
build	Build ESP32-C6 firmware	2026-09-24T12:52:04.6561488Z │ debug_helpers.c.obj                      │        144 │   144 │     0 │     0 │   144 │          0 │       0 │        0 │     0 │       0 │             0 │           0 │
build	Build ESP32-C6 firmware	2026-09-24T12:52:04.6562625Z │ heap_idf.c.obj                           │        142 │   142 │     0 │     0 │   142 │          0 │       0 │        0 │     0 │       0 │             0 │           0 │
build	Build ESP32-C6 firmware	2026-09-24T12:52:04.6563458Z │ lv_theme.c.obj                           │        142 │     0 │     0 │     0 │     0 │        142 │       0 │        0 │   142 │       0 │             0 │           0 │
build	Build ESP32-C6 firmware	2026-09-24T12:52:04.6564266Z │ efuse_hal.c.obj                          │        140 │   140 │     0 │     0 │   140 │          0 │       0 │        0 │     0 │       0 │             0 │           0 │
build	Build ESP32-C6 firmware	2026-09-24T12:52:04.6565074Z │ list.c.obj                               │        140 │   140 │     0 │     0 │   140 │          0 │       0 │        0 │     0 │       0 │             0 │           0 │
build	Build ESP32-C6 firmware	2026-09-24T12:52:04.6565894Z │ lv_disp.c.obj                            │        138 │     0 │     0 │     0 │     0 │        138 │       0 │        0 │   138 │       0 │             0 │           0 │
build	Build ESP32-C6 firmware	2026-09-24T12:52:04.6566709Z │ esp_system.c.obj                         │        136 │    20 │    20 │     0 │     0 │        116 │       0 │        0 │   116 │       0 │             0 │           0 │
build	Build ESP32-C6 firmware	2026-09-24T12:52:04.6567683Z │ abort.c.obj                              │        134 │   134 │     0 │     0 │   134 │          0 │       0 │        0 │     0 │       0 │             0 │           0 │
build	Build ESP32-C6 firmware	2026-09-24T12:52:04.6568516Z │ default_event_loop.c.obj                 │        130 │     4 │     4 │     0 │     0 │        126 │      20 │        0 │   106 │       0 │             0 │           0 │
build	Build ESP32-C6 firmware	2026-09-24T12:52:04.6569358Z │ phy_init_data.c.obj                      │        128 │     0 │     0 │     0 │     0 │        128 │     128 │        0 │     0 │       0 │             0 │           0 │
build	Build ESP32-C6 firmware	2026-09-24T12:52:04.6570302Z │ os_xtensa.c.obj                          │        128 │     0 │     0 │     0 │     0 │        128 │       0 │        0 │   128 │       0 │             0 │           0 │
build	Build ESP32-C6 firmware	2026-09-24T12:52:04.6571138Z │ spi_flash_os_func_noos.c.obj             │        126 │   126 │     0 │    40 │    86 │          0 │       0 │        0 │     0 │       0 │             0 │           0 │
build	Build ESP32-C6 firmware	2026-09-24T12:52:04.6572140Z │ pmu_hal.c.obj                            │        124 │   124 │     0 │     0 │   124 │          0 │       0 │        0 │     0 │       0 │             0 │           0 │
build	Build ESP32-C6 firmware	2026-09-24T12:52:04.6572959Z │ gpio_periph.c.obj                        │        124 │     0 │     0 │     0 │     0 │        124 │     124 │        0 │     0 │       0 │             0 │           0 │
build	Build ESP32-C6 firmware	2026-09-24T12:52:04.6573788Z │ rtc_io_periph.c.obj                      │        124 │     0 │     0 │     0 │     0 │        124 │     124 │        0 │     0 │       0 │             0 │           0 │
build	Build ESP32-C6 firmware	2026-09-24T12:52:04.6574622Z │ libc_a-flags.o                           │        122 │     0 │     0 │     0 │     0 │        122 │       0 │        0 │   122 │       0 │             0 │           0 │
build	Build ESP32-C6 firmware	2026-09-24T12:52:04.6575419Z │ hal_pwr.o                                │        120 │    92 │     0 │     0 │    92 │         28 │       0 │        0 │    28 │       0 │             0 │           0 │
build	Build ESP32-C6 firmware	2026-09-24T12:52:04.6576274Z │ new_op.o                                 │        120 │     0 │     0 │     0 │     0 │        120 │      46 │        0 │    74 │       0 │             0 │           0 │
build	Build ESP32-C6 firmware	2026-09-24T12:52:04.6577085Z │ log_timestamp.c.obj                      │        118 │   118 │     4 │     0 │   114 │          0 │       0 │        0 │     0 │       0 │             0 │           0 │
build	Build ESP32-C6 firmware	2026-09-24T12:52:04.6577911Z │ libc_a-fileno.o                          │        116 │     0 │     0 │     0 │     0 │        116 │       0 │        0 │   116 │       0 │             0 │           0 │
build	Build ESP32-C6 firmware	2026-09-24T12:52:04.6578764Z │ esp_dpa_protection.c.obj                 │        115 │     0 │     0 │     0 │     0 │        115 │      25 │        0 │    90 │       0 │             0 │           0 │
build	Build ESP32-C6 firmware	2026-09-24T12:52:04.6579590Z │ phy_debug.o                              │        112 │    40 │    40 │     0 │     0 │         72 │       0 │        0 │    72 │       0 │             0 │           0 │
build	Build ESP32-C6 firmware	2026-09-24T12:52:04.6580402Z │ ip4_addr.c.obj                           │        112 │     0 │     0 │     0 │     0 │        112 │      48 │        0 │    64 │       0 │             0 │           0 │
build	Build ESP32-C6 firmware	2026-09-24T12:52:04.6581213Z │ esp_cache.c.obj                          │        110 │   110 │     0 │    24 │    86 │          0 │       0 │        0 │     0 │       0 │             0 │           0 │
build	Build ESP32-C6 firmware	2026-09-24T12:52:04.6582125Z │ ip.c.obj                                 │        108 │    68 │    68 │     0 │     0 │         40 │       0 │        0 │    40 │       0 │             0 │           0 │
build	Build ESP32-C6 firmware	2026-09-24T12:52:04.6582920Z │ cpu.c.obj                                │        108 │    28 │     0 │     0 │    28 │         80 │       0 │        0 │    80 │       0 │             0 │           0 │
build	Build ESP32-C6 firmware	2026-09-24T12:52:04.6583723Z │ syscalls.c.obj                           │        108 │     0 │     0 │     0 │     0 │        108 │       0 │        0 │   108 │       0 │             0 │           0 │
build	Build ESP32-C6 firmware	2026-09-24T12:52:04.6584669Z │ esp_owe.c.obj                            │        108 │     0 │     0 │     0 │     0 │        108 │       0 │        0 │   108 │       0 │             0 │           0 │
build	Build ESP32-C6 firmware	2026-09-24T12:52:04.6585454Z │ err.c.obj                                │        106 │     0 │     0 │     0 │     0 │        106 │      68 │        0 │    38 │       0 │             0 │           0 │
build	Build ESP32-C6 firmware	2026-09-24T12:52:04.6586241Z │ sha256.c.obj                             │        106 │     0 │     0 │     0 │     0 │        106 │       0 │        0 │   106 │       0 │             0 │           0 │
build	Build ESP32-C6 firmware	2026-09-24T12:52:04.6587174Z │ multi_heap.c.obj                         │        104 │   104 │     0 │     8 │    96 │          0 │       0 │        0 │     0 │       0 │             0 │           0 │
build	Build ESP32-C6 firmware	2026-09-24T12:52:04.6587994Z │ libc_a-fwalk.o                           │        104 │     0 │     0 │     0 │     0 │        104 │       0 │        0 │   104 │       0 │             0 │           0 │
build	Build ESP32-C6 firmware	2026-09-24T12:52:04.6588817Z │ esp_cpu_intr.c.obj                       │        102 │     0 │     0 │     0 │     0 │        102 │       0 │        0 │   102 │       0 │             0 │           0 │
build	Build ESP32-C6 firmware	2026-09-24T12:52:04.6589631Z │ sd_pwr_ctrl.c.obj                        │        101 │     0 │     0 │     0 │     0 │        101 │      27 │        0 │    74 │       0 │             0 │           0 │
build	Build ESP32-C6 firmware	2026-09-24T12:52:04.6590491Z │ temperature_sensor_periph.c.obj          │        100 │     0 │     0 │     0 │     0 │        100 │     100 │        0 │     0 │       0 │             0 │           0 │
build	Build ESP32-C6 firmware	2026-09-24T12:52:04.6591332Z │ esp_md.c.obj                             │        100 │     0 │     0 │     0 │     0 │        100 │       0 │        0 │   100 │       0 │             0 │           0 │
build	Build ESP32-C6 firmware	2026-09-24T12:52:04.6592305Z │ libc_a-gettzinfo.o                       │         98 │    88 │     0 │    88 │     0 │         10 │       0 │        0 │    10 │       0 │             0 │           0 │
build	Build ESP32-C6 firmware	2026-09-24T12:52:04.6593116Z │ lv_btn.c.obj                             │         98 │     0 │     0 │     0 │     0 │         98 │      28 │        0 │    70 │       0 │             0 │           0 │
build	Build ESP32-C6 firmware	2026-09-24T12:52:04.6593896Z │ lv_utils.c.obj                           │         98 │     0 │     0 │     0 │     0 │         98 │       0 │        0 │    98 │       0 │             0 │           0 │
build	Build ESP32-C6 firmware	2026-09-24T12:52:04.6594700Z │ phy_override.c.obj                       │         97 │    79 │     1 │     0 │    78 │         18 │       0 │        0 │    18 │       0 │             0 │           0 │
build	Build ESP32-C6 firmware	2026-09-24T12:52:04.6595524Z │ libc_a-month_lengths.o                   │         96 │     0 │     0 │     0 │     0 │         96 │      96 │        0 │     0 │       0 │             0 │           0 │
build	Build ESP32-C6 firmware	2026-09-24T12:52:04.6596355Z │ libc_a-ferror.o                          │         96 │     0 │     0 │     0 │     0 │         96 │       0 │        0 │    96 │       0 │             0 │           0 │
build	Build ESP32-C6 firmware	2026-09-24T12:52:04.6597327Z │ nvs_partition_lookup.cpp.obj             │         90 │     0 │     0 │     0 │     0 │         90 │       0 │        0 │    90 │       0 │             0 │           0 │
build	Build ESP32-C6 firmware	2026-09-24T12:52:04.6598159Z │ lv_draw_line.c.obj                       │         88 │    88 │     0 │     0 │    88 │          0 │       0 │        0 │     0 │       0 │             0 │           0 │
build	Build ESP32-C6 firmware	2026-09-24T12:52:04.6598961Z │ log_write.c.obj                          │         86 │    36 │     0 │     4 │    32 │         50 │       0 │        0 │    50 │       0 │             0 │           0 │
build	Build ESP32-C6 firmware	2026-09-24T12:52:04.6599753Z │ lv_hal_tick.c.obj                        │         85 │     5 │     5 │     0 │     0 │         80 │       0 │        0 │    80 │       0 │             0 │           0 │
build	Build ESP32-C6 firmware	2026-09-24T12:52:04.6600691Z │ esp_efuse_table.c.obj                    │         84 │    48 │     0 │    48 │     0 │         36 │      36 │        0 │     0 │       0 │             0 │           0 │
build	Build ESP32-C6 firmware	2026-09-24T12:52:04.6601510Z │ lv_list.c.obj                            │         84 │     0 │     0 │     0 │     0 │         84 │      84 │        0 │     0 │       0 │             0 │           0 │
build	Build ESP32-C6 firmware	2026-09-24T12:52:04.6602526Z │ md5.c.obj                                │         84 │     0 │     0 │     0 │     0 │         84 │       0 │        0 │    84 │       0 │             0 │           0 │
build	Build ESP32-C6 firmware	2026-09-24T12:52:04.6603312Z │ sha1.c.obj                               │         84 │     0 │     0 │     0 │     0 │         84 │       0 │        0 │    84 │       0 │             0 │           0 │
build	Build ESP32-C6 firmware	2026-09-24T12:52:04.6604086Z │ wl_offchan.o                             │         82 │     8 │     8 │     0 │     0 │         74 │       0 │        0 │    74 │       0 │             0 │           0 │
build	Build ESP32-C6 firmware	2026-09-24T12:52:04.6604908Z │ flash_brownout_hook.c.obj                │         78 │    78 │     2 │     0 │    76 │          0 │       0 │        0 │     0 │       0 │             0 │           0 │
build	Build ESP32-C6 firmware	2026-09-24T12:52:04.6605763Z │ instruction_decode.c.obj                 │         76 │     0 │     0 │     0 │     0 │         76 │       0 │        0 │    76 │       0 │             0 │           0 │
build	Build ESP32-C6 firmware	2026-09-24T12:52:04.6606599Z │ spi_periph.c.obj                         │         72 │     0 │     0 │     0 │     0 │         72 │      72 │        0 │     0 │       0 │             0 │           0 │
build	Build ESP32-C6 firmware	2026-09-24T12:52:04.6607392Z │ libc_a-time.o                            │         70 │     0 │     0 │     0 │     0 │         70 │       0 │        0 │    70 │       0 │             0 │           0 │
build	Build ESP32-C6 firmware	2026-09-24T12:52:04.6608173Z │ mesh_parent.o                            │         68 │     4 │     4 │     0 │     0 │         64 │       0 │        0 │    64 │       0 │             0 │           0 │
build	Build ESP32-C6 firmware	2026-09-24T12:52:04.6608984Z │ stdatomic.c.obj                          │         68 │    68 │     0 │     0 │    68 │          0 │       0 │        0 │     0 │       0 │             0 │           0 │
build	Build ESP32-C6 firmware	2026-09-24T12:52:04.6609807Z │ init.c.obj                               │         66 │     0 │     0 │     0 │     0 │         66 │       8 │        0 │    42 │       0 │             0 │           0 │
build	Build ESP32-C6 firmware	2026-09-24T12:52:04.6610611Z │ bad_alloc.o                              │         66 │     0 │     0 │     0 │     0 │         66 │      20 │        0 │    46 │       0 │             0 │           0 │
build	Build ESP32-C6 firmware	2026-09-24T12:52:04.6611401Z │ eh_terminate.o                           │         66 │     0 │     0 │     0 │     0 │         66 │      16 │        0 │    50 │       0 │             0 │           0 │
build	Build ESP32-C6 firmware	2026-09-24T12:52:04.6612345Z │ platform_util.c.obj                      │         64 │     0 │     0 │     0 │     0 │         64 │       4 │        0 │    60 │       0 │             0 │           0 │
build	Build ESP32-C6 firmware	2026-09-24T12:52:04.6613157Z │ hal_mac_rx.o                             │         64 │     0 │     0 │     0 │     0 │         64 │       0 │        0 │    64 │       0 │             0 │           0 │
build	Build ESP32-C6 firmware	2026-09-24T12:52:04.6613958Z │ nvs_platform.cpp.obj                     │         60 │     4 │     4 │     0 │     0 │         56 │       0 │        0 │    56 │       0 │             0 │           0 │
build	Build ESP32-C6 firmware	2026-09-24T12:52:04.6614945Z │ esp_system_chip.c.obj                    │         60 │     8 │     0 │     0 │     8 │         52 │       0 │        0 │    52 │       0 │             0 │           0 │
build	Build ESP32-C6 firmware	2026-09-24T12:52:04.6615757Z │ reent_init.c.obj                         │         58 │    58 │     0 │     0 │    58 │          0 │       0 │        0 │     0 │       0 │             0 │           0 │
build	Build ESP32-C6 firmware	2026-09-24T12:52:04.6616558Z │ crypto_ops.c.obj                         │         58 │     0 │     0 │     0 │     0 │         58 │      44 │        0 │    14 │       0 │             0 │           0 │
build	Build ESP32-C6 firmware	2026-09-24T12:52:04.6617486Z │ libc_a-sysopen.o                         │         58 │     0 │     0 │     0 │     0 │         58 │       0 │        0 │    58 │       0 │             0 │           0 │
build	Build ESP32-C6 firmware	2026-09-24T12:52:04.6618303Z │ lv_msgbox.c.obj                          │         56 │     0 │     0 │     0 │     0 │         56 │      56 │        0 │     0 │       0 │             0 │           0 │
build	Build ESP32-C6 firmware	2026-09-24T12:52:04.6619140Z │ cxx_exception_stubs.cpp.obj              │         56 │     0 │     0 │     0 │     0 │         56 │       0 │        0 │    56 │       0 │             0 │           0 │
build	Build ESP32-C6 firmware	2026-09-24T12:52:04.6619965Z │ def.c.obj                                │         50 │     0 │     0 │     0 │     0 │         50 │       0 │        0 │    50 │       0 │             0 │           0 │
build	Build ESP32-C6 firmware	2026-09-24T12:52:04.6620746Z │ lp_timer_hal.c.obj                       │         44 │    44 │     0 │     4 │    40 │          0 │       0 │        0 │     0 │       0 │             0 │           0 │
build	Build ESP32-C6 firmware	2026-09-24T12:52:04.6621556Z │ libc_a-fseek.o                           │         44 │     0 │     0 │     0 │     0 │         44 │       0 │        0 │    44 │       0 │             0 │           0 │
build	Build ESP32-C6 firmware	2026-09-24T12:52:04.6622489Z │ libc_a-tzset.o                           │         44 │     0 │     0 │     0 │     0 │         44 │       0 │        0 │    44 │       0 │             0 │           0 │
build	Build ESP32-C6 firmware	2026-09-24T12:52:04.6623290Z │ esp_mem.c.obj                            │         42 │     0 │     0 │     0 │     0 │         42 │       0 │        0 │    42 │       0 │             0 │           0 │
build	Build ESP32-C6 firmware	2026-09-24T12:52:04.6624082Z │ platform.c.obj                           │         40 │     8 │     0 │     8 │     0 │         32 │       0 │        0 │    32 │       0 │             0 │           0 │
build	Build ESP32-C6 firmware	2026-09-24T12:52:04.6624870Z │ new_opvnt.o                              │         40 │     4 │     0 │     4 │     0 │         36 │      16 │        0 │    20 │       0 │             0 │           0 │
build	Build ESP32-C6 firmware	2026-09-24T12:52:04.6625676Z │ esp_timer_init.c.obj                     │         40 │     0 │     0 │     0 │     0 │         40 │       8 │        0 │    32 │       0 │             0 │           0 │
build	Build ESP32-C6 firmware	2026-09-24T12:52:04.6626484Z │ libc_a-sysread.o                         │         40 │     0 │     0 │     0 │     0 │         40 │       0 │        0 │    40 │       0 │             0 │           0 │
build	Build ESP32-C6 firmware	2026-09-24T12:52:04.6627427Z │ libc_a-syswrite.o                        │         40 │     0 │     0 │     0 │     0 │         40 │       0 │        0 │    40 │       0 │             0 │           0 │
build	Build ESP32-C6 firmware	2026-09-24T12:52:04.6628254Z │ esp_gpio_reserve.c.obj                   │         36 │     8 │     0 │     8 │     0 │         28 │       0 │        0 │    28 │       0 │             0 │           0 │
build	Build ESP32-C6 firmware	2026-09-24T12:52:04.6629070Z │ libc_a-sysgettod.o                       │         36 │     0 │     0 │     0 │     0 │         36 │       0 │        0 │    36 │       0 │             0 │           0 │
build	Build ESP32-C6 firmware	2026-09-24T12:52:04.6630044Z │ esp_memory_utils.c.obj                   │         34 │    34 │     0 │     0 │    34 │          0 │       0 │        0 │     0 │       0 │             0 │           0 │
build	Build ESP32-C6 firmware	2026-09-24T12:52:04.6630862Z │ esp_hardware.c.obj                       │         34 │     0 │     0 │     0 │     0 │         34 │       0 │        0 │    34 │       0 │             0 │           0 │
build	Build ESP32-C6 firmware	2026-09-24T12:52:04.6631820Z │ ieee80211_rfid.o                         │         34 │     0 │     0 │     0 │     0 │         34 │       0 │        0 │    34 │       0 │             0 │           0 │
build	Build ESP32-C6 firmware	2026-09-24T12:52:04.6632648Z │ lv_draw_transform.c.obj                  │         32 │     0 │     0 │     0 │     0 │         32 │       0 │        0 │    32 │       0 │             0 │           0 │
build	Build ESP32-C6 firmware	2026-09-24T12:52:04.6633513Z │ bootloader_flash_config_esp32c6.c.obj    │         32 │     0 │     0 │     0 │     0 │         32 │       0 │        0 │    32 │       0 │             0 │           0 │
build	Build ESP32-C6 firmware	2026-09-24T12:52:04.6634377Z │ libc_a-putchar.o                         │         32 │     0 │     0 │     0 │     0 │         32 │       0 │        0 │    32 │       0 │             0 │           0 │
build	Build ESP32-C6 firmware	2026-09-24T12:52:04.6635181Z │ libc_a-tzlock.o                          │         32 │     0 │     0 │     0 │     0 │         32 │       0 │        0 │    32 │       0 │             0 │           0 │
build	Build ESP32-C6 firmware	2026-09-24T12:52:04.6635993Z │ libc_a-sysfstat.o                        │         32 │     0 │     0 │     0 │     0 │         32 │       0 │        0 │    32 │       0 │             0 │           0 │
build	Build ESP32-C6 firmware	2026-09-24T12:52:04.6636801Z │ libc_a-envlock.o                         │         32 │     0 │     0 │     0 │     0 │         32 │       0 │        0 │    32 │       0 │             0 │           0 │
build	Build ESP32-C6 firmware	2026-09-24T12:52:04.6637615Z │ esp_rom_systimer.c.obj                   │         30 │    30 │     0 │     0 │    30 │          0 │       0 │        0 │     0 │       0 │             0 │           0 │
build	Build ESP32-C6 firmware	2026-09-24T12:52:04.6638427Z │ mpi_periph.c.obj                         │         28 │     0 │     0 │     0 │     0 │         28 │      28 │        0 │     0 │       0 │             0 │           0 │
build	Build ESP32-C6 firmware	2026-09-24T12:52:04.6639246Z │ esp_eap_client.c.obj                     │         24 │     4 │     4 │     0 │     0 │         20 │       0 │        0 │    20 │       0 │             0 │           0 │
build	Build ESP32-C6 firmware	2026-09-24T12:52:04.6640088Z │ esp_timer_impl_common.c.obj              │         24 │    24 │     0 │    16 │     8 │          0 │       0 │        0 │     0 │       0 │             0 │           0 │
build	Build ESP32-C6 firmware	2026-09-24T12:52:04.6640911Z │ systimer.c.obj                           │         24 │    24 │     0 │     0 │    24 │          0 │       0 │        0 │     0 │       0 │             0 │           0 │
build	Build ESP32-C6 firmware	2026-09-24T12:52:04.6641938Z │ ext_mem_layout.c.obj                     │         24 │     0 │     0 │     0 │     0 │         24 │      24 │        0 │     0 │       0 │             0 │           0 │
build	Build ESP32-C6 firmware	2026-09-24T12:52:04.6642756Z │ ip6_addr.c.obj                           │         24 │     0 │     0 │     0 │     0 │         24 │      24 │        0 │     0 │       0 │             0 │           0 │
build	Build ESP32-C6 firmware	2026-09-24T12:52:04.6643596Z │ esp_aes_gdma_impl.c.obj                  │         24 │     0 │     0 │     0 │     0 │         24 │       0 │        0 │    24 │       0 │             0 │           0 │
build	Build ESP32-C6 firmware	2026-09-24T12:52:04.6644568Z │ libc_a-sysclose.o                        │         24 │     0 │     0 │     0 │     0 │         24 │       0 │        0 │    24 │       0 │             0 │           0 │
build	Build ESP32-C6 firmware	2026-09-24T12:52:04.6645383Z │ libc_a-sysunlink.o                       │         24 │     0 │     0 │     0 │     0 │         24 │       0 │        0 │    24 │       0 │             0 │           0 │
build	Build ESP32-C6 firmware	2026-09-24T12:52:04.6646201Z │ new_handler.o                            │         21 │     4 │     4 │     0 │     0 │         17 │       1 │        0 │    16 │       0 │             0 │           0 │
build	Build ESP32-C6 firmware	2026-09-24T12:52:04.6646988Z │ coexist_dbg.o                            │         20 │    20 │     0 │     4 │    16 │          0 │       0 │        0 │     0 │       0 │             0 │           0 │
build	Build ESP32-C6 firmware	2026-09-24T12:52:04.6647918Z │ bootloader_mem.c.obj                     │         20 │     0 │     0 │     0 │     0 │         20 │       0 │        0 │    20 │       0 │             0 │           0 │
build	Build ESP32-C6 firmware	2026-09-24T12:52:04.6648716Z │ lv_draw.c.obj                            │         18 │     0 │     0 │     0 │     0 │         18 │       0 │        0 │    18 │       0 │             0 │           0 │
build	Build ESP32-C6 firmware	2026-09-24T12:52:04.6649506Z │ lv_extra.c.obj                           │         18 │     0 │     0 │     0 │     0 │         18 │       0 │        0 │    18 │       0 │             0 │           0 │
build	Build ESP32-C6 firmware	2026-09-24T12:52:04.6650297Z │ libc_a-errno.o                           │         18 │     0 │     0 │     0 │     0 │         18 │       0 │        0 │    18 │       0 │             0 │           0 │
build	Build ESP32-C6 firmware	2026-09-24T12:52:04.6651090Z │ libc_a-tzvars.o                          │         16 │    16 │     8 │     8 │     0 │          0 │       0 │        0 │     0 │       0 │             0 │           0 │
build	Build ESP32-C6 firmware	2026-09-24T12:52:04.6652058Z │ esp_sha_gdma_impl.c.obj                  │         16 │     0 │     0 │     0 │     0 │         16 │       0 │        0 │    16 │       0 │             0 │           0 │
build	Build ESP32-C6 firmware	2026-09-24T12:52:04.6652860Z │ esp_wps.c.obj                            │         14 │     4 │     4 │     0 │     0 │         10 │       0 │        0 │    10 │       0 │             0 │           0 │
build	Build ESP32-C6 firmware	2026-09-24T12:52:04.6653675Z │ flash_encrypt.c.obj                      │         14 │    14 │     0 │     0 │    14 │          0 │       0 │        0 │     0 │       0 │             0 │           0 │
build	Build ESP32-C6 firmware	2026-09-24T12:52:04.6654477Z │ ledc_hal.c.obj                           │         14 │     0 │     0 │     0 │     0 │         14 │       0 │        0 │    14 │       0 │             0 │           0 │
build	Build ESP32-C6 firmware	2026-09-24T12:52:04.6655291Z │ spi_flash_chip_drivers.c.obj             │         12 │    12 │     0 │    12 │     0 │          0 │       0 │        0 │     0 │       0 │             0 │           0 │
build	Build ESP32-C6 firmware	2026-09-24T12:52:04.6656131Z │ i2c_periph.c.obj                         │         12 │     0 │     0 │     0 │     0 │         12 │      12 │        0 │     0 │       0 │             0 │           0 │
build	Build ESP32-C6 firmware	2026-09-24T12:52:04.6656923Z │ log_level.c.obj                          │         10 │     4 │     0 │     4 │     0 │          6 │       0 │        0 │     6 │       0 │             0 │           0 │
build	Build ESP32-C6 firmware	2026-09-24T12:52:04.6657911Z │ libc_a-environ.o                         │          8 │     8 │     4 │     4 │     0 │          0 │       0 │        0 │     0 │       0 │             0 │           0 │
build	Build ESP32-C6 firmware	2026-09-24T12:52:04.6658692Z │ del_op.o                                 │          8 │     0 │     0 │     0 │     0 │          8 │       0 │        0 │     8 │       0 │             0 │           0 │
build	Build ESP32-C6 firmware	2026-09-24T12:52:04.6659436Z │ tinfo.o                                  │          6 │     0 │     0 │     0 │     0 │          6 │       0 │        0 │     6 │       0 │             0 │           0 │
build	Build ESP32-C6 firmware	2026-09-24T12:52:04.6660327Z │ eh_term_handler.o                        │          4 │     4 │     0 │     4 │     0 │          0 │       0 │        0 │     0 │       0 │             0 │           0 │
build	Build ESP32-C6 firmware	2026-09-24T12:52:04.6661113Z │ rtc_module.c.obj                         │          4 │     4 │     0 │     0 │     4 │          0 │       0 │        0 │     0 │       0 │             0 │           0 │
build	Build ESP32-C6 firmware	2026-09-24T12:52:04.6662042Z │ pthread.c.obj                            │          4 │     0 │     0 │     0 │     0 │          4 │       0 │        0 │     2 │       0 │             0 │           0 │
build	Build ESP32-C6 firmware	2026-09-24T12:52:04.6662818Z │ del_ops.o                                │          4 │     0 │     0 │     0 │     0 │          4 │       0 │        0 │     4 │       0 │             0 │           0 │
build	Build ESP32-C6 firmware	2026-09-24T12:52:04.6663588Z │ libc_a-u_strerr.o                        │          4 │     0 │     0 │     0 │     0 │          4 │       0 │        0 │     4 │       0 │             0 │           0 │
build	Build ESP32-C6 firmware	2026-09-24T12:52:04.6664398Z │ ubsan.c.obj                              │          2 │     2 │     0 │     0 │     2 │          0 │       0 │        0 │     0 │       0 │             0 │           0 │
build	Build ESP32-C6 firmware	2026-09-24T12:52:04.6665200Z │ esp_rom_multi_heap.c.obj                 │          2 │     0 │     0 │     0 │     0 │          2 │       0 │        0 │     2 │       0 │             0 │           0 │
build	Build ESP32-C6 firmware	2026-09-24T12:52:04.6666025Z │ getentropy.c.obj                         │          2 │     0 │     0 │     0 │     0 │          2 │       0 │        0 │     2 │       0 │             0 │           0 │
build	Build ESP32-C6 firmware	2026-09-24T12:52:04.6666840Z │ pthread_cond_var.c.obj                   │          2 │     0 │     0 │     0 │     0 │          2 │       0 │        0 │     2 │       0 │             0 │           0 │
build	Build ESP32-C6 firmware	2026-09-24T12:52:04.6667651Z │ pthread_rwlock.c.obj                     │          2 │     0 │     0 │     0 │     0 │          2 │       0 │        0 │     2 │       0 │             0 │           0 │
build	Build ESP32-C6 firmware	2026-09-24T12:52:04.6668481Z │ pthread_semaphore.c.obj                  │          2 │     0 │     0 │     0 │     0 │          2 │       0 │        0 │     2 │       0 │             0 │           0 │
build	Build ESP32-C6 firmware	2026-09-24T12:52:04.6669295Z │ cxx_guards.cpp.obj                       │          2 │     0 │     0 │     0 │     0 │          2 │       0 │        0 │     2 │       0 │             0 │           0 │
build	Build ESP32-C6 firmware	2026-09-24T12:52:04.6670100Z │ cxx_init.cpp.obj                         │          2 │     0 │     0 │     0 │     0 │          2 │       0 │        0 │     2 │       0 │             0 │           0 │
build	Build ESP32-C6 firmware	2026-09-24T12:52:04.6670903Z │ nvs_sec_provider.c.obj                   │          2 │     0 │     0 │     0 │     0 │          2 │       0 │        0 │     2 │       0 │             0 │           0 │
build	Build ESP32-C6 firmware	2026-09-24T12:52:04.6671810Z │ del_opv.o                                │          2 │     0 │     0 │     0 │     0 │          2 │       0 │        0 │     2 │       0 │             0 │           0 │
build	Build ESP32-C6 firmware	2026-09-24T12:52:04.6672581Z │ new_opv.o                                │          2 │     0 │     0 │     0 │     0 │          2 │       0 │        0 │     2 │       0 │             0 │           0 │
build	Build ESP32-C6 firmware	2026-09-24T12:52:04.6673351Z │ eh_exception.o                           │          2 │     0 │     0 │     0 │     0 │          2 │       0 │        0 │     2 │       0 │             0 │           0 │
build	Build ESP32-C6 firmware	2026-09-24T12:52:04.6674288Z │ ledc_periph.c.obj                        │          1 │     0 │     0 │     0 │     0 │          1 │       1 │        0 │     0 │       0 │             0 │           0 │
build	Build ESP32-C6 firmware	2026-09-24T12:52:04.6675223Z └──────────────────────────────────────────┴────────────┴───────┴───────┴───────┴───────┴────────────┴─────────┴──────────┴───────┴─────────┴───────────────┴─────────────┘
build	Build ESP32-C6 firmware	2026-09-24T12:52:04.8974521Z ##[end-action id=__espressif_esp-idf-ci-action.__run;outcome=success;conclusion=success;duration_ms=163714]
build	Assemble firmware.zip	﻿2026-09-24T12:52:04.9009345Z ##[group]Run mkdir -p firmware
build	Assemble firmware.zip	2026-09-24T12:52:04.9009885Z ^[[36;1mmkdir -p firmware^[[0m
build	Assemble firmware.zip	2026-09-24T12:52:04.9010184Z ^[[36;1mcp build/bootloader/bootloader.bin firmware/^[[0m
build	Assemble firmware.zip	2026-09-24T12:52:04.9010590Z ^[[36;1mcp build/partition_table/partition-table.bin firmware/^[[0m
build	Assemble firmware.zip	2026-09-24T12:52:04.9010944Z ^[[36;1mcp build/*.bin firmware/^[[0m
build	Assemble firmware.zip	2026-09-24T12:52:04.9011249Z ^[[36;1mcp build/flash_args firmware/ 2>/dev/null || true^[[0m
build	Assemble firmware.zip	2026-09-24T12:52:04.9011954Z ^[[36;1mcp build/flasher_args.json firmware/ 2>/dev/null || true^[[0m
build	Assemble firmware.zip	2026-09-24T12:52:04.9012447Z ^[[36;1mcp build/project_description.json firmware/ 2>/dev/null || true^[[0m
build	Assemble firmware.zip	2026-09-24T12:52:04.9012903Z ^[[36;1mcp build/config/sdkconfig.h firmware/ 2>/dev/null || true^[[0m
build	Assemble firmware.zip	2026-09-24T12:52:04.9013293Z ^[[36;1mcp build/phase3c-size-report.txt firmware/^[[0m
build	Assemble firmware.zip	2026-09-24T12:52:04.9013653Z ^[[36;1mecho "${GITHUB_SHA}" > firmware/git_commit.txt^[[0m
build	Assemble firmware.zip	2026-09-24T12:52:04.9014020Z ^[[36;1mcd firmware && zip -r ../firmware.zip . && cd ..^[[0m
build	Assemble firmware.zip	2026-09-24T12:52:04.9014352Z ^[[36;1munzip -l firmware.zip^[[0m
build	Assemble firmware.zip	2026-09-24T12:52:04.9077342Z shell: /usr/bin/bash -e {0}
build	Assemble firmware.zip	2026-09-24T12:52:04.9077620Z ##[endgroup]
build	Assemble firmware.zip	2026-09-24T12:52:04.9471708Z   adding: git_commit.txt (stored 0%)
build	Assemble firmware.zip	2026-09-24T12:52:04.9496178Z   adding: phase3c-size-report.txt (deflated 88%)
build	Assemble firmware.zip	2026-09-24T12:52:04.9496740Z   adding: partition-table.bin (deflated 97%)
build	Assemble firmware.zip	2026-09-24T12:52:04.9525373Z   adding: project_description.json (deflated 91%)
build	Assemble firmware.zip	2026-09-24T12:52:04.9526016Z   adding: flash_args (deflated 28%)
build	Assemble firmware.zip	2026-09-24T12:52:04.9526447Z   adding: flasher_args.json (deflated 66%)
build	Assemble firmware.zip	2026-09-24T12:52:05.0047476Z   adding: esp32c6_pwnagotchi.bin (deflated 42%)
build	Assemble firmware.zip	2026-09-24T12:52:05.0054454Z   adding: bootloader.bin (deflated 38%)
build	Assemble firmware.zip	2026-09-24T12:52:05.0064245Z   adding: sdkconfig.h (deflated 80%)
build	Assemble firmware.zip	2026-09-24T12:52:05.0090427Z Archive:  firmware.zip
build	Assemble firmware.zip	2026-09-24T12:52:05.0090959Z   Length      Date    Time    Name
build	Assemble firmware.zip	2026-09-24T12:52:05.0091417Z ---------  ---------- -----   ----
build	Assemble firmware.zip	2026-09-24T12:52:05.0092113Z        41  2026-09-24 12:52   git_commit.txt
build	Assemble firmware.zip	2026-09-24T12:52:05.0092675Z    151061  2026-09-24 12:52   phase3c-size-report.txt
build	Assemble firmware.zip	2026-09-24T12:52:05.0093254Z      3072  2026-09-24 12:52   partition-table.bin
build	Assemble firmware.zip	2026-09-24T12:52:05.0093643Z    216204  2026-09-24 12:52   project_description.json
build	Assemble firmware.zip	2026-09-24T12:52:05.0093962Z       155  2026-09-24 12:52   flash_args
build	Assemble firmware.zip	2026-09-24T12:52:05.0094250Z       927  2026-09-24 12:52   flasher_args.json
build	Assemble firmware.zip	2026-09-24T12:52:05.0094559Z   1192112  2026-09-24 12:52   esp32c6_pwnagotchi.bin
build	Assemble firmware.zip	2026-09-24T12:52:05.0094868Z     21856  2026-09-24 12:52   bootloader.bin
build	Assemble firmware.zip	2026-09-24T12:52:05.0095136Z     48304  2026-09-24 12:52   sdkconfig.h
build	Assemble firmware.zip	2026-09-24T12:52:05.0095468Z ---------                     -------
build	Assemble firmware.zip	2026-09-24T12:52:05.0095882Z   1633732                     9 files
build	Upload firmware artifact	﻿2026-09-24T12:52:05.0157059Z ##[group]Run actions/upload-artifact@v4
build	Upload firmware artifact	2026-09-24T12:52:05.0157361Z with:
build	Upload firmware artifact	2026-09-24T12:52:05.0157621Z   name: firmware-3f23fcd08f7da23b606e2289e326bf8d8734875b
build	Upload firmware artifact	2026-09-24T12:52:05.0157954Z   path: firmware.zip
build	Upload firmware artifact	2026-09-24T12:52:05.0158186Z   if-no-files-found: error
build	Upload firmware artifact	2026-09-24T12:52:05.0158440Z   compression-level: 6
build	Upload firmware artifact	2026-09-24T12:52:05.0158658Z   overwrite: false
build	Upload firmware artifact	2026-09-24T12:52:05.0158871Z   include-hidden-files: false
build	Upload firmware artifact	2026-09-24T12:52:05.0159112Z ##[endgroup]
build	Upload firmware artifact	2026-09-24T12:52:05.1881188Z (node:14080) [DEP0040] DeprecationWarning: The `punycode` module is deprecated. Please use a userland alternative instead.
build	Upload firmware artifact	2026-09-24T12:52:05.1882768Z (Use `node --trace-deprecation ...` to show where the warning was created)
build	Upload firmware artifact	2026-09-24T12:52:05.1964787Z With the provided path, there will be 1 file uploaded
build	Upload firmware artifact	2026-09-24T12:52:05.1967134Z Artifact name is valid!
build	Upload firmware artifact	2026-09-24T12:52:05.1968137Z Root directory input is valid!
build	Upload firmware artifact	2026-09-24T12:52:05.5561895Z Beginning upload of artifact content to blob storage
build	Upload firmware artifact	2026-09-24T12:52:05.6019397Z (node:14080) [DEP0169] DeprecationWarning: `url.parse()` behavior is not standardized and prone to errors that have security implications. Use the WHATWG URL API instead. CVEs are not issued for `url.parse()` vulnerabilities.
build	Upload firmware artifact	2026-09-24T12:52:06.0901324Z Uploaded bytes 754959
build	Upload firmware artifact	2026-09-24T12:52:06.1529805Z Finished uploading artifact content to blob storage!
build	Upload firmware artifact	2026-09-24T12:52:06.1530851Z SHA256 digest of uploaded artifact zip is 4edc00d91738edb512504d3a8dc77cd4aa0b8e32ebbcf1b4e34ce29128c3be55
build	Upload firmware artifact	2026-09-24T12:52:06.1532762Z Finalizing artifact upload
build	Upload firmware artifact	2026-09-24T12:52:06.4111536Z Artifact firmware-3f23fcd08f7da23b606e2289e326bf8d8734875b.zip successfully finalized. Artifact ID 10808835139
build	Upload firmware artifact	2026-09-24T12:52:06.4113552Z Artifact firmware-3f23fcd08f7da23b606e2289e326bf8d8734875b has been successfully uploaded! Final size is 754959 bytes. Artifact ID is 10808835139
build	Upload firmware artifact	2026-09-24T12:52:06.4121499Z Artifact download URL: https://github.com/yuanwil1y/esp32c6-Pwnagotchi/actions/runs/36001491669/artifacts/10808835139
build	Upload full flash files	﻿2026-09-24T12:52:06.4285262Z ##[group]Run actions/upload-artifact@v4
build	Upload full flash files	2026-09-24T12:52:06.4285588Z with:
build	Upload full flash files	2026-09-24T12:52:06.4285863Z   name: flash-files-3f23fcd08f7da23b606e2289e326bf8d8734875b
build	Upload full flash files	2026-09-24T12:52:06.4286556Z   path: build/bootloader/bootloader.bin
build	Upload full flash files	build/partition_table/partition-table.bin
build	Upload full flash files	build/*.bin
build	Upload full flash files	build/flash_args
build	Upload full flash files	build/flasher_args.json
build	Upload full flash files	
build	Upload full flash files	2026-09-24T12:52:06.4287207Z   if-no-files-found: error
build	Upload full flash files	2026-09-24T12:52:06.4287453Z   compression-level: 6
build	Upload full flash files	2026-09-24T12:52:06.4287682Z   overwrite: false
build	Upload full flash files	2026-09-24T12:52:06.4287903Z   include-hidden-files: false
build	Upload full flash files	2026-09-24T12:52:06.4288144Z ##[endgroup]
build	Upload full flash files	2026-09-24T12:52:06.5972577Z (node:14092) [DEP0040] DeprecationWarning: The `punycode` module is deprecated. Please use a userland alternative instead.
build	Upload full flash files	2026-09-24T12:52:06.5973363Z (Use `node --trace-deprecation ...` to show where the warning was created)
build	Upload full flash files	2026-09-24T12:52:06.6111221Z With the provided path, there will be 5 files uploaded
build	Upload full flash files	2026-09-24T12:52:06.6115636Z Artifact name is valid!
build	Upload full flash files	2026-09-24T12:52:06.6122873Z Root directory input is valid!
build	Upload full flash files	2026-09-24T12:52:06.9270247Z Beginning upload of artifact content to blob storage
build	Upload full flash files	2026-09-24T12:52:06.9950627Z (node:14092) [DEP0169] DeprecationWarning: `url.parse()` behavior is not standardized and prone to errors that have security implications. Use the WHATWG URL API instead. CVEs are not issued for `url.parse()` vulnerabilities.
build	Upload full flash files	2026-09-24T12:52:07.4732206Z Uploaded bytes 717955
build	Upload full flash files	2026-09-24T12:52:07.5383398Z Finished uploading artifact content to blob storage!
build	Upload full flash files	2026-09-24T12:52:07.5384504Z SHA256 digest of uploaded artifact zip is 341dfaed976f2bda9b95043f92b28cedb2831538a8fa3e6624a779cd83267e67
build	Upload full flash files	2026-09-24T12:52:07.5385632Z Finalizing artifact upload
build	Upload full flash files	2026-09-24T12:52:07.7563390Z Artifact flash-files-3f23fcd08f7da23b606e2289e326bf8d8734875b.zip successfully finalized. Artifact ID 10807474642
build	Upload full flash files	2026-09-24T12:52:07.7565515Z Artifact flash-files-3f23fcd08f7da23b606e2289e326bf8d8734875b has been successfully uploaded! Final size is 717955 bytes. Artifact ID is 10807474642
build	Upload full flash files	2026-09-24T12:52:07.7572454Z Artifact download URL: https://github.com/yuanwil1y/esp32c6-Pwnagotchi/actions/runs/36001491669/artifacts/10807474642
build	Post Checkout	﻿2026-09-24T12:52:07.7767205Z Post job cleanup.
build	Post Checkout	2026-09-24T12:52:07.8633120Z [command]/usr/bin/git version
build	Post Checkout	2026-09-24T12:52:07.8678346Z git version 2.55.0
build	Post Checkout	2026-09-24T12:52:07.8720318Z Temporarily overriding HOME='/home/runner/work/_temp/964d2b58-4b70-4b9f-84ac-1ee715ff61b7' before making global git config changes
build	Post Checkout	2026-09-24T12:52:07.8721913Z Adding repository directory to the temporary git global config as a safe directory
build	Post Checkout	2026-09-24T12:52:07.8727234Z [command]/usr/bin/git config --global --add safe.directory /home/runner/work/esp32c6-Pwnagotchi/esp32c6-Pwnagotchi
build	Post Checkout	2026-09-24T12:52:07.8772476Z [command]/usr/bin/git config --local --name-only --get-regexp core\.sshCommand
build	Post Checkout	2026-09-24T12:52:07.8814999Z [command]/usr/bin/git submodule foreach --recursive sh -c "git config --local --name-only --get-regexp 'core\.sshCommand' && git config --local --unset-all 'core.sshCommand' || :"
build	Post Checkout	2026-09-24T12:52:07.9051924Z Entering 'vendor/waveshare'
build	Post Checkout	2026-09-24T12:52:07.9122425Z [command]/usr/bin/git config --local --name-only --get-regexp http\.https\:\/\/github\.com\/\.extraheader
build	Post Checkout	2026-09-24T12:52:07.9151859Z http.https://github.com/.extraheader
build	Post Checkout	2026-09-24T12:52:07.9167466Z [command]/usr/bin/git config --local --unset-all http.https://github.com/.extraheader
build	Post Checkout	2026-09-24T12:52:07.9208805Z [command]/usr/bin/git submodule foreach --recursive sh -c "git config --local --name-only --get-regexp 'http\.https\:\/\/github\.com\/\.extraheader' && git config --local --unset-all 'http.https://github.com/.extraheader' || :"
build	Post Checkout	2026-09-24T12:52:07.9484029Z Entering 'vendor/waveshare'
build	Post Checkout	2026-09-24T12:52:07.9508782Z http.https://github.com/.extraheader
build	Post Checkout	2026-09-24T12:52:07.9572177Z [command]/usr/bin/git config --local --name-only --get-regexp ^includeIf\.gitdir:
build	Post Checkout	2026-09-24T12:52:07.9618283Z [command]/usr/bin/git submodule foreach --recursive git config --local --show-origin --name-only --get-regexp remote.origin.url
build	Post Checkout	2026-09-24T12:52:07.9857294Z Entering 'vendor/waveshare'
build	Post Checkout	2026-09-24T12:52:07.9875696Z file:/home/runner/work/esp32c6-Pwnagotchi/esp32c6-Pwnagotchi/.git/modules/vendor/waveshare/config	remote.origin.url
build	Post Checkout	2026-09-24T12:52:07.9920907Z [command]/usr/bin/git config --file /home/runner/work/esp32c6-Pwnagotchi/esp32c6-Pwnagotchi/.git/modules/vendor/waveshare/config --name-only --get-regexp ^includeIf\.gitdir:
build	Complete job	﻿2026-09-24T12:52:08.0142491Z Cleaning up orphan processes
build	Complete job	2026-09-24T12:52:08.0504598Z ##[warning]Node.js 20 is deprecated. The following actions target Node.js 20 but are being forced to run on Node.js 24: actions/checkout@v4, actions/upload-artifact@v4. For more information see: https://github.blog/changelog/2025-09-19-deprecation-of-node-20-on-github-actions-runners/
