2026-09-24T13:53:12.6491936Z Current runner version: '2.337.0'
2026-09-24T13:53:12.6526877Z ##[group]Runner Image Provisioner
2026-09-24T13:53:12.6528303Z Hosted Compute Agent
2026-09-24T13:53:12.6529367Z Version: 20260828.587
2026-09-24T13:53:12.6530509Z Commit: abac92662cab4cc7352de4f9f9d2e2419aad9c29
2026-09-24T13:53:12.6532036Z Build Date: 2026-08-28T16:44:25Z
2026-09-24T13:53:12.6533139Z Worker ID: {a350799b-5758-4555-aeed-571ade225724}
2026-09-24T13:53:12.6534485Z Azure Region: eastus2
2026-09-24T13:53:12.6535467Z ##[endgroup]
2026-09-24T13:53:12.6537696Z ##[group]Operating System
2026-09-24T13:53:12.6538743Z Ubuntu
2026-09-24T13:53:12.6539565Z 24.04.5
2026-09-24T13:53:12.6540457Z LTS
2026-09-24T13:53:12.6541670Z ##[endgroup]
2026-09-24T13:53:12.6543182Z ##[group]Runner Image
2026-09-24T13:53:12.6544163Z Image: ubuntu-24.04
2026-09-24T13:53:12.6545117Z Version: 20260920.314.1
2026-09-24T13:53:12.6547315Z Included Software: https://github.com/actions/runner-images/blob/ubuntu24/20260920.314/images/ubuntu/Ubuntu2404-Readme.md
2026-09-24T13:53:12.6550070Z Image Release: https://github.com/actions/runner-images/releases/tag/ubuntu24%2F20260920.314
2026-09-24T13:53:12.6552009Z ##[endgroup]
2026-09-24T13:53:12.6554001Z ##[group]GITHUB_TOKEN Permissions
2026-09-24T13:53:12.6556909Z Contents: read
2026-09-24T13:53:12.6558057Z Metadata: read
2026-09-24T13:53:12.6558999Z Packages: read
2026-09-24T13:53:12.6559847Z ##[endgroup]
2026-09-24T13:53:12.6563087Z Secret source: Actions
2026-09-24T13:53:12.6564621Z Cache mode: write
2026-09-24T13:53:12.6566150Z Prepare workflow directory
2026-09-24T13:53:12.7029627Z Prepare all required actions
2026-09-24T13:53:12.7099891Z Getting action download info
2026-09-24T13:53:12.9522367Z Download action repository 'actions/checkout@v4' (SHA:11d5960a326750d5838078e36cf38b85af677262)
2026-09-24T13:53:13.0548546Z Download action repository 'espressif/esp-idf-ci-action@v1' (SHA:9d38657f3d789ca759b2b37aaf5ceffbc42c4f0d)
2026-09-24T13:53:13.1659168Z Download action repository 'actions/upload-artifact@v4' (SHA:ea165f8d65b6e75b540449e92b4886f43607fa02)
2026-09-24T13:53:13.4669482Z Complete job name: build
2026-09-24T13:53:13.5492122Z ##[group]Run actions/checkout@v4
2026-09-24T13:53:13.5493113Z with:
2026-09-24T13:53:13.5493599Z   submodules: recursive
2026-09-24T13:53:13.5494173Z   repository: yuanwil1y/esp32c6-Pwnagotchi
2026-09-24T13:53:13.5498494Z   token: ***
2026-09-24T13:53:13.5498966Z   ssh-strict: true
2026-09-24T13:53:13.5499447Z   ssh-user: git
2026-09-24T13:53:13.5499937Z   persist-credentials: true
2026-09-24T13:53:13.5500480Z   clean: true
2026-09-24T13:53:13.5500963Z   sparse-checkout-cone-mode: true
2026-09-24T13:53:13.5501732Z   fetch-depth: 1
2026-09-24T13:53:13.5502203Z   fetch-tags: false
2026-09-24T13:53:13.5502688Z   show-progress: true
2026-09-24T13:53:13.5503188Z   lfs: false
2026-09-24T13:53:13.5503671Z   set-safe-directory: true
2026-09-24T13:53:13.5504227Z   allow-unsafe-pr-checkout: false
2026-09-24T13:53:13.5505083Z ##[endgroup]
2026-09-24T13:53:13.6539337Z Syncing repository: yuanwil1y/esp32c6-Pwnagotchi
2026-09-24T13:53:13.6542638Z ##[group]Getting Git version info
2026-09-24T13:53:13.6544331Z Working directory is '/home/runner/work/esp32c6-Pwnagotchi/esp32c6-Pwnagotchi'
2026-09-24T13:53:13.6546369Z [command]/usr/bin/git version
2026-09-24T13:53:13.6727502Z git version 2.55.0
2026-09-24T13:53:13.6761810Z ##[endgroup]
2026-09-24T13:53:13.6782715Z Temporarily overriding HOME='/home/runner/work/_temp/a623d752-b9a8-4677-9848-025ba67a83ed' before making global git config changes
2026-09-24T13:53:13.6785618Z Adding repository directory to the temporary git global config as a safe directory
2026-09-24T13:53:13.6790472Z [command]/usr/bin/git config --global --add safe.directory /home/runner/work/esp32c6-Pwnagotchi/esp32c6-Pwnagotchi
2026-09-24T13:53:13.6889202Z Deleting the contents of '/home/runner/work/esp32c6-Pwnagotchi/esp32c6-Pwnagotchi'
2026-09-24T13:53:13.6891912Z ##[group]Initializing the repository
2026-09-24T13:53:13.6894507Z [command]/usr/bin/git init /home/runner/work/esp32c6-Pwnagotchi/esp32c6-Pwnagotchi
2026-09-24T13:53:13.7028799Z hint: Using 'master' as the name for the initial branch. This default branch name
2026-09-24T13:53:13.7032354Z hint: will change to "main" in Git 3.0. To configure the initial branch name
2026-09-24T13:53:13.7034333Z hint: to use in all of your new repositories, which will suppress this warning,
2026-09-24T13:53:13.7035888Z hint: call:
2026-09-24T13:53:13.7036966Z hint:
2026-09-24T13:53:13.7038084Z hint: 	git config --global init.defaultBranch <name>
2026-09-24T13:53:13.7039607Z hint:
2026-09-24T13:53:13.7041011Z hint: Names commonly chosen instead of 'master' are 'main', 'trunk' and
2026-09-24T13:53:13.7043240Z hint: 'development'. The just-created branch can be renamed via this command:
2026-09-24T13:53:13.7044820Z hint:
2026-09-24T13:53:13.7045844Z hint: 	git branch -m <name>
2026-09-24T13:53:13.7046988Z hint:
2026-09-24T13:53:13.7048454Z hint: Disable this message with "git config set advice.defaultBranchName false"
2026-09-24T13:53:13.7051798Z Initialized empty Git repository in /home/runner/work/esp32c6-Pwnagotchi/esp32c6-Pwnagotchi/.git/
2026-09-24T13:53:13.7071729Z [command]/usr/bin/git remote add origin https://github.com/yuanwil1y/esp32c6-Pwnagotchi
2026-09-24T13:53:13.7170134Z ##[endgroup]
2026-09-24T13:53:13.7172453Z ##[group]Disabling automatic garbage collection
2026-09-24T13:53:13.7179729Z [command]/usr/bin/git config --local gc.auto 0
2026-09-24T13:53:13.7203226Z ##[endgroup]
2026-09-24T13:53:13.7204496Z ##[group]Setting up auth
2026-09-24T13:53:13.7210212Z [command]/usr/bin/git config --local --name-only --get-regexp core\.sshCommand
2026-09-24T13:53:13.7251995Z [command]/usr/bin/git submodule foreach --recursive sh -c "git config --local --name-only --get-regexp 'core\.sshCommand' && git config --local --unset-all 'core.sshCommand' || :"
2026-09-24T13:53:13.7658725Z [command]/usr/bin/git config --local --name-only --get-regexp http\.https\:\/\/github\.com\/\.extraheader
2026-09-24T13:53:13.7703473Z [command]/usr/bin/git submodule foreach --recursive sh -c "git config --local --name-only --get-regexp 'http\.https\:\/\/github\.com\/\.extraheader' && git config --local --unset-all 'http.https://github.com/.extraheader' || :"
2026-09-24T13:53:13.7935975Z [command]/usr/bin/git config --local --name-only --get-regexp ^includeIf\.gitdir:
2026-09-24T13:53:13.7973732Z [command]/usr/bin/git submodule foreach --recursive git config --local --show-origin --name-only --get-regexp remote.origin.url
2026-09-24T13:53:13.8199222Z [command]/usr/bin/git config --local http.https://github.com/.extraheader AUTHORIZATION: basic ***
2026-09-24T13:53:13.8241612Z ##[endgroup]
2026-09-24T13:53:13.8251973Z ##[group]Fetching the repository
2026-09-24T13:53:13.8255065Z [command]/usr/bin/git -c protocol.version=2 fetch --no-tags --prune --no-recurse-submodules --depth=1 origin +7ddaf86fe1ff3ed2f227542a4c2e7568e32d96f3:refs/remotes/origin/phase3c-sd-logger
2026-09-24T13:53:14.1887870Z From https://github.com/yuanwil1y/esp32c6-Pwnagotchi
2026-09-24T13:53:14.1911647Z  * [new ref]         7ddaf86fe1ff3ed2f227542a4c2e7568e32d96f3 -> origin/phase3c-sd-logger
2026-09-24T13:53:14.1914806Z ##[endgroup]
2026-09-24T13:53:14.1915951Z ##[group]Determining the checkout info
2026-09-24T13:53:14.1917213Z ##[endgroup]
2026-09-24T13:53:14.1918143Z [command]/usr/bin/git sparse-checkout disable
2026-09-24T13:53:14.1964432Z [command]/usr/bin/git config --local --unset-all extensions.worktreeConfig
2026-09-24T13:53:14.2000152Z ##[group]Checking out the ref
2026-09-24T13:53:14.2005356Z [command]/usr/bin/git checkout --progress --force -B phase3c-sd-logger refs/remotes/origin/phase3c-sd-logger
2026-09-24T13:53:14.2280411Z Switched to a new branch 'phase3c-sd-logger'
2026-09-24T13:53:14.2287481Z branch 'phase3c-sd-logger' set up to track 'origin/phase3c-sd-logger'.
2026-09-24T13:53:14.2296079Z ##[endgroup]
2026-09-24T13:53:14.2298504Z ##[group]Setting up auth for fetching submodules
2026-09-24T13:53:14.2301963Z [command]/usr/bin/git config --global http.https://github.com/.extraheader AUTHORIZATION: basic ***
2026-09-24T13:53:14.2347250Z [command]/usr/bin/git config --global --unset-all url.https://github.com/.insteadOf
2026-09-24T13:53:14.2380809Z [command]/usr/bin/git config --global --add url.https://github.com/.insteadOf git@github.com:
2026-09-24T13:53:14.2417671Z [command]/usr/bin/git config --global --add url.https://github.com/.insteadOf org-65474623@github.com:
2026-09-24T13:53:14.2453458Z ##[endgroup]
2026-09-24T13:53:14.2456450Z ##[group]Fetching submodules
2026-09-24T13:53:14.2458727Z [command]/usr/bin/git submodule sync --recursive
2026-09-24T13:53:14.2685544Z [command]/usr/bin/git -c protocol.version=2 submodule update --init --force --depth=1 --recursive
2026-09-24T13:53:14.2908388Z Submodule 'vendor/waveshare' (https://github.com/waveshareteam/ESP32-C6-LCD-1.9.git) registered for path 'vendor/waveshare'
2026-09-24T13:53:14.2933636Z Cloning into '/home/runner/work/esp32c6-Pwnagotchi/esp32c6-Pwnagotchi/vendor/waveshare'...
2026-09-24T13:53:16.2502835Z Submodule path 'vendor/waveshare': checked out '1fed15e32977de11afe1f710a0f5e915bfcc35a5'
2026-09-24T13:53:16.2540113Z [command]/usr/bin/git submodule foreach --recursive git config --local gc.auto 0
2026-09-24T13:53:16.2754172Z Entering 'vendor/waveshare'
2026-09-24T13:53:16.2911936Z ##[endgroup]
2026-09-24T13:53:16.2913144Z ##[group]Persisting credentials for submodules
2026-09-24T13:53:16.2920291Z [command]/usr/bin/git submodule foreach --recursive sh -c "git config --local --name-only --get-regexp 'url\.https\:\/\/github\.com\/\.insteadOf' && git config --local --unset-all 'url.https://github.com/.insteadOf' || :"
2026-09-24T13:53:16.3130302Z Entering 'vendor/waveshare'
2026-09-24T13:53:16.3191030Z [command]/usr/bin/git submodule foreach --recursive sh -c "git config --local 'http.https://github.com/.extraheader' 'AUTHORIZATION: basic ***' && git config --local --show-origin --name-only --get-regexp remote.origin.url"
2026-09-24T13:53:16.3402832Z Entering 'vendor/waveshare'
2026-09-24T13:53:16.3445119Z file:/home/runner/work/esp32c6-Pwnagotchi/esp32c6-Pwnagotchi/.git/modules/vendor/waveshare/config	remote.origin.url
2026-09-24T13:53:16.3489836Z [command]/usr/bin/git submodule foreach --recursive git config --local --add 'url.https://github.com/.insteadOf' 'git@github.com:'
2026-09-24T13:53:16.3704044Z Entering 'vendor/waveshare'
2026-09-24T13:53:16.3760552Z [command]/usr/bin/git submodule foreach --recursive git config --local --add 'url.https://github.com/.insteadOf' 'org-65474623@github.com:'
2026-09-24T13:53:16.3972375Z Entering 'vendor/waveshare'
2026-09-24T13:53:16.4024242Z ##[endgroup]
2026-09-24T13:53:16.4069123Z [command]/usr/bin/git log -1 --format=%H
2026-09-24T13:53:16.4097010Z 7ddaf86fe1ff3ed2f227542a4c2e7568e32d96f3
2026-09-24T13:53:16.4377363Z ##[group]Run printf '#define APP_BUILD_GIT_SHA "%s"\n#define APP_BUILD_GIT_SHORT "%s"\n' \
2026-09-24T13:53:16.4378338Z [36;1mprintf '#define APP_BUILD_GIT_SHA "%s"\n#define APP_BUILD_GIT_SHORT "%s"\n' \[0m
2026-09-24T13:53:16.4378887Z [36;1m  "${GITHUB_SHA}" "${GITHUB_SHA::7}" > main/build_info.h[0m
2026-09-24T13:53:16.4379290Z [36;1mcat main/build_info.h[0m
2026-09-24T13:53:16.4688932Z shell: /usr/bin/bash -e {0}
2026-09-24T13:53:16.4689338Z ##[endgroup]
2026-09-24T13:53:16.4801973Z #define APP_BUILD_GIT_SHA "7ddaf86fe1ff3ed2f227542a4c2e7568e32d96f3"
2026-09-24T13:53:16.4802624Z #define APP_BUILD_GIT_SHORT "7ddaf86"
2026-09-24T13:53:16.4878560Z ##[group]Run espressif/esp-idf-ci-action@v1
2026-09-24T13:53:16.4878952Z with:
2026-09-24T13:53:16.4879202Z   esp_idf_version: v5.4
2026-09-24T13:53:16.4879476Z   target: esp32c6
2026-09-24T13:53:16.4879753Z   path: .
2026-09-24T13:53:16.4880257Z   command: idf.py build &&
idf.py size size-components size-files | tee build/phase3c-size-report.txt

2026-09-24T13:53:16.4880831Z   esp_idf_docker_image: espressif/idf
2026-09-24T13:53:16.4881142Z ##[endgroup]
2026-09-24T13:53:16.4972237Z ##[start-action display=Run export IDF_TARGET=$(echo "esp32c6" | tr '[:upper:%5D' '[:lower:%5D' | tr -d '_-');id=__espressif_esp-idf-ci-action.__run]
2026-09-24T13:53:16.5004676Z ##[group]Run export IDF_TARGET=$(echo "esp32c6" | tr '[:upper:]' '[:lower:]' | tr -d '_-')
2026-09-24T13:53:16.5005538Z [36;1mexport IDF_TARGET=$(echo "esp32c6" | tr '[:upper:]' '[:lower:]' | tr -d '_-')[0m
2026-09-24T13:53:16.5006028Z [36;1mdocker run -t \[0m
2026-09-24T13:53:16.5006374Z [36;1m-e IDF_TARGET="${IDF_TARGET}" \[0m
2026-09-24T13:53:16.5006802Z [36;1m-v "${GITHUB_WORKSPACE}:/app/yuanwil1y/esp32c6-Pwnagotchi" \[0m
2026-09-24T13:53:16.5007251Z [36;1m-w "/app/yuanwil1y/esp32c6-Pwnagotchi/." \[0m
2026-09-24T13:53:16.5007582Z [36;1m \[0m
2026-09-24T13:53:16.5007830Z [36;1mespressif/idf:v5.4 \[0m
2026-09-24T13:53:16.5008270Z [36;1m/bin/bash -c 'git config --global --add safe.directory "*" && idf.py build &&[0m
2026-09-24T13:53:16.5008872Z [36;1midf.py size size-components size-files | tee build/phase3c-size-report.txt[0m
2026-09-24T13:53:16.5009327Z [36;1m'[0m
2026-09-24T13:53:16.5071912Z shell: /usr/bin/bash --noprofile --norc -e -o pipefail {0}
2026-09-24T13:53:16.5072326Z ##[endgroup]
2026-09-24T13:53:16.6287707Z Unable to find image 'espressif/idf:v5.4' locally
2026-09-24T13:53:16.9264971Z v5.4: Pulling from espressif/idf
2026-09-24T13:53:17.0169977Z de44b265507a: Pulling fs layer
2026-09-24T13:53:17.0176069Z e77999699af9: Pulling fs layer
2026-09-24T13:53:17.0176759Z 50f1c1b63b65: Pulling fs layer
2026-09-24T13:53:17.0177289Z 57851bba112a: Pulling fs layer
2026-09-24T13:53:17.0177788Z a31a0a15b4ae: Pulling fs layer
2026-09-24T13:53:17.0178230Z 996bede91559: Pulling fs layer
2026-09-24T13:53:17.0178694Z c275d5c9b1df: Pulling fs layer
2026-09-24T13:53:17.0179152Z 4f4fb700ef54: Pulling fs layer
2026-09-24T13:53:17.0179583Z 57851bba112a: Waiting
2026-09-24T13:53:17.0179983Z a31a0a15b4ae: Waiting
2026-09-24T13:53:17.0180386Z 996bede91559: Waiting
2026-09-24T13:53:17.0180777Z c275d5c9b1df: Waiting
2026-09-24T13:53:17.0181157Z 4f4fb700ef54: Waiting
2026-09-24T13:53:17.1938536Z 50f1c1b63b65: Verifying Checksum
2026-09-24T13:53:17.1939111Z 50f1c1b63b65: Download complete
2026-09-24T13:53:17.2207119Z de44b265507a: Verifying Checksum
2026-09-24T13:53:17.2207805Z de44b265507a: Download complete
2026-09-24T13:53:17.9143468Z e77999699af9: Verifying Checksum
2026-09-24T13:53:17.9148293Z e77999699af9: Download complete
2026-09-24T13:53:17.9707375Z 996bede91559: Verifying Checksum
2026-09-24T13:53:17.9707988Z 996bede91559: Download complete
2026-09-24T13:53:18.0254013Z c275d5c9b1df: Download complete
2026-09-24T13:53:18.0798399Z 4f4fb700ef54: Verifying Checksum
2026-09-24T13:53:18.0800292Z 4f4fb700ef54: Download complete
2026-09-24T13:53:19.1697004Z de44b265507a: Pull complete
2026-09-24T13:53:21.6788220Z a31a0a15b4ae: Verifying Checksum
2026-09-24T13:53:21.6788923Z a31a0a15b4ae: Download complete
2026-09-24T13:53:24.7756373Z 57851bba112a: Verifying Checksum
2026-09-24T13:53:24.7756878Z 57851bba112a: Download complete
2026-09-24T13:53:33.4913927Z e77999699af9: Pull complete
2026-09-24T13:53:34.1171775Z 50f1c1b63b65: Pull complete
2026-09-24T13:53:50.8493442Z 57851bba112a: Pull complete
2026-09-24T13:54:13.1486035Z a31a0a15b4ae: Pull complete
2026-09-24T13:54:13.1609157Z 996bede91559: Pull complete
2026-09-24T13:54:13.1725041Z c275d5c9b1df: Pull complete
2026-09-24T13:54:13.1800524Z 4f4fb700ef54: Pull complete
2026-09-24T13:54:13.1850931Z Digest: sha256:f1e9f69dc052b9afc7801ca884e0ef40c17e014bb05ce73d9c09d29290bd17fb
2026-09-24T13:54:13.1978134Z Status: Downloaded newer image for espressif/idf:v5.4
2026-09-24T13:54:13.3904897Z Checking "python3" ...
2026-09-24T13:54:13.4126628Z Python 3.12.3
2026-09-24T13:54:13.4130754Z "python3" has been detected
2026-09-24T13:54:13.5853561Z [91mActivating ESP-IDF [0m[1;91m5.4[0m
2026-09-24T13:54:13.6084704Z [91m*[0m Checking python version [33m...[0m [1;32m3.12[0m[32m.[0m[1;32m3[0m
2026-09-24T13:54:13.8819559Z [91m*[0m Checking python dependencies [33m...[0m [32mOK[0m
2026-09-24T13:54:13.9705657Z [91m*[0m Deactivating the current ESP-IDF environment [1m([0mif any[1m)[0m [33m...[0m [32mOK[0m
2026-09-24T13:54:14.1185123Z [91m*[0m Establishing a new ESP-IDF environment [33m...[0m [32mOK[0m
2026-09-24T13:54:14.1306997Z [91m*[0m Identifying shell [33m...[0m [32mbash[0m
2026-09-24T13:54:14.2217074Z [91m*[0m Detecting outdated tools in system [33m...[0m [32mOK - no outdated tools found[0m
2026-09-24T13:54:14.2230268Z [91m*[0m Shell completion [33m...[0m [32mAutocompletion code generated[0m
2026-09-24T13:54:14.7635797Z 
2026-09-24T13:54:14.7636544Z Done! You can now compile ESP-IDF projects.
2026-09-24T13:54:14.7637457Z Go to the project directory and run:
2026-09-24T13:54:14.7638101Z 
2026-09-24T13:54:14.7638330Z   idf.py build
2026-09-24T13:54:15.4941222Z Executing action: all (aliases: build)
2026-09-24T13:54:15.4988914Z Running cmake in directory /app/yuanwil1y/esp32c6-Pwnagotchi/build
2026-09-24T13:54:15.4990507Z Executing "cmake -G Ninja -DPYTHON_DEPS_CHECKED=1 -DPYTHON=/opt/esp/python_env/idf5.4_py3.12_env/bin/python -DESP_PLATFORM=1 -DCCACHE_ENABLE=1 /app/yuanwil1y/esp32c6-Pwnagotchi"...
2026-09-24T13:54:15.5630501Z -- Found Git: /usr/bin/git (found version "2.43.0")
2026-09-24T13:54:17.7764902Z -- ccache will be used for faster recompilation
2026-09-24T13:54:17.8329125Z -- The C compiler identification is GNU 14.2.0
2026-09-24T13:54:17.8904547Z -- The CXX compiler identification is GNU 14.2.0
2026-09-24T13:54:17.9019279Z -- The ASM compiler identification is GNU
2026-09-24T13:54:17.9046043Z -- Found assembler: /opt/esp/tools/riscv32-esp-elf/esp-14.2.0_20241119/riscv32-esp-elf/bin/riscv32-esp-elf-gcc
2026-09-24T13:54:17.9123984Z -- Detecting C compiler ABI info
2026-09-24T13:54:17.9612110Z -- Detecting C compiler ABI info - done
2026-09-24T13:54:17.9752664Z -- Check for working C compiler: /opt/esp/tools/riscv32-esp-elf/esp-14.2.0_20241119/riscv32-esp-elf/bin/riscv32-esp-elf-gcc - skipped
2026-09-24T13:54:17.9756598Z -- Detecting C compile features
2026-09-24T13:54:17.9762123Z -- Detecting C compile features - done
2026-09-24T13:54:17.9834014Z -- Detecting CXX compiler ABI info
2026-09-24T13:54:18.0340630Z -- Detecting CXX compiler ABI info - done
2026-09-24T13:54:18.0497556Z -- Check for working CXX compiler: /opt/esp/tools/riscv32-esp-elf/esp-14.2.0_20241119/riscv32-esp-elf/bin/riscv32-esp-elf-g++ - skipped
2026-09-24T13:54:18.0502992Z -- Detecting CXX compile features
2026-09-24T13:54:18.0510732Z -- Detecting CXX compile features - done
2026-09-24T13:54:18.4149640Z -- Building ESP-IDF components for target esp32c6
2026-09-24T13:54:18.8139211Z NOTICE: Dependencies lock doesn't exist, solving dependencies.
2026-09-24T13:54:19.7310164Z ......NOTICE: Updating lock file at /app/yuanwil1y/esp32c6-Pwnagotchi/dependencies.lock
2026-09-24T13:54:19.7311022Z NOTICE: Processing 4 dependencies:
2026-09-24T13:54:19.7311708Z NOTICE: [1/4] espressif/cmake_utilities (0.5.3)
2026-09-24T13:54:19.7549364Z NOTICE: [2/4] espressif/esp_lcd_sh8601 (1.0.0)
2026-09-24T13:54:19.7732816Z NOTICE: [3/4] lvgl/lvgl (8.3.11)
2026-09-24T13:54:20.4209434Z NOTICE: [4/4] idf (5.4.0)
2026-09-24T13:54:21.5917792Z -- Project sdkconfig file /app/yuanwil1y/esp32c6-Pwnagotchi/sdkconfig
2026-09-24T13:54:21.7905471Z Loading defaults file /app/yuanwil1y/esp32c6-Pwnagotchi/sdkconfig.defaults...
2026-09-24T13:54:21.9455284Z -- Adding linker script /opt/esp/idf/components/riscv/ld/rom.api.ld
2026-09-24T13:54:22.0103837Z -- Found Python3: /opt/esp/python_env/idf5.4_py3.12_env/bin/python (found version "3.12.3") found components: Interpreter
2026-09-24T13:54:22.0500206Z -- Performing Test CMAKE_HAVE_LIBC_PTHREAD
2026-09-24T13:54:22.1081124Z -- Performing Test CMAKE_HAVE_LIBC_PTHREAD - Success
2026-09-24T13:54:22.1091614Z -- Found Threads: TRUE
2026-09-24T13:54:22.1119027Z -- Performing Test C_COMPILER_SUPPORTS_WFORMAT_SIGNEDNESS
2026-09-24T13:54:22.1583614Z -- Performing Test C_COMPILER_SUPPORTS_WFORMAT_SIGNEDNESS - Success
2026-09-24T13:54:22.3154790Z -- App "esp32c6_pwnagotchi" version: 7ddaf86
2026-09-24T13:54:22.4252832Z -- Adding linker script /app/yuanwil1y/esp32c6-Pwnagotchi/build/esp-idf/esp_system/ld/memory.ld
2026-09-24T13:54:22.4253987Z -- Adding linker script /app/yuanwil1y/esp32c6-Pwnagotchi/build/esp-idf/esp_system/ld/sections.ld.in
2026-09-24T13:54:22.4370803Z -- Adding linker script /opt/esp/idf/components/esp_rom/esp32c6/ld/esp32c6.rom.ld
2026-09-24T13:54:22.4374886Z -- Adding linker script /opt/esp/idf/components/esp_rom/esp32c6/ld/esp32c6.rom.api.ld
2026-09-24T13:54:22.4376118Z -- Adding linker script /opt/esp/idf/components/esp_rom/esp32c6/ld/esp32c6.rom.rvfp.ld
2026-09-24T13:54:22.4395959Z -- Adding linker script /opt/esp/idf/components/esp_rom/esp32c6/ld/esp32c6.rom.wdt.ld
2026-09-24T13:54:22.4396630Z -- Adding linker script /opt/esp/idf/components/esp_rom/esp32c6/ld/esp32c6.rom.systimer.ld
2026-09-24T13:54:22.4397576Z -- Adding linker script /opt/esp/idf/components/esp_rom/esp32c6/ld/esp32c6.rom.version.ld
2026-09-24T13:54:22.4398606Z -- Adding linker script /opt/esp/idf/components/esp_rom/esp32c6/ld/esp32c6.rom.phy.ld
2026-09-24T13:54:22.4399630Z -- Adding linker script /opt/esp/idf/components/esp_rom/esp32c6/ld/esp32c6.rom.coexist.ld
2026-09-24T13:54:22.4400657Z -- Adding linker script /opt/esp/idf/components/esp_rom/esp32c6/ld/esp32c6.rom.net80211.ld
2026-09-24T13:54:22.4401892Z -- Adding linker script /opt/esp/idf/components/esp_rom/esp32c6/ld/esp32c6.rom.pp.ld
2026-09-24T13:54:22.4402852Z -- Adding linker script /opt/esp/idf/components/esp_rom/esp32c6/ld/esp32c6.rom.newlib.ld
2026-09-24T13:54:22.4403878Z -- Adding linker script /opt/esp/idf/components/esp_rom/esp32c6/ld/esp32c6.rom.newlib-normal.ld
2026-09-24T13:54:22.4404478Z -- Adding linker script /opt/esp/idf/components/esp_rom/esp32c6/ld/esp32c6.rom.heap.ld
2026-09-24T13:54:22.4548338Z -- Adding linker script /opt/esp/idf/components/soc/esp32c6/ld/esp32c6.peripherals.ld
2026-09-24T13:54:22.7489635Z -- ESP_LCD_SH8601: 1.0.0
2026-09-24T13:54:22.9268143Z -- Components: app_trace app_update board bootloader bootloader_support bt cmock console cxx driver efuse esp-tls esp_adc esp_app_format esp_bootloader_format esp_coex esp_common esp_driver_ana_cmpr esp_driver_cam esp_driver_dac esp_driver_gpio esp_driver_gptimer esp_driver_i2c esp_driver_i2s esp_driver_isp esp_driver_jpeg esp_driver_ledc esp_driver_mcpwm esp_driver_parlio esp_driver_pcnt esp_driver_ppa esp_driver_rmt esp_driver_sdio esp_driver_sdm esp_driver_sdmmc esp_driver_sdspi esp_driver_spi esp_driver_touch_sens esp_driver_tsens esp_driver_uart esp_driver_usb_serial_jtag esp_eth esp_event esp_gdbstub esp_hid esp_http_client esp_http_server esp_https_ota esp_https_server esp_hw_support esp_lcd esp_local_ctrl esp_mm esp_netif esp_netif_stack esp_partition esp_phy esp_pm esp_psram esp_ringbuf esp_rom esp_security esp_system esp_timer esp_vfs_console esp_wifi espcoredump espressif__cmake_utilities espressif__esp_lcd_sh8601 esptool_py fatfs freertos hal heap http_parser idf_test ieee802154 json log lvgl__lvgl lwip main mbedtls mqtt newlib nvs_flash nvs_sec_provider openthread partition_table protobuf-c protocomm pthread radio riscv rt sdmmc soc spi_flash spiffs storage tcp_transport ulp unity usb vfs wear_levelling wifi_provisioning world wpa_supplicant
2026-09-24T13:54:22.9288451Z -- Component paths: /opt/esp/idf/components/app_trace /opt/esp/idf/components/app_update /app/yuanwil1y/esp32c6-Pwnagotchi/components/board /opt/esp/idf/components/bootloader /opt/esp/idf/components/bootloader_support /opt/esp/idf/components/bt /opt/esp/idf/components/cmock /opt/esp/idf/components/console /opt/esp/idf/components/cxx /opt/esp/idf/components/driver /opt/esp/idf/components/efuse /opt/esp/idf/components/esp-tls /opt/esp/idf/components/esp_adc /opt/esp/idf/components/esp_app_format /opt/esp/idf/components/esp_bootloader_format /opt/esp/idf/components/esp_coex /opt/esp/idf/components/esp_common /opt/esp/idf/components/esp_driver_ana_cmpr /opt/esp/idf/components/esp_driver_cam /opt/esp/idf/components/esp_driver_dac /opt/esp/idf/components/esp_driver_gpio /opt/esp/idf/components/esp_driver_gptimer /opt/esp/idf/components/esp_driver_i2c /opt/esp/idf/components/esp_driver_i2s /opt/esp/idf/components/esp_driver_isp /opt/esp/idf/components/esp_driver_jpeg /opt/esp/idf/components/esp_driver_ledc /opt/esp/idf/components/esp_driver_mcpwm /opt/esp/idf/components/esp_driver_parlio /opt/esp/idf/components/esp_driver_pcnt /opt/esp/idf/components/esp_driver_ppa /opt/esp/idf/components/esp_driver_rmt /opt/esp/idf/components/esp_driver_sdio /opt/esp/idf/components/esp_driver_sdm /opt/esp/idf/components/esp_driver_sdmmc /opt/esp/idf/components/esp_driver_sdspi /opt/esp/idf/components/esp_driver_spi /opt/esp/idf/components/esp_driver_touch_sens /opt/esp/idf/components/esp_driver_tsens /opt/esp/idf/components/esp_driver_uart /opt/esp/idf/components/esp_driver_usb_serial_jtag /opt/esp/idf/components/esp_eth /opt/esp/idf/components/esp_event /opt/esp/idf/components/esp_gdbstub /opt/esp/idf/components/esp_hid /opt/esp/idf/components/esp_http_client /opt/esp/idf/components/esp_http_server /opt/esp/idf/components/esp_https_ota /opt/esp/idf/components/esp_https_server /opt/esp/idf/components/esp_hw_support /opt/esp/idf/components/esp_lcd /opt/esp/idf/components/esp_local_ctrl /opt/esp/idf/components/esp_mm /opt/esp/idf/components/esp_netif /opt/esp/idf/components/esp_netif_stack /opt/esp/idf/components/esp_partition /opt/esp/idf/components/esp_phy /opt/esp/idf/components/esp_pm /opt/esp/idf/components/esp_psram /opt/esp/idf/components/esp_ringbuf /opt/esp/idf/components/esp_rom /opt/esp/idf/components/esp_security /opt/esp/idf/components/esp_system /opt/esp/idf/components/esp_timer /opt/esp/idf/components/esp_vfs_console /opt/esp/idf/components/esp_wifi /opt/esp/idf/components/espcoredump /app/yuanwil1y/esp32c6-Pwnagotchi/managed_components/espressif__cmake_utilities /app/yuanwil1y/esp32c6-Pwnagotchi/managed_components/espressif__esp_lcd_sh8601 /opt/esp/idf/components/esptool_py /opt/esp/idf/components/fatfs /opt/esp/idf/components/freertos /opt/esp/idf/components/hal /opt/esp/idf/components/heap /opt/esp/idf/components/http_parser /opt/esp/idf/components/idf_test /opt/esp/idf/components/ieee802154 /opt/esp/idf/components/json /opt/esp/idf/components/log /app/yuanwil1y/esp32c6-Pwnagotchi/managed_components/lvgl__lvgl /opt/esp/idf/components/lwip /app/yuanwil1y/esp32c6-Pwnagotchi/main /opt/esp/idf/components/mbedtls /opt/esp/idf/components/mqtt /opt/esp/idf/components/newlib /opt/esp/idf/components/nvs_flash /opt/esp/idf/components/nvs_sec_provider /opt/esp/idf/components/openthread /opt/esp/idf/components/partition_table /opt/esp/idf/components/protobuf-c /opt/esp/idf/components/protocomm /opt/esp/idf/components/pthread /app/yuanwil1y/esp32c6-Pwnagotchi/components/radio /opt/esp/idf/components/riscv /opt/esp/idf/components/rt /opt/esp/idf/components/sdmmc /opt/esp/idf/components/soc /opt/esp/idf/components/spi_flash /opt/esp/idf/components/spiffs /app/yuanwil1y/esp32c6-Pwnagotchi/components/storage /opt/esp/idf/components/tcp_transport /opt/esp/idf/components/ulp /opt/esp/idf/components/unity /opt/esp/idf/components/usb /opt/esp/idf/components/vfs /opt/esp/idf/components/wear_levelling /opt/esp/idf/components/wifi_provisioning /app/yuanwil1y/esp32c6-Pwnagotchi/components/world /opt/esp/idf/components/wpa_supplicant
2026-09-24T13:54:22.9350444Z -- Configuring done (7.4s)
2026-09-24T13:54:23.5785846Z -- Generating done (0.6s)
2026-09-24T13:54:23.5790031Z -- Build files have been written to: /app/yuanwil1y/esp32c6-Pwnagotchi/build
2026-09-24T13:54:23.6388633Z Running ninja in directory /app/yuanwil1y/esp32c6-Pwnagotchi/build
2026-09-24T13:54:23.6389661Z Executing "ninja all"...
2026-09-24T13:54:23.7341645Z 
2026-09-24T13:54:23.7342905Z [1/1417] Generating project_elf_src_esp32c6.c[K
2026-09-24T13:54:23.7361738Z [2/1417] Generating /app/yuanwil1y/esp32c6-Pwnagotchi/build/esp-idf/esp_system/ld/memory.ld linker script...[K
2026-09-24T13:54:23.8523551Z [3/1417] Generating /app/yuanwil1y/esp32c6-Pwnagotchi/build/esp-idf/esp_system/ld/sections.ld.in linker script...[K
2026-09-24T13:54:23.8609477Z [4/1417] Building C object esp-idf/mbedtls/mbedtls/3rdparty/everest/CMakeFiles/everest.dir/library/Hacl_Curve25519_joined.c.obj[K
2026-09-24T13:54:23.8610831Z [5/1417] Generating ../../partition_table/partition-table.bin[K
2026-09-24T13:54:23.8612005Z Partition table binary generated. Contents:
2026-09-24T13:54:23.8612599Z *******************************************************************************
2026-09-24T13:54:23.8613136Z # ESP-IDF Partition Table
2026-09-24T13:54:23.8613559Z # Name, Type, SubType, Offset, Size, Flags
2026-09-24T13:54:23.8614045Z nvs,data,nvs,0x9000,24K,
2026-09-24T13:54:23.8614644Z phy_init,data,phy,0xf000,4K,
2026-09-24T13:54:23.8615191Z factory,app,factory,0x10000,4M,
2026-09-24T13:54:23.8615819Z *******************************************************************************
2026-09-24T13:54:23.8772006Z 
2026-09-24T13:54:23.8914758Z [6/1417] Building C object esp-idf/mbedtls/mbedtls/3rdparty/everest/CMakeFiles/everest.dir/library/x25519.c.obj[K
2026-09-24T13:54:23.9248605Z [7/1417] Building C object esp-idf/mbedtls/mbedtls/3rdparty/everest/CMakeFiles/everest.dir/library/everest.c.obj[K
2026-09-24T13:54:23.9631006Z [8/1417] Building C object esp-idf/mbedtls/mbedtls/3rdparty/p256-m/CMakeFiles/p256m.dir/p256-m_driver_entrypoints.c.obj[K
2026-09-24T13:54:23.9871958Z [9/1417] Building C object esp-idf/mbedtls/mbedtls/3rdparty/p256-m/CMakeFiles/p256m.dir/p256-m/p256-m.c.obj[K
2026-09-24T13:54:24.0468237Z [10/1417] Building C object esp-idf/mbedtls/mbedtls/library/CMakeFiles/mbedcrypto.dir/aesni.c.obj[K
2026-09-24T13:54:24.1746543Z [11/1417] Building C object esp-idf/mbedtls/mbedtls/library/CMakeFiles/mbedcrypto.dir/aesce.c.obj[K
2026-09-24T13:54:24.1907494Z [12/1417] Building C object esp-idf/mbedtls/mbedtls/library/CMakeFiles/mbedcrypto.dir/aes.c.obj[K
2026-09-24T13:54:24.2681056Z [13/1417] Building C object esp-idf/mbedtls/mbedtls/library/CMakeFiles/mbedcrypto.dir/asn1parse.c.obj[K
2026-09-24T13:54:24.2753402Z [14/1417] Building C object esp-idf/mbedtls/mbedtls/library/CMakeFiles/mbedcrypto.dir/aria.c.obj[K
2026-09-24T13:54:24.3031064Z [15/1417] Building C object esp-idf/mbedtls/mbedtls/library/CMakeFiles/mbedcrypto.dir/asn1write.c.obj[K
2026-09-24T13:54:24.3627661Z [16/1417] Building C object esp-idf/mbedtls/mbedtls/library/CMakeFiles/mbedcrypto.dir/base64.c.obj[K
2026-09-24T13:54:24.3911733Z [17/1417] Building C object esp-idf/mbedtls/mbedtls/library/CMakeFiles/mbedcrypto.dir/bignum_mod.c.obj[K
2026-09-24T13:54:24.4072504Z [18/1417] Building C object esp-idf/mbedtls/mbedtls/library/CMakeFiles/mbedcrypto.dir/block_cipher.c.obj[K
2026-09-24T13:54:24.4873413Z [19/1417] Building C object esp-idf/mbedtls/mbedtls/library/CMakeFiles/mbedcrypto.dir/bignum_mod_raw.c.obj[K
2026-09-24T13:54:24.4941000Z [20/1417] Building C object esp-idf/mbedtls/mbedtls/library/CMakeFiles/mbedcrypto.dir/camellia.c.obj[K
2026-09-24T13:54:24.5917577Z [21/1417] Building C object esp-idf/mbedtls/mbedtls/library/CMakeFiles/mbedcrypto.dir/chacha20.c.obj[K
2026-09-24T13:54:24.6315246Z [22/1417] Building C object esp-idf/mbedtls/mbedtls/library/CMakeFiles/mbedcrypto.dir/chachapoly.c.obj[K
2026-09-24T13:54:24.6444915Z [23/1417] Building C object esp-idf/mbedtls/mbedtls/library/CMakeFiles/mbedcrypto.dir/bignum.c.obj[K
2026-09-24T13:54:24.6987596Z [24/1417] Building C object esp-idf/mbedtls/mbedtls/library/CMakeFiles/mbedcrypto.dir/bignum_core.c.obj[K
2026-09-24T13:54:24.7756294Z [25/1417] Building C object esp-idf/mbedtls/mbedtls/library/CMakeFiles/mbedcrypto.dir/ccm.c.obj[K
2026-09-24T13:54:24.8550089Z [26/1417] Building C object esp-idf/mbedtls/mbedtls/library/CMakeFiles/mbedcrypto.dir/cipher_wrap.c.obj[K
2026-09-24T13:54:24.8888072Z [27/1417] Building C object esp-idf/mbedtls/mbedtls/library/CMakeFiles/mbedcrypto.dir/constant_time.c.obj[K
2026-09-24T13:54:24.9149629Z [28/1417] Building C object esp-idf/mbedtls/mbedtls/library/CMakeFiles/mbedcrypto.dir/des.c.obj[K
2026-09-24T13:54:24.9197407Z [29/1417] Building C object esp-idf/mbedtls/mbedtls/library/CMakeFiles/mbedcrypto.dir/dhm.c.obj[K
2026-09-24T13:54:24.9305381Z [30/1417] Building C object esp-idf/mbedtls/mbedtls/library/CMakeFiles/mbedcrypto.dir/cmac.c.obj[K
2026-09-24T13:54:24.9498325Z [31/1417] Building C object esp-idf/mbedtls/mbedtls/library/CMakeFiles/mbedcrypto.dir/cipher.c.obj[K
2026-09-24T13:54:25.0811135Z [32/1417] Building C object esp-idf/mbedtls/mbedtls/library/CMakeFiles/mbedcrypto.dir/ctr_drbg.c.obj[K
2026-09-24T13:54:25.1168146Z [33/1417] Building C object esp-idf/mbedtls/mbedtls/library/CMakeFiles/mbedcrypto.dir/ecjpake.c.obj[K
2026-09-24T13:54:25.1401560Z [34/1417] Building C object esp-idf/mbedtls/mbedtls/library/CMakeFiles/mbedcrypto.dir/ecdh.c.obj[K
2026-09-24T13:54:25.1750536Z [35/1417] Building C object esp-idf/mbedtls/mbedtls/library/CMakeFiles/mbedcrypto.dir/ecp_curves_new.c.obj[K
2026-09-24T13:54:25.3611414Z [36/1417] Building C object esp-idf/mbedtls/mbedtls/library/CMakeFiles/mbedcrypto.dir/ecdsa.c.obj[K
2026-09-24T13:54:25.3734523Z [37/1417] Building C object esp-idf/mbedtls/mbedtls/library/CMakeFiles/mbedcrypto.dir/entropy.c.obj[K
2026-09-24T13:54:25.3747283Z [38/1417] Building C object esp-idf/mbedtls/mbedtls/library/CMakeFiles/mbedcrypto.dir/ecp_curves.c.obj[K
2026-09-24T13:54:25.4828193Z [39/1417] Building C object esp-idf/mbedtls/mbedtls/library/CMakeFiles/mbedcrypto.dir/entropy_poll.c.obj[K
2026-09-24T13:54:25.5028904Z [40/1417] Building C object esp-idf/mbedtls/mbedtls/library/CMakeFiles/mbedcrypto.dir/hkdf.c.obj[K
2026-09-24T13:54:25.6209849Z [41/1417] Building C object esp-idf/mbedtls/mbedtls/library/CMakeFiles/mbedcrypto.dir/ecp.c.obj[K
2026-09-24T13:54:25.6507119Z [42/1417] Building C object esp-idf/mbedtls/mbedtls/library/CMakeFiles/mbedcrypto.dir/gcm.c.obj[K
2026-09-24T13:54:25.6664812Z [43/1417] Building C object esp-idf/mbedtls/mbedtls/library/CMakeFiles/mbedcrypto.dir/hmac_drbg.c.obj[K
2026-09-24T13:54:25.7228595Z [44/1417] Building C object esp-idf/mbedtls/mbedtls/library/CMakeFiles/mbedcrypto.dir/error.c.obj[K
2026-09-24T13:54:25.8362210Z [45/1417] Building C object esp-idf/mbedtls/mbedtls/library/CMakeFiles/mbedcrypto.dir/lmots.c.obj[K
2026-09-24T13:54:25.8383683Z [46/1417] Building C object esp-idf/mbedtls/mbedtls/library/CMakeFiles/mbedcrypto.dir/memory_buffer_alloc.c.obj[K
2026-09-24T13:54:25.8459273Z [47/1417] Building C object esp-idf/mbedtls/mbedtls/library/CMakeFiles/mbedcrypto.dir/md5.c.obj[K
2026-09-24T13:54:25.8522892Z [48/1417] Building C object esp-idf/mbedtls/mbedtls/library/CMakeFiles/mbedcrypto.dir/md.c.obj[K
2026-09-24T13:54:25.8586456Z [49/1417] Building C object esp-idf/mbedtls/mbedtls/library/CMakeFiles/mbedcrypto.dir/nist_kw.c.obj[K
2026-09-24T13:54:25.9979266Z [50/1417] Building C object esp-idf/mbedtls/mbedtls/library/CMakeFiles/mbedcrypto.dir/lms.c.obj[K
2026-09-24T13:54:26.1089238Z [51/1417] Building C object esp-idf/mbedtls/mbedtls/library/CMakeFiles/mbedcrypto.dir/padlock.c.obj[K
2026-09-24T13:54:26.1414631Z [52/1417] Building C object esp-idf/mbedtls/mbedtls/library/CMakeFiles/mbedcrypto.dir/pem.c.obj[K
2026-09-24T13:54:26.1799379Z [53/1417] Building C object esp-idf/mbedtls/mbedtls/library/CMakeFiles/mbedcrypto.dir/pk_wrap.c.obj[K
2026-09-24T13:54:26.1843849Z [54/1417] Building C object esp-idf/mbedtls/mbedtls/library/CMakeFiles/mbedcrypto.dir/oid.c.obj[K
2026-09-24T13:54:26.3118605Z [55/1417] Building C object esp-idf/mbedtls/mbedtls/library/CMakeFiles/mbedcrypto.dir/pk_ecc.c.obj[K
2026-09-24T13:54:26.3193622Z [56/1417] Building C object esp-idf/mbedtls/mbedtls/library/CMakeFiles/mbedcrypto.dir/pk.c.obj[K
2026-09-24T13:54:26.4079926Z [57/1417] Building C object esp-idf/mbedtls/mbedtls/library/CMakeFiles/mbedcrypto.dir/pkcs12.c.obj[K
2026-09-24T13:54:26.4124286Z [58/1417] Building C object esp-idf/mbedtls/mbedtls/library/CMakeFiles/mbedcrypto.dir/poly1305.c.obj[K
2026-09-24T13:54:26.4810991Z [59/1417] Building C object esp-idf/mbedtls/mbedtls/library/CMakeFiles/mbedcrypto.dir/platform.c.obj[K
2026-09-24T13:54:26.5078404Z [60/1417] Building C object esp-idf/mbedtls/mbedtls/library/CMakeFiles/mbedcrypto.dir/platform_util.c.obj[K
2026-09-24T13:54:26.5714045Z [61/1417] Building C object esp-idf/mbedtls/mbedtls/library/CMakeFiles/mbedcrypto.dir/pkcs5.c.obj[K
2026-09-24T13:54:26.5967124Z [62/1417] Building C object esp-idf/mbedtls/mbedtls/library/CMakeFiles/mbedcrypto.dir/pkwrite.c.obj[K
2026-09-24T13:54:26.7983538Z [63/1417] Building C object esp-idf/mbedtls/mbedtls/library/CMakeFiles/mbedcrypto.dir/pkparse.c.obj[K
2026-09-24T13:54:26.8403904Z [64/1417] Building C object esp-idf/mbedtls/mbedtls/library/CMakeFiles/mbedcrypto.dir/psa_crypto_driver_wrappers_no_static.c.obj[K
2026-09-24T13:54:26.8430824Z [65/1417] Building C object esp-idf/mbedtls/mbedtls/library/CMakeFiles/mbedcrypto.dir/psa_crypto_aead.c.obj[K
2026-09-24T13:54:26.8479435Z [66/1417] Building C object esp-idf/mbedtls/mbedtls/library/CMakeFiles/mbedcrypto.dir/psa_crypto_cipher.c.obj[K
2026-09-24T13:54:26.9876843Z [67/1417] Building C object esp-idf/mbedtls/mbedtls/library/CMakeFiles/mbedcrypto.dir/psa_crypto_client.c.obj[K
2026-09-24T13:54:27.0833578Z [68/1417] Building C object esp-idf/mbedtls/mbedtls/library/CMakeFiles/mbedcrypto.dir/psa_crypto_ecp.c.obj[K
2026-09-24T13:54:27.1463174Z [69/1417] Building C object esp-idf/mbedtls/mbedtls/library/CMakeFiles/mbedcrypto.dir/psa_crypto_ffdh.c.obj[K
2026-09-24T13:54:27.1882562Z [70/1417] Building C object esp-idf/mbedtls/mbedtls/library/CMakeFiles/mbedcrypto.dir/psa_crypto_mac.c.obj[K
2026-09-24T13:54:27.1964316Z [71/1417] Building C object esp-idf/mbedtls/mbedtls/library/CMakeFiles/mbedcrypto.dir/psa_crypto_hash.c.obj[K
2026-09-24T13:54:27.2700275Z [72/1417] Building C object esp-idf/mbedtls/mbedtls/library/CMakeFiles/mbedcrypto.dir/psa_crypto_pake.c.obj[K
2026-09-24T13:54:27.3346644Z [73/1417] Building C object esp-idf/mbedtls/mbedtls/library/CMakeFiles/mbedcrypto.dir/psa_crypto_se.c.obj[K
2026-09-24T13:54:27.4518573Z [74/1417] Building C object esp-idf/mbedtls/mbedtls/library/CMakeFiles/mbedcrypto.dir/psa_crypto_rsa.c.obj[K
2026-09-24T13:54:27.4530640Z [75/1417] Building C object esp-idf/mbedtls/mbedtls/library/CMakeFiles/mbedcrypto.dir/psa_its_file.c.obj[K
2026-09-24T13:54:27.5102760Z [76/1417] Building C object esp-idf/mbedtls/mbedtls/library/CMakeFiles/mbedcrypto.dir/ripemd160.c.obj[K
2026-09-24T13:54:27.6022112Z [77/1417] Building C object esp-idf/mbedtls/mbedtls/library/CMakeFiles/mbedcrypto.dir/psa_crypto_storage.c.obj[K
2026-09-24T13:54:27.6670386Z [78/1417] Building C object esp-idf/mbedtls/mbedtls/library/CMakeFiles/mbedcrypto.dir/psa_util.c.obj[K
2026-09-24T13:54:27.6888509Z [79/1417] Building C object esp-idf/mbedtls/mbedtls/library/CMakeFiles/mbedcrypto.dir/psa_crypto_slot_management.c.obj[K
2026-09-24T13:54:27.7272203Z [80/1417] Building C object esp-idf/mbedtls/mbedtls/library/CMakeFiles/mbedcrypto.dir/sha1.c.obj[K
2026-09-24T13:54:27.8518746Z [81/1417] Building C object esp-idf/mbedtls/mbedtls/library/CMakeFiles/mbedcrypto.dir/rsa_alt_helpers.c.obj[K
2026-09-24T13:54:27.8559955Z [82/1417] Building C object esp-idf/mbedtls/mbedtls/library/CMakeFiles/mbedcrypto.dir/sha256.c.obj[K
2026-09-24T13:54:27.8989110Z [83/1417] Building C object esp-idf/mbedtls/mbedtls/library/CMakeFiles/mbedcrypto.dir/sha3.c.obj[K
2026-09-24T13:54:28.0236606Z [84/1417] Building C object esp-idf/mbedtls/mbedtls/library/CMakeFiles/mbedcrypto.dir/threading.c.obj[K
2026-09-24T13:54:28.0273368Z [85/1417] Building C object esp-idf/mbedtls/mbedtls/library/CMakeFiles/mbedcrypto.dir/timing.c.obj[K
2026-09-24T13:54:28.0317910Z [86/1417] Building C object esp-idf/mbedtls/mbedtls/library/CMakeFiles/mbedcrypto.dir/sha512.c.obj[K
2026-09-24T13:54:28.0439325Z [87/1417] Building C object esp-idf/mbedtls/mbedtls/library/CMakeFiles/mbedcrypto.dir/version.c.obj[K
2026-09-24T13:54:28.0592028Z [88/1417] Building C object esp-idf/mbedtls/mbedtls/library/CMakeFiles/mbedcrypto.dir/psa_crypto.c.obj[K
2026-09-24T13:54:28.1307821Z [89/1417] Building C object esp-idf/mbedtls/mbedtls/library/CMakeFiles/mbedcrypto.dir/version_features.c.obj[K
2026-09-24T13:54:28.1919795Z [90/1417] Building C object esp-idf/mbedtls/mbedtls/library/CMakeFiles/mbedcrypto.dir/rsa.c.obj[K
2026-09-24T13:54:28.2108213Z [91/1417] Building C object esp-idf/mbedtls/mbedtls/library/CMakeFiles/mbedcrypto.dir/opt/esp/idf/components/mbedtls/port/sha/dma/esp_sha_gdma_impl.c.obj[K
2026-09-24T13:54:28.2505838Z [92/1417] Building C object esp-idf/mbedtls/mbedtls/library/CMakeFiles/mbedcrypto.dir/opt/esp/idf/components/mbedtls/port/aes/dma/esp_aes_gdma_impl.c.obj[K
2026-09-24T13:54:28.2770917Z [93/1417] Building C object esp-idf/mbedtls/mbedtls/library/CMakeFiles/mbedcrypto.dir/opt/esp/idf/components/mbedtls/port/esp_mem.c.obj[K
2026-09-24T13:54:28.3948446Z [94/1417] Building C object esp-idf/mbedtls/mbedtls/library/CMakeFiles/mbedcrypto.dir/opt/esp/idf/components/mbedtls/port/esp_hardware.c.obj[K
2026-09-24T13:54:28.3951518Z [95/1417] Building C object esp-idf/mbedtls/mbedtls/library/CMakeFiles/mbedcrypto.dir/opt/esp/idf/components/mbedtls/port/crypto_shared_gdma/esp_crypto_shared_gdma.c.obj[K
2026-09-24T13:54:28.3957371Z [96/1417] Building C object esp-idf/mbedtls/mbedtls/library/CMakeFiles/mbedcrypto.dir/opt/esp/idf/components/mbedtls/port/aes/dma/esp_aes_dma_core.c.obj[K
2026-09-24T13:54:28.4352770Z [97/1417] Building C object esp-idf/mbedtls/mbedtls/library/CMakeFiles/mbedcrypto.dir/opt/esp/idf/components/mbedtls/port/aes/esp_aes_xts.c.obj[K
2026-09-24T13:54:28.4926251Z [98/1417] Building C object esp-idf/mbedtls/mbedtls/library/CMakeFiles/mbedcrypto.dir/opt/esp/idf/components/mbedtls/port/esp_timing.c.obj[K
2026-09-24T13:54:28.5690257Z [99/1417] Building C object esp-idf/mbedtls/mbedtls/library/CMakeFiles/mbedcrypto.dir/opt/esp/idf/components/mbedtls/port/aes/esp_aes_common.c.obj[K
2026-09-24T13:54:28.5862340Z [100/1417] Building C object esp-idf/mbedtls/mbedtls/library/CMakeFiles/mbedcrypto.dir/opt/esp/idf/components/mbedtls/port/aes/dma/esp_aes.c.obj[K
2026-09-24T13:54:28.7204987Z [101/1417] Building C object esp-idf/mbedtls/mbedtls/library/CMakeFiles/mbedcrypto.dir/opt/esp/idf/components/mbedtls/port/sha/esp_sha.c.obj[K
2026-09-24T13:54:28.7475928Z [102/1417] Building C object esp-idf/mbedtls/mbedtls/library/CMakeFiles/mbedcrypto.dir/opt/esp/idf/components/mbedtls/port/sha/dma/sha.c.obj[K
2026-09-24T13:54:28.7599948Z [103/1417] Building C object esp-idf/mbedtls/mbedtls/library/CMakeFiles/mbedcrypto.dir/opt/esp/idf/components/mbedtls/port/bignum/bignum_alt.c.obj[K
2026-09-24T13:54:28.8191619Z [104/1417] Building C object esp-idf/mbedtls/mbedtls/library/CMakeFiles/mbedcrypto.dir/opt/esp/idf/components/mbedtls/port/sha/dma/esp_sha256.c.obj[K
2026-09-24T13:54:28.8499304Z [105/1417] Building C object esp-idf/mbedtls/mbedtls/library/CMakeFiles/mbedcrypto.dir/opt/esp/idf/components/mbedtls/port/bignum/esp_bignum.c.obj[K
2026-09-24T13:54:28.8507125Z [106/1417] Building C object esp-idf/mbedtls/mbedtls/library/CMakeFiles/mbedcrypto.dir/opt/esp/idf/components/mbedtls/port/sha/dma/esp_sha512.c.obj[K
2026-09-24T13:54:28.8523295Z [107/1417] Building C object esp-idf/mbedtls/mbedtls/library/CMakeFiles/mbedcrypto.dir/opt/esp/idf/components/mbedtls/port/esp_ds/esp_rsa_sign_alt.c.obj[K
2026-09-24T13:54:28.9546227Z [108/1417] Building C object esp-idf/mbedtls/mbedtls/library/CMakeFiles/mbedcrypto.dir/opt/esp/idf/components/mbedtls/port/sha/dma/esp_sha1.c.obj[K
2026-09-24T13:54:29.0012019Z [109/1417] Building C object esp-idf/mbedtls/mbedtls/library/CMakeFiles/mbedcrypto.dir/opt/esp/idf/components/mbedtls/port/ecc/esp_ecc.c.obj[K
2026-09-24T13:54:29.0472134Z [110/1417] Building C object esp-idf/mbedtls/mbedtls/library/CMakeFiles/mbedcrypto.dir/opt/esp/idf/components/mbedtls/port/ecc/ecc_alt.c.obj[K
2026-09-24T13:54:29.0791166Z [111/1417] Building C object esp-idf/mbedtls/mbedtls/library/CMakeFiles/mbedcrypto.dir/opt/esp/idf/components/mbedtls/port/md/esp_md.c.obj[K
2026-09-24T13:54:29.3213670Z [112/1417] Building C object esp-idf/mbedtls/mbedtls/library/CMakeFiles/mbedcrypto.dir/opt/esp/idf/components/mbedtls/port/aes/esp_aes_gcm.c.obj[K
2026-09-24T13:54:29.3282677Z [113/1417] Building C object esp-idf/mbedtls/mbedtls/library/CMakeFiles/mbedx509.dir/pkcs7.c.obj[K
2026-09-24T13:54:29.4125228Z [114/1417] Building C object esp-idf/mbedtls/mbedtls/library/CMakeFiles/mbedx509.dir/x509_create.c.obj[K
2026-09-24T13:54:29.4207707Z [115/1417] Building C object esp-idf/mbedtls/mbedtls/library/CMakeFiles/mbedx509.dir/x509_crl.c.obj[K
2026-09-24T13:54:29.5002299Z [116/1417] Building C object esp-idf/mbedtls/mbedtls/library/CMakeFiles/mbedx509.dir/x509.c.obj[K
2026-09-24T13:54:29.6083849Z [117/1417] Building C object esp-idf/mbedtls/mbedtls/library/CMakeFiles/mbedx509.dir/x509_csr.c.obj[K
2026-09-24T13:54:29.6134321Z [118/1417] Building C object esp-idf/mbedtls/mbedtls/library/CMakeFiles/mbedtls.dir/debug.c.obj[K
2026-09-24T13:54:29.6728839Z [119/1417] Building C object esp-idf/mbedtls/mbedtls/library/CMakeFiles/mbedx509.dir/x509write.c.obj[K
2026-09-24T13:54:29.6845059Z [120/1417] Building C object esp-idf/mbedtls/mbedtls/library/CMakeFiles/mbedx509.dir/x509write_crt.c.obj[K
2026-09-24T13:54:29.7327441Z [121/1417] Building C object esp-idf/mbedtls/mbedtls/library/CMakeFiles/mbedtls.dir/mps_reader.c.obj[K
2026-09-24T13:54:29.8308064Z [122/1417] Building C object esp-idf/mbedtls/mbedtls/library/CMakeFiles/mbedtls.dir/mps_trace.c.obj[K
2026-09-24T13:54:29.8618993Z [123/1417] Building C object esp-idf/mbedtls/mbedtls/library/CMakeFiles/mbedx509.dir/x509write_csr.c.obj[K
2026-09-24T13:54:29.9268435Z [124/1417] Building C object esp-idf/mbedtls/mbedtls/library/CMakeFiles/mbedx509.dir/x509_crt.c.obj[K
2026-09-24T13:54:29.9637962Z [125/1417] Building C object esp-idf/mbedtls/mbedtls/library/CMakeFiles/mbedtls.dir/ssl_cache.c.obj[K
2026-09-24T13:54:30.0279015Z [126/1417] Building C object esp-idf/mbedtls/mbedtls/library/CMakeFiles/mbedtls.dir/ssl_debug_helpers_generated.c.obj[K
2026-09-24T13:54:30.0890463Z [127/1417] Building C object esp-idf/mbedtls/mbedtls/library/CMakeFiles/mbedtls.dir/ssl_ciphersuites.c.obj[K
2026-09-24T13:54:30.1698669Z [128/1417] Building C object esp-idf/mbedtls/mbedtls/library/CMakeFiles/mbedtls.dir/ssl_cookie.c.obj[K
2026-09-24T13:54:30.3435136Z [129/1417] Building C object esp-idf/mbedtls/mbedtls/library/CMakeFiles/mbedtls.dir/ssl_client.c.obj[K
2026-09-24T13:54:30.3489037Z [130/1417] Building C object esp-idf/mbedtls/mbedtls/library/CMakeFiles/mbedtls.dir/ssl_tls13_keys.c.obj[K
2026-09-24T13:54:30.4683102Z [131/1417] Building C object esp-idf/mbedtls/mbedtls/library/CMakeFiles/mbedtls.dir/ssl_ticket.c.obj[K
2026-09-24T13:54:30.4839948Z [132/1417] Building C object esp-idf/mbedtls/mbedtls/library/CMakeFiles/mbedtls.dir/ssl_msg.c.obj[K
2026-09-24T13:54:30.5448310Z [133/1417] Building C object esp-idf/mbedtls/mbedtls/library/CMakeFiles/mbedtls.dir/ssl_tls13_server.c.obj[K
2026-09-24T13:54:30.5694205Z [134/1417] Building C object esp-idf/mbedtls/mbedtls/library/CMakeFiles/mbedtls.dir/ssl_tls13_client.c.obj[K
2026-09-24T13:54:30.6888224Z [135/1417] Building C object esp-idf/mbedtls/mbedtls/library/CMakeFiles/mbedtls.dir/ssl_tls13_generic.c.obj[K
2026-09-24T13:54:30.6968235Z [136/1417] Building C object esp-idf/mbedtls/mbedtls/library/CMakeFiles/mbedtls.dir/ssl_tls12_client.c.obj[K
2026-09-24T13:54:30.7020325Z [137/1417] Creating directories for 'bootloader'[K
2026-09-24T13:54:30.7065992Z [138/1417] No download step for 'bootloader'[K
2026-09-24T13:54:30.7111307Z [139/1417] No update step for 'bootloader'[K
2026-09-24T13:54:30.7156061Z [140/1417] No patch step for 'bootloader'[K
2026-09-24T13:54:30.8304247Z [141/1417] Building C object esp-idf/mbedtls/mbedtls/library/CMakeFiles/mbedtls.dir/opt/esp/idf/components/mbedtls/port/esp_platform_time.c.obj[K
2026-09-24T13:54:30.8420578Z [142/1417] Building C object esp-idf/mbedtls/mbedtls/library/CMakeFiles/mbedtls.dir/opt/esp/idf/components/mbedtls/port/mbedtls_debug.c.obj[K
2026-09-24T13:54:30.8954216Z [143/1417] Building C object esp-idf/mbedtls/mbedtls/library/CMakeFiles/mbedtls.dir/ssl_tls12_server.c.obj[K
2026-09-24T13:54:30.9355693Z [144/1417] Building C object esp-idf/mbedtls/mbedtls/library/CMakeFiles/mbedtls.dir/ssl_tls.c.obj[K
2026-09-24T13:54:30.9669030Z [145/1417] Building C object esp-idf/esp_app_format/CMakeFiles/__idf_esp_app_format.dir/esp_app_desc.c.obj[K
2026-09-24T13:54:31.0960057Z [146/1417] Building C object esp-idf/esp_bootloader_format/CMakeFiles/__idf_esp_bootloader_format.dir/esp_bootloader_desc.c.obj[K
2026-09-24T13:54:31.1585333Z [147/1417] Building C object esp-idf/app_update/CMakeFiles/__idf_app_update.dir/esp_ota_app_desc.c.obj[K
2026-09-24T13:54:31.2002830Z [148/1417] Building C object esp-idf/mbedtls/mbedtls/library/CMakeFiles/mbedtls.dir/opt/esp/idf/components/mbedtls/port/net_sockets.c.obj[K
2026-09-24T13:54:31.2694535Z [149/1417] Building C object esp-idf/esp_partition/CMakeFiles/__idf_esp_partition.dir/partition_target.c.obj[K
2026-09-24T13:54:31.2788622Z [150/1417] Building C object esp-idf/efuse/CMakeFiles/__idf_efuse.dir/esp32c6/esp_efuse_table.c.obj[K
2026-09-24T13:54:31.3438344Z [151/1417] Building C object esp-idf/esp_partition/CMakeFiles/__idf_esp_partition.dir/partition.c.obj[K
2026-09-24T13:54:31.3484262Z [152/1417] Building C object esp-idf/app_update/CMakeFiles/__idf_app_update.dir/esp_ota_ops.c.obj[K
2026-09-24T13:54:31.4621087Z [153/1417] Building C object esp-idf/efuse/CMakeFiles/__idf_efuse.dir/esp32c6/esp_efuse_fields.c.obj[K
2026-09-24T13:54:31.5570981Z [154/1417] Building C object esp-idf/efuse/CMakeFiles/__idf_efuse.dir/esp32c6/esp_efuse_rtc_calib.c.obj[K
2026-09-24T13:54:31.6000937Z [155/1417] Building C object esp-idf/efuse/CMakeFiles/__idf_efuse.dir/esp32c6/esp_efuse_utility.c.obj[K
2026-09-24T13:54:31.6038021Z [156/1417] Building C object esp-idf/efuse/CMakeFiles/__idf_efuse.dir/src/esp_efuse_fields.c.obj[K
2026-09-24T13:54:31.6199974Z [157/1417] Building C object esp-idf/efuse/CMakeFiles/__idf_efuse.dir/src/esp_efuse_api.c.obj[K
2026-09-24T13:54:31.7989938Z [158/1417] Building C object esp-idf/efuse/CMakeFiles/__idf_efuse.dir/src/esp_efuse_utility.c.obj[K
2026-09-24T13:54:31.7997373Z [159/1417] Building C object esp-idf/efuse/CMakeFiles/__idf_efuse.dir/src/efuse_controller/keys/with_key_purposes/esp_efuse_api_key.c.obj[K
2026-09-24T13:54:31.9167578Z [160/1417] Building C object esp-idf/efuse/CMakeFiles/__idf_efuse.dir/src/esp_efuse_startup.c.obj[K
2026-09-24T13:54:31.9265505Z [161/1417] Building C object esp-idf/bootloader_support/CMakeFiles/__idf_bootloader_support.dir/src/bootloader_clock_init.c.obj[K
2026-09-24T13:54:31.9396539Z [162/1417] Building C object esp-idf/bootloader_support/CMakeFiles/__idf_bootloader_support.dir/src/bootloader_common.c.obj[K
2026-09-24T13:54:32.0342778Z [163/1417] Building C object esp-idf/bootloader_support/CMakeFiles/__idf_bootloader_support.dir/src/bootloader_common_loader.c.obj[K
2026-09-24T13:54:32.0350037Z [164/1417] Building C object esp-idf/bootloader_support/CMakeFiles/__idf_bootloader_support.dir/src/bootloader_mem.c.obj[K
2026-09-24T13:54:32.0687054Z [165/1417] Building C object esp-idf/bootloader_support/CMakeFiles/__idf_bootloader_support.dir/src/bootloader_random.c.obj[K
2026-09-24T13:54:32.1851716Z [166/1417] Building C object esp-idf/bootloader_support/CMakeFiles/__idf_bootloader_support.dir/src/bootloader_efuse.c.obj[K
2026-09-24T13:54:32.1856562Z [167/1417] Building C object esp-idf/bootloader_support/CMakeFiles/__idf_bootloader_support.dir/src/flash_encrypt.c.obj[K
2026-09-24T13:54:32.2260814Z [168/1417] Building C object esp-idf/bootloader_support/CMakeFiles/__idf_bootloader_support.dir/src/secure_boot.c.obj[K
2026-09-24T13:54:32.3843185Z [169/1417] Building C object esp-idf/bootloader_support/CMakeFiles/__idf_bootloader_support.dir/src/bootloader_random_esp32c6.c.obj[K
2026-09-24T13:54:32.4000797Z [170/1417] Building C object esp-idf/bootloader_support/CMakeFiles/__idf_bootloader_support.dir/bootloader_flash/src/bootloader_flash.c.obj[K
2026-09-24T13:54:32.4456706Z [171/1417] Building C object esp-idf/bootloader_support/CMakeFiles/__idf_bootloader_support.dir/bootloader_flash/src/flash_qio_mode.c.obj[K
2026-09-24T13:54:32.5182354Z [172/1417] Building C object esp-idf/bootloader_support/CMakeFiles/__idf_bootloader_support.dir/src/flash_partitions.c.obj[K
2026-09-24T13:54:32.6382996Z [173/1417] Building C object esp-idf/bootloader_support/CMakeFiles/__idf_bootloader_support.dir/bootloader_flash/src/bootloader_flash_config_esp32c6.c.obj[K
2026-09-24T13:54:32.6708142Z [174/1417] Building C object esp-idf/bootloader_support/CMakeFiles/__idf_bootloader_support.dir/src/idf/bootloader_sha.c.obj[K
2026-09-24T13:54:32.6982881Z [175/1417] Building C object esp-idf/bootloader_support/CMakeFiles/__idf_bootloader_support.dir/src/esp32c6/secure_boot_secure_features.c.obj[K
2026-09-24T13:54:32.7725511Z [176/1417] Building C object esp-idf/bootloader_support/CMakeFiles/__idf_bootloader_support.dir/src/bootloader_utility.c.obj[K
2026-09-24T13:54:32.8776999Z [177/1417] Building C object esp-idf/esp_mm/CMakeFiles/__idf_esp_mm.dir/port/esp32c6/ext_mem_layout.c.obj[K
2026-09-24T13:54:32.8998531Z [178/1417] Building C object esp-idf/esp_mm/CMakeFiles/__idf_esp_mm.dir/heap_align_hw.c.obj[K
2026-09-24T13:54:32.9077366Z [179/1417] Building C object esp-idf/spi_flash/CMakeFiles/__idf_spi_flash.dir/flash_brownout_hook.c.obj[K
2026-09-24T13:54:32.9672175Z [180/1417] Building C object esp-idf/bootloader_support/CMakeFiles/__idf_bootloader_support.dir/src/esp_image_format.c.obj[K
2026-09-24T13:54:32.9786117Z [181/1417] Building C object esp-idf/esp_mm/CMakeFiles/__idf_esp_mm.dir/esp_cache.c.obj[K
2026-09-24T13:54:33.0169957Z [182/1417] Building C object esp-idf/esp_mm/CMakeFiles/__idf_esp_mm.dir/esp_mmu_map.c.obj[K
2026-09-24T13:54:33.1018506Z [183/1417] Building C object esp-idf/spi_flash/CMakeFiles/__idf_spi_flash.dir/spi_flash_chip_drivers.c.obj[K
2026-09-24T13:54:33.1657878Z [184/1417] Building C object esp-idf/spi_flash/CMakeFiles/__idf_spi_flash.dir/spi_flash_chip_issi.c.obj[K
2026-09-24T13:54:33.2040924Z [185/1417] Building C object esp-idf/spi_flash/CMakeFiles/__idf_spi_flash.dir/spi_flash_chip_winbond.c.obj[K
2026-09-24T13:54:33.2299993Z [186/1417] Building C object esp-idf/spi_flash/CMakeFiles/__idf_spi_flash.dir/spi_flash_chip_gd.c.obj[K
2026-09-24T13:54:33.3029272Z [187/1417] Building C object esp-idf/spi_flash/CMakeFiles/__idf_spi_flash.dir/spi_flash_chip_mxic.c.obj[K
2026-09-24T13:54:33.3112608Z [188/1417] Building C object esp-idf/spi_flash/CMakeFiles/__idf_spi_flash.dir/spi_flash_chip_boya.c.obj[K
2026-09-24T13:54:33.3790912Z [189/1417] Building C object esp-idf/spi_flash/CMakeFiles/__idf_spi_flash.dir/spi_flash_chip_generic.c.obj[K
2026-09-24T13:54:33.5298883Z [190/1417] Building C object esp-idf/spi_flash/CMakeFiles/__idf_spi_flash.dir/spi_flash_chip_th.c.obj[K
2026-09-24T13:54:33.5646204Z [191/1417] Building C object esp-idf/spi_flash/CMakeFiles/__idf_spi_flash.dir/spi_flash_chip_mxic_opi.c.obj[K
2026-09-24T13:54:33.6221763Z [192/1417] Building C object esp-idf/spi_flash/CMakeFiles/__idf_spi_flash.dir/memspi_host_driver.c.obj[K
2026-09-24T13:54:33.6487507Z [193/1417] Building C object esp-idf/spi_flash/CMakeFiles/__idf_spi_flash.dir/flash_mmap.c.obj[K
2026-09-24T13:54:33.7863980Z [194/1417] Building C object esp-idf/spi_flash/CMakeFiles/__idf_spi_flash.dir/cache_utils.c.obj[K
2026-09-24T13:54:33.8482214Z [195/1417] Building C object esp-idf/spi_flash/CMakeFiles/__idf_spi_flash.dir/flash_ops.c.obj[K
2026-09-24T13:54:33.9277216Z [196/1417] Building C object esp-idf/spi_flash/CMakeFiles/__idf_spi_flash.dir/spi_flash_wrap.c.obj[K
2026-09-24T13:54:34.0310553Z [197/1417] Building C object esp-idf/spi_flash/CMakeFiles/__idf_spi_flash.dir/spi_flash_os_func_noos.c.obj[K
2026-09-24T13:54:34.0469139Z [198/1417] Building C object esp-idf/esp_system/CMakeFiles/__idf_esp_system.dir/esp_err.c.obj[K
2026-09-24T13:54:34.1165093Z [199/1417] Building C object esp-idf/spi_flash/CMakeFiles/__idf_spi_flash.dir/spi_flash_os_func_app.c.obj[K
2026-09-24T13:54:34.1683910Z [200/1417] Building C object esp-idf/spi_flash/CMakeFiles/__idf_spi_flash.dir/esp_flash_spi_init.c.obj[K
2026-09-24T13:54:34.1913669Z [201/1417] Building C object esp-idf/spi_flash/CMakeFiles/__idf_spi_flash.dir/esp_flash_api.c.obj[K
2026-09-24T13:54:34.1981027Z [202/1417] Building C object esp-idf/esp_system/CMakeFiles/__idf_esp_system.dir/esp_ipc.c.obj[K
2026-09-24T13:54:34.3071769Z [203/1417] Building C object esp-idf/esp_system/CMakeFiles/__idf_esp_system.dir/crosscore_int.c.obj[K
2026-09-24T13:54:34.3756671Z [204/1417] Building C object esp-idf/esp_system/CMakeFiles/__idf_esp_system.dir/freertos_hooks.c.obj[K
2026-09-24T13:54:34.3927476Z [205/1417] Building C object esp-idf/esp_system/CMakeFiles/__idf_esp_system.dir/startup.c.obj[K
2026-09-24T13:54:34.4546100Z [206/1417] Building C object esp-idf/esp_system/CMakeFiles/__idf_esp_system.dir/esp_system.c.obj[K
2026-09-24T13:54:34.5389828Z [207/1417] Building C object esp-idf/esp_system/CMakeFiles/__idf_esp_system.dir/int_wdt.c.obj[K
2026-09-24T13:54:34.5616620Z [208/1417] Building C object esp-idf/esp_system/CMakeFiles/__idf_esp_system.dir/panic.c.obj[K
2026-09-24T13:54:34.6070159Z [209/1417] Building C object esp-idf/esp_system/CMakeFiles/__idf_esp_system.dir/system_time.c.obj[K
2026-09-24T13:54:34.6701153Z [210/1417] Building C object esp-idf/esp_system/CMakeFiles/__idf_esp_system.dir/stack_check.c.obj[K
2026-09-24T13:54:34.7252769Z [211/1417] Building C object esp-idf/esp_system/CMakeFiles/__idf_esp_system.dir/ubsan.c.obj[K
2026-09-24T13:54:34.8251947Z [212/1417] Building C object esp-idf/esp_system/CMakeFiles/__idf_esp_system.dir/xt_wdt.c.obj[K
2026-09-24T13:54:34.8415797Z [213/1417] Building C object esp-idf/esp_system/CMakeFiles/__idf_esp_system.dir/startup_funcs.c.obj[K
2026-09-24T13:54:34.9292619Z [214/1417] Building C object esp-idf/esp_system/CMakeFiles/__idf_esp_system.dir/systick_etm.c.obj[K
2026-09-24T13:54:34.9753673Z [215/1417] Building C object esp-idf/esp_system/CMakeFiles/__idf_esp_system.dir/hw_stack_guard.c.obj[K
2026-09-24T13:54:35.0077389Z [216/1417] Building C object esp-idf/esp_system/CMakeFiles/__idf_esp_system.dir/task_wdt/task_wdt_impl_timergroup.c.obj[K
2026-09-24T13:54:35.1602077Z [217/1417] Building C object esp-idf/esp_system/CMakeFiles/__idf_esp_system.dir/task_wdt/task_wdt.c.obj[K
2026-09-24T13:54:35.2007869Z [218/1417] Building C object esp-idf/esp_system/CMakeFiles/__idf_esp_system.dir/port/image_process.c.obj[K
2026-09-24T13:54:35.2520350Z [219/1417] Building C object esp-idf/esp_system/CMakeFiles/__idf_esp_system.dir/port/esp_system_chip.c.obj[K
2026-09-24T13:54:35.2862041Z [220/1417] Building C object esp-idf/esp_system/CMakeFiles/__idf_esp_system.dir/port/brownout.c.obj[K
2026-09-24T13:54:35.3728240Z [221/1417] Building C object esp-idf/esp_system/CMakeFiles/__idf_esp_system.dir/port/panic_handler.c.obj[K
2026-09-24T13:54:35.3975220Z [222/1417] Building C object esp-idf/esp_system/CMakeFiles/__idf_esp_system.dir/port/cpu_start.c.obj[K
2026-09-24T13:54:35.4510964Z [223/1417] Building C object esp-idf/esp_system/CMakeFiles/__idf_esp_system.dir/port/arch/riscv/expression_with_stack.c.obj[K
2026-09-24T13:54:35.4841903Z [224/1417] Building C object esp-idf/esp_system/CMakeFiles/__idf_esp_system.dir/port/arch/riscv/debug_helpers.c.obj[K
2026-09-24T13:54:35.5458350Z [225/1417] Building C object esp-idf/esp_system/CMakeFiles/__idf_esp_system.dir/port/arch/riscv/debug_stubs.c.obj[K
2026-09-24T13:54:35.5785824Z [226/1417] Building C object esp-idf/esp_system/CMakeFiles/__idf_esp_system.dir/port/arch/riscv/panic_arch.c.obj[K
2026-09-24T13:54:35.6613515Z [227/1417] Building C object esp-idf/esp_system/CMakeFiles/__idf_esp_system.dir/port/soc/esp32c6/reset_reason.c.obj[K
2026-09-24T13:54:35.7739526Z [228/1417] Building C object esp-idf/esp_system/CMakeFiles/__idf_esp_system.dir/port/soc/esp32c6/cache_err_int.c.obj[K
2026-09-24T13:54:35.8022401Z [229/1417] Building C object esp-idf/esp_rom/CMakeFiles/__idf_esp_rom.dir/patches/esp_rom_sys.c.obj[K
2026-09-24T13:54:35.8176870Z [230/1417] Building C object esp-idf/esp_rom/CMakeFiles/__idf_esp_rom.dir/patches/esp_rom_print.c.obj[K
2026-09-24T13:54:35.9380916Z [231/1417] Building C object esp-idf/esp_rom/CMakeFiles/__idf_esp_rom.dir/patches/esp_rom_crc.c.obj[K
2026-09-24T13:54:35.9465712Z [232/1417] Building C object esp-idf/esp_rom/CMakeFiles/__idf_esp_rom.dir/patches/esp_rom_uart.c.obj[K
2026-09-24T13:54:35.9628605Z [233/1417] Building C object esp-idf/esp_rom/CMakeFiles/__idf_esp_rom.dir/patches/esp_rom_spiflash.c.obj[K
2026-09-24T13:54:36.0228326Z [234/1417] Building C object esp-idf/esp_system/CMakeFiles/__idf_esp_system.dir/port/soc/esp32c6/system_internal.c.obj[K
2026-09-24T13:54:36.0489360Z [235/1417] Building C object esp-idf/esp_rom/CMakeFiles/__idf_esp_rom.dir/patches/esp_rom_efuse.c.obj[K
2026-09-24T13:54:36.0965839Z [236/1417] Building C object esp-idf/esp_system/CMakeFiles/__idf_esp_system.dir/port/soc/esp32c6/clk.c.obj[K
2026-09-24T13:54:36.1185600Z [237/1417] Building C object esp-idf/esp_rom/CMakeFiles/__idf_esp_rom.dir/patches/esp_rom_gpio.c.obj[K
2026-09-24T13:54:36.1944778Z [238/1417] Building C object esp-idf/esp_rom/CMakeFiles/__idf_esp_rom.dir/patches/esp_rom_hp_regi2c_esp32c6.c.obj[K
2026-09-24T13:54:36.2157141Z [239/1417] Building C object esp-idf/esp_rom/CMakeFiles/__idf_esp_rom.dir/patches/esp_rom_multi_heap.c.obj[K
2026-09-24T13:54:36.2907834Z [240/1417] Building C object esp-idf/esp_rom/CMakeFiles/__idf_esp_rom.dir/patches/esp_rom_tlsf.c.obj[K
2026-09-24T13:54:36.2988413Z [241/1417] Building C object esp-idf/esp_rom/CMakeFiles/__idf_esp_rom.dir/patches/esp_rom_systimer.c.obj[K
2026-09-24T13:54:36.3086960Z [242/1417] Building C object esp-idf/hal/CMakeFiles/__idf_hal.dir/hal_utils.c.obj[K
2026-09-24T13:54:36.3945719Z [243/1417] Building C object esp-idf/esp_common/CMakeFiles/__idf_esp_common.dir/src/esp_err_to_name.c.obj[K
2026-09-24T13:54:36.4148333Z [244/1417] Building C object esp-idf/hal/CMakeFiles/__idf_hal.dir/efuse_hal.c.obj[K
2026-09-24T13:54:36.4566004Z [245/1417] Building C object esp-idf/hal/CMakeFiles/__idf_hal.dir/lp_timer_hal.c.obj[K
2026-09-24T13:54:36.4680763Z [246/1417] Building C object esp-idf/esp_rom/CMakeFiles/__idf_esp_rom.dir/patches/esp_rom_wdt.c.obj[K
2026-09-24T13:54:36.4956658Z [247/1417] Building C object esp-idf/hal/CMakeFiles/__idf_hal.dir/esp32c6/efuse_hal.c.obj[K
2026-09-24T13:54:36.5533158Z [248/1417] Building C object esp-idf/hal/CMakeFiles/__idf_hal.dir/color_hal.c.obj[K
2026-09-24T13:54:36.5534206Z [249/1417] Performing configure step for 'bootloader'[K
2026-09-24T13:54:36.5535141Z -- Found Git: /usr/bin/git (found version "2.43.0")
2026-09-24T13:54:36.5542874Z -- The C compiler identification is GNU 14.2.0
2026-09-24T13:54:36.5544205Z -- The CXX compiler identification is GNU 14.2.0
2026-09-24T13:54:36.5544793Z -- The ASM compiler identification is GNU
2026-09-24T13:54:36.5552065Z -- Found assembler: /opt/esp/tools/riscv32-esp-elf/esp-14.2.0_20241119/riscv32-esp-elf/bin/riscv32-esp-elf-gcc
2026-09-24T13:54:36.5553205Z -- Detecting C compiler ABI info
2026-09-24T13:54:36.5553825Z -- Detecting C compiler ABI info - done
2026-09-24T13:54:36.5561130Z -- Check for working C compiler: /opt/esp/tools/riscv32-esp-elf/esp-14.2.0_20241119/riscv32-esp-elf/bin/riscv32-esp-elf-gcc - skipped
2026-09-24T13:54:36.5562583Z -- Detecting C compile features
2026-09-24T13:54:36.5563198Z -- Detecting C compile features - done
2026-09-24T13:54:36.5582385Z -- Detecting CXX compiler ABI info
2026-09-24T13:54:36.5583045Z -- Detecting CXX compiler ABI info - done
2026-09-24T13:54:36.5584207Z -- Check for working CXX compiler: /opt/esp/tools/riscv32-esp-elf/esp-14.2.0_20241119/riscv32-esp-elf/bin/riscv32-esp-elf-g++ - skipped
2026-09-24T13:54:36.5585321Z -- Detecting CXX compile features
2026-09-24T13:54:36.5585894Z -- Detecting CXX compile features - done
2026-09-24T13:54:36.5586541Z -- Building ESP-IDF components for target esp32c6
2026-09-24T13:54:36.5587321Z -- Project sdkconfig file /app/yuanwil1y/esp32c6-Pwnagotchi/sdkconfig
2026-09-24T13:54:36.5588489Z -- Adding linker script /opt/esp/idf/components/riscv/ld/rom.api.ld
2026-09-24T13:54:36.5589501Z -- Adding linker script /opt/esp/idf/components/soc/esp32c6/ld/esp32c6.peripherals.ld
2026-09-24T13:54:36.5590448Z -- Bootloader project name: "bootloader" version: 1
2026-09-24T13:54:36.5591840Z -- Adding linker script /opt/esp/idf/components/esp_rom/esp32c6/ld/esp32c6.rom.ld
2026-09-24T13:54:36.5592884Z -- Adding linker script /opt/esp/idf/components/esp_rom/esp32c6/ld/esp32c6.rom.api.ld
2026-09-24T13:54:36.5593723Z -- Adding linker script /opt/esp/idf/components/esp_rom/esp32c6/ld/esp32c6.rom.rvfp.ld
2026-09-24T13:54:36.5594583Z -- Adding linker script /opt/esp/idf/components/esp_rom/esp32c6/ld/esp32c6.rom.wdt.ld
2026-09-24T13:54:36.5595740Z -- Adding linker script /opt/esp/idf/components/esp_rom/esp32c6/ld/esp32c6.rom.systimer.ld
2026-09-24T13:54:36.5596741Z -- Adding linker script /opt/esp/idf/components/esp_rom/esp32c6/ld/esp32c6.rom.version.ld
2026-09-24T13:54:36.5597726Z -- Adding linker script /opt/esp/idf/components/esp_rom/esp32c6/ld/esp32c6.rom.newlib.ld
2026-09-24T13:54:36.5598770Z -- Adding linker script /opt/esp/idf/components/bootloader/subproject/main/ld/esp32c6/bootloader.ld
2026-09-24T13:54:36.5599948Z -- Adding linker script /opt/esp/idf/components/bootloader/subproject/main/ld/esp32c6/bootloader.rom.ld
2026-09-24T13:54:36.5602431Z -- Components: bootloader bootloader_support efuse esp_app_format esp_bootloader_format esp_common esp_hw_support esp_rom esp_security esp_system esptool_py freertos hal log main micro-ecc newlib partition_table riscv soc spi_flash
2026-09-24T13:54:36.5608889Z -- Component paths: /opt/esp/idf/components/bootloader /opt/esp/idf/components/bootloader_support /opt/esp/idf/components/efuse /opt/esp/idf/components/esp_app_format /opt/esp/idf/components/esp_bootloader_format /opt/esp/idf/components/esp_common /opt/esp/idf/components/esp_hw_support /opt/esp/idf/components/esp_rom /opt/esp/idf/components/esp_security /opt/esp/idf/components/esp_system /opt/esp/idf/components/esptool_py /opt/esp/idf/components/freertos /opt/esp/idf/components/hal /opt/esp/idf/components/log /opt/esp/idf/components/bootloader/subproject/main /opt/esp/idf/components/bootloader/subproject/components/micro-ecc /opt/esp/idf/components/newlib /opt/esp/idf/components/partition_table /opt/esp/idf/components/riscv /opt/esp/idf/components/soc /opt/esp/idf/components/spi_flash
2026-09-24T13:54:36.5614519Z -- Configuring done (5.7s)
2026-09-24T13:54:36.5614956Z -- Generating done (0.1s)
2026-09-24T13:54:36.5615641Z -- Build files have been written to: /app/yuanwil1y/esp32c6-Pwnagotchi/build/bootloader
2026-09-24T13:54:36.6657176Z 
2026-09-24T13:54:36.7640834Z [250/1417] Building C object esp-idf/hal/CMakeFiles/__idf_hal.dir/mmu_hal.c.obj[K
2026-09-24T13:54:36.7699631Z [251/1417] Building C object esp-idf/hal/CMakeFiles/__idf_hal.dir/cache_hal.c.obj[K
2026-09-24T13:54:36.9989453Z [252/1417] Building C object esp-idf/hal/CMakeFiles/__idf_hal.dir/spi_flash_encrypt_hal_iram.c.obj[K
2026-09-24T13:54:37.0417109Z [253/1417] Building C object esp-idf/hal/CMakeFiles/__idf_hal.dir/esp32c6/clk_tree_hal.c.obj[K
2026-09-24T13:54:37.0503128Z [254/1417] Building C object esp-idf/hal/CMakeFiles/__idf_hal.dir/spi_flash_hal.c.obj[K
2026-09-24T13:54:37.2139121Z [255/1417] Building C object esp-idf/hal/CMakeFiles/__idf_hal.dir/spi_flash_hal_iram.c.obj[K
2026-09-24T13:54:37.2866328Z [256/1417] Building C object esp-idf/hal/CMakeFiles/__idf_hal.dir/uart_hal_iram.c.obj[K
2026-09-24T13:54:37.3182196Z [257/1417] Building C object esp-idf/hal/CMakeFiles/__idf_hal.dir/timer_hal.c.obj[K
2026-09-24T13:54:37.5193131Z [258/1417] Building C object esp-idf/hal/CMakeFiles/__idf_hal.dir/uart_hal.c.obj[K
2026-09-24T13:54:37.5617536Z [259/1417] Building C object esp-idf/hal/CMakeFiles/__idf_hal.dir/gpio_hal.c.obj[K
2026-09-24T13:54:37.5663481Z [260/1417] Building C object esp-idf/hal/CMakeFiles/__idf_hal.dir/rtc_io_hal.c.obj[K
2026-09-24T13:54:37.5990370Z [261/1417] Building C object esp-idf/hal/CMakeFiles/__idf_hal.dir/ledc_hal.c.obj[K
2026-09-24T13:54:37.7297693Z [262/1417] Building C object esp-idf/hal/CMakeFiles/__idf_hal.dir/ledc_hal_iram.c.obj[K
2026-09-24T13:54:37.8838912Z [263/1417] Building C object esp-idf/hal/CMakeFiles/__idf_hal.dir/i2c_hal.c.obj[K
2026-09-24T13:54:37.9148243Z [264/1417] Building C object esp-idf/hal/CMakeFiles/__idf_hal.dir/pcnt_hal.c.obj[K
2026-09-24T13:54:37.9248425Z [265/1417] Building C object esp-idf/hal/CMakeFiles/__idf_hal.dir/i2c_hal_iram.c.obj[K
2026-09-24T13:54:38.0213452Z [266/1417] Building C object esp-idf/hal/CMakeFiles/__idf_hal.dir/rmt_hal.c.obj[K
2026-09-24T13:54:38.1806284Z [267/1417] Building C object esp-idf/hal/CMakeFiles/__idf_hal.dir/mcpwm_hal.c.obj[K
2026-09-24T13:54:38.2066382Z [268/1417] Building C object esp-idf/hal/CMakeFiles/__idf_hal.dir/gdma_hal_top.c.obj[K
2026-09-24T13:54:38.2743565Z [269/1417] Building C object esp-idf/hal/CMakeFiles/__idf_hal.dir/twai_hal.c.obj[K
2026-09-24T13:54:38.2773050Z [270/1417] Building C object esp-idf/hal/CMakeFiles/__idf_hal.dir/gdma_hal_ahb_v1.c.obj[K
2026-09-24T13:54:38.3979150Z [271/1417] Building C object esp-idf/hal/CMakeFiles/__idf_hal.dir/twai_hal_iram.c.obj[K
2026-09-24T13:54:38.5161155Z [272/1417] Building C object esp-idf/hal/CMakeFiles/__idf_hal.dir/etm_hal.c.obj[K
2026-09-24T13:54:38.6104694Z [273/1417] Building C object esp-idf/hal/CMakeFiles/__idf_hal.dir/sdm_hal.c.obj[K
2026-09-24T13:54:38.6608219Z [274/1417] Building C object esp-idf/hal/CMakeFiles/__idf_hal.dir/parlio_hal.c.obj[K
2026-09-24T13:54:38.7583324Z [275/1417] Building C object esp-idf/hal/CMakeFiles/__idf_hal.dir/i2s_hal.c.obj[K
2026-09-24T13:54:38.8036557Z [276/1417] Building C object esp-idf/hal/CMakeFiles/__idf_hal.dir/adc_hal_common.c.obj[K
2026-09-24T13:54:38.9247387Z [277/1417] Building C object esp-idf/hal/CMakeFiles/__idf_hal.dir/adc_oneshot_hal.c.obj[K
2026-09-24T13:54:38.9521328Z [278/1417] Building C object esp-idf/hal/CMakeFiles/__idf_hal.dir/sha_hal.c.obj[K
2026-09-24T13:54:39.0323242Z [279/1417] Building C object esp-idf/hal/CMakeFiles/__idf_hal.dir/ecc_hal.c.obj[K
2026-09-24T13:54:39.0791167Z [280/1417] Building C object esp-idf/hal/CMakeFiles/__idf_hal.dir/aes_hal.c.obj[K
2026-09-24T13:54:39.1919940Z [281/1417] Building C object esp-idf/hal/CMakeFiles/__idf_hal.dir/mpi_hal.c.obj[K
2026-09-24T13:54:39.2049963Z [282/1417] Building C object esp-idf/hal/CMakeFiles/__idf_hal.dir/brownout_hal.c.obj[K
2026-09-24T13:54:39.2423414Z [283/1417] Building C object esp-idf/hal/CMakeFiles/__idf_hal.dir/esp32c6/pau_hal.c.obj[K
2026-09-24T13:54:39.4924061Z [284/1417] Building C object esp-idf/hal/CMakeFiles/__idf_hal.dir/adc_hal.c.obj[K
2026-09-24T13:54:39.6111191Z [285/1417] Building C object esp-idf/hal/CMakeFiles/__idf_hal.dir/esp32c6/modem_clock_hal.c.obj[K
2026-09-24T13:54:39.7973026Z [286/1417] Building C object esp-idf/hal/CMakeFiles/__idf_hal.dir/spi_slave_hal.c.obj[K
2026-09-24T13:54:39.8111049Z [287/1417] Building C object esp-idf/hal/CMakeFiles/__idf_hal.dir/spi_slave_hal_iram.c.obj[K
2026-09-24T13:54:39.8682735Z [288/1417] Building C object esp-idf/hal/CMakeFiles/__idf_hal.dir/spi_hal.c.obj[K
2026-09-24T13:54:40.1769715Z [289/1417] Building C object esp-idf/hal/CMakeFiles/__idf_hal.dir/spi_hal_iram.c.obj[K
2026-09-24T13:54:40.1922788Z [290/1417] Building C object esp-idf/hal/CMakeFiles/__idf_hal.dir/spi_flash_hal_gpspi.c.obj[K
2026-09-24T13:54:40.2331755Z [291/1417] Building C object esp-idf/hal/CMakeFiles/__idf_hal.dir/esp32c6/pmu_hal.c.obj[K
2026-09-24T13:54:40.4127582Z [292/1417] Building C object esp-idf/hal/CMakeFiles/__idf_hal.dir/spi_slave_hd_hal.c.obj[K
2026-09-24T13:54:40.4361897Z [293/1417] Building C object esp-idf/hal/CMakeFiles/__idf_hal.dir/apm_hal.c.obj[K
2026-09-24T13:54:40.5373718Z [294/1417] Building C object esp-idf/hal/CMakeFiles/__idf_hal.dir/usb_serial_jtag_hal.c.obj[K
2026-09-24T13:54:40.5733642Z [295/1417] Building C object esp-idf/hal/CMakeFiles/__idf_hal.dir/ds_hal.c.obj[K
2026-09-24T13:54:40.6495269Z [296/1417] Building C object esp-idf/hal/CMakeFiles/__idf_hal.dir/hmac_hal.c.obj[K
2026-09-24T13:54:40.7616100Z [297/1417] Building C object esp-idf/hal/CMakeFiles/__idf_hal.dir/sdio_slave_hal.c.obj[K
2026-09-24T13:54:40.8962809Z [298/1417] Building C object esp-idf/log/CMakeFiles/__idf_log.dir/src/os/log_timestamp.c.obj[K
2026-09-24T13:54:40.8996634Z [299/1417] Building C object esp-idf/log/CMakeFiles/__idf_log.dir/src/os/log_lock.c.obj[K
2026-09-24T13:54:40.9427866Z [300/1417] Building C object esp-idf/log/CMakeFiles/__idf_log.dir/src/os/log_write.c.obj[K
2026-09-24T13:54:40.9620970Z [301/1417] Building C object esp-idf/log/CMakeFiles/__idf_log.dir/src/log_timestamp_common.c.obj[K
2026-09-24T13:54:41.0291634Z [302/1417] Building C object esp-idf/log/CMakeFiles/__idf_log.dir/src/util.c.obj[K
2026-09-24T13:54:41.0792777Z [303/1417] Building C object esp-idf/log/CMakeFiles/__idf_log.dir/src/buffer/log_buffers.c.obj[K
2026-09-24T13:54:41.1147976Z [304/1417] Building C object esp-idf/log/CMakeFiles/__idf_log.dir/src/log_level/log_level.c.obj[K
2026-09-24T13:54:41.1632951Z [305/1417] Building C object esp-idf/log/CMakeFiles/__idf_log.dir/src/log_level/tag_log_level/linked_list/log_linked_list.c.obj[K
2026-09-24T13:54:41.2044570Z [306/1417] Building C object esp-idf/log/CMakeFiles/__idf_log.dir/src/log_level/tag_log_level/tag_log_level.c.obj[K
2026-09-24T13:54:41.3227532Z [307/1417] Building C object esp-idf/log/CMakeFiles/__idf_log.dir/src/log_level/tag_log_level/cache/log_binary_heap.c.obj[K
2026-09-24T13:54:41.3755838Z [308/1417] Building C object esp-idf/heap/CMakeFiles/__idf_heap.dir/heap_caps_base.c.obj[K
2026-09-24T13:54:41.4317187Z [309/1417] Building C object esp-idf/heap/CMakeFiles/__idf_heap.dir/multi_heap.c.obj[K
2026-09-24T13:54:41.4335197Z [310/1417] Building C object esp-idf/heap/CMakeFiles/__idf_heap.dir/heap_caps_init.c.obj[K
2026-09-24T13:54:41.4502512Z [311/1417] Building C object esp-idf/heap/CMakeFiles/__idf_heap.dir/port/memory_layout_utils.c.obj[K
2026-09-24T13:54:41.4538681Z [312/1417] Building C object esp-idf/heap/CMakeFiles/__idf_heap.dir/port/esp32c6/memory_layout.c.obj[K
2026-09-24T13:54:41.4842017Z [313/1417] Building C object esp-idf/heap/CMakeFiles/__idf_heap.dir/heap_caps.c.obj[K
2026-09-24T13:54:41.4980085Z [314/1417] Building C object esp-idf/soc/CMakeFiles/__idf_soc.dir/esp32c6/interrupts.c.obj[K
2026-09-24T13:54:41.5535881Z [315/1417] Building C object esp-idf/soc/CMakeFiles/__idf_soc.dir/lldesc.c.obj[K
2026-09-24T13:54:41.5727707Z [316/1417] Building C object esp-idf/soc/CMakeFiles/__idf_soc.dir/esp32c6/gpio_periph.c.obj[K
2026-09-24T13:54:41.5766569Z [317/1417] Building C object esp-idf/soc/CMakeFiles/__idf_soc.dir/dport_access_common.c.obj[K
2026-09-24T13:54:41.5949212Z [318/1417] Building C object esp-idf/soc/CMakeFiles/__idf_soc.dir/esp32c6/dedic_gpio_periph.c.obj[K
2026-09-24T13:54:41.5962455Z [319/1417] Building C object esp-idf/soc/CMakeFiles/__idf_soc.dir/esp32c6/uart_periph.c.obj[K
2026-09-24T13:54:41.6840962Z [320/1417] Building C object esp-idf/soc/CMakeFiles/__idf_soc.dir/esp32c6/adc_periph.c.obj[K
2026-09-24T13:54:41.6934042Z [321/1417] Building C object esp-idf/soc/CMakeFiles/__idf_soc.dir/esp32c6/gdma_periph.c.obj[K
2026-09-24T13:54:41.6987436Z [322/1417] Building C object esp-idf/soc/CMakeFiles/__idf_soc.dir/esp32c6/etm_periph.c.obj[K
2026-09-24T13:54:41.7280264Z [323/1417] Building C object esp-idf/soc/CMakeFiles/__idf_soc.dir/esp32c6/pcnt_periph.c.obj[K
2026-09-24T13:54:41.7468745Z [324/1417] Building C object esp-idf/soc/CMakeFiles/__idf_soc.dir/esp32c6/spi_periph.c.obj[K
2026-09-24T13:54:41.7532144Z [325/1417] Building C object esp-idf/soc/CMakeFiles/__idf_soc.dir/esp32c6/ledc_periph.c.obj[K
2026-09-24T13:54:41.7855082Z [326/1417] Building C object esp-idf/soc/CMakeFiles/__idf_soc.dir/esp32c6/sdm_periph.c.obj[K
2026-09-24T13:54:41.8097967Z [327/1417] Building C object esp-idf/soc/CMakeFiles/__idf_soc.dir/esp32c6/rmt_periph.c.obj[K
2026-09-24T13:54:41.8107191Z [328/1417] Performing build step for 'bootloader'[K
2026-09-24T13:54:41.8115138Z [1/114] Generating project_elf_src_esp32c6.c[K
2026-09-24T13:54:41.8124942Z [2/114] Building C object CMakeFiles/bootloader.elf.dir/project_elf_src_esp32c6.c.obj[K
2026-09-24T13:54:41.8126715Z [3/114] Building C object esp-idf/soc/CMakeFiles/__idf_soc.dir/esp32c6/interrupts.c.obj[K
2026-09-24T13:54:41.8128299Z [4/114] Building C object esp-idf/soc/CMakeFiles/__idf_soc.dir/esp32c6/uart_periph.c.obj[K
2026-09-24T13:54:41.8136965Z [5/114] Building C object esp-idf/soc/CMakeFiles/__idf_soc.dir/esp32c6/adc_periph.c.obj[K
2026-09-24T13:54:41.8138627Z [6/114] Building C object esp-idf/soc/CMakeFiles/__idf_soc.dir/esp32c6/gpio_periph.c.obj[K
2026-09-24T13:54:41.8147024Z [7/114] Building C object esp-idf/soc/CMakeFiles/__idf_soc.dir/esp32c6/dedic_gpio_periph.c.obj[K
2026-09-24T13:54:41.8156391Z [8/114] Building C object esp-idf/soc/CMakeFiles/__idf_soc.dir/lldesc.c.obj[K
2026-09-24T13:54:41.8165189Z [9/114] Building C object esp-idf/soc/CMakeFiles/__idf_soc.dir/dport_access_common.c.obj[K
2026-09-24T13:54:41.8173242Z [10/114] Building C object esp-idf/soc/CMakeFiles/__idf_soc.dir/esp32c6/etm_periph.c.obj[K
2026-09-24T13:54:41.8181384Z [11/114] Building C object esp-idf/soc/CMakeFiles/__idf_soc.dir/esp32c6/gdma_periph.c.obj[K
2026-09-24T13:54:41.8189897Z [12/114] Building C object esp-idf/soc/CMakeFiles/__idf_soc.dir/esp32c6/pcnt_periph.c.obj[K
2026-09-24T13:54:41.8198255Z [13/114] Building C object esp-idf/soc/CMakeFiles/__idf_soc.dir/esp32c6/sdm_periph.c.obj[K
2026-09-24T13:54:41.8206782Z [14/114] Building C object esp-idf/soc/CMakeFiles/__idf_soc.dir/esp32c6/spi_periph.c.obj[K
2026-09-24T13:54:41.8215245Z [15/114] Building C object esp-idf/soc/CMakeFiles/__idf_soc.dir/esp32c6/rmt_periph.c.obj[K
2026-09-24T13:54:41.8224998Z [16/114] Building C object esp-idf/soc/CMakeFiles/__idf_soc.dir/esp32c6/ledc_periph.c.obj[K
2026-09-24T13:54:41.8227035Z [17/114] Building C object esp-idf/soc/CMakeFiles/__idf_soc.dir/esp32c6/i2s_periph.c.obj[K
2026-09-24T13:54:41.8228644Z [18/114] Building C object esp-idf/soc/CMakeFiles/__idf_soc.dir/esp32c6/timer_periph.c.obj[K
2026-09-24T13:54:41.8240481Z [19/114] Building C object esp-idf/soc/CMakeFiles/__idf_soc.dir/esp32c6/i2c_periph.c.obj[K
2026-09-24T13:54:41.8242658Z [20/114] Building C object esp-idf/soc/CMakeFiles/__idf_soc.dir/esp32c6/parlio_periph.c.obj[K
2026-09-24T13:54:41.8244297Z [21/114] Building C object esp-idf/soc/CMakeFiles/__idf_soc.dir/esp32c6/temperature_sensor_periph.c.obj[K
2026-09-24T13:54:41.8245833Z [22/114] Building C object esp-idf/soc/CMakeFiles/__idf_soc.dir/esp32c6/ieee802154_periph.c.obj[K
2026-09-24T13:54:41.8247259Z [23/114] Building C object esp-idf/soc/CMakeFiles/__idf_soc.dir/esp32c6/mpi_periph.c.obj[K
2026-09-24T13:54:41.8248565Z [24/114] Building C object esp-idf/soc/CMakeFiles/__idf_soc.dir/esp32c6/mcpwm_periph.c.obj[K
2026-09-24T13:54:41.8250019Z [25/114] Building C object esp-idf/soc/CMakeFiles/__idf_soc.dir/esp32c6/sdio_slave_periph.c.obj[K
2026-09-24T13:54:41.8251805Z [26/114] Building C object esp-idf/soc/CMakeFiles/__idf_soc.dir/esp32c6/system_retention_periph.c.obj[K
2026-09-24T13:54:41.8253302Z [27/114] Building C object esp-idf/soc/CMakeFiles/__idf_soc.dir/esp32c6/wdt_periph.c.obj[K
2026-09-24T13:54:41.8254736Z [28/114] Building C object esp-idf/soc/CMakeFiles/__idf_soc.dir/esp32c6/twai_periph.c.obj[K
2026-09-24T13:54:41.8256128Z [29/114] Building C object esp-idf/soc/CMakeFiles/__idf_soc.dir/esp32c6/rtc_io_periph.c.obj[K
2026-09-24T13:54:41.8257453Z [30/114] Building C object esp-idf/hal/CMakeFiles/__idf_hal.dir/lp_timer_hal.c.obj[K
2026-09-24T13:54:41.8264417Z [31/114] Building C object esp-idf/hal/CMakeFiles/__idf_hal.dir/hal_utils.c.obj[K
2026-09-24T13:54:41.8266085Z [32/114] Building C object esp-idf/hal/CMakeFiles/__idf_hal.dir/efuse_hal.c.obj[K
2026-09-24T13:54:41.8267602Z [33/114] Building C object esp-idf/spi_flash/CMakeFiles/__idf_spi_flash.dir/spi_flash_wrap.c.obj[K
2026-09-24T13:54:41.8269121Z [34/114] Building C object esp-idf/hal/CMakeFiles/__idf_hal.dir/esp32c6/efuse_hal.c.obj[K
2026-09-24T13:54:41.8270502Z [35/114] Building C object esp-idf/hal/CMakeFiles/__idf_hal.dir/mmu_hal.c.obj[K
2026-09-24T13:54:41.8272647Z [36/114] Building C object esp-idf/esp_bootloader_format/CMakeFiles/__idf_esp_bootloader_format.dir/esp_bootloader_desc.c.obj[K
2026-09-24T13:54:41.8274330Z [37/114] Building C object esp-idf/hal/CMakeFiles/__idf_hal.dir/cache_hal.c.obj[K
2026-09-24T13:54:41.8275943Z [38/114] Building C object esp-idf/bootloader_support/CMakeFiles/__idf_bootloader_support.dir/src/bootloader_mem.c.obj[K
2026-09-24T13:54:41.8277888Z [39/114] Building C object esp-idf/bootloader_support/CMakeFiles/__idf_bootloader_support.dir/src/bootloader_random.c.obj[K
2026-09-24T13:54:41.8279810Z [40/114] Building C object esp-idf/bootloader_support/CMakeFiles/__idf_bootloader_support.dir/src/bootloader_efuse.c.obj[K
2026-09-24T13:54:41.8282194Z [41/114] Building C object esp-idf/bootloader_support/CMakeFiles/__idf_bootloader_support.dir/src/bootloader_clock_init.c.obj[K
2026-09-24T13:54:41.8284113Z [42/114] Building C object esp-idf/bootloader_support/CMakeFiles/__idf_bootloader_support.dir/src/bootloader_common_loader.c.obj[K
2026-09-24T13:54:41.8293369Z [43/114] Building C object esp-idf/bootloader_support/CMakeFiles/__idf_bootloader_support.dir/src/bootloader_common.c.obj[K
2026-09-24T13:54:41.8303286Z [44/114] Building C object esp-idf/bootloader_support/CMakeFiles/__idf_bootloader_support.dir/src/flash_encrypt.c.obj[K
2026-09-24T13:54:41.8312004Z [45/114] Building C object esp-idf/bootloader_support/CMakeFiles/__idf_bootloader_support.dir/src/secure_boot.c.obj[K
2026-09-24T13:54:41.8314613Z [46/114] Building C object esp-idf/bootloader_support/CMakeFiles/__idf_bootloader_support.dir/src/bootloader_random_esp32c6.c.obj[K
2026-09-24T13:54:41.8324783Z [47/114] Building C object esp-idf/bootloader_support/CMakeFiles/__idf_bootloader_support.dir/bootloader_flash/src/flash_qio_mode.c.obj[K
2026-09-24T13:54:41.8327519Z [48/114] Building C object esp-idf/bootloader_support/CMakeFiles/__idf_bootloader_support.dir/bootloader_flash/src/bootloader_flash.c.obj[K
2026-09-24T13:54:41.8329708Z [49/114] Building C object esp-idf/bootloader_support/CMakeFiles/__idf_bootloader_support.dir/src/flash_partitions.c.obj[K
2026-09-24T13:54:41.8339368Z [50/114] Building C object esp-idf/bootloader_support/CMakeFiles/__idf_bootloader_support.dir/bootloader_flash/src/bootloader_flash_config_esp32c6.c.obj[K
2026-09-24T13:54:41.8341958Z [51/114] Building C object esp-idf/bootloader_support/CMakeFiles/__idf_bootloader_support.dir/src/bootloader_clock_loader.c.obj[K
2026-09-24T13:54:41.8350101Z [52/114] Building C object esp-idf/bootloader_support/CMakeFiles/__idf_bootloader_support.dir/src/bootloader_console.c.obj[K
2026-09-24T13:54:41.8358263Z [53/114] Building C object esp-idf/bootloader_support/CMakeFiles/__idf_bootloader_support.dir/src/bootloader_console_loader.c.obj[K
2026-09-24T13:54:41.8360566Z [54/114] Building C object esp-idf/bootloader_support/CMakeFiles/__idf_bootloader_support.dir/src/bootloader_init.c.obj[K
2026-09-24T13:54:41.8369343Z [55/114] Building C object esp-idf/bootloader_support/CMakeFiles/__idf_bootloader_support.dir/src/esp32c6/bootloader_soc.c.obj[K
2026-09-24T13:54:41.8373352Z [56/114] Building C object esp-idf/bootloader_support/CMakeFiles/__idf_bootloader_support.dir/src/bootloader_utility.c.obj[K
2026-09-24T13:54:41.8377201Z [57/114] Building C object esp-idf/bootloader_support/CMakeFiles/__idf_bootloader_support.dir/src/esp32c6/bootloader_sha.c.obj[K
2026-09-24T13:54:41.8383122Z [58/114] Building C object esp-idf/efuse/CMakeFiles/__idf_efuse.dir/esp32c6/esp_efuse_table.c.obj[K
2026-09-24T13:54:41.8388230Z [59/114] Building C object esp-idf/bootloader_support/CMakeFiles/__idf_bootloader_support.dir/src/esp32c6/bootloader_ecdsa.c.obj[K
2026-09-24T13:54:41.8392854Z [60/114] Building C object esp-idf/efuse/CMakeFiles/__idf_efuse.dir/esp32c6/esp_efuse_fields.c.obj[K
2026-09-24T13:54:41.8398177Z [61/114] Building C object esp-idf/bootloader_support/CMakeFiles/__idf_bootloader_support.dir/src/bootloader_panic.c.obj[K
2026-09-24T13:54:41.8401217Z [62/114] Building C object esp-idf/bootloader_support/CMakeFiles/__idf_bootloader_support.dir/src/esp32c6/bootloader_esp32c6.c.obj[K
2026-09-24T13:54:41.8405666Z [63/114] Building C object esp-idf/bootloader_support/CMakeFiles/__idf_bootloader_support.dir/src/esp_image_format.c.obj[K
2026-09-24T13:54:41.8409438Z [64/114] Building C object esp-idf/micro-ecc/CMakeFiles/__idf_micro-ecc.dir/uECC_verify_antifault.c.obj[K
2026-09-24T13:54:41.8411089Z [65/114] Building C object esp-idf/efuse/CMakeFiles/__idf_efuse.dir/esp32c6/esp_efuse_rtc_calib.c.obj[K
2026-09-24T13:54:41.8412993Z [66/114] Building C object esp-idf/efuse/CMakeFiles/__idf_efuse.dir/esp32c6/esp_efuse_utility.c.obj[K
2026-09-24T13:54:41.8414108Z [67/114] Building C object esp-idf/efuse/CMakeFiles/__idf_efuse.dir/src/esp_efuse_fields.c.obj[K
2026-09-24T13:54:41.8415364Z [68/114] Building C object esp-idf/efuse/CMakeFiles/__idf_efuse.dir/src/esp_efuse_api.c.obj[K
2026-09-24T13:54:41.8416215Z [69/114] Building C object esp-idf/esp_system/CMakeFiles/__idf_esp_system.dir/esp_err.c.obj[K
2026-09-24T13:54:41.8417630Z [70/114] Building C object esp-idf/esp_hw_support/CMakeFiles/__idf_esp_hw_support.dir/cpu.c.obj[K
2026-09-24T13:54:41.8419124Z [71/114] Building C object esp-idf/esp_hw_support/CMakeFiles/__idf_esp_hw_support.dir/esp_memory_utils.c.obj[K
2026-09-24T13:54:41.8420784Z [72/114] Building C object esp-idf/esp_hw_support/CMakeFiles/__idf_esp_hw_support.dir/port/esp32c6/esp_cpu_intr.c.obj[K
2026-09-24T13:54:41.8422661Z [73/114] Building C object esp-idf/efuse/CMakeFiles/__idf_efuse.dir/src/esp_efuse_utility.c.obj[K
2026-09-24T13:54:41.8424505Z [74/114] Building C object esp-idf/efuse/CMakeFiles/__idf_efuse.dir/src/efuse_controller/keys/with_key_purposes/esp_efuse_api_key.c.obj[K
2026-09-24T13:54:41.8428211Z [75/114] Building C object esp-idf/esp_hw_support/CMakeFiles/__idf_esp_hw_support.dir/port/esp32c6/cpu_region_protect.c.obj[K
2026-09-24T13:54:41.8430319Z [76/114] Building C object esp-idf/esp_hw_support/CMakeFiles/__idf_esp_hw_support.dir/port/esp32c6/pmu_param.c.obj[K
2026-09-24T13:54:41.8436338Z [77/114] Building C object esp-idf/esp_hw_support/CMakeFiles/__idf_esp_hw_support.dir/port/esp32c6/rtc_clk_init.c.obj[K
2026-09-24T13:54:41.8438116Z [78/114] Building C object esp-idf/esp_hw_support/CMakeFiles/__idf_esp_hw_support.dir/port/esp32c6/ocode_init.c.obj[K
2026-09-24T13:54:41.8439805Z [79/114] Building C object esp-idf/esp_hw_support/CMakeFiles/__idf_esp_hw_support.dir/port/esp32c6/chip_info.c.obj[K
2026-09-24T13:54:41.8441727Z [80/114] Building C object esp-idf/esp_hw_support/CMakeFiles/__idf_esp_hw_support.dir/port/esp32c6/pmu_init.c.obj[K
2026-09-24T13:54:41.8443383Z [81/114] Building C object esp-idf/esp_hw_support/CMakeFiles/__idf_esp_hw_support.dir/port/esp32c6/rtc_clk.c.obj[K
2026-09-24T13:54:41.8444966Z [82/114] Building C object esp-idf/esp_rom/CMakeFiles/__idf_esp_rom.dir/patches/esp_rom_sys.c.obj[K
2026-09-24T13:54:41.8446517Z [83/114] Building C object esp-idf/esp_hw_support/CMakeFiles/__idf_esp_hw_support.dir/port/esp32c6/rtc_time.c.obj[K
2026-09-24T13:54:41.8448081Z [84/114] Building C object esp-idf/esp_common/CMakeFiles/__idf_esp_common.dir/src/esp_err_to_name.c.obj[K
2026-09-24T13:54:41.8449836Z [85/114] Building C object esp-idf/esp_rom/CMakeFiles/__idf_esp_rom.dir/patches/esp_rom_crc.c.obj[K
2026-09-24T13:54:41.8451282Z [86/114] Building C object esp-idf/esp_rom/CMakeFiles/__idf_esp_rom.dir/patches/esp_rom_gpio.c.obj[K
2026-09-24T13:54:41.8454315Z [87/114] Building C object esp-idf/esp_rom/CMakeFiles/__idf_esp_rom.dir/patches/esp_rom_efuse.c.obj[K
2026-09-24T13:54:41.8455700Z [88/114] Building C object esp-idf/esp_rom/CMakeFiles/__idf_esp_rom.dir/patches/esp_rom_spiflash.c.obj[K
2026-09-24T13:54:41.8457145Z [89/114] Building C object esp-idf/esp_hw_support/CMakeFiles/__idf_esp_hw_support.dir/port/esp32c6/pmu_sleep.c.obj[K
2026-09-24T13:54:41.8458499Z [90/114] Building C object esp-idf/esp_rom/CMakeFiles/__idf_esp_rom.dir/patches/esp_rom_uart.c.obj[K
2026-09-24T13:54:41.8459765Z [91/114] Building C object esp-idf/esp_rom/CMakeFiles/__idf_esp_rom.dir/patches/esp_rom_systimer.c.obj[K
2026-09-24T13:54:41.8461215Z [92/114] Building C object esp-idf/log/CMakeFiles/__idf_log.dir/src/noos/log_timestamp.c.obj[K
2026-09-24T13:54:41.8462772Z [93/114] Building C object esp-idf/esp_rom/CMakeFiles/__idf_esp_rom.dir/patches/esp_rom_hp_regi2c_esp32c6.c.obj[K
2026-09-24T13:54:41.8464110Z [94/114] Building C object esp-idf/esp_rom/CMakeFiles/__idf_esp_rom.dir/patches/esp_rom_wdt.c.obj[K
2026-09-24T13:54:41.8465501Z [95/114] Building C object esp-idf/esp_rom/CMakeFiles/__idf_esp_rom.dir/patches/esp_rom_print.c.obj[K
2026-09-24T13:54:41.8466818Z [96/114] Building C object esp-idf/log/CMakeFiles/__idf_log.dir/src/log_timestamp_common.c.obj[K
2026-09-24T13:54:41.8468083Z [97/114] Building C object esp-idf/main/CMakeFiles/__idf_main.dir/bootloader_start.c.obj[K
2026-09-24T13:54:41.8469539Z [98/114] Building C object esp-idf/log/CMakeFiles/__idf_log.dir/src/noos/log_lock.c.obj[K
2026-09-24T13:54:41.8470509Z [99/114] Linking C static library esp-idf/log/liblog.a[K
2026-09-24T13:54:41.8471578Z [100/114] Linking C static library esp-idf/esp_rom/libesp_rom.a[K
2026-09-24T13:54:41.8472569Z [101/114] Linking C static library esp-idf/esp_common/libesp_common.a[K
2026-09-24T13:54:41.8473615Z [102/114] Linking C static library esp-idf/esp_hw_support/libesp_hw_support.a[K
2026-09-24T13:54:41.8474625Z [103/114] Linking C static library esp-idf/esp_system/libesp_system.a[K
2026-09-24T13:54:41.8475511Z [104/114] Linking C static library esp-idf/efuse/libefuse.a[K
2026-09-24T13:54:41.8476498Z [105/114] Linking C static library esp-idf/bootloader_support/libbootloader_support.a[K
2026-09-24T13:54:41.8477650Z [106/114] Linking C static library esp-idf/esp_bootloader_format/libesp_bootloader_format.a[K
2026-09-24T13:54:41.8478655Z [107/114] Linking C static library esp-idf/spi_flash/libspi_flash.a[K
2026-09-24T13:54:41.8479434Z [108/114] Linking C static library esp-idf/hal/libhal.a[K
2026-09-24T13:54:41.8480258Z [109/114] Linking C static library esp-idf/micro-ecc/libmicro-ecc.a[K
2026-09-24T13:54:41.8481087Z [110/114] Linking C static library esp-idf/soc/libsoc.a[K
2026-09-24T13:54:41.8482085Z [111/114] Linking C static library esp-idf/main/libmain.a[K
2026-09-24T13:54:41.8482760Z [112/114] Linking C executable bootloader.elf[K
2026-09-24T13:54:41.8483437Z [113/114] Generating binary image from built executable[K
2026-09-24T13:54:41.8483971Z esptool.py v4.8.1
2026-09-24T13:54:41.8484323Z Creating esp32c6 image...
2026-09-24T13:54:41.8484697Z Merged 2 ELF sections
2026-09-24T13:54:41.8485068Z Successfully created esp32c6 image.
2026-09-24T13:54:41.8485725Z Generated /app/yuanwil1y/esp32c6-Pwnagotchi/build/bootloader/bootloader.bin
2026-09-24T13:54:41.8486270Z 
2026-09-24T13:54:41.8488432Z [114/114] cd /app/yuanwil1y/esp32c6-Pwnagotchi/build/bootloader/esp-idf/esptool_py && /opt/esp/python_env/idf5.4_py3.12_env/bin/python /opt/esp/idf/components/partition_table/check_sizes.py --offset 0x8000 bootloader 0x0 /app/yuanwil1y/esp32c6-Pwnagotchi/build/bootloader/bootloader.bin[K
2026-09-24T13:54:41.8490662Z Bootloader binary size 0x5560 bytes. 0x2aa0 bytes (33%) free.
2026-09-24T13:54:41.8491120Z 
2026-09-24T13:54:41.8536249Z [329/1417] No install step for 'bootloader'[K
2026-09-24T13:54:41.8570309Z [330/1417] Completed 'bootloader'[K
2026-09-24T13:54:41.8596252Z [331/1417] Building C object esp-idf/soc/CMakeFiles/__idf_soc.dir/esp32c6/timer_periph.c.obj[K
2026-09-24T13:54:41.8644551Z [332/1417] Building C object esp-idf/soc/CMakeFiles/__idf_soc.dir/esp32c6/i2s_periph.c.obj[K
2026-09-24T13:54:41.9031286Z [333/1417] Building C object esp-idf/soc/CMakeFiles/__idf_soc.dir/esp32c6/i2c_periph.c.obj[K
2026-09-24T13:54:41.9088378Z [334/1417] Building C object esp-idf/soc/CMakeFiles/__idf_soc.dir/esp32c6/parlio_periph.c.obj[K
2026-09-24T13:54:41.9462022Z [335/1417] Building C object esp-idf/soc/CMakeFiles/__idf_soc.dir/esp32c6/temperature_sensor_periph.c.obj[K
2026-09-24T13:54:41.9553560Z [336/1417] Building C object esp-idf/soc/CMakeFiles/__idf_soc.dir/esp32c6/mpi_periph.c.obj[K
2026-09-24T13:54:41.9612953Z [337/1417] Building C object esp-idf/soc/CMakeFiles/__idf_soc.dir/esp32c6/twai_periph.c.obj[K
2026-09-24T13:54:41.9682653Z [338/1417] Building C object esp-idf/soc/CMakeFiles/__idf_soc.dir/esp32c6/wdt_periph.c.obj[K
2026-09-24T13:54:41.9920668Z [339/1417] Building C object esp-idf/soc/CMakeFiles/__idf_soc.dir/esp32c6/ieee802154_periph.c.obj[K
2026-09-24T13:54:42.0138130Z [340/1417] Building C object esp-idf/soc/CMakeFiles/__idf_soc.dir/esp32c6/mcpwm_periph.c.obj[K
2026-09-24T13:54:42.1200441Z [341/1417] Building C object esp-idf/soc/CMakeFiles/__idf_soc.dir/esp32c6/rtc_io_periph.c.obj[K
2026-09-24T13:54:42.1202538Z [342/1417] Building C object esp-idf/soc/CMakeFiles/__idf_soc.dir/esp32c6/system_retention_periph.c.obj[K
2026-09-24T13:54:42.1408515Z [343/1417] Building C object esp-idf/soc/CMakeFiles/__idf_soc.dir/esp32c6/sdio_slave_periph.c.obj[K
2026-09-24T13:54:42.1596856Z [344/1417] Building C object esp-idf/esp_security/CMakeFiles/__idf_esp_security.dir/src/init.c.obj[K
2026-09-24T13:54:42.1870789Z [345/1417] Building C object esp-idf/esp_security/CMakeFiles/__idf_esp_security.dir/src/esp_dpa_protection.c.obj[K
2026-09-24T13:54:42.2552304Z [346/1417] Building C object esp-idf/esp_security/CMakeFiles/__idf_esp_security.dir/src/esp_hmac.c.obj[K
2026-09-24T13:54:42.2724495Z [347/1417] Building C object esp-idf/esp_security/CMakeFiles/__idf_esp_security.dir/src/esp_crypto_lock.c.obj[K
2026-09-24T13:54:42.3065430Z [348/1417] Building C object esp-idf/esp_security/CMakeFiles/__idf_esp_security.dir/src/esp_ds.c.obj[K
2026-09-24T13:54:42.3268836Z [349/1417] Building C object esp-idf/esp_hw_support/CMakeFiles/__idf_esp_hw_support.dir/port/esp32c6/esp_cpu_intr.c.obj[K
2026-09-24T13:54:42.3499908Z [350/1417] Building C object esp-idf/esp_hw_support/CMakeFiles/__idf_esp_hw_support.dir/esp_memory_utils.c.obj[K
2026-09-24T13:54:42.3529022Z [351/1417] Building C object esp-idf/esp_hw_support/CMakeFiles/__idf_esp_hw_support.dir/port/esp32c6/cpu_region_protect.c.obj[K
2026-09-24T13:54:42.5230336Z [352/1417] Building C object esp-idf/esp_hw_support/CMakeFiles/__idf_esp_hw_support.dir/cpu.c.obj[K
2026-09-24T13:54:42.5266554Z [353/1417] Building C object esp-idf/esp_hw_support/CMakeFiles/__idf_esp_hw_support.dir/hw_random.c.obj[K
2026-09-24T13:54:42.5757814Z [354/1417] Building C object esp-idf/esp_hw_support/CMakeFiles/__idf_esp_hw_support.dir/clk_ctrl_os.c.obj[K
2026-09-24T13:54:42.6039241Z [355/1417] Building C object esp-idf/esp_hw_support/CMakeFiles/__idf_esp_hw_support.dir/esp_clk.c.obj[K
2026-09-24T13:54:42.6590617Z [356/1417] Building C object esp-idf/esp_hw_support/CMakeFiles/__idf_esp_hw_support.dir/mac_addr.c.obj[K
2026-09-24T13:54:42.7399764Z [357/1417] Building C object esp-idf/esp_hw_support/CMakeFiles/__idf_esp_hw_support.dir/revision.c.obj[K
2026-09-24T13:54:42.7903677Z [358/1417] Building C object esp-idf/esp_hw_support/CMakeFiles/__idf_esp_hw_support.dir/intr_alloc.c.obj[K
2026-09-24T13:54:42.8227874Z [359/1417] Building C object esp-idf/esp_hw_support/CMakeFiles/__idf_esp_hw_support.dir/periph_ctrl.c.obj[K
2026-09-24T13:54:42.8240869Z [360/1417] Building C object esp-idf/esp_hw_support/CMakeFiles/__idf_esp_hw_support.dir/rtc_module.c.obj[K
2026-09-24T13:54:42.8695934Z [361/1417] Building C object esp-idf/esp_hw_support/CMakeFiles/__idf_esp_hw_support.dir/sleep_modem.c.obj[K
2026-09-24T13:54:42.9576385Z [362/1417] Building C object esp-idf/esp_hw_support/CMakeFiles/__idf_esp_hw_support.dir/sleep_console.c.obj[K
2026-09-24T13:54:42.9891614Z [363/1417] Building C object esp-idf/esp_hw_support/CMakeFiles/__idf_esp_hw_support.dir/esp_gpio_reserve.c.obj[K
2026-09-24T13:54:43.0757525Z [364/1417] Building C object esp-idf/esp_hw_support/CMakeFiles/__idf_esp_hw_support.dir/sleep_event.c.obj[K
2026-09-24T13:54:43.0769277Z [365/1417] Building C object esp-idf/esp_hw_support/CMakeFiles/__idf_esp_hw_support.dir/sleep_gpio.c.obj[K
2026-09-24T13:54:43.1944196Z [366/1417] Building C object esp-idf/esp_hw_support/CMakeFiles/__idf_esp_hw_support.dir/regi2c_ctrl.c.obj[K
2026-09-24T13:54:43.2340731Z [367/1417] Building C object esp-idf/esp_hw_support/CMakeFiles/__idf_esp_hw_support.dir/sar_periph_ctrl_common.c.obj[K
2026-09-24T13:54:43.2710869Z [368/1417] Building C object esp-idf/esp_hw_support/CMakeFiles/__idf_esp_hw_support.dir/port/esp32c6/esp_clk_tree.c.obj[K
2026-09-24T13:54:43.3541130Z [369/1417] Building C object esp-idf/esp_hw_support/CMakeFiles/__idf_esp_hw_support.dir/port/esp32c6/io_mux.c.obj[K
2026-09-24T13:54:43.3754619Z [370/1417] Building C object esp-idf/esp_hw_support/CMakeFiles/__idf_esp_hw_support.dir/dma/esp_dma_utils.c.obj[K
2026-09-24T13:54:43.4539203Z [371/1417] Building C object esp-idf/esp_hw_support/CMakeFiles/__idf_esp_hw_support.dir/port/esp_clk_tree_common.c.obj[K
2026-09-24T13:54:43.5184804Z [372/1417] Building C object esp-idf/esp_hw_support/CMakeFiles/__idf_esp_hw_support.dir/sleep_modes.c.obj[K
2026-09-24T13:54:43.6153634Z [373/1417] Building C object esp-idf/esp_hw_support/CMakeFiles/__idf_esp_hw_support.dir/dma/gdma_link.c.obj[K
2026-09-24T13:54:43.6651574Z [374/1417] Building C object esp-idf/esp_hw_support/CMakeFiles/__idf_esp_hw_support.dir/spi_share_hw_ctrl.c.obj[K
2026-09-24T13:54:43.6835625Z [375/1417] Building C object esp-idf/esp_hw_support/CMakeFiles/__idf_esp_hw_support.dir/sleep_system_peripheral.c.obj[K
2026-09-24T13:54:43.6903211Z [376/1417] Building C object esp-idf/esp_hw_support/CMakeFiles/__idf_esp_hw_support.dir/spi_bus_lock.c.obj[K
2026-09-24T13:54:43.8399197Z [377/1417] Building C object esp-idf/esp_hw_support/CMakeFiles/__idf_esp_hw_support.dir/adc_share_hw_ctrl.c.obj[K
2026-09-24T13:54:43.8559398Z [378/1417] Building C object esp-idf/esp_hw_support/CMakeFiles/__idf_esp_hw_support.dir/dma/gdma_sleep_retention.c.obj[K
2026-09-24T13:54:43.8970964Z [379/1417] Building C object esp-idf/esp_hw_support/CMakeFiles/__idf_esp_hw_support.dir/dma/esp_async_memcpy.c.obj[K
2026-09-24T13:54:43.9474400Z [380/1417] Building C object esp-idf/esp_hw_support/CMakeFiles/__idf_esp_hw_support.dir/deprecated/gdma_legacy.c.obj[K
2026-09-24T13:54:43.9580398Z [381/1417] Building C object esp-idf/esp_hw_support/CMakeFiles/__idf_esp_hw_support.dir/sleep_retention.c.obj[K
2026-09-24T13:54:43.9822421Z [382/1417] Building C object esp-idf/esp_hw_support/CMakeFiles/__idf_esp_hw_support.dir/port/esp32c6/systimer.c.obj[K
2026-09-24T13:54:44.1155843Z [383/1417] Building C object esp-idf/esp_hw_support/CMakeFiles/__idf_esp_hw_support.dir/dma/gdma_etm.c.obj[K
2026-09-24T13:54:44.2079769Z [384/1417] Building C object esp-idf/esp_hw_support/CMakeFiles/__idf_esp_hw_support.dir/port/pau_regdma.c.obj[K
2026-09-24T13:54:44.2223984Z [385/1417] Building C object esp-idf/esp_hw_support/CMakeFiles/__idf_esp_hw_support.dir/dma/async_memcpy_gdma.c.obj[K
2026-09-24T13:54:44.2798445Z [386/1417] Building C object esp-idf/esp_hw_support/CMakeFiles/__idf_esp_hw_support.dir/dma/gdma.c.obj[K
2026-09-24T13:54:44.3820001Z [387/1417] Building C object esp-idf/esp_hw_support/CMakeFiles/__idf_esp_hw_support.dir/esp_etm.c.obj[K
2026-09-24T13:54:44.4874370Z [388/1417] Building C object esp-idf/esp_hw_support/CMakeFiles/__idf_esp_hw_support.dir/mspi_timing_tuning.c.obj[K
2026-09-24T13:54:44.5168301Z [389/1417] Building C object esp-idf/esp_hw_support/CMakeFiles/__idf_esp_hw_support.dir/port/regdma_link.c.obj[K
2026-09-24T13:54:44.5443008Z [390/1417] Building C object esp-idf/esp_hw_support/CMakeFiles/__idf_esp_hw_support.dir/modem_clock.c.obj[K
2026-09-24T13:54:44.6132737Z [391/1417] Building C object esp-idf/esp_hw_support/CMakeFiles/__idf_esp_hw_support.dir/sleep_wake_stub.c.obj[K
2026-09-24T13:54:44.6723055Z [392/1417] Building C object esp-idf/esp_hw_support/CMakeFiles/__idf_esp_hw_support.dir/port/esp32c6/rtc_clk_init.c.obj[K
2026-09-24T13:54:44.7128892Z [393/1417] Building C object esp-idf/esp_hw_support/CMakeFiles/__idf_esp_hw_support.dir/esp_clock_output.c.obj[K
2026-09-24T13:54:44.8006235Z [394/1417] Building C object esp-idf/esp_hw_support/CMakeFiles/__idf_esp_hw_support.dir/port/esp32c6/pmu_param.c.obj[K
2026-09-24T13:54:44.8362282Z [395/1417] Building C object esp-idf/esp_hw_support/CMakeFiles/__idf_esp_hw_support.dir/port/esp32c6/chip_info.c.obj[K
2026-09-24T13:54:44.8388847Z [396/1417] Building C object esp-idf/esp_hw_support/CMakeFiles/__idf_esp_hw_support.dir/port/esp32c6/rtc_clk.c.obj[K
2026-09-24T13:54:44.9027462Z [397/1417] Building C object esp-idf/esp_hw_support/CMakeFiles/__idf_esp_hw_support.dir/port/esp32c6/pmu_init.c.obj[K
2026-09-24T13:54:44.9196368Z [398/1417] Building ASM object esp-idf/esp_hw_support/CMakeFiles/__idf_esp_hw_support.dir/lowpower/port/esp32c6/sleep_cpu_asm.S.obj[K
2026-09-24T13:54:44.9209725Z [399/1417] Building C object esp-idf/esp_hw_support/CMakeFiles/__idf_esp_hw_support.dir/port/esp32c6/rtc_time.c.obj[K
2026-09-24T13:54:44.9267750Z [400/1417] Building C object esp-idf/esp_hw_support/CMakeFiles/__idf_esp_hw_support.dir/port/esp32c6/ocode_init.c.obj[K
2026-09-24T13:54:45.0542831Z [401/1417] Building C object esp-idf/esp_hw_support/CMakeFiles/__idf_esp_hw_support.dir/port/esp32c6/pmu_sleep.c.obj[K
2026-09-24T13:54:45.0583289Z [402/1417] Building C object esp-idf/esp_hw_support/CMakeFiles/__idf_esp_hw_support.dir/lowpower/port/esp32c6/sleep_modem_state.c.obj[K
2026-09-24T13:54:45.1336948Z [403/1417] Building C object esp-idf/esp_hw_support/CMakeFiles/__idf_esp_hw_support.dir/lowpower/port/esp32c6/sleep_clock.c.obj[K
2026-09-24T13:54:45.1918659Z [404/1417] Building C object esp-idf/esp_hw_support/CMakeFiles/__idf_esp_hw_support.dir/port/esp32c6/sar_periph_ctrl.c.obj[K
2026-09-24T13:54:45.2031841Z [405/1417] Building C object esp-idf/freertos/CMakeFiles/__idf_freertos.dir/heap_idf.c.obj[K
2026-09-24T13:54:45.2906038Z [406/1417] Building C object esp-idf/freertos/CMakeFiles/__idf_freertos.dir/app_startup.c.obj[K
2026-09-24T13:54:45.3047366Z [407/1417] Building C object esp-idf/freertos/CMakeFiles/__idf_freertos.dir/port_common.c.obj[K
2026-09-24T13:54:45.3463169Z [408/1417] Building C object esp-idf/freertos/CMakeFiles/__idf_freertos.dir/port_systick.c.obj[K
2026-09-24T13:54:45.3761508Z [409/1417] Building C object esp-idf/esp_hw_support/CMakeFiles/__idf_esp_hw_support.dir/lowpower/port/esp32c6/sleep_cpu.c.obj[K
2026-09-24T13:54:45.5775778Z [410/1417] Building C object esp-idf/freertos/CMakeFiles/__idf_freertos.dir/FreeRTOS-Kernel/list.c.obj[K
2026-09-24T13:54:45.6170192Z [411/1417] Building C object esp-idf/freertos/CMakeFiles/__idf_freertos.dir/FreeRTOS-Kernel/event_groups.c.obj[K
2026-09-24T13:54:45.6408833Z [412/1417] Building C object esp-idf/freertos/CMakeFiles/__idf_freertos.dir/FreeRTOS-Kernel/timers.c.obj[K
2026-09-24T13:54:45.7127267Z [413/1417] Building ASM object esp-idf/freertos/CMakeFiles/__idf_freertos.dir/FreeRTOS-Kernel/portable/riscv/portasm.S.obj[K
2026-09-24T13:54:45.7408550Z [414/1417] Building C object esp-idf/freertos/CMakeFiles/__idf_freertos.dir/FreeRTOS-Kernel/stream_buffer.c.obj[K
2026-09-24T13:54:45.7412110Z [415/1417] Building C object esp-idf/freertos/CMakeFiles/__idf_freertos.dir/FreeRTOS-Kernel/portable/riscv/port.c.obj[K
2026-09-24T13:54:45.8394910Z [416/1417] Building C object esp-idf/freertos/CMakeFiles/__idf_freertos.dir/FreeRTOS-Kernel/queue.c.obj[K
2026-09-24T13:54:45.9006946Z [417/1417] Building C object esp-idf/freertos/CMakeFiles/__idf_freertos.dir/esp_additions/freertos_compatibility.c.obj[K
2026-09-24T13:54:45.9270838Z [418/1417] Building C object esp-idf/freertos/CMakeFiles/__idf_freertos.dir/esp_additions/idf_additions_event_groups.c.obj[K
2026-09-24T13:54:45.9676235Z [419/1417] Building C object esp-idf/newlib/CMakeFiles/__idf_newlib.dir/abort.c.obj[K
2026-09-24T13:54:45.9688670Z [420/1417] Building C object esp-idf/freertos/CMakeFiles/__idf_freertos.dir/esp_additions/idf_additions.c.obj[K
2026-09-24T13:54:45.9991790Z [421/1417] Building C object esp-idf/newlib/CMakeFiles/__idf_newlib.dir/assert.c.obj[K
2026-09-24T13:54:46.0089961Z [422/1417] Building C object esp-idf/freertos/CMakeFiles/__idf_freertos.dir/FreeRTOS-Kernel/tasks.c.obj[K
2026-09-24T13:54:46.0518274Z [423/1417] Building C object esp-idf/newlib/CMakeFiles/__idf_newlib.dir/heap.c.obj[K
2026-09-24T13:54:46.1147452Z [424/1417] Building C object esp-idf/newlib/CMakeFiles/__idf_newlib.dir/flockfile.c.obj[K
2026-09-24T13:54:46.1343270Z [425/1417] Building C object esp-idf/newlib/CMakeFiles/__idf_newlib.dir/pthread.c.obj[K
2026-09-24T13:54:46.1841305Z [426/1417] Building C object esp-idf/newlib/CMakeFiles/__idf_newlib.dir/poll.c.obj[K
2026-09-24T13:54:46.1907648Z [427/1417] Building C object esp-idf/newlib/CMakeFiles/__idf_newlib.dir/random.c.obj[K
2026-09-24T13:54:46.2083067Z [428/1417] Building C object esp-idf/newlib/CMakeFiles/__idf_newlib.dir/getentropy.c.obj[K
2026-09-24T13:54:46.2281685Z [429/1417] Building C object esp-idf/newlib/CMakeFiles/__idf_newlib.dir/locks.c.obj[K
2026-09-24T13:54:46.3312148Z [430/1417] Building C object esp-idf/newlib/CMakeFiles/__idf_newlib.dir/reent_init.c.obj[K
2026-09-24T13:54:46.3351480Z [431/1417] Building C object esp-idf/newlib/CMakeFiles/__idf_newlib.dir/termios.c.obj[K
2026-09-24T13:54:46.3406780Z [432/1417] Building C object esp-idf/newlib/CMakeFiles/__idf_newlib.dir/syscalls.c.obj[K
2026-09-24T13:54:46.4724631Z [433/1417] Building C object esp-idf/newlib/CMakeFiles/__idf_newlib.dir/newlib_init.c.obj[K
2026-09-24T13:54:46.4874448Z [434/1417] Building C object esp-idf/newlib/CMakeFiles/__idf_newlib.dir/sysconf.c.obj[K
2026-09-24T13:54:46.5010139Z [435/1417] Building C object esp-idf/newlib/CMakeFiles/__idf_newlib.dir/port/esp_time_impl.c.obj[K
2026-09-24T13:54:46.5012036Z [436/1417] Building C object esp-idf/newlib/CMakeFiles/__idf_newlib.dir/stdatomic.c.obj[K
2026-09-24T13:54:46.5391389Z [437/1417] Building C object esp-idf/newlib/CMakeFiles/__idf_newlib.dir/realpath.c.obj[K
2026-09-24T13:54:46.5496166Z [438/1417] Building C object esp-idf/newlib/CMakeFiles/__idf_newlib.dir/scandir.c.obj[K
2026-09-24T13:54:46.7536780Z [439/1417] Building C object esp-idf/newlib/CMakeFiles/__idf_newlib.dir/time.c.obj[K
2026-09-24T13:54:46.7831973Z [440/1417] Building C object esp-idf/pthread/CMakeFiles/__idf_pthread.dir/pthread_semaphore.c.obj[K
2026-09-24T13:54:46.7982555Z [441/1417] Building C object esp-idf/pthread/CMakeFiles/__idf_pthread.dir/pthread_local_storage.c.obj[K
2026-09-24T13:54:46.8386289Z [442/1417] Building CXX object esp-idf/cxx/CMakeFiles/__idf_cxx.dir/cxx_exception_stubs.cpp.obj[K
2026-09-24T13:54:46.9502317Z [443/1417] Building C object esp-idf/pthread/CMakeFiles/__idf_pthread.dir/pthread_rwlock.c.obj[K
2026-09-24T13:54:46.9546187Z [444/1417] Building C object esp-idf/pthread/CMakeFiles/__idf_pthread.dir/pthread_cond_var.c.obj[K
2026-09-24T13:54:46.9803842Z [445/1417] Building C object esp-idf/pthread/CMakeFiles/__idf_pthread.dir/pthread.c.obj[K
2026-09-24T13:54:47.0693001Z [446/1417] Building CXX object esp-idf/cxx/CMakeFiles/__idf_cxx.dir/cxx_init.cpp.obj[K
2026-09-24T13:54:47.1357281Z [447/1417] Building C object esp-idf/esp_timer/CMakeFiles/__idf_esp_timer.dir/src/esp_timer_init.c.obj[K
2026-09-24T13:54:47.1415082Z [448/1417] Building C object esp-idf/esp_timer/CMakeFiles/__idf_esp_timer.dir/src/system_time.c.obj[K
2026-09-24T13:54:47.2599213Z [449/1417] Building C object esp-idf/esp_timer/CMakeFiles/__idf_esp_timer.dir/src/esp_timer.c.obj[K
2026-09-24T13:54:47.2615628Z [450/1417] Building C object esp-idf/esp_timer/CMakeFiles/__idf_esp_timer.dir/src/esp_timer_impl_common.c.obj[K
2026-09-24T13:54:47.3155058Z [451/1417] Building C object esp-idf/esp_timer/CMakeFiles/__idf_esp_timer.dir/src/ets_timer_legacy.c.obj[K
2026-09-24T13:54:47.3479695Z [452/1417] Building C object esp-idf/esp_timer/CMakeFiles/__idf_esp_timer.dir/src/esp_timer_etm.c.obj[K
2026-09-24T13:54:47.5682792Z [453/1417] Building C object esp-idf/esp_timer/CMakeFiles/__idf_esp_timer.dir/src/esp_timer_impl_systimer.c.obj[K
2026-09-24T13:54:47.5752340Z [454/1417] Building C object esp-idf/esp_driver_gptimer/CMakeFiles/__idf_esp_driver_gptimer.dir/src/gptimer.c.obj[K
2026-09-24T13:54:47.6388090Z [455/1417] Building C object esp-idf/esp_driver_gptimer/CMakeFiles/__idf_esp_driver_gptimer.dir/src/gptimer_common.c.obj[K
2026-09-24T13:54:47.6774011Z [456/1417] Building C object esp-idf/esp_driver_gptimer/CMakeFiles/__idf_esp_driver_gptimer.dir/src/gptimer_etm.c.obj[K
2026-09-24T13:54:47.8888128Z [457/1417] Building CXX object esp-idf/cxx/CMakeFiles/__idf_cxx.dir/cxx_guards.cpp.obj[K
2026-09-24T13:54:47.9002737Z [458/1417] Building C object esp-idf/esp_ringbuf/CMakeFiles/__idf_esp_ringbuf.dir/ringbuf.c.obj[K
2026-09-24T13:54:47.9322042Z [459/1417] Building C object esp-idf/esp_event/CMakeFiles/__idf_esp_event.dir/default_event_loop.c.obj[K
2026-09-24T13:54:48.0740359Z [460/1417] Building C object esp-idf/esp_event/CMakeFiles/__idf_esp_event.dir/esp_event_private.c.obj[K
2026-09-24T13:54:48.1333424Z [461/1417] Building C object esp-idf/esp_event/CMakeFiles/__idf_esp_event.dir/esp_event.c.obj[K
2026-09-24T13:54:48.5760076Z [462/1417] Building C object esp-idf/esp_driver_uart/CMakeFiles/__idf_esp_driver_uart.dir/src/uart_vfs.c.obj[K
2026-09-24T13:54:51.1650059Z [463/1417] Building C object esp-idf/esp_driver_uart/CMakeFiles/__idf_esp_driver_uart.dir/src/uart.c.obj[K
2026-09-24T13:54:51.6952339Z [464/1417] Building CXX object esp-idf/nvs_flash/CMakeFiles/__idf_nvs_flash.dir/src/nvs_api.cpp.obj[K
2026-09-24T13:54:52.0721374Z [465/1417] Building CXX object esp-idf/nvs_flash/CMakeFiles/__idf_nvs_flash.dir/src/nvs_page.cpp.obj[K
2026-09-24T13:54:52.5572775Z [466/1417] Building CXX object esp-idf/nvs_flash/CMakeFiles/__idf_nvs_flash.dir/src/nvs_cxx_api.cpp.obj[K
2026-09-24T13:54:52.5657939Z [467/1417] Building CXX object esp-idf/nvs_flash/CMakeFiles/__idf_nvs_flash.dir/src/nvs_item_hash_list.cpp.obj[K
2026-09-24T13:54:52.8274632Z [468/1417] Building CXX object esp-idf/nvs_flash/CMakeFiles/__idf_nvs_flash.dir/src/nvs_pagemanager.cpp.obj[K
2026-09-24T13:54:53.3285400Z [469/1417] Building CXX object esp-idf/nvs_flash/CMakeFiles/__idf_nvs_flash.dir/src/nvs_storage.cpp.obj[K
2026-09-24T13:54:53.4566247Z [470/1417] Building CXX object esp-idf/nvs_flash/CMakeFiles/__idf_nvs_flash.dir/src/nvs_partition.cpp.obj[K
2026-09-24T13:54:53.5295643Z [471/1417] Building CXX object esp-idf/nvs_flash/CMakeFiles/__idf_nvs_flash.dir/src/nvs_partition_lookup.cpp.obj[K
2026-09-24T13:54:53.8539064Z [472/1417] Building CXX object esp-idf/nvs_flash/CMakeFiles/__idf_nvs_flash.dir/src/nvs_platform.cpp.obj[K
2026-09-24T13:54:54.6033200Z [473/1417] Building C object esp-idf/nvs_flash/CMakeFiles/__idf_nvs_flash.dir/src/nvs_bootloader.c.obj[K
2026-09-24T13:54:54.9199604Z [474/1417] Building C object esp-idf/esp_driver_pcnt/CMakeFiles/__idf_esp_driver_pcnt.dir/src/pulse_cnt.c.obj[K
2026-09-24T13:54:55.3318934Z [475/1417] Building CXX object esp-idf/nvs_flash/CMakeFiles/__idf_nvs_flash.dir/src/nvs_handle_simple.cpp.obj[K
2026-09-24T13:54:55.4662924Z [476/1417] Building C object esp-idf/esp_driver_spi/CMakeFiles/__idf_esp_driver_spi.dir/src/gpspi/spi_common.c.obj[K
2026-09-24T13:54:55.7418847Z [477/1417] Building CXX object esp-idf/nvs_flash/CMakeFiles/__idf_nvs_flash.dir/src/nvs_handle_locked.cpp.obj[K
2026-09-24T13:54:55.8593560Z [478/1417] Building C object esp-idf/esp_driver_spi/CMakeFiles/__idf_esp_driver_spi.dir/src/gpspi/spi_dma.c.obj[K
2026-09-24T13:54:56.1299584Z [479/1417] Building C object esp-idf/esp_driver_spi/CMakeFiles/__idf_esp_driver_spi.dir/src/gpspi/spi_master.c.obj[K
2026-09-24T13:54:56.1384681Z [480/1417] Building C object esp-idf/esp_driver_spi/CMakeFiles/__idf_esp_driver_spi.dir/src/gpspi/spi_slave.c.obj[K
2026-09-24T13:54:56.2830547Z [481/1417] Building CXX object esp-idf/nvs_flash/CMakeFiles/__idf_nvs_flash.dir/src/nvs_partition_manager.cpp.obj[K
2026-09-24T13:54:56.3595844Z [482/1417] Building C object esp-idf/esp_driver_spi/CMakeFiles/__idf_esp_driver_spi.dir/src/gpspi/spi_slave_hd.c.obj[K
2026-09-24T13:54:56.4498395Z [483/1417] Building CXX object esp-idf/nvs_flash/CMakeFiles/__idf_nvs_flash.dir/src/nvs_types.cpp.obj[K
2026-09-24T13:54:56.5018494Z [484/1417] Building C object esp-idf/esp_driver_mcpwm/CMakeFiles/__idf_esp_driver_mcpwm.dir/src/mcpwm_cap.c.obj[K
2026-09-24T13:54:56.6172501Z [485/1417] Building C object esp-idf/esp_driver_mcpwm/CMakeFiles/__idf_esp_driver_mcpwm.dir/src/mcpwm_cmpr.c.obj[K
2026-09-24T13:54:56.7300236Z [486/1417] Building C object esp-idf/esp_driver_mcpwm/CMakeFiles/__idf_esp_driver_mcpwm.dir/src/mcpwm_com.c.obj[K
2026-09-24T13:54:56.8959051Z [487/1417] Building C object esp-idf/esp_driver_mcpwm/CMakeFiles/__idf_esp_driver_mcpwm.dir/src/mcpwm_fault.c.obj[K
2026-09-24T13:54:56.9457959Z [488/1417] Building CXX object esp-idf/nvs_flash/CMakeFiles/__idf_nvs_flash.dir/src/nvs_encrypted_partition.cpp.obj[K
2026-09-24T13:54:57.0044496Z [489/1417] Building C object esp-idf/esp_driver_mcpwm/CMakeFiles/__idf_esp_driver_mcpwm.dir/src/mcpwm_gen.c.obj[K
2026-09-24T13:54:57.0418297Z [490/1417] Building C object esp-idf/esp_driver_mcpwm/CMakeFiles/__idf_esp_driver_mcpwm.dir/src/mcpwm_oper.c.obj[K
2026-09-24T13:54:57.0911318Z [491/1417] Building C object esp-idf/esp_driver_mcpwm/CMakeFiles/__idf_esp_driver_mcpwm.dir/src/mcpwm_etm.c.obj[K
2026-09-24T13:54:57.1150198Z [492/1417] Building C object esp-idf/esp_driver_mcpwm/CMakeFiles/__idf_esp_driver_mcpwm.dir/src/mcpwm_sync.c.obj[K
2026-09-24T13:54:57.3613416Z [493/1417] Building C object esp-idf/esp_driver_mcpwm/CMakeFiles/__idf_esp_driver_mcpwm.dir/src/mcpwm_timer.c.obj[K
2026-09-24T13:54:57.3997986Z [494/1417] Building C object esp-idf/esp_driver_i2s/CMakeFiles/__idf_esp_driver_i2s.dir/i2s_pdm.c.obj[K
2026-09-24T13:54:57.4326283Z [495/1417] Building C object esp-idf/esp_driver_i2s/CMakeFiles/__idf_esp_driver_i2s.dir/i2s_std.c.obj[K
2026-09-24T13:54:57.4767053Z [496/1417] Building C object esp-idf/esp_driver_i2s/CMakeFiles/__idf_esp_driver_i2s.dir/i2s_etm.c.obj[K
2026-09-24T13:54:57.5745998Z [497/1417] Building C object esp-idf/esp_driver_i2s/CMakeFiles/__idf_esp_driver_i2s.dir/i2s_platform.c.obj[K
2026-09-24T13:54:57.6554647Z [498/1417] Building C object esp-idf/esp_driver_i2s/CMakeFiles/__idf_esp_driver_i2s.dir/i2s_tdm.c.obj[K
2026-09-24T13:54:57.7214347Z [499/1417] Building C object esp-idf/esp_driver_i2s/CMakeFiles/__idf_esp_driver_i2s.dir/i2s_common.c.obj[K
2026-09-24T13:54:57.7832505Z [500/1417] Building C object esp-idf/sdmmc/CMakeFiles/__idf_sdmmc.dir/sdmmc_init.c.obj[K
2026-09-24T13:54:57.8493024Z [501/1417] Building C object esp-idf/sdmmc/CMakeFiles/__idf_sdmmc.dir/sdmmc_common.c.obj[K
2026-09-24T13:54:57.8673253Z [502/1417] Building C object esp-idf/sdmmc/CMakeFiles/__idf_sdmmc.dir/sdmmc_cmd.c.obj[K
2026-09-24T13:54:57.9329513Z [503/1417] Building C object esp-idf/esp_driver_sdspi/CMakeFiles/__idf_esp_driver_sdspi.dir/src/sdspi_crc.c.obj[K
2026-09-24T13:54:57.9341335Z [504/1417] Building C object esp-idf/sdmmc/CMakeFiles/__idf_sdmmc.dir/sd_pwr_ctrl/sd_pwr_ctrl.c.obj[K
2026-09-24T13:54:57.9654338Z [505/1417] Building C object esp-idf/sdmmc/CMakeFiles/__idf_sdmmc.dir/sdmmc_io.c.obj[K
2026-09-24T13:54:58.1150544Z [506/1417] Building C object esp-idf/sdmmc/CMakeFiles/__idf_sdmmc.dir/sdmmc_mmc.c.obj[K
2026-09-24T13:54:58.1782571Z [507/1417] Building C object esp-idf/esp_driver_sdspi/CMakeFiles/__idf_esp_driver_sdspi.dir/src/sdspi_transaction.c.obj[K
2026-09-24T13:54:58.2452694Z [508/1417] Building C object esp-idf/sdmmc/CMakeFiles/__idf_sdmmc.dir/sdmmc_sd.c.obj[K
2026-09-24T13:54:58.3822661Z [509/1417] Building C object esp-idf/esp_driver_sdspi/CMakeFiles/__idf_esp_driver_sdspi.dir/src/sdspi_host.c.obj[K
2026-09-24T13:54:58.4518802Z [510/1417] Building C object esp-idf/esp_driver_rmt/CMakeFiles/__idf_esp_driver_rmt.dir/src/rmt_common.c.obj[K
2026-09-24T13:54:58.5774613Z [511/1417] Building C object esp-idf/esp_driver_rmt/CMakeFiles/__idf_esp_driver_rmt.dir/src/rmt_encoder.c.obj[K
2026-09-24T13:54:58.6302943Z [512/1417] Building C object esp-idf/esp_driver_sdio/CMakeFiles/__idf_esp_driver_sdio.dir/src/sdio_slave.c.obj[K
2026-09-24T13:54:58.6442996Z [513/1417] Building C object esp-idf/esp_driver_tsens/CMakeFiles/__idf_esp_driver_tsens.dir/src/temperature_sensor.c.obj[K
2026-09-24T13:54:58.7718182Z [514/1417] Building C object esp-idf/esp_driver_tsens/CMakeFiles/__idf_esp_driver_tsens.dir/src/temperature_sensor_etm.c.obj[K
2026-09-24T13:54:58.7917683Z [515/1417] Building C object esp-idf/esp_driver_rmt/CMakeFiles/__idf_esp_driver_rmt.dir/src/rmt_rx.c.obj[K
2026-09-24T13:54:58.9083993Z [516/1417] Building C object esp-idf/esp_driver_rmt/CMakeFiles/__idf_esp_driver_rmt.dir/src/rmt_tx.c.obj[K
2026-09-24T13:54:59.0282112Z [517/1417] Building C object esp-idf/esp_driver_sdm/CMakeFiles/__idf_esp_driver_sdm.dir/src/sdm.c.obj[K
2026-09-24T13:54:59.1755253Z [518/1417] Building C object esp-idf/esp_driver_i2c/CMakeFiles/__idf_esp_driver_i2c.dir/i2c_common.c.obj[K
2026-09-24T13:54:59.2538541Z [519/1417] Building C object esp-idf/esp_driver_parlio/CMakeFiles/__idf_esp_driver_parlio.dir/src/parlio_common.c.obj[K
2026-09-24T13:54:59.4302833Z [520/1417] Building C object esp-idf/esp_driver_i2c/CMakeFiles/__idf_esp_driver_i2c.dir/i2c_slave.c.obj[K
2026-09-24T13:54:59.4811061Z [521/1417] Building C object esp-idf/esp_driver_i2c/CMakeFiles/__idf_esp_driver_i2c.dir/i2c_master.c.obj[K
2026-09-24T13:54:59.5425816Z [522/1417] Building C object esp-idf/esp_driver_usb_serial_jtag/CMakeFiles/__idf_esp_driver_usb_serial_jtag.dir/src/usb_serial_jtag.c.obj[K
2026-09-24T13:54:59.6695601Z [523/1417] Building C object esp-idf/esp_driver_usb_serial_jtag/CMakeFiles/__idf_esp_driver_usb_serial_jtag.dir/src/usb_serial_jtag_connection_monitor.c.obj[K
2026-09-24T13:54:59.7015836Z [524/1417] Building C object esp-idf/esp_driver_parlio/CMakeFiles/__idf_esp_driver_parlio.dir/src/parlio_tx.c.obj[K
2026-09-24T13:54:59.8065223Z [525/1417] Building C object esp-idf/esp_driver_parlio/CMakeFiles/__idf_esp_driver_parlio.dir/src/parlio_rx.c.obj[K
2026-09-24T13:54:59.8107228Z [526/1417] Building C object esp-idf/esp_driver_ledc/CMakeFiles/__idf_esp_driver_ledc.dir/src/ledc.c.obj[K
2026-09-24T13:54:59.9450007Z [527/1417] Building C object esp-idf/esp_driver_usb_serial_jtag/CMakeFiles/__idf_esp_driver_usb_serial_jtag.dir/src/usb_serial_jtag_vfs.c.obj[K
2026-09-24T13:54:59.9883357Z [528/1417] Building C object esp-idf/driver/CMakeFiles/__idf_driver.dir/deprecated/adc_dma_legacy.c.obj[K
2026-09-24T13:55:00.3878866Z [529/1417] Building C object esp-idf/driver/CMakeFiles/__idf_driver.dir/deprecated/adc_legacy.c.obj[K
2026-09-24T13:55:00.6011819Z [530/1417] Building C object esp-idf/driver/CMakeFiles/__idf_driver.dir/deprecated/timer_legacy.c.obj[K
2026-09-24T13:55:00.6388258Z [531/1417] Building C object esp-idf/driver/CMakeFiles/__idf_driver.dir/deprecated/i2s_legacy.c.obj[K
2026-09-24T13:55:00.6679553Z [532/1417] Building C object esp-idf/driver/CMakeFiles/__idf_driver.dir/deprecated/pcnt_legacy.c.obj[K
2026-09-24T13:55:00.7295905Z [533/1417] Building C object esp-idf/driver/CMakeFiles/__idf_driver.dir/i2c/i2c.c.obj[K
2026-09-24T13:55:00.8264492Z [534/1417] Building C object esp-idf/driver/CMakeFiles/__idf_driver.dir/deprecated/sigma_delta_legacy.c.obj[K
2026-09-24T13:55:00.8938807Z [535/1417] Building C object esp-idf/driver/CMakeFiles/__idf_driver.dir/deprecated/mcpwm_legacy.c.obj[K
2026-09-24T13:55:00.9460091Z [536/1417] Building C object esp-idf/esp_phy/CMakeFiles/__idf_esp_phy.dir/src/lib_printf.c.obj[K
2026-09-24T13:55:00.9509955Z [537/1417] Building C object esp-idf/driver/CMakeFiles/__idf_driver.dir/deprecated/rtc_temperature_legacy.c.obj[K
2026-09-24T13:55:01.0692333Z [538/1417] Building C object esp-idf/esp_phy/CMakeFiles/__idf_esp_phy.dir/src/phy_override.c.obj[K
2026-09-24T13:55:01.1029523Z [539/1417] Building C object esp-idf/esp_phy/CMakeFiles/__idf_esp_phy.dir/src/phy_common.c.obj[K
2026-09-24T13:55:01.1180630Z [540/1417] Building C object esp-idf/esp_phy/CMakeFiles/__idf_esp_phy.dir/esp32c6/phy_init_data.c.obj[K
2026-09-24T13:55:01.2058427Z [541/1417] Building C object esp-idf/driver/CMakeFiles/__idf_driver.dir/deprecated/rmt_legacy.c.obj[K
2026-09-24T13:55:01.2545751Z [542/1417] Building C object esp-idf/esp_phy/CMakeFiles/__idf_esp_phy.dir/src/btbb_init.c.obj[K
2026-09-24T13:55:01.2987293Z [543/1417] Building C object esp-idf/driver/CMakeFiles/__idf_driver.dir/twai/twai.c.obj[K
2026-09-24T13:55:01.4197360Z [544/1417] Building C object esp-idf/esp_phy/CMakeFiles/__idf_esp_phy.dir/src/phy_init.c.obj[K
2026-09-24T13:55:01.4939301Z [545/1417] Building C object esp-idf/esp_vfs_console/CMakeFiles/__idf_esp_vfs_console.dir/vfs_console.c.obj[K
2026-09-24T13:55:01.5734883Z [546/1417] Building C object esp-idf/vfs/CMakeFiles/__idf_vfs.dir/vfs_eventfd.c.obj[K
2026-09-24T13:55:01.6782772Z [547/1417] Building C object esp-idf/vfs/CMakeFiles/__idf_vfs.dir/nullfs.c.obj[K
2026-09-24T13:55:01.7209657Z [548/1417] Building C object esp-idf/lwip/CMakeFiles/__idf_lwip.dir/apps/sntp/sntp.c.obj[K
2026-09-24T13:55:01.9328928Z [549/1417] Building C object esp-idf/vfs/CMakeFiles/__idf_vfs.dir/vfs_semihost.c.obj[K
2026-09-24T13:55:01.9501988Z [550/1417] Building C object esp-idf/lwip/CMakeFiles/__idf_lwip.dir/lwip/src/api/api_lib.c.obj[K
2026-09-24T13:55:01.9568775Z [551/1417] Building C object esp-idf/vfs/CMakeFiles/__idf_vfs.dir/vfs.c.obj[K
2026-09-24T13:55:02.0804940Z [552/1417] Building C object esp-idf/lwip/CMakeFiles/__idf_lwip.dir/lwip/src/api/err.c.obj[K
2026-09-24T13:55:02.0823692Z [553/1417] Building C object esp-idf/lwip/CMakeFiles/__idf_lwip.dir/lwip/src/api/netbuf.c.obj[K
2026-09-24T13:55:02.1074832Z [554/1417] Building C object esp-idf/lwip/CMakeFiles/__idf_lwip.dir/lwip/src/api/if_api.c.obj[K
2026-09-24T13:55:02.2127699Z [555/1417] Building C object esp-idf/lwip/CMakeFiles/__idf_lwip.dir/lwip/src/api/api_msg.c.obj[K
2026-09-24T13:55:02.2832679Z [556/1417] Building C object esp-idf/lwip/CMakeFiles/__idf_lwip.dir/lwip/src/api/netifapi.c.obj[K
2026-09-24T13:55:02.4120580Z [557/1417] Building C object esp-idf/lwip/CMakeFiles/__idf_lwip.dir/lwip/src/api/netdb.c.obj[K
2026-09-24T13:55:02.4577022Z [558/1417] Building C object esp-idf/lwip/CMakeFiles/__idf_lwip.dir/lwip/src/apps/sntp/sntp.c.obj[K
2026-09-24T13:55:02.5446253Z [559/1417] Building C object esp-idf/lwip/CMakeFiles/__idf_lwip.dir/lwip/src/api/tcpip.c.obj[K
2026-09-24T13:55:02.5559199Z [560/1417] Building C object esp-idf/lwip/CMakeFiles/__idf_lwip.dir/lwip/src/apps/netbiosns/netbiosns.c.obj[K
2026-09-24T13:55:02.6853254Z [561/1417] Building C object esp-idf/lwip/CMakeFiles/__idf_lwip.dir/lwip/src/core/def.c.obj[K
2026-09-24T13:55:02.7807698Z [562/1417] Building C object esp-idf/lwip/CMakeFiles/__idf_lwip.dir/lwip/src/core/inet_chksum.c.obj[K
2026-09-24T13:55:02.8869684Z [563/1417] Building C object esp-idf/lwip/CMakeFiles/__idf_lwip.dir/lwip/src/core/init.c.obj[K
2026-09-24T13:55:02.8992672Z [564/1417] Building C object esp-idf/lwip/CMakeFiles/__idf_lwip.dir/lwip/src/core/ip.c.obj[K
2026-09-24T13:55:02.9322145Z [565/1417] Building C object esp-idf/lwip/CMakeFiles/__idf_lwip.dir/lwip/src/core/dns.c.obj[K
2026-09-24T13:55:03.0232355Z [566/1417] Building C object esp-idf/lwip/CMakeFiles/__idf_lwip.dir/lwip/src/core/mem.c.obj[K
2026-09-24T13:55:03.1219812Z [567/1417] Building C object esp-idf/lwip/CMakeFiles/__idf_lwip.dir/lwip/src/core/memp.c.obj[K
2026-09-24T13:55:03.1950720Z [568/1417] Building C object esp-idf/lwip/CMakeFiles/__idf_lwip.dir/lwip/src/api/sockets.c.obj[K
2026-09-24T13:55:03.2659181Z [569/1417] Building C object esp-idf/lwip/CMakeFiles/__idf_lwip.dir/lwip/src/core/stats.c.obj[K
2026-09-24T13:55:03.3280255Z [570/1417] Building C object esp-idf/lwip/CMakeFiles/__idf_lwip.dir/lwip/src/core/sys.c.obj[K
2026-09-24T13:55:03.3552386Z [571/1417] Building C object esp-idf/lwip/CMakeFiles/__idf_lwip.dir/lwip/src/core/pbuf.c.obj[K
2026-09-24T13:55:03.4488287Z [572/1417] Building C object esp-idf/lwip/CMakeFiles/__idf_lwip.dir/lwip/src/core/raw.c.obj[K
2026-09-24T13:55:03.6887469Z [573/1417] Building C object esp-idf/lwip/CMakeFiles/__idf_lwip.dir/lwip/src/core/netif.c.obj[K
2026-09-24T13:55:03.7376247Z [574/1417] Building C object esp-idf/lwip/CMakeFiles/__idf_lwip.dir/lwip/src/core/ipv4/autoip.c.obj[K
2026-09-24T13:55:03.8173406Z [575/1417] Building C object esp-idf/lwip/CMakeFiles/__idf_lwip.dir/lwip/src/core/timeouts.c.obj[K
2026-09-24T13:55:03.8455125Z [576/1417] Building C object esp-idf/lwip/CMakeFiles/__idf_lwip.dir/lwip/src/core/tcp_out.c.obj[K
2026-09-24T13:55:03.9272774Z [577/1417] Building C object esp-idf/lwip/CMakeFiles/__idf_lwip.dir/lwip/src/core/tcp.c.obj[K
2026-09-24T13:55:03.9348195Z [578/1417] Building C object esp-idf/lwip/CMakeFiles/__idf_lwip.dir/lwip/src/core/tcp_in.c.obj[K
2026-09-24T13:55:04.1451670Z [579/1417] Building C object esp-idf/lwip/CMakeFiles/__idf_lwip.dir/lwip/src/core/udp.c.obj[K
2026-09-24T13:55:04.2544469Z [580/1417] Building C object esp-idf/lwip/CMakeFiles/__idf_lwip.dir/lwip/src/core/ipv4/ip4_napt.c.obj[K
2026-09-24T13:55:04.2603678Z [581/1417] Building C object esp-idf/lwip/CMakeFiles/__idf_lwip.dir/lwip/src/core/ipv4/igmp.c.obj[K
2026-09-24T13:55:04.2690843Z [582/1417] Building C object esp-idf/lwip/CMakeFiles/__idf_lwip.dir/lwip/src/core/ipv4/icmp.c.obj[K
2026-09-24T13:55:04.3130889Z [583/1417] Building C object esp-idf/lwip/CMakeFiles/__idf_lwip.dir/lwip/src/core/ipv4/etharp.c.obj[K
2026-09-24T13:55:04.3191128Z [584/1417] Building C object esp-idf/lwip/CMakeFiles/__idf_lwip.dir/lwip/src/core/ipv4/dhcp.c.obj[K
2026-09-24T13:55:04.4524271Z [585/1417] Building C object esp-idf/lwip/CMakeFiles/__idf_lwip.dir/lwip/src/core/ipv4/ip4.c.obj[K
2026-09-24T13:55:04.5653364Z [586/1417] Building C object esp-idf/lwip/CMakeFiles/__idf_lwip.dir/lwip/src/core/ipv4/ip4_addr.c.obj[K
2026-09-24T13:55:04.5801216Z [587/1417] Building C object esp-idf/lwip/CMakeFiles/__idf_lwip.dir/lwip/src/core/ipv6/dhcp6.c.obj[K
2026-09-24T13:55:04.6019631Z [588/1417] Building C object esp-idf/lwip/CMakeFiles/__idf_lwip.dir/lwip/src/core/ipv6/inet6.c.obj[K
2026-09-24T13:55:04.6247635Z [589/1417] Building C object esp-idf/lwip/CMakeFiles/__idf_lwip.dir/lwip/src/core/ipv6/icmp6.c.obj[K
2026-09-24T13:55:04.6249543Z [590/1417] Building C object esp-idf/lwip/CMakeFiles/__idf_lwip.dir/lwip/src/core/ipv4/ip4_frag.c.obj[K
2026-09-24T13:55:04.9008897Z [591/1417] Building C object esp-idf/lwip/CMakeFiles/__idf_lwip.dir/lwip/src/core/ipv6/ethip6.c.obj[K
2026-09-24T13:55:04.9266857Z [592/1417] Building C object esp-idf/lwip/CMakeFiles/__idf_lwip.dir/lwip/src/core/ipv6/mld6.c.obj[K
2026-09-24T13:55:04.9578490Z [593/1417] Building C object esp-idf/lwip/CMakeFiles/__idf_lwip.dir/lwip/src/core/ipv6/ip6_addr.c.obj[K
2026-09-24T13:55:05.0231872Z [594/1417] Building C object esp-idf/lwip/CMakeFiles/__idf_lwip.dir/lwip/src/core/ipv6/ip6_frag.c.obj[K
2026-09-24T13:55:05.0255385Z [595/1417] Building C object esp-idf/lwip/CMakeFiles/__idf_lwip.dir/lwip/src/netif/ethernet.c.obj[K
2026-09-24T13:55:05.2316710Z [596/1417] Building C object esp-idf/lwip/CMakeFiles/__idf_lwip.dir/lwip/src/core/ipv6/ip6.c.obj[K
2026-09-24T13:55:05.2319009Z [597/1417] Building C object esp-idf/lwip/CMakeFiles/__idf_lwip.dir/lwip/src/netif/bridgeif_fdb.c.obj[K
2026-09-24T13:55:05.3154030Z [598/1417] Building C object esp-idf/lwip/CMakeFiles/__idf_lwip.dir/lwip/src/netif/bridgeif.c.obj[K
2026-09-24T13:55:05.3254136Z [599/1417] Building C object esp-idf/lwip/CMakeFiles/__idf_lwip.dir/lwip/src/netif/slipif.c.obj[K
2026-09-24T13:55:05.3847294Z [600/1417] Building C object esp-idf/lwip/CMakeFiles/__idf_lwip.dir/lwip/src/netif/ppp/ccp.c.obj[K
2026-09-24T13:55:05.4566737Z [601/1417] Building C object esp-idf/lwip/CMakeFiles/__idf_lwip.dir/lwip/src/netif/ppp/auth.c.obj[K
2026-09-24T13:55:05.5260024Z [602/1417] Building C object esp-idf/lwip/CMakeFiles/__idf_lwip.dir/lwip/src/netif/ppp/chap-new.c.obj[K
2026-09-24T13:55:05.5320583Z [603/1417] Building C object esp-idf/lwip/CMakeFiles/__idf_lwip.dir/lwip/src/netif/ppp/chap-md5.c.obj[K
2026-09-24T13:55:05.5382490Z [604/1417] Building C object esp-idf/lwip/CMakeFiles/__idf_lwip.dir/lwip/src/core/ipv6/nd6.c.obj[K
2026-09-24T13:55:05.5534659Z [605/1417] Building C object esp-idf/lwip/CMakeFiles/__idf_lwip.dir/lwip/src/netif/ppp/chap_ms.c.obj[K
2026-09-24T13:55:05.6526801Z [606/1417] Building C object esp-idf/lwip/CMakeFiles/__idf_lwip.dir/lwip/src/netif/ppp/demand.c.obj[K
2026-09-24T13:55:05.7090879Z [607/1417] Building C object esp-idf/lwip/CMakeFiles/__idf_lwip.dir/lwip/src/netif/ppp/eap.c.obj[K
2026-09-24T13:55:05.7781826Z [608/1417] Building C object esp-idf/lwip/CMakeFiles/__idf_lwip.dir/lwip/src/netif/ppp/ecp.c.obj[K
2026-09-24T13:55:05.7883927Z [609/1417] Building C object esp-idf/lwip/CMakeFiles/__idf_lwip.dir/lwip/src/netif/ppp/eui64.c.obj[K
2026-09-24T13:55:05.8593590Z [610/1417] Building C object esp-idf/lwip/CMakeFiles/__idf_lwip.dir/lwip/src/netif/ppp/fsm.c.obj[K
2026-09-24T13:55:05.8668508Z [611/1417] Building C object esp-idf/lwip/CMakeFiles/__idf_lwip.dir/lwip/src/netif/ppp/lcp.c.obj[K
2026-09-24T13:55:05.8730053Z [612/1417] Building C object esp-idf/lwip/CMakeFiles/__idf_lwip.dir/lwip/src/netif/ppp/ipv6cp.c.obj[K
2026-09-24T13:55:05.9495616Z [613/1417] Building C object esp-idf/lwip/CMakeFiles/__idf_lwip.dir/lwip/src/netif/ppp/ipcp.c.obj[K
2026-09-24T13:55:06.0426126Z [614/1417] Building C object esp-idf/lwip/CMakeFiles/__idf_lwip.dir/lwip/src/netif/ppp/magic.c.obj[K
2026-09-24T13:55:06.0946004Z [615/1417] Building C object esp-idf/lwip/CMakeFiles/__idf_lwip.dir/lwip/src/netif/ppp/multilink.c.obj[K
2026-09-24T13:55:06.0960200Z [616/1417] Building C object esp-idf/lwip/CMakeFiles/__idf_lwip.dir/lwip/src/netif/ppp/mppe.c.obj[K
2026-09-24T13:55:06.1109415Z [617/1417] Building C object esp-idf/lwip/CMakeFiles/__idf_lwip.dir/lwip/src/netif/ppp/pppcrypt.c.obj[K
2026-09-24T13:55:06.1496683Z [618/1417] Building C object esp-idf/lwip/CMakeFiles/__idf_lwip.dir/lwip/src/netif/ppp/pppapi.c.obj[K
2026-09-24T13:55:06.2357950Z [619/1417] Building C object esp-idf/lwip/CMakeFiles/__idf_lwip.dir/lwip/src/netif/ppp/ppp.c.obj[K
2026-09-24T13:55:06.2413380Z [620/1417] Building C object esp-idf/lwip/CMakeFiles/__idf_lwip.dir/lwip/src/netif/ppp/pppoe.c.obj[K
2026-09-24T13:55:06.3691663Z [621/1417] Building C object esp-idf/lwip/CMakeFiles/__idf_lwip.dir/lwip/src/netif/ppp/pppol2tp.c.obj[K
2026-09-24T13:55:06.3769517Z [622/1417] Building C object esp-idf/lwip/CMakeFiles/__idf_lwip.dir/lwip/src/netif/ppp/upap.c.obj[K
2026-09-24T13:55:06.4257043Z [623/1417] Building C object esp-idf/lwip/CMakeFiles/__idf_lwip.dir/lwip/src/netif/ppp/vj.c.obj[K
2026-09-24T13:55:06.4275579Z [624/1417] Building C object esp-idf/lwip/CMakeFiles/__idf_lwip.dir/lwip/src/netif/ppp/pppos.c.obj[K
2026-09-24T13:55:06.5220878Z [625/1417] Building C object esp-idf/lwip/CMakeFiles/__idf_lwip.dir/lwip/src/netif/ppp/utils.c.obj[K
2026-09-24T13:55:06.5376893Z [626/1417] Building C object esp-idf/lwip/CMakeFiles/__idf_lwip.dir/port/hooks/tcp_isn_default.c.obj[K
2026-09-24T13:55:06.6848128Z [627/1417] Building C object esp-idf/lwip/CMakeFiles/__idf_lwip.dir/port/hooks/lwip_default_hooks.c.obj[K
2026-09-24T13:55:06.7788199Z [628/1417] Building C object esp-idf/lwip/CMakeFiles/__idf_lwip.dir/port/sockets_ext.c.obj[K
2026-09-24T13:55:06.7972280Z [629/1417] Building C object esp-idf/lwip/CMakeFiles/__idf_lwip.dir/port/debug/lwip_debug.c.obj[K
2026-09-24T13:55:06.8378974Z [630/1417] Building C object esp-idf/lwip/CMakeFiles/__idf_lwip.dir/port/esp32xx/vfs_lwip.c.obj[K
2026-09-24T13:55:06.8457863Z [631/1417] Building C object esp-idf/lwip/CMakeFiles/__idf_lwip.dir/port/acd_dhcp_check.c.obj[K
2026-09-24T13:55:06.8828957Z [632/1417] Building C object esp-idf/lwip/CMakeFiles/__idf_lwip.dir/port/freertos/sys_arch.c.obj[K
2026-09-24T13:55:07.0395529Z [633/1417] Building C object esp-idf/lwip/CMakeFiles/__idf_lwip.dir/apps/ping/esp_ping.c.obj[K
2026-09-24T13:55:07.0966083Z [634/1417] Building C object esp-idf/lwip/CMakeFiles/__idf_lwip.dir/lwip/src/netif/ppp/polarssl/arc4.c.obj[K
2026-09-24T13:55:07.1143275Z [635/1417] Building C object esp-idf/lwip/CMakeFiles/__idf_lwip.dir/lwip/src/netif/ppp/polarssl/md4.c.obj[K
2026-09-24T13:55:07.1227133Z [636/1417] Building C object esp-idf/lwip/CMakeFiles/__idf_lwip.dir/apps/ping/ping.c.obj[K
2026-09-24T13:55:07.1469956Z [637/1417] Building C object esp-idf/lwip/CMakeFiles/__idf_lwip.dir/apps/ping/ping_sock.c.obj[K
2026-09-24T13:55:07.1659181Z [638/1417] Building C object esp-idf/lwip/CMakeFiles/__idf_lwip.dir/lwip/src/netif/ppp/polarssl/md5.c.obj[K
2026-09-24T13:55:07.2975109Z [639/1417] Building C object esp-idf/lwip/CMakeFiles/__idf_lwip.dir/lwip/src/netif/ppp/polarssl/des.c.obj[K
2026-09-24T13:55:07.3020166Z [640/1417] Building C object esp-idf/esp_netif/CMakeFiles/__idf_esp_netif.dir/esp_netif_defaults.c.obj[K
2026-09-24T13:55:07.3102374Z [641/1417] Building C object esp-idf/lwip/CMakeFiles/__idf_lwip.dir/lwip/src/netif/ppp/polarssl/sha1.c.obj[K
2026-09-24T13:55:07.4110993Z [642/1417] Building C object esp-idf/esp_netif/CMakeFiles/__idf_esp_netif.dir/esp_netif_objects.c.obj[K
2026-09-24T13:55:07.6046281Z [643/1417] Building C object esp-idf/esp_netif/CMakeFiles/__idf_esp_netif.dir/esp_netif_handlers.c.obj[K
2026-09-24T13:55:07.6407798Z [644/1417] Building C object esp-idf/esp_netif/CMakeFiles/__idf_esp_netif.dir/lwip/netif/wlanif.c.obj[K
2026-09-24T13:55:07.6567164Z [645/1417] Building C object esp-idf/esp_netif/CMakeFiles/__idf_esp_netif.dir/lwip/esp_netif_lwip_defaults.c.obj[K
2026-09-24T13:55:07.6790576Z [646/1417] Building C object esp-idf/lwip/CMakeFiles/__idf_lwip.dir/apps/dhcpserver/dhcpserver.c.obj[K
2026-09-24T13:55:07.8848108Z [647/1417] Building C object esp-idf/esp_netif/CMakeFiles/__idf_esp_netif.dir/lwip/esp_netif_sntp.c.obj[K
2026-09-24T13:55:07.9089487Z [648/1417] Building C object esp-idf/esp_netif/CMakeFiles/__idf_esp_netif.dir/lwip/netif/ethernetif.c.obj[K
2026-09-24T13:55:08.0364154Z [649/1417] Building C object esp-idf/esp_netif/CMakeFiles/__idf_esp_netif.dir/lwip/netif/esp_pbuf_ref.c.obj[K
2026-09-24T13:55:08.0453401Z [650/1417] Building C object esp-idf/wpa_supplicant/CMakeFiles/__idf_wpa_supplicant.dir/port/eloop.c.obj[K
2026-09-24T13:55:08.0520375Z [651/1417] Building C object esp-idf/wpa_supplicant/CMakeFiles/__idf_wpa_supplicant.dir/src/ap/ap_config.c.obj[K
2026-09-24T13:55:08.1172231Z [652/1417] Building C object esp-idf/wpa_supplicant/CMakeFiles/__idf_wpa_supplicant.dir/port/os_xtensa.c.obj[K
2026-09-24T13:55:08.4044454Z [653/1417] Building C object esp-idf/esp_netif/CMakeFiles/__idf_esp_netif.dir/lwip/esp_netif_lwip.c.obj[K
2026-09-24T13:55:08.4216402Z [654/1417] Building C object esp-idf/wpa_supplicant/CMakeFiles/__idf_wpa_supplicant.dir/src/ap/wpa_auth_ie.c.obj[K
2026-09-24T13:55:08.5093311Z [655/1417] Building C object esp-idf/wpa_supplicant/CMakeFiles/__idf_wpa_supplicant.dir/src/ap/ieee802_1x.c.obj[K
2026-09-24T13:55:08.5448531Z [656/1417] Building C object esp-idf/wpa_supplicant/CMakeFiles/__idf_wpa_supplicant.dir/src/ap/sta_info.c.obj[K
2026-09-24T13:55:08.5593279Z [657/1417] Building C object esp-idf/wpa_supplicant/CMakeFiles/__idf_wpa_supplicant.dir/src/ap/pmksa_cache_auth.c.obj[K
2026-09-24T13:55:08.6894531Z [658/1417] Building C object esp-idf/wpa_supplicant/CMakeFiles/__idf_wpa_supplicant.dir/src/ap/ieee802_11.c.obj[K
2026-09-24T13:55:08.7963088Z [659/1417] Building C object esp-idf/wpa_supplicant/CMakeFiles/__idf_wpa_supplicant.dir/src/ap/wpa_auth.c.obj[K
2026-09-24T13:55:08.8971986Z [660/1417] Building C object esp-idf/wpa_supplicant/CMakeFiles/__idf_wpa_supplicant.dir/src/ap/comeback_token.c.obj[K
2026-09-24T13:55:08.8989145Z [661/1417] Building C object esp-idf/wpa_supplicant/CMakeFiles/__idf_wpa_supplicant.dir/src/common/dragonfly.c.obj[K
2026-09-24T13:55:09.0441889Z [662/1417] Building C object esp-idf/wpa_supplicant/CMakeFiles/__idf_wpa_supplicant.dir/src/utils/bitfield.c.obj[K
2026-09-24T13:55:09.1446768Z [663/1417] Building C object esp-idf/wpa_supplicant/CMakeFiles/__idf_wpa_supplicant.dir/src/common/wpa_common.c.obj[K
2026-09-24T13:55:09.1791952Z [664/1417] Building C object esp-idf/wpa_supplicant/CMakeFiles/__idf_wpa_supplicant.dir/src/crypto/aes-siv.c.obj[K
2026-09-24T13:55:09.2159217Z [665/1417] Building C object esp-idf/wpa_supplicant/CMakeFiles/__idf_wpa_supplicant.dir/src/crypto/sha256-kdf.c.obj[K
2026-09-24T13:55:09.2712989Z [666/1417] Building C object esp-idf/wpa_supplicant/CMakeFiles/__idf_wpa_supplicant.dir/src/common/sae.c.obj[K
2026-09-24T13:55:09.3442139Z [667/1417] Building C object esp-idf/wpa_supplicant/CMakeFiles/__idf_wpa_supplicant.dir/src/crypto/crypto_ops.c.obj[K
2026-09-24T13:55:09.3903374Z [668/1417] Building C object esp-idf/wpa_supplicant/CMakeFiles/__idf_wpa_supplicant.dir/src/crypto/ccmp.c.obj[K
2026-09-24T13:55:09.4709270Z [669/1417] Building C object esp-idf/wpa_supplicant/CMakeFiles/__idf_wpa_supplicant.dir/src/crypto/aes-gcm.c.obj[K
2026-09-24T13:55:09.5034233Z [670/1417] Building C object esp-idf/wpa_supplicant/CMakeFiles/__idf_wpa_supplicant.dir/src/crypto/dh_groups.c.obj[K
2026-09-24T13:55:09.5793324Z [671/1417] Building C object esp-idf/wpa_supplicant/CMakeFiles/__idf_wpa_supplicant.dir/src/crypto/dh_group5.c.obj[K
2026-09-24T13:55:09.5873433Z [672/1417] Building C object esp-idf/wpa_supplicant/CMakeFiles/__idf_wpa_supplicant.dir/src/crypto/sha1-tlsprf.c.obj[K
2026-09-24T13:55:09.6908111Z [673/1417] Building C object esp-idf/wpa_supplicant/CMakeFiles/__idf_wpa_supplicant.dir/src/crypto/ms_funcs.c.obj[K
2026-09-24T13:55:09.7346320Z [674/1417] Building C object esp-idf/wpa_supplicant/CMakeFiles/__idf_wpa_supplicant.dir/src/crypto/sha256-tlsprf.c.obj[K
2026-09-24T13:55:09.7818957Z [675/1417] Building C object esp-idf/wpa_supplicant/CMakeFiles/__idf_wpa_supplicant.dir/src/crypto/sha256-prf.c.obj[K
2026-09-24T13:55:09.9097449Z [676/1417] Building C object esp-idf/wpa_supplicant/CMakeFiles/__idf_wpa_supplicant.dir/src/crypto/sha384-tlsprf.c.obj[K
2026-09-24T13:55:09.9228687Z [677/1417] Building C object esp-idf/wpa_supplicant/CMakeFiles/__idf_wpa_supplicant.dir/src/crypto/sha1-prf.c.obj[K
2026-09-24T13:55:10.0010012Z [678/1417] Building C object esp-idf/wpa_supplicant/CMakeFiles/__idf_wpa_supplicant.dir/src/crypto/sha384-prf.c.obj[K
2026-09-24T13:55:10.0063933Z [679/1417] Building C object esp-idf/wpa_supplicant/CMakeFiles/__idf_wpa_supplicant.dir/src/eap_common/eap_wsc_common.c.obj[K
2026-09-24T13:55:10.0417199Z [680/1417] Building C object esp-idf/wpa_supplicant/CMakeFiles/__idf_wpa_supplicant.dir/src/crypto/sha1-tprf.c.obj[K
2026-09-24T13:55:10.1002833Z [681/1417] Building C object esp-idf/wpa_supplicant/CMakeFiles/__idf_wpa_supplicant.dir/src/crypto/md4-internal.c.obj[K
2026-09-24T13:55:10.1917826Z [682/1417] Building C object esp-idf/wpa_supplicant/CMakeFiles/__idf_wpa_supplicant.dir/src/common/ieee802_11_common.c.obj[K
2026-09-24T13:55:10.3413647Z [683/1417] Building C object esp-idf/wpa_supplicant/CMakeFiles/__idf_wpa_supplicant.dir/src/eap_peer/chap.c.obj[K
2026-09-24T13:55:10.4648910Z [684/1417] Building C object esp-idf/wpa_supplicant/CMakeFiles/__idf_wpa_supplicant.dir/src/eap_peer/eap_common.c.obj[K
2026-09-24T13:55:10.4687261Z [685/1417] Building C object esp-idf/wpa_supplicant/CMakeFiles/__idf_wpa_supplicant.dir/src/eap_peer/eap_peap_common.c.obj[K
2026-09-24T13:55:10.4920723Z [686/1417] Building C object esp-idf/wpa_supplicant/CMakeFiles/__idf_wpa_supplicant.dir/src/eap_peer/eap_tls.c.obj[K
2026-09-24T13:55:10.5347476Z [687/1417] Building C object esp-idf/wpa_supplicant/CMakeFiles/__idf_wpa_supplicant.dir/src/eap_peer/eap_mschapv2.c.obj[K
2026-09-24T13:55:10.7987882Z [688/1417] Building C object esp-idf/wpa_supplicant/CMakeFiles/__idf_wpa_supplicant.dir/src/eap_peer/eap.c.obj[K
2026-09-24T13:55:10.8294302Z [689/1417] Building C object esp-idf/wpa_supplicant/CMakeFiles/__idf_wpa_supplicant.dir/src/eap_peer/eap_peap.c.obj[K
2026-09-24T13:55:10.8502320Z [690/1417] Building C object esp-idf/wpa_supplicant/CMakeFiles/__idf_wpa_supplicant.dir/src/eap_peer/eap_fast_common.c.obj[K
2026-09-24T13:55:10.9080801Z [691/1417] Building C object esp-idf/wpa_supplicant/CMakeFiles/__idf_wpa_supplicant.dir/src/eap_peer/mschapv2.c.obj[K
2026-09-24T13:55:11.0183434Z [692/1417] Building C object esp-idf/wpa_supplicant/CMakeFiles/__idf_wpa_supplicant.dir/src/eap_peer/eap_tls_common.c.obj[K
2026-09-24T13:55:11.2707442Z [693/1417] Building C object esp-idf/wpa_supplicant/CMakeFiles/__idf_wpa_supplicant.dir/src/eap_peer/eap_ttls.c.obj[K
2026-09-24T13:55:11.2931382Z [694/1417] Building C object esp-idf/wpa_supplicant/CMakeFiles/__idf_wpa_supplicant.dir/src/rsn_supp/pmksa_cache.c.obj[K
2026-09-24T13:55:11.3115962Z [695/1417] Building C object esp-idf/wpa_supplicant/CMakeFiles/__idf_wpa_supplicant.dir/src/eap_peer/eap_fast.c.obj[K
2026-09-24T13:55:11.3450991Z [696/1417] Building C object esp-idf/wpa_supplicant/CMakeFiles/__idf_wpa_supplicant.dir/src/rsn_supp/wpa_ie.c.obj[K
2026-09-24T13:55:11.3874892Z [697/1417] Building C object esp-idf/wpa_supplicant/CMakeFiles/__idf_wpa_supplicant.dir/src/eap_peer/eap_fast_pac.c.obj[K
2026-09-24T13:55:11.5848601Z [698/1417] Building C object esp-idf/wpa_supplicant/CMakeFiles/__idf_wpa_supplicant.dir/src/utils/base64.c.obj[K
2026-09-24T13:55:11.6348100Z [699/1417] Building C object esp-idf/wpa_supplicant/CMakeFiles/__idf_wpa_supplicant.dir/src/utils/ext_password.c.obj[K
2026-09-24T13:55:11.6936960Z [700/1417] Building C object esp-idf/wpa_supplicant/CMakeFiles/__idf_wpa_supplicant.dir/src/utils/uuid.c.obj[K
2026-09-24T13:55:11.7396450Z [701/1417] Building C object esp-idf/wpa_supplicant/CMakeFiles/__idf_wpa_supplicant.dir/src/utils/wpa_debug.c.obj[K
2026-09-24T13:55:11.7493661Z [702/1417] Building C object esp-idf/wpa_supplicant/CMakeFiles/__idf_wpa_supplicant.dir/src/utils/wpabuf.c.obj[K
2026-09-24T13:55:11.7657097Z [703/1417] Building C object esp-idf/wpa_supplicant/CMakeFiles/__idf_wpa_supplicant.dir/src/utils/common.c.obj[K
2026-09-24T13:55:12.0327730Z [704/1417] Building C object esp-idf/wpa_supplicant/CMakeFiles/__idf_wpa_supplicant.dir/src/rsn_supp/wpa.c.obj[K
2026-09-24T13:55:12.0613241Z [705/1417] Building C object esp-idf/wpa_supplicant/CMakeFiles/__idf_wpa_supplicant.dir/src/wps/wps_attr_parse.c.obj[K
2026-09-24T13:55:12.0782538Z [706/1417] Building C object esp-idf/wpa_supplicant/CMakeFiles/__idf_wpa_supplicant.dir/src/wps/wps_attr_process.c.obj[K
2026-09-24T13:55:12.1288888Z [707/1417] Building C object esp-idf/wpa_supplicant/CMakeFiles/__idf_wpa_supplicant.dir/src/utils/json.c.obj[K
2026-09-24T13:55:12.2074509Z [708/1417] Building C object esp-idf/wpa_supplicant/CMakeFiles/__idf_wpa_supplicant.dir/src/wps/wps.c.obj[K
2026-09-24T13:55:12.2862269Z [709/1417] Building C object esp-idf/wpa_supplicant/CMakeFiles/__idf_wpa_supplicant.dir/src/wps/wps_attr_build.c.obj[K
2026-09-24T13:55:12.4281560Z [710/1417] Building C object esp-idf/wpa_supplicant/CMakeFiles/__idf_wpa_supplicant.dir/src/wps/wps_common.c.obj[K
2026-09-24T13:55:12.4941196Z [711/1417] Building C object esp-idf/wpa_supplicant/CMakeFiles/__idf_wpa_supplicant.dir/esp_supplicant/src/esp_wpa2_api_port.c.obj[K
2026-09-24T13:55:12.5343354Z [712/1417] Building C object esp-idf/wpa_supplicant/CMakeFiles/__idf_wpa_supplicant.dir/src/common/sae_pk.c.obj[K
2026-09-24T13:55:12.7498158Z [713/1417] Building C object esp-idf/wpa_supplicant/CMakeFiles/__idf_wpa_supplicant.dir/src/wps/wps_dev_attr.c.obj[K
2026-09-24T13:55:12.7542093Z [714/1417] Building C object esp-idf/wpa_supplicant/CMakeFiles/__idf_wpa_supplicant.dir/esp_supplicant/src/esp_wpa_main.c.obj[K
2026-09-24T13:55:12.7742088Z [715/1417] Building C object esp-idf/wpa_supplicant/CMakeFiles/__idf_wpa_supplicant.dir/esp_supplicant/src/esp_eap_client.c.obj[K
2026-09-24T13:55:12.8267654Z [716/1417] Building C object esp-idf/wpa_supplicant/CMakeFiles/__idf_wpa_supplicant.dir/src/wps/wps_enrollee.c.obj[K
2026-09-24T13:55:12.8796339Z [717/1417] Building C object esp-idf/wpa_supplicant/CMakeFiles/__idf_wpa_supplicant.dir/esp_supplicant/src/esp_common.c.obj[K
2026-09-24T13:55:13.0807967Z [718/1417] Building C object esp-idf/wpa_supplicant/CMakeFiles/__idf_wpa_supplicant.dir/esp_supplicant/src/esp_wpas_glue.c.obj[K
2026-09-24T13:55:13.2193148Z [719/1417] Building C object esp-idf/wpa_supplicant/CMakeFiles/__idf_wpa_supplicant.dir/esp_supplicant/src/esp_owe.c.obj[K
2026-09-24T13:55:13.2778061Z [720/1417] Building C object esp-idf/wpa_supplicant/CMakeFiles/__idf_wpa_supplicant.dir/esp_supplicant/src/esp_hostap.c.obj[K
2026-09-24T13:55:13.3035048Z [721/1417] Building C object esp-idf/wpa_supplicant/CMakeFiles/__idf_wpa_supplicant.dir/esp_supplicant/src/esp_wpa3.c.obj[K
2026-09-24T13:55:13.3847089Z [722/1417] Building C object esp-idf/wpa_supplicant/CMakeFiles/__idf_wpa_supplicant.dir/esp_supplicant/src/crypto/fastpbkdf2.c.obj[K
2026-09-24T13:55:13.4972930Z [723/1417] Building C object esp-idf/wpa_supplicant/CMakeFiles/__idf_wpa_supplicant.dir/esp_supplicant/src/esp_wps.c.obj[K
2026-09-24T13:55:13.5782892Z [724/1417] Building C object esp-idf/wpa_supplicant/CMakeFiles/__idf_wpa_supplicant.dir/esp_supplicant/src/crypto/tls_mbedtls.c.obj[K
2026-09-24T13:55:13.7581802Z [725/1417] Building C object esp-idf/wpa_supplicant/CMakeFiles/__idf_wpa_supplicant.dir/esp_supplicant/src/crypto/crypto_mbedtls.c.obj[K
2026-09-24T13:55:13.7650353Z [726/1417] Building C object esp-idf/wpa_supplicant/CMakeFiles/__idf_wpa_supplicant.dir/esp_supplicant/src/crypto/crypto_mbedtls-bignum.c.obj[K
2026-09-24T13:55:13.7788261Z [727/1417] Building C object esp-idf/wpa_supplicant/CMakeFiles/__idf_wpa_supplicant.dir/esp_supplicant/src/crypto/crypto_mbedtls-rsa.c.obj[K
2026-09-24T13:55:13.9181546Z [728/1417] Building C object esp-idf/wpa_supplicant/CMakeFiles/__idf_wpa_supplicant.dir/src/crypto/rc4.c.obj[K
2026-09-24T13:55:13.9342750Z [729/1417] Building C object esp-idf/wpa_supplicant/CMakeFiles/__idf_wpa_supplicant.dir/src/crypto/aes-wrap.c.obj[K
2026-09-24T13:55:13.9857259Z [730/1417] Building C object esp-idf/wpa_supplicant/CMakeFiles/__idf_wpa_supplicant.dir/src/crypto/des-internal.c.obj[K
2026-09-24T13:55:14.0368230Z [731/1417] Building C object esp-idf/wpa_supplicant/CMakeFiles/__idf_wpa_supplicant.dir/esp_supplicant/src/crypto/crypto_mbedtls-ec.c.obj[K
2026-09-24T13:55:14.0512819Z [732/1417] Building C object esp-idf/esp_coex/CMakeFiles/__idf_esp_coex.dir/src/coexist.c.obj[K
2026-09-24T13:55:14.0603638Z [733/1417] Building C object esp-idf/esp_coex/CMakeFiles/__idf_esp_coex.dir/src/coexist_debug_diagram.c.obj[K
2026-09-24T13:55:14.0989358Z [734/1417] Building C object esp-idf/wpa_supplicant/CMakeFiles/__idf_wpa_supplicant.dir/src/crypto/aes-unwrap.c.obj[K
2026-09-24T13:55:14.1218448Z [735/1417] Building C object esp-idf/esp_coex/CMakeFiles/__idf_esp_coex.dir/src/lib_printf.c.obj[K
2026-09-24T13:55:14.2143811Z [736/1417] Building C object esp-idf/wpa_supplicant/CMakeFiles/__idf_wpa_supplicant.dir/src/crypto/aes-ccm.c.obj[K
2026-09-24T13:55:14.2468018Z [737/1417] Building C object esp-idf/esp_coex/CMakeFiles/__idf_esp_coex.dir/src/coexist_debug.c.obj[K
2026-09-24T13:55:14.2596271Z [738/1417] Building C object esp-idf/esp_wifi/CMakeFiles/__idf_esp_wifi.dir/src/lib_printf.c.obj[K
2026-09-24T13:55:14.3179403Z [739/1417] Building C object esp-idf/esp_coex/CMakeFiles/__idf_esp_coex.dir/esp32c6/esp_coex_adapter.c.obj[K
2026-09-24T13:55:14.4041137Z [740/1417] Building C object esp-idf/esp_wifi/CMakeFiles/__idf_esp_wifi.dir/src/mesh_event.c.obj[K
2026-09-24T13:55:14.4846853Z [741/1417] Building C object esp-idf/esp_wifi/CMakeFiles/__idf_esp_wifi.dir/src/smartconfig.c.obj[K
2026-09-24T13:55:14.5071825Z [742/1417] Building C object esp-idf/esp_wifi/CMakeFiles/__idf_esp_wifi.dir/src/wifi_netif.c.obj[K
2026-09-24T13:55:14.5335499Z [743/1417] Building C object esp-idf/esp_wifi/CMakeFiles/__idf_esp_wifi.dir/src/wifi_default_ap.c.obj[K
2026-09-24T13:55:14.6286269Z [744/1417] Building C object esp-idf/esp_wifi/CMakeFiles/__idf_esp_wifi.dir/src/wifi_init.c.obj[K
2026-09-24T13:55:14.7489537Z [745/1417] Building C object esp-idf/esp_wifi/CMakeFiles/__idf_esp_wifi.dir/src/wifi_default.c.obj[K
2026-09-24T13:55:14.7759605Z [746/1417] Building C object esp-idf/esp-tls/CMakeFiles/__idf_esp-tls.dir/esp-tls-crypto/esp_tls_crypto.c.obj[K
2026-09-24T13:55:14.9198952Z [747/1417] Building C object esp-idf/esp_wifi/CMakeFiles/__idf_esp_wifi.dir/src/smartconfig_ack.c.obj[K
2026-09-24T13:55:14.9200664Z [748/1417] Building C object esp-idf/esp-tls/CMakeFiles/__idf_esp-tls.dir/esp_tls_platform_port.c.obj[K
2026-09-24T13:55:14.9848413Z [749/1417] Building C object esp-idf/esp-tls/CMakeFiles/__idf_esp-tls.dir/esp_tls_error_capture.c.obj[K
2026-09-24T13:55:15.1914520Z [750/1417] Building C object esp-idf/esp_wifi/CMakeFiles/__idf_esp_wifi.dir/esp32c6/esp_adapter.c.obj[K
2026-09-24T13:55:15.2483495Z [751/1417] Building C object esp-idf/esp_adc/CMakeFiles/__idf_esp_adc.dir/adc_common.c.obj[K
2026-09-24T13:55:15.2746309Z [752/1417] Building C object esp-idf/esp_adc/CMakeFiles/__idf_esp_adc.dir/adc_cali.c.obj[K
2026-09-24T13:55:15.3374227Z [753/1417] Building C object esp-idf/esp_adc/CMakeFiles/__idf_esp_adc.dir/adc_oneshot.c.obj[K
2026-09-24T13:55:15.3928272Z [754/1417] Building C object esp-idf/esp-tls/CMakeFiles/__idf_esp-tls.dir/esp_tls.c.obj[K
2026-09-24T13:55:15.4196177Z [755/1417] Building C object esp-idf/esp_adc/CMakeFiles/__idf_esp_adc.dir/deprecated/esp_adc_cal_common_legacy.c.obj[K
2026-09-24T13:55:15.4198198Z [756/1417] Building C object esp-idf/http_parser/CMakeFiles/__idf_http_parser.dir/http_parser.c.obj[K
2026-09-24T13:55:15.4262012Z [757/1417] Building C object esp-idf/esp-tls/CMakeFiles/__idf_esp-tls.dir/esp_tls_mbedtls.c.obj[K
2026-09-24T13:55:15.6201549Z [758/1417] Building C object esp-idf/esp_adc/CMakeFiles/__idf_esp_adc.dir/adc_cali_curve_fitting.c.obj[K
2026-09-24T13:55:15.7084264Z [759/1417] Building C object esp-idf/esp_adc/CMakeFiles/__idf_esp_adc.dir/esp32c6/curve_fitting_coefficients.c.obj[K
2026-09-24T13:55:15.7794359Z [760/1417] Building C object esp-idf/esp_adc/CMakeFiles/__idf_esp_adc.dir/adc_monitor.c.obj[K
2026-09-24T13:55:15.7821577Z [761/1417] Building C object esp-idf/esp_adc/CMakeFiles/__idf_esp_adc.dir/adc_filter.c.obj[K
2026-09-24T13:55:15.7890844Z [762/1417] Building C object esp-idf/esp_adc/CMakeFiles/__idf_esp_adc.dir/gdma/adc_dma.c.obj[K
2026-09-24T13:55:15.8145239Z [763/1417] Building C object esp-idf/esp_adc/CMakeFiles/__idf_esp_adc.dir/adc_continuous.c.obj[K
2026-09-24T13:55:15.8950887Z [764/1417] Building C object esp-idf/esp_gdbstub/CMakeFiles/__idf_esp_gdbstub.dir/src/gdbstub.c.obj[K
2026-09-24T13:55:15.9809999Z [765/1417] Building C object esp-idf/esp_gdbstub/CMakeFiles/__idf_esp_gdbstub.dir/src/gdbstub_transport.c.obj[K
2026-09-24T13:55:16.0144383Z [766/1417] Building C object esp-idf/esp_gdbstub/CMakeFiles/__idf_esp_gdbstub.dir/src/port/riscv/rv_decode.c.obj[K
2026-09-24T13:55:16.0500928Z [767/1417] Building C object esp-idf/esp_gdbstub/CMakeFiles/__idf_esp_gdbstub.dir/src/packet.c.obj[K
2026-09-24T13:55:16.3012826Z [768/1417] Building C object esp-idf/esp_gdbstub/CMakeFiles/__idf_esp_gdbstub.dir/src/port/riscv/gdbstub_riscv.c.obj[K
2026-09-24T13:55:16.3970203Z [769/1417] Building C object esp-idf/tcp_transport/CMakeFiles/__idf_tcp_transport.dir/transport.c.obj[K
2026-09-24T13:55:16.4342296Z [770/1417] Building C object esp-idf/tcp_transport/CMakeFiles/__idf_tcp_transport.dir/transport_ssl.c.obj[K
2026-09-24T13:55:16.4470260Z [771/1417] Building C object esp-idf/tcp_transport/CMakeFiles/__idf_tcp_transport.dir/transport_socks_proxy.c.obj[K
2026-09-24T13:55:16.6332862Z [772/1417] Building C object esp-idf/tcp_transport/CMakeFiles/__idf_tcp_transport.dir/transport_internal.c.obj[K
2026-09-24T13:55:16.7111200Z [773/1417] Building C object esp-idf/esp_http_client/CMakeFiles/__idf_esp_http_client.dir/lib/http_header.c.obj[K
2026-09-24T13:55:16.7598584Z [774/1417] Building C object esp-idf/esp_http_client/CMakeFiles/__idf_esp_http_client.dir/lib/http_utils.c.obj[K
2026-09-24T13:55:16.8129041Z [775/1417] Building C object esp-idf/esp_http_client/CMakeFiles/__idf_esp_http_client.dir/lib/http_auth.c.obj[K
2026-09-24T13:55:16.9884673Z [776/1417] Building C object esp-idf/tcp_transport/CMakeFiles/__idf_tcp_transport.dir/transport_ws.c.obj[K
2026-09-24T13:55:17.1667388Z [777/1417] Building C object esp-idf/esp_http_server/CMakeFiles/__idf_esp_http_server.dir/src/httpd_main.c.obj[K
2026-09-24T13:55:17.1772204Z [778/1417] Building C object esp-idf/esp_http_server/CMakeFiles/__idf_esp_http_server.dir/src/httpd_parse.c.obj[K
2026-09-24T13:55:17.1990373Z [779/1417] Building C object esp-idf/esp_http_client/CMakeFiles/__idf_esp_http_client.dir/esp_http_client.c.obj[K
2026-09-24T13:55:17.2039037Z [780/1417] Building C object esp-idf/esp_http_server/CMakeFiles/__idf_esp_http_server.dir/src/httpd_uri.c.obj[K
2026-09-24T13:55:17.2447764Z [781/1417] Building C object esp-idf/esp_http_server/CMakeFiles/__idf_esp_http_server.dir/src/httpd_sess.c.obj[K
2026-09-24T13:55:17.2953395Z [782/1417] Building C object esp-idf/esp_http_server/CMakeFiles/__idf_esp_http_server.dir/src/httpd_txrx.c.obj[K
2026-09-24T13:55:17.3799414Z [783/1417] Building C object esp-idf/esp_http_server/CMakeFiles/__idf_esp_http_server.dir/src/httpd_ws.c.obj[K
2026-09-24T13:55:17.4705642Z [784/1417] Building C object esp-idf/esp_http_server/CMakeFiles/__idf_esp_http_server.dir/src/util/ctrl_sock.c.obj[K
2026-09-24T13:55:17.4769860Z [785/1417] Building C object esp-idf/esp_https_ota/CMakeFiles/__idf_esp_https_ota.dir/src/esp_https_ota.c.obj[K
2026-09-24T13:55:17.4888955Z [786/1417] Linking C static library esp-idf/esp_https_ota/libesp_https_ota.a[K
2026-09-24T13:55:17.4982112Z [787/1417] Linking C static library esp-idf/esp_http_server/libesp_http_server.a[K
2026-09-24T13:55:17.5082586Z [788/1417] Linking C static library esp-idf/esp_http_client/libesp_http_client.a[K
2026-09-24T13:55:17.5169472Z [789/1417] Linking C static library esp-idf/tcp_transport/libtcp_transport.a[K
2026-09-24T13:55:17.5297703Z [790/1417] Linking C static library esp-idf/esp_gdbstub/libesp_gdbstub.a[K
2026-09-24T13:55:17.5397441Z [791/1417] Linking C static library esp-idf/esp_adc/libesp_adc.a[K
2026-09-24T13:55:17.5466528Z [792/1417] Linking C static library esp-idf/esp-tls/libesp-tls.a[K
2026-09-24T13:55:17.5583171Z [793/1417] Linking C static library esp-idf/http_parser/libhttp_parser.a[K
2026-09-24T13:55:17.5658513Z [794/1417] Linking C static library esp-idf/esp_wifi/libesp_wifi.a[K
2026-09-24T13:55:17.6451626Z [795/1417] Linking C static library esp-idf/esp_coex/libesp_coex.a[K
2026-09-24T13:55:17.6587095Z [796/1417] Linking C static library esp-idf/wpa_supplicant/libwpa_supplicant.a[K
2026-09-24T13:55:17.7313319Z [797/1417] Linking C static library esp-idf/esp_netif/libesp_netif.a[K
2026-09-24T13:55:17.7423738Z [798/1417] Linking C static library esp-idf/lwip/liblwip.a[K
2026-09-24T13:55:17.7478855Z [799/1417] Linking C static library esp-idf/vfs/libvfs.a[K
2026-09-24T13:55:17.7567670Z [800/1417] Linking C static library esp-idf/esp_vfs_console/libesp_vfs_console.a[K
2026-09-24T13:55:17.7821764Z [801/1417] Linking C static library esp-idf/esp_phy/libesp_phy.a[K
2026-09-24T13:55:17.7900998Z [802/1417] Linking C static library esp-idf/driver/libdriver.a[K
2026-09-24T13:55:17.7996343Z [803/1417] Linking C static library esp-idf/esp_driver_usb_serial_jtag/libesp_driver_usb_serial_jtag.a[K
2026-09-24T13:55:17.8082434Z [804/1417] Linking C static library esp-idf/esp_driver_parlio/libesp_driver_parlio.a[K
2026-09-24T13:55:17.8185417Z [805/1417] Linking C static library esp-idf/esp_driver_ledc/libesp_driver_ledc.a[K
2026-09-24T13:55:17.8243652Z [806/1417] Linking C static library esp-idf/esp_driver_i2c/libesp_driver_i2c.a[K
2026-09-24T13:55:17.8313965Z [807/1417] Linking C static library esp-idf/esp_driver_sdm/libesp_driver_sdm.a[K
2026-09-24T13:55:17.8422819Z [808/1417] Linking C static library esp-idf/esp_driver_tsens/libesp_driver_tsens.a[K
2026-09-24T13:55:17.8492528Z [809/1417] Linking C static library esp-idf/esp_driver_rmt/libesp_driver_rmt.a[K
2026-09-24T13:55:17.8565972Z [810/1417] Linking C static library esp-idf/esp_driver_sdio/libesp_driver_sdio.a[K
2026-09-24T13:55:17.8683937Z [811/1417] Linking C static library esp-idf/esp_driver_sdspi/libesp_driver_sdspi.a[K
2026-09-24T13:55:17.8806168Z [812/1417] Linking C static library esp-idf/sdmmc/libsdmmc.a[K
2026-09-24T13:55:17.8966907Z [813/1417] Linking C static library esp-idf/esp_driver_i2s/libesp_driver_i2s.a[K
2026-09-24T13:55:17.9088084Z [814/1417] Linking C static library esp-idf/esp_driver_mcpwm/libesp_driver_mcpwm.a[K
2026-09-24T13:55:17.9154994Z [815/1417] Linking C static library esp-idf/esp_driver_spi/libesp_driver_spi.a[K
2026-09-24T13:55:17.9386175Z [816/1417] Linking C static library esp-idf/esp_driver_pcnt/libesp_driver_pcnt.a[K
2026-09-24T13:55:17.9459718Z [817/1417] Linking C static library esp-idf/nvs_flash/libnvs_flash.a[K
2026-09-24T13:55:17.9560041Z [818/1417] Linking C static library esp-idf/esp_event/libesp_event.a[K
2026-09-24T13:55:17.9628299Z [819/1417] Linking C static library esp-idf/esp_driver_uart/libesp_driver_uart.a[K
2026-09-24T13:55:17.9710351Z [820/1417] Linking C static library esp-idf/esp_ringbuf/libesp_ringbuf.a[K
2026-09-24T13:55:17.9808347Z [821/1417] Linking C static library esp-idf/esp_driver_gptimer/libesp_driver_gptimer.a[K
2026-09-24T13:55:17.9876937Z [822/1417] Linking C static library esp-idf/esp_timer/libesp_timer.a[K
2026-09-24T13:55:17.9967984Z [823/1417] Linking C static library esp-idf/cxx/libcxx.a[K
2026-09-24T13:55:18.0140688Z [824/1417] Linking C static library esp-idf/pthread/libpthread.a[K
2026-09-24T13:55:18.0327651Z [825/1417] Linking C static library esp-idf/newlib/libnewlib.a[K
2026-09-24T13:55:18.0844763Z [826/1417] Linking C static library esp-idf/freertos/libfreertos.a[K
2026-09-24T13:55:18.0925688Z [827/1417] Linking C static library esp-idf/esp_hw_support/libesp_hw_support.a[K
2026-09-24T13:55:18.1123904Z [828/1417] Linking C static library esp-idf/esp_security/libesp_security.a[K
2026-09-24T13:55:18.1217453Z [829/1417] Linking C static library esp-idf/soc/libsoc.a[K
2026-09-24T13:55:18.1322704Z [830/1417] Linking C static library esp-idf/heap/libheap.a[K
2026-09-24T13:55:18.1794548Z [831/1417] Linking C static library esp-idf/log/liblog.a[K
2026-09-24T13:55:18.1924553Z [832/1417] Linking C static library esp-idf/hal/libhal.a[K
2026-09-24T13:55:18.1978269Z [833/1417] Linking C static library esp-idf/esp_rom/libesp_rom.a[K
2026-09-24T13:55:18.2242004Z [834/1417] Linking C static library esp-idf/esp_common/libesp_common.a[K
2026-09-24T13:55:18.2436175Z [835/1417] Linking C static library esp-idf/esp_system/libesp_system.a[K
2026-09-24T13:55:18.2632074Z [836/1417] Linking C static library esp-idf/spi_flash/libspi_flash.a[K
2026-09-24T13:55:18.2806483Z [837/1417] Linking C static library esp-idf/esp_mm/libesp_mm.a[K
2026-09-24T13:55:18.2938728Z [838/1417] Linking C static library esp-idf/bootloader_support/libbootloader_support.a[K
2026-09-24T13:55:18.3006368Z [839/1417] Linking C static library esp-idf/efuse/libefuse.a[K
2026-09-24T13:55:18.3075098Z [840/1417] Linking C static library esp-idf/esp_partition/libesp_partition.a[K
2026-09-24T13:55:18.3127190Z [841/1417] Linking C static library esp-idf/app_update/libapp_update.a[K
2026-09-24T13:55:18.3179993Z [842/1417] Linking C static library esp-idf/esp_bootloader_format/libesp_bootloader_format.a[K
2026-09-24T13:55:18.3418261Z [843/1417] Linking C static library esp-idf/esp_app_format/libesp_app_format.a[K
2026-09-24T13:55:18.3570881Z [844/1417] Linking CXX static library esp-idf/mbedtls/mbedtls/library/libmbedtls.a[K
2026-09-24T13:55:18.4462644Z [845/1417] Linking CXX static library esp-idf/mbedtls/mbedtls/library/libmbedx509.a[K
2026-09-24T13:55:18.4520512Z [846/1417] Linking CXX static library esp-idf/mbedtls/mbedtls/library/libmbedcrypto.a[K
2026-09-24T13:55:18.4584798Z [847/1417] Linking CXX static library esp-idf/mbedtls/mbedtls/3rdparty/p256-m/libp256m.a[K
2026-09-24T13:55:18.5582011Z [848/1417] Linking CXX static library esp-idf/mbedtls/mbedtls/3rdparty/everest/libeverest.a[K
2026-09-24T13:55:18.6672463Z [849/1417] Generating x509_crt_bundle[K
2026-09-24T13:55:18.7404562Z [850/1417] Generating ../../x509_crt_bundle.S[K
2026-09-24T13:55:18.7407004Z [851/1417] Building ASM object esp-idf/riscv/CMakeFiles/__idf_riscv.dir/vectors.S.obj[K
2026-09-24T13:55:18.7830569Z [852/1417] Building ASM object esp-idf/riscv/CMakeFiles/__idf_riscv.dir/vectors_intc.S.obj[K
2026-09-24T13:55:18.8084208Z [853/1417] Building C object esp-idf/riscv/CMakeFiles/__idf_riscv.dir/instruction_decode.c.obj[K
2026-09-24T13:55:18.8243279Z [854/1417] Building C object esp-idf/riscv/CMakeFiles/__idf_riscv.dir/interrupt_plic.c.obj[K
2026-09-24T13:55:18.9682667Z [855/1417] Building C object esp-idf/riscv/CMakeFiles/__idf_riscv.dir/interrupt.c.obj[K
2026-09-24T13:55:19.0663276Z [856/1417] Building C object esp-idf/esp_driver_gpio/CMakeFiles/__idf_esp_driver_gpio.dir/src/gpio_glitch_filter_ops.c.obj[K
2026-09-24T13:55:19.0991069Z [857/1417] Building C object esp-idf/esp_driver_gpio/CMakeFiles/__idf_esp_driver_gpio.dir/src/dedic_gpio.c.obj[K
2026-09-24T13:55:19.1683136Z [858/1417] Building C object esp-idf/esp_driver_gpio/CMakeFiles/__idf_esp_driver_gpio.dir/src/gpio_pin_glitch_filter.c.obj[K
2026-09-24T13:55:19.2020077Z [859/1417] Building C object esp-idf/esp_driver_gpio/CMakeFiles/__idf_esp_driver_gpio.dir/src/rtc_io.c.obj[K
2026-09-24T13:55:19.2639044Z [860/1417] Building C object esp-idf/esp_driver_gpio/CMakeFiles/__idf_esp_driver_gpio.dir/src/gpio_flex_glitch_filter.c.obj[K
2026-09-24T13:55:19.3055129Z [861/1417] Building C object esp-idf/esp_pm/CMakeFiles/__idf_esp_pm.dir/pm_locks.c.obj[K
2026-09-24T13:55:19.3234009Z [862/1417] Building C object esp-idf/esp_driver_gpio/CMakeFiles/__idf_esp_driver_gpio.dir/src/gpio.c.obj[K
2026-09-24T13:55:19.3731085Z [863/1417] Building C object esp-idf/esp_pm/CMakeFiles/__idf_esp_pm.dir/pm_trace.c.obj[K
2026-09-24T13:55:19.4528134Z [864/1417] Building ASM object esp-idf/mbedtls/CMakeFiles/__idf_mbedtls.dir/__/__/x509_crt_bundle.S.obj[K
2026-09-24T13:55:19.5653611Z [865/1417] Building C object esp-idf/esp_driver_gpio/CMakeFiles/__idf_esp_driver_gpio.dir/src/gpio_etm.c.obj[K
2026-09-24T13:55:19.5847188Z [866/1417] Building C object esp-idf/mbedtls/CMakeFiles/__idf_mbedtls.dir/esp_crt_bundle/esp_crt_bundle.c.obj[K
2026-09-24T13:55:19.5885465Z [867/1417] Building C object esp-idf/esp_pm/CMakeFiles/__idf_esp_pm.dir/pm_impl.c.obj[K
2026-09-24T13:55:19.6043486Z [868/1417] Linking C static library esp-idf/mbedtls/libmbedtls.a[K
2026-09-24T13:55:19.6084494Z [869/1417] Linking C static library esp-idf/esp_pm/libesp_pm.a[K
2026-09-24T13:55:19.6150557Z [870/1417] Building C object esp-idf/app_trace/CMakeFiles/__idf_app_trace.dir/app_trace.c.obj[K
2026-09-24T13:55:19.6274218Z [871/1417] Building C object esp-idf/app_trace/CMakeFiles/__idf_app_trace.dir/app_trace_util.c.obj[K
2026-09-24T13:55:19.6410137Z [872/1417] Building C object esp-idf/app_trace/CMakeFiles/__idf_app_trace.dir/host_file_io.c.obj[K
2026-09-24T13:55:19.6663118Z [873/1417] Linking C static library esp-idf/esp_driver_gpio/libesp_driver_gpio.a[K
2026-09-24T13:55:19.7443384Z [874/1417] Linking C static library esp-idf/riscv/libriscv.a[K
2026-09-24T13:55:19.7604995Z [875/1417] Building C object esp-idf/unity/CMakeFiles/__idf_unity.dir/unity_compat.c.obj[K
2026-09-24T13:55:19.7853556Z [876/1417] Building C object esp-idf/app_trace/CMakeFiles/__idf_app_trace.dir/port/port_uart.c.obj[K
2026-09-24T13:55:19.8795764Z [877/1417] Linking C static library esp-idf/app_trace/libapp_trace.a[K
2026-09-24T13:55:19.9138074Z [878/1417] Building C object esp-idf/unity/CMakeFiles/__idf_unity.dir/unity_utils_cache.c.obj[K
2026-09-24T13:55:19.9181853Z [879/1417] Building C object esp-idf/unity/CMakeFiles/__idf_unity.dir/unity_utils_freertos.c.obj[K
2026-09-24T13:55:20.0350746Z [880/1417] Building C object esp-idf/unity/CMakeFiles/__idf_unity.dir/unity_runner.c.obj[K
2026-09-24T13:55:20.0364287Z [881/1417] Building C object esp-idf/unity/CMakeFiles/__idf_unity.dir/unity_utils_memory.c.obj[K
2026-09-24T13:55:20.0689797Z [882/1417] Building C object esp-idf/unity/CMakeFiles/__idf_unity.dir/unity_port_esp32.c.obj[K
2026-09-24T13:55:20.1102254Z [883/1417] Building C object esp-idf/unity/CMakeFiles/__idf_unity.dir/port/esp/unity_utils_memory_esp.c.obj[K
2026-09-24T13:55:20.1597993Z [884/1417] Building C object esp-idf/cmock/CMakeFiles/__idf_cmock.dir/CMock/src/cmock.c.obj[K
2026-09-24T13:55:20.1885239Z [885/1417] Building C object esp-idf/unity/CMakeFiles/__idf_unity.dir/unity/src/unity.c.obj[K
2026-09-24T13:55:20.1966632Z [886/1417] Building C object esp-idf/console/CMakeFiles/__idf_console.dir/split_argv.c.obj[K
2026-09-24T13:55:20.2117160Z [887/1417] Linking C static library esp-idf/unity/libunity.a[K
2026-09-24T13:55:20.2686501Z [888/1417] Linking C static library esp-idf/cmock/libcmock.a[K
2026-09-24T13:55:20.3621067Z [889/1417] Building C object esp-idf/console/CMakeFiles/__idf_console.dir/commands.c.obj[K
2026-09-24T13:55:20.4089584Z [890/1417] Building C object esp-idf/console/CMakeFiles/__idf_console.dir/esp_console_common.c.obj[K
2026-09-24T13:55:20.4346243Z [891/1417] Building C object esp-idf/console/CMakeFiles/__idf_console.dir/argtable3/arg_cmd.c.obj[K
2026-09-24T13:55:20.4786932Z [892/1417] Building C object esp-idf/console/CMakeFiles/__idf_console.dir/esp_console_repl_chip.c.obj[K
2026-09-24T13:55:20.5048724Z [893/1417] Building C object esp-idf/console/CMakeFiles/__idf_console.dir/linenoise/linenoise.c.obj[K
2026-09-24T13:55:20.5677305Z [894/1417] Building C object esp-idf/console/CMakeFiles/__idf_console.dir/argtable3/arg_dbl.c.obj[K
2026-09-24T13:55:20.5699638Z [895/1417] Building C object esp-idf/console/CMakeFiles/__idf_console.dir/argtable3/arg_date.c.obj[K
2026-09-24T13:55:20.6161836Z [896/1417] Building C object esp-idf/console/CMakeFiles/__idf_console.dir/argtable3/arg_dstr.c.obj[K
2026-09-24T13:55:20.6486926Z [897/1417] Building C object esp-idf/console/CMakeFiles/__idf_console.dir/argtable3/arg_end.c.obj[K
2026-09-24T13:55:20.6999529Z [898/1417] Building C object esp-idf/console/CMakeFiles/__idf_console.dir/argtable3/arg_file.c.obj[K
2026-09-24T13:55:20.7388534Z [899/1417] Building C object esp-idf/console/CMakeFiles/__idf_console.dir/argtable3/arg_hashtable.c.obj[K
2026-09-24T13:55:20.7543434Z [900/1417] Building C object esp-idf/console/CMakeFiles/__idf_console.dir/argtable3/arg_lit.c.obj[K
2026-09-24T13:55:20.7551808Z [901/1417] Building C object esp-idf/console/CMakeFiles/__idf_console.dir/argtable3/arg_rem.c.obj[K
2026-09-24T13:55:20.8581691Z [902/1417] Building C object esp-idf/console/CMakeFiles/__idf_console.dir/argtable3/arg_int.c.obj[K
2026-09-24T13:55:20.8986520Z [903/1417] Building C object esp-idf/console/CMakeFiles/__idf_console.dir/argtable3/arg_str.c.obj[K
2026-09-24T13:55:20.9586774Z [904/1417] Building C object esp-idf/console/CMakeFiles/__idf_console.dir/argtable3/arg_utils.c.obj[K
2026-09-24T13:55:20.9691228Z [905/1417] Building C object esp-idf/esp_driver_cam/CMakeFiles/__idf_esp_driver_cam.dir/dvp_share_ctrl.c.obj[K
2026-09-24T13:55:20.9780214Z [906/1417] Building C object esp-idf/esp_driver_cam/CMakeFiles/__idf_esp_driver_cam.dir/esp_cam_ctlr.c.obj[K
2026-09-24T13:55:21.1071979Z [907/1417] Linking C static library esp-idf/esp_driver_cam/libesp_driver_cam.a[K
2026-09-24T13:55:21.1445016Z [908/1417] Building C object esp-idf/console/CMakeFiles/__idf_console.dir/argtable3/arg_rex.c.obj[K
2026-09-24T13:55:21.2086680Z [909/1417] Building C object esp-idf/console/CMakeFiles/__idf_console.dir/argtable3/argtable3.c.obj[K
2026-09-24T13:55:21.2185855Z [910/1417] Linking C static library esp-idf/console/libconsole.a[K
2026-09-24T13:55:21.2920559Z [911/1417] Building C object esp-idf/esp_hid/CMakeFiles/__idf_esp_hid.dir/src/esp_hidd.c.obj[K
2026-09-24T13:55:21.3630196Z [912/1417] Building C object esp-idf/esp_eth/CMakeFiles/__idf_esp_eth.dir/src/esp_eth_netif_glue.c.obj[K
2026-09-24T13:55:21.4232709Z [913/1417] Building C object esp-idf/esp_eth/CMakeFiles/__idf_esp_eth.dir/src/esp_eth.c.obj[K
2026-09-24T13:55:21.4499373Z [914/1417] Building C object esp-idf/esp_eth/CMakeFiles/__idf_esp_eth.dir/src/phy/esp_eth_phy_802_3.c.obj[K
2026-09-24T13:55:21.5126970Z [915/1417] Linking C static library esp-idf/esp_eth/libesp_eth.a[K
2026-09-24T13:55:21.5366420Z [916/1417] Building C object esp-idf/esp_hid/CMakeFiles/__idf_esp_hid.dir/src/esp_hid_common.c.obj[K
2026-09-24T13:55:21.5708256Z [917/1417] Building C object esp-idf/esp_lcd/CMakeFiles/__idf_esp_lcd.dir/src/esp_lcd_common.c.obj[K
2026-09-24T13:55:21.5945404Z [918/1417] Building C object esp-idf/esp_hid/CMakeFiles/__idf_esp_hid.dir/src/esp_hidh.c.obj[K
2026-09-24T13:55:21.6659163Z [919/1417] Linking C static library esp-idf/esp_hid/libesp_hid.a[K
2026-09-24T13:55:21.6838262Z [920/1417] Building C object esp-idf/esp_lcd/CMakeFiles/__idf_esp_lcd.dir/src/esp_lcd_panel_io.c.obj[K
2026-09-24T13:55:21.7013000Z [921/1417] Building C object esp-idf/esp_https_server/CMakeFiles/__idf_esp_https_server.dir/src/https_server.c.obj[K
2026-09-24T13:55:21.7844277Z [922/1417] Linking C static library esp-idf/esp_https_server/libesp_https_server.a[K
2026-09-24T13:55:21.8590731Z [923/1417] Building C object esp-idf/esp_lcd/CMakeFiles/__idf_esp_lcd.dir/src/esp_lcd_panel_nt35510.c.obj[K
2026-09-24T13:55:21.8635417Z [924/1417] Building C object esp-idf/esp_lcd/CMakeFiles/__idf_esp_lcd.dir/src/esp_lcd_panel_st7789.c.obj[K
2026-09-24T13:55:21.9052528Z [925/1417] Building C object esp-idf/esp_lcd/CMakeFiles/__idf_esp_lcd.dir/src/esp_lcd_panel_ops.c.obj[K
2026-09-24T13:55:22.0420792Z [926/1417] Building C object esp-idf/esp_lcd/CMakeFiles/__idf_esp_lcd.dir/src/esp_lcd_panel_ssd1306.c.obj[K
2026-09-24T13:55:22.0764619Z [927/1417] Building C object esp-idf/protocomm/CMakeFiles/__idf_protocomm.dir/proto-c/constants.pb-c.c.obj[K
2026-09-24T13:55:22.1036408Z [928/1417] Building C object esp-idf/esp_lcd/CMakeFiles/__idf_esp_lcd.dir/i2c/esp_lcd_panel_io_i2c_v2.c.obj[K
2026-09-24T13:55:22.1527187Z [929/1417] Building C object esp-idf/esp_lcd/CMakeFiles/__idf_esp_lcd.dir/i2c/esp_lcd_panel_io_i2c_v1.c.obj[K
2026-09-24T13:55:22.1968729Z [930/1417] Building C object esp-idf/esp_lcd/CMakeFiles/__idf_esp_lcd.dir/spi/esp_lcd_panel_io_spi.c.obj[K
2026-09-24T13:55:22.2177074Z [931/1417] Linking C static library esp-idf/esp_lcd/libesp_lcd.a[K
2026-09-24T13:55:22.2869249Z [932/1417] Building C object esp-idf/protocomm/CMakeFiles/__idf_protocomm.dir/src/common/protocomm.c.obj[K
2026-09-24T13:55:22.3061701Z [933/1417] Building C object esp-idf/protocomm/CMakeFiles/__idf_protocomm.dir/proto-c/sec0.pb-c.c.obj[K
2026-09-24T13:55:22.3771656Z [934/1417] Building C object esp-idf/protocomm/CMakeFiles/__idf_protocomm.dir/proto-c/sec1.pb-c.c.obj[K
2026-09-24T13:55:22.4045546Z [935/1417] Building C object esp-idf/protocomm/CMakeFiles/__idf_protocomm.dir/proto-c/sec2.pb-c.c.obj[K
2026-09-24T13:55:22.5512552Z [936/1417] Building C object esp-idf/protocomm/CMakeFiles/__idf_protocomm.dir/proto-c/session.pb-c.c.obj[K
2026-09-24T13:55:22.5749660Z [937/1417] Building C object esp-idf/protobuf-c/CMakeFiles/__idf_protobuf-c.dir/protobuf-c/protobuf-c/protobuf-c.c.obj[K
2026-09-24T13:55:22.5754264Z [938/1417] Building C object esp-idf/protocomm/CMakeFiles/__idf_protocomm.dir/src/transports/protocomm_console.c.obj[K
2026-09-24T13:55:22.6756526Z [939/1417] Linking C static library esp-idf/protobuf-c/libprotobuf-c.a[K
2026-09-24T13:55:22.6903471Z [940/1417] Building C object esp-idf/protocomm/CMakeFiles/__idf_protocomm.dir/src/security/security0.c.obj[K
2026-09-24T13:55:22.8163960Z [941/1417] Building C object esp-idf/protocomm/CMakeFiles/__idf_protocomm.dir/src/transports/protocomm_httpd.c.obj[K
2026-09-24T13:55:22.8558934Z [942/1417] Building C object esp-idf/protocomm/CMakeFiles/__idf_protocomm.dir/src/security/security1.c.obj[K
2026-09-24T13:55:22.8885426Z [943/1417] Building C object esp-idf/protocomm/CMakeFiles/__idf_protocomm.dir/src/security/security2.c.obj[K
2026-09-24T13:55:22.9651081Z [944/1417] Building C object esp-idf/protocomm/CMakeFiles/__idf_protocomm.dir/src/crypto/srp6a/esp_srp_mpi.c.obj[K
2026-09-24T13:55:23.0051259Z [945/1417] Building C object esp-idf/espcoredump/CMakeFiles/__idf_espcoredump.dir/src/core_dump_init.c.obj[K
2026-09-24T13:55:23.0401954Z [946/1417] Building C object esp-idf/protocomm/CMakeFiles/__idf_protocomm.dir/src/crypto/srp6a/esp_srp.c.obj[K
2026-09-24T13:55:23.0463134Z [947/1417] Building C object esp-idf/esp_local_ctrl/CMakeFiles/__idf_esp_local_ctrl.dir/src/esp_local_ctrl.c.obj[K
2026-09-24T13:55:23.0628842Z [948/1417] Linking C static library esp-idf/protocomm/libprotocomm.a[K
2026-09-24T13:55:23.1045603Z [949/1417] Building C object esp-idf/esp_local_ctrl/CMakeFiles/__idf_esp_local_ctrl.dir/src/esp_local_ctrl_handler.c.obj[K
2026-09-24T13:55:23.2098143Z [950/1417] Building C object esp-idf/esp_local_ctrl/CMakeFiles/__idf_esp_local_ctrl.dir/proto-c/esp_local_ctrl.pb-c.c.obj[K
2026-09-24T13:55:23.2282892Z [951/1417] Building C object esp-idf/espcoredump/CMakeFiles/__idf_espcoredump.dir/src/core_dump_common.c.obj[K
2026-09-24T13:55:23.2536584Z [952/1417] Building C object esp-idf/esp_local_ctrl/CMakeFiles/__idf_esp_local_ctrl.dir/src/esp_local_ctrl_transport_httpd.c.obj[K
2026-09-24T13:55:23.2867275Z [953/1417] Linking C static library esp-idf/esp_local_ctrl/libesp_local_ctrl.a[K
2026-09-24T13:55:23.3183694Z [954/1417] Building C object esp-idf/espcoredump/CMakeFiles/__idf_espcoredump.dir/src/core_dump_sha.c.obj[K
2026-09-24T13:55:23.3312790Z [955/1417] Building C object esp-idf/espcoredump/CMakeFiles/__idf_espcoredump.dir/src/core_dump_uart.c.obj[K
2026-09-24T13:55:23.3445339Z [956/1417] Building C object esp-idf/espcoredump/CMakeFiles/__idf_espcoredump.dir/src/core_dump_crc.c.obj[K
2026-09-24T13:55:23.3623668Z [957/1417] Building C object esp-idf/espcoredump/CMakeFiles/__idf_espcoredump.dir/src/core_dump_binary.c.obj[K
2026-09-24T13:55:23.4046895Z [958/1417] Building C object esp-idf/espcoredump/CMakeFiles/__idf_espcoredump.dir/src/core_dump_elf.c.obj[K
2026-09-24T13:55:23.4890682Z [959/1417] Building C object esp-idf/espcoredump/CMakeFiles/__idf_espcoredump.dir/src/core_dump_flash.c.obj[K
2026-09-24T13:55:23.5167454Z [960/1417] Building C object esp-idf/espcoredump/CMakeFiles/__idf_espcoredump.dir/src/port/riscv/core_dump_port.c.obj[K
2026-09-24T13:55:23.5299153Z [961/1417] Linking C static library esp-idf/espcoredump/libespcoredump.a[K
2026-09-24T13:55:23.5938807Z [962/1417] Building CXX object esp-idf/wear_levelling/CMakeFiles/__idf_wear_levelling.dir/Partition.cpp.obj[K
2026-09-24T13:55:23.6177145Z [963/1417] Building CXX object esp-idf/wear_levelling/CMakeFiles/__idf_wear_levelling.dir/SPI_Flash.cpp.obj[K
2026-09-24T13:55:23.6421003Z [964/1417] Building CXX object esp-idf/wear_levelling/CMakeFiles/__idf_wear_levelling.dir/WL_Ext_Perf.cpp.obj[K
2026-09-24T13:55:23.6741001Z [965/1417] Building CXX object esp-idf/wear_levelling/CMakeFiles/__idf_wear_levelling.dir/crc32.cpp.obj[K
2026-09-24T13:55:23.7944600Z [966/1417] Building CXX object esp-idf/wear_levelling/CMakeFiles/__idf_wear_levelling.dir/WL_Ext_Safe.cpp.obj[K
2026-09-24T13:55:23.8898315Z [967/1417] Building CXX object esp-idf/wear_levelling/CMakeFiles/__idf_wear_levelling.dir/wear_levelling.cpp.obj[K
2026-09-24T13:55:23.9424554Z [968/1417] Building C object esp-idf/fatfs/CMakeFiles/__idf_fatfs.dir/diskio/diskio_rawflash.c.obj[K
2026-09-24T13:55:23.9785180Z [969/1417] Building C object esp-idf/fatfs/CMakeFiles/__idf_fatfs.dir/diskio/diskio.c.obj[K
2026-09-24T13:55:23.9819117Z [970/1417] Building CXX object esp-idf/wear_levelling/CMakeFiles/__idf_wear_levelling.dir/WL_Flash.cpp.obj[K
2026-09-24T13:55:24.0016827Z [971/1417] Building C object esp-idf/fatfs/CMakeFiles/__idf_fatfs.dir/diskio/diskio_wl.c.obj[K
2026-09-24T13:55:24.1325760Z [972/1417] Linking C static library esp-idf/wear_levelling/libwear_levelling.a[K
2026-09-24T13:55:24.1814609Z [973/1417] Building C object esp-idf/fatfs/CMakeFiles/__idf_fatfs.dir/src/ffunicode.c.obj[K
2026-09-24T13:55:24.1951922Z [974/1417] Building C object esp-idf/fatfs/CMakeFiles/__idf_fatfs.dir/port/freertos/ffsystem.c.obj[K
2026-09-24T13:55:24.4722870Z [975/1417] Building C object esp-idf/fatfs/CMakeFiles/__idf_fatfs.dir/diskio/diskio_sdmmc.c.obj[K
2026-09-24T13:55:24.4732596Z [976/1417] Building C object esp-idf/ieee802154/CMakeFiles/__idf_ieee802154.dir/esp_ieee802154.c.obj[K
2026-09-24T13:55:24.5090266Z [977/1417] Building C object esp-idf/fatfs/CMakeFiles/__idf_fatfs.dir/vfs/vfs_fat_spiflash.c.obj[K
2026-09-24T13:55:24.5194050Z [978/1417] Building C object esp-idf/ieee802154/CMakeFiles/__idf_ieee802154.dir/driver/esp_ieee802154_ack.c.obj[K
2026-09-24T13:55:24.5805130Z [979/1417] Building C object esp-idf/fatfs/CMakeFiles/__idf_fatfs.dir/vfs/vfs_fat_sdmmc.c.obj[K
2026-09-24T13:55:24.7341027Z [980/1417] Building C object esp-idf/fatfs/CMakeFiles/__idf_fatfs.dir/src/ff.c.obj[K
2026-09-24T13:55:24.7432619Z [981/1417] Building C object esp-idf/ieee802154/CMakeFiles/__idf_ieee802154.dir/driver/esp_ieee802154_pib.c.obj[K
2026-09-24T13:55:24.8168250Z [982/1417] Building C object esp-idf/ieee802154/CMakeFiles/__idf_ieee802154.dir/driver/esp_ieee802154_util.c.obj[K
2026-09-24T13:55:24.8346386Z [983/1417] Building C object esp-idf/ieee802154/CMakeFiles/__idf_ieee802154.dir/driver/esp_ieee802154_sec.c.obj[K
2026-09-24T13:55:24.8434495Z [984/1417] Building C object esp-idf/ieee802154/CMakeFiles/__idf_ieee802154.dir/driver/esp_ieee802154_frame.c.obj[K
2026-09-24T13:55:24.8849831Z [985/1417] Building C object esp-idf/fatfs/CMakeFiles/__idf_fatfs.dir/vfs/vfs_fat.c.obj[K
2026-09-24T13:55:24.8947034Z [986/1417] Linking C static library esp-idf/fatfs/libfatfs.a[K
2026-09-24T13:55:24.9577219Z [987/1417] Building C object esp-idf/ieee802154/CMakeFiles/__idf_ieee802154.dir/driver/esp_ieee802154_timer.c.obj[K
2026-09-24T13:55:24.9902954Z [988/1417] Building C object esp-idf/ieee802154/CMakeFiles/__idf_ieee802154.dir/driver/esp_ieee802154_dev.c.obj[K
2026-09-24T13:55:25.2020830Z [989/1417] Linking C static library esp-idf/ieee802154/libieee802154.a[K
2026-09-24T13:55:25.2368449Z [990/1417] Building C object esp-idf/mqtt/CMakeFiles/__idf_mqtt.dir/esp-mqtt/lib/mqtt_outbox.c.obj[K
2026-09-24T13:55:25.3322274Z [991/1417] Building C object esp-idf/mqtt/CMakeFiles/__idf_mqtt.dir/esp-mqtt/lib/platform_esp32_idf.c.obj[K
2026-09-24T13:55:25.3358180Z [992/1417] Building C object esp-idf/json/CMakeFiles/__idf_json.dir/cJSON/cJSON_Utils.c.obj[K
2026-09-24T13:55:25.3587405Z [993/1417] Building C object esp-idf/json/CMakeFiles/__idf_json.dir/cJSON/cJSON.c.obj[K
2026-09-24T13:55:25.4161938Z [994/1417] Linking C static library esp-idf/json/libjson.a[K
2026-09-24T13:55:25.4608256Z [995/1417] Building C object esp-idf/mqtt/CMakeFiles/__idf_mqtt.dir/esp-mqtt/lib/mqtt_msg.c.obj[K
2026-09-24T13:55:25.4771002Z [996/1417] Building C object esp-idf/nvs_sec_provider/CMakeFiles/__idf_nvs_sec_provider.dir/nvs_sec_provider.c.obj[K
2026-09-24T13:55:25.5488682Z [997/1417] Linking C static library esp-idf/nvs_sec_provider/libnvs_sec_provider.a[K
2026-09-24T13:55:25.6222729Z [998/1417] Building C object esp-idf/rt/CMakeFiles/__idf_rt.dir/FreeRTOS_POSIX_mqueue.c.obj[K
2026-09-24T13:55:25.6791985Z [999/1417] Building C object esp-idf/spiffs/CMakeFiles/__idf_spiffs.dir/spiffs_api.c.obj[K
2026-09-24T13:55:25.7245937Z [1000/1417] Building C object esp-idf/spiffs/CMakeFiles/__idf_spiffs.dir/spiffs/src/spiffs_cache.c.obj[K
2026-09-24T13:55:25.7453164Z [1001/1417] Building C object esp-idf/rt/CMakeFiles/__idf_rt.dir/FreeRTOS_POSIX_utils.c.obj[K
2026-09-24T13:55:25.8930454Z [1002/1417] Linking C static library esp-idf/rt/librt.a[K
2026-09-24T13:55:25.9182052Z [1003/1417] Building C object esp-idf/spiffs/CMakeFiles/__idf_spiffs.dir/spiffs/src/spiffs_check.c.obj[K
2026-09-24T13:55:25.9473415Z [1004/1417] Building C object esp-idf/mqtt/CMakeFiles/__idf_mqtt.dir/esp-mqtt/mqtt_client.c.obj[K
2026-09-24T13:55:26.0112644Z [1005/1417] Linking C static library esp-idf/mqtt/libmqtt.a[K
2026-09-24T13:55:26.0970231Z [1006/1417] Building C object esp-idf/spiffs/CMakeFiles/__idf_spiffs.dir/spiffs/src/spiffs_gc.c.obj[K
2026-09-24T13:55:26.2079271Z [1007/1417] Building C object esp-idf/wifi_provisioning/CMakeFiles/__idf_wifi_provisioning.dir/src/wifi_config.c.obj[K
2026-09-24T13:55:26.3067896Z [1008/1417] Building C object esp-idf/spiffs/CMakeFiles/__idf_spiffs.dir/spiffs/src/spiffs_hydrogen.c.obj[K
2026-09-24T13:55:26.3246262Z [1009/1417] Building C object esp-idf/spiffs/CMakeFiles/__idf_spiffs.dir/esp_spiffs.c.obj[K
2026-09-24T13:55:26.3888211Z [1010/1417] Building C object esp-idf/wifi_provisioning/CMakeFiles/__idf_wifi_provisioning.dir/src/wifi_ctrl.c.obj[K
2026-09-24T13:55:26.3915503Z [1011/1417] Building C object esp-idf/spiffs/CMakeFiles/__idf_spiffs.dir/spiffs/src/spiffs_nucleus.c.obj[K
2026-09-24T13:55:26.4152785Z [1012/1417] Building C object esp-idf/wifi_provisioning/CMakeFiles/__idf_wifi_provisioning.dir/src/wifi_scan.c.obj[K
2026-09-24T13:55:26.5412995Z [1013/1417] Linking C static library esp-idf/spiffs/libspiffs.a[K
2026-09-24T13:55:26.5850384Z [1014/1417] Building C object esp-idf/wifi_provisioning/CMakeFiles/__idf_wifi_provisioning.dir/src/handlers.c.obj[K
2026-09-24T13:55:26.6087266Z [1015/1417] Building C object esp-idf/wifi_provisioning/CMakeFiles/__idf_wifi_provisioning.dir/src/scheme_console.c.obj[K
2026-09-24T13:55:26.6587991Z [1016/1417] Building C object esp-idf/wifi_provisioning/CMakeFiles/__idf_wifi_provisioning.dir/proto-c/wifi_config.pb-c.c.obj[K
2026-09-24T13:55:26.6979558Z [1017/1417] Building C object esp-idf/wifi_provisioning/CMakeFiles/__idf_wifi_provisioning.dir/proto-c/wifi_ctrl.pb-c.c.obj[K
2026-09-24T13:55:26.7283028Z [1018/1417] Building C object esp-idf/wifi_provisioning/CMakeFiles/__idf_wifi_provisioning.dir/proto-c/wifi_scan.pb-c.c.obj[K
2026-09-24T13:55:26.8393312Z [1019/1417] Building C object esp-idf/wifi_provisioning/CMakeFiles/__idf_wifi_provisioning.dir/proto-c/wifi_constants.pb-c.c.obj[K
2026-09-24T13:55:26.9337570Z [1020/1417] Building C object esp-idf/wifi_provisioning/CMakeFiles/__idf_wifi_provisioning.dir/src/manager.c.obj[K
2026-09-24T13:55:26.9543593Z [1021/1417] Building C object esp-idf/espressif__esp_lcd_sh8601/CMakeFiles/__idf_espressif__esp_lcd_sh8601.dir/esp_lcd_sh8601.c.obj[K
2026-09-24T13:55:26.9947372Z [1022/1417] Linking C static library esp-idf/espressif__esp_lcd_sh8601/libespressif__esp_lcd_sh8601.a[K
2026-09-24T13:55:27.0044720Z [1023/1417] Building C object esp-idf/wifi_provisioning/CMakeFiles/__idf_wifi_provisioning.dir/src/scheme_softap.c.obj[K
2026-09-24T13:55:27.0481670Z [1024/1417] Building C object esp-idf/lvgl__lvgl/CMakeFiles/__idf_lvgl__lvgl.dir/src/core/lv_disp.c.obj[K
2026-09-24T13:55:27.0721987Z [1025/1417] Linking C static library esp-idf/wifi_provisioning/libwifi_provisioning.a[K
2026-09-24T13:55:27.1017572Z [1026/1417] Building C object esp-idf/lvgl__lvgl/CMakeFiles/__idf_lvgl__lvgl.dir/src/core/lv_group.c.obj[K
2026-09-24T13:55:27.3083527Z [1027/1417] Building C object esp-idf/lvgl__lvgl/CMakeFiles/__idf_lvgl__lvgl.dir/src/core/lv_event.c.obj[K
2026-09-24T13:55:27.3215980Z [1028/1417] Building C object esp-idf/lvgl__lvgl/CMakeFiles/__idf_lvgl__lvgl.dir/src/core/lv_indev_scroll.c.obj[K
2026-09-24T13:55:27.3752373Z [1029/1417] Building C object esp-idf/lvgl__lvgl/CMakeFiles/__idf_lvgl__lvgl.dir/src/core/lv_indev.c.obj[K
2026-09-24T13:55:27.4583973Z [1030/1417] Building C object esp-idf/lvgl__lvgl/CMakeFiles/__idf_lvgl__lvgl.dir/src/core/lv_obj_class.c.obj[K
2026-09-24T13:55:27.5698610Z [1031/1417] Building C object esp-idf/lvgl__lvgl/CMakeFiles/__idf_lvgl__lvgl.dir/src/core/lv_obj_draw.c.obj[K
2026-09-24T13:55:27.7792219Z [1032/1417] Building C object esp-idf/lvgl__lvgl/CMakeFiles/__idf_lvgl__lvgl.dir/src/core/lv_obj.c.obj[K
2026-09-24T13:55:27.7859594Z [1033/1417] Building C object esp-idf/lvgl__lvgl/CMakeFiles/__idf_lvgl__lvgl.dir/src/core/lv_obj_pos.c.obj[K
2026-09-24T13:55:27.8015477Z [1034/1417] Building C object esp-idf/lvgl__lvgl/CMakeFiles/__idf_lvgl__lvgl.dir/src/core/lv_obj_tree.c.obj[K
2026-09-24T13:55:27.8502647Z [1035/1417] Building C object esp-idf/lvgl__lvgl/CMakeFiles/__idf_lvgl__lvgl.dir/src/core/lv_obj_style.c.obj[K
2026-09-24T13:55:27.8542050Z [1036/1417] Building C object esp-idf/lvgl__lvgl/CMakeFiles/__idf_lvgl__lvgl.dir/src/core/lv_obj_style_gen.c.obj[K
2026-09-24T13:55:27.9978300Z [1037/1417] Building C object esp-idf/lvgl__lvgl/CMakeFiles/__idf_lvgl__lvgl.dir/src/core/lv_obj_scroll.c.obj[K
2026-09-24T13:55:28.0130626Z [1038/1417] Building C object esp-idf/lvgl__lvgl/CMakeFiles/__idf_lvgl__lvgl.dir/src/draw/lv_draw.c.obj[K
2026-09-24T13:55:28.0371192Z [1039/1417] Building C object esp-idf/lvgl__lvgl/CMakeFiles/__idf_lvgl__lvgl.dir/src/draw/arm2d/lv_gpu_arm2d.c.obj[K
2026-09-24T13:55:28.1110911Z [1040/1417] Building C object esp-idf/lvgl__lvgl/CMakeFiles/__idf_lvgl__lvgl.dir/src/core/lv_refr.c.obj[K
2026-09-24T13:55:28.1135328Z [1041/1417] Building C object esp-idf/lvgl__lvgl/CMakeFiles/__idf_lvgl__lvgl.dir/src/draw/lv_draw_arc.c.obj[K
2026-09-24T13:55:28.1480254Z [1042/1417] Building C object esp-idf/lvgl__lvgl/CMakeFiles/__idf_lvgl__lvgl.dir/src/core/lv_theme.c.obj[K
2026-09-24T13:55:28.2616828Z [1043/1417] Building C object esp-idf/lvgl__lvgl/CMakeFiles/__idf_lvgl__lvgl.dir/src/draw/lv_draw_img.c.obj[K
2026-09-24T13:55:28.2945116Z [1044/1417] Building C object esp-idf/lvgl__lvgl/CMakeFiles/__idf_lvgl__lvgl.dir/src/draw/lv_draw_layer.c.obj[K
2026-09-24T13:55:28.3316158Z [1045/1417] Building C object esp-idf/lvgl__lvgl/CMakeFiles/__idf_lvgl__lvgl.dir/src/draw/lv_draw_line.c.obj[K
2026-09-24T13:55:28.3694921Z [1046/1417] Building C object esp-idf/lvgl__lvgl/CMakeFiles/__idf_lvgl__lvgl.dir/src/draw/lv_draw_label.c.obj[K
2026-09-24T13:55:28.3884615Z [1047/1417] Building C object esp-idf/lvgl__lvgl/CMakeFiles/__idf_lvgl__lvgl.dir/src/draw/lv_draw_transform.c.obj[K
2026-09-24T13:55:28.4706817Z [1048/1417] Building C object esp-idf/lvgl__lvgl/CMakeFiles/__idf_lvgl__lvgl.dir/src/draw/lv_draw_rect.c.obj[K
2026-09-24T13:55:28.4708916Z [1049/1417] Building C object esp-idf/lvgl__lvgl/CMakeFiles/__idf_lvgl__lvgl.dir/src/draw/lv_draw_triangle.c.obj[K
2026-09-24T13:55:28.5041714Z [1050/1417] Building C object esp-idf/lvgl__lvgl/CMakeFiles/__idf_lvgl__lvgl.dir/src/draw/nxp/pxp/lv_draw_pxp.c.obj[K
2026-09-24T13:55:28.5599461Z [1051/1417] Building C object esp-idf/lvgl__lvgl/CMakeFiles/__idf_lvgl__lvgl.dir/src/draw/lv_img_cache.c.obj[K
2026-09-24T13:55:28.5661619Z [1052/1417] Building C object esp-idf/lvgl__lvgl/CMakeFiles/__idf_lvgl__lvgl.dir/src/draw/nxp/pxp/lv_gpu_nxp_pxp_osa.c.obj[K
2026-09-24T13:55:28.5855927Z [1053/1417] Building C object esp-idf/lvgl__lvgl/CMakeFiles/__idf_lvgl__lvgl.dir/src/draw/nxp/pxp/lv_draw_pxp_blend.c.obj[K
2026-09-24T13:55:28.5870902Z [1054/1417] Building C object esp-idf/lvgl__lvgl/CMakeFiles/__idf_lvgl__lvgl.dir/src/draw/nxp/pxp/lv_gpu_nxp_pxp.c.obj[K
2026-09-24T13:55:28.6147780Z [1055/1417] Building C object esp-idf/lvgl__lvgl/CMakeFiles/__idf_lvgl__lvgl.dir/src/draw/lv_draw_mask.c.obj[K
2026-09-24T13:55:28.6259968Z [1056/1417] Building C object esp-idf/lvgl__lvgl/CMakeFiles/__idf_lvgl__lvgl.dir/src/draw/nxp/vglite/lv_draw_vglite.c.obj[K
2026-09-24T13:55:28.6287642Z [1057/1417] Building C object esp-idf/lvgl__lvgl/CMakeFiles/__idf_lvgl__lvgl.dir/src/draw/nxp/vglite/lv_draw_vglite_arc.c.obj[K
2026-09-24T13:55:28.6720097Z [1058/1417] Building C object esp-idf/lvgl__lvgl/CMakeFiles/__idf_lvgl__lvgl.dir/src/draw/lv_img_buf.c.obj[K
2026-09-24T13:55:28.6838372Z [1059/1417] Building C object esp-idf/lvgl__lvgl/CMakeFiles/__idf_lvgl__lvgl.dir/src/draw/nxp/vglite/lv_draw_vglite_blend.c.obj[K
2026-09-24T13:55:28.6926211Z [1060/1417] Building C object esp-idf/lvgl__lvgl/CMakeFiles/__idf_lvgl__lvgl.dir/src/draw/nxp/vglite/lv_draw_vglite_line.c.obj[K
2026-09-24T13:55:28.7013103Z [1061/1417] Building C object esp-idf/lvgl__lvgl/CMakeFiles/__idf_lvgl__lvgl.dir/src/draw/nxp/vglite/lv_vglite_buf.c.obj[K
2026-09-24T13:55:28.7105146Z [1062/1417] Building C object esp-idf/lvgl__lvgl/CMakeFiles/__idf_lvgl__lvgl.dir/src/draw/nxp/vglite/lv_draw_vglite_rect.c.obj[K
2026-09-24T13:55:28.7147375Z [1063/1417] Building C object esp-idf/lvgl__lvgl/CMakeFiles/__idf_lvgl__lvgl.dir/src/draw/lv_img_decoder.c.obj[K
2026-09-24T13:55:28.7522438Z [1064/1417] Building C object esp-idf/lvgl__lvgl/CMakeFiles/__idf_lvgl__lvgl.dir/src/draw/nxp/vglite/lv_vglite_utils.c.obj[K
2026-09-24T13:55:28.7835938Z [1065/1417] Building C object esp-idf/lvgl__lvgl/CMakeFiles/__idf_lvgl__lvgl.dir/src/draw/sdl/lv_draw_sdl.c.obj[K
2026-09-24T13:55:28.7850196Z [1066/1417] Building C object esp-idf/lvgl__lvgl/CMakeFiles/__idf_lvgl__lvgl.dir/src/draw/sdl/lv_draw_sdl_arc.c.obj[K
2026-09-24T13:55:28.8044628Z [1067/1417] Building C object esp-idf/lvgl__lvgl/CMakeFiles/__idf_lvgl__lvgl.dir/src/draw/sdl/lv_draw_sdl_bg.c.obj[K
2026-09-24T13:55:28.8322642Z [1068/1417] Building C object esp-idf/lvgl__lvgl/CMakeFiles/__idf_lvgl__lvgl.dir/src/draw/sdl/lv_draw_sdl_composite.c.obj[K
2026-09-24T13:55:28.8560567Z [1069/1417] Building C object esp-idf/lvgl__lvgl/CMakeFiles/__idf_lvgl__lvgl.dir/src/draw/sdl/lv_draw_sdl_img.c.obj[K
2026-09-24T13:55:28.8604650Z [1070/1417] Building C object esp-idf/lvgl__lvgl/CMakeFiles/__idf_lvgl__lvgl.dir/src/draw/sdl/lv_draw_sdl_layer.c.obj[K
2026-09-24T13:55:28.8811034Z [1071/1417] Building C object esp-idf/lvgl__lvgl/CMakeFiles/__idf_lvgl__lvgl.dir/src/draw/renesas/lv_gpu_d2_draw_label.c.obj[K
2026-09-24T13:55:28.8851672Z [1072/1417] Building C object esp-idf/lvgl__lvgl/CMakeFiles/__idf_lvgl__lvgl.dir/src/draw/sdl/lv_draw_sdl_label.c.obj[K
2026-09-24T13:55:28.8939044Z [1073/1417] Building C object esp-idf/lvgl__lvgl/CMakeFiles/__idf_lvgl__lvgl.dir/src/draw/sdl/lv_draw_sdl_line.c.obj[K
2026-09-24T13:55:28.8981148Z [1074/1417] Building C object esp-idf/lvgl__lvgl/CMakeFiles/__idf_lvgl__lvgl.dir/src/draw/renesas/lv_gpu_d2_ra6m3.c.obj[K
2026-09-24T13:55:28.9267084Z [1075/1417] Building C object esp-idf/lvgl__lvgl/CMakeFiles/__idf_lvgl__lvgl.dir/src/draw/sdl/lv_draw_sdl_mask.c.obj[K
2026-09-24T13:55:28.9436434Z [1076/1417] Building C object esp-idf/lvgl__lvgl/CMakeFiles/__idf_lvgl__lvgl.dir/src/draw/sdl/lv_draw_sdl_polygon.c.obj[K
2026-09-24T13:55:28.9474304Z [1077/1417] Building C object esp-idf/lvgl__lvgl/CMakeFiles/__idf_lvgl__lvgl.dir/src/draw/sdl/lv_draw_sdl_stack_blur.c.obj[K
2026-09-24T13:55:28.9492201Z [1078/1417] Building C object esp-idf/lvgl__lvgl/CMakeFiles/__idf_lvgl__lvgl.dir/src/draw/sdl/lv_draw_sdl_texture_cache.c.obj[K
2026-09-24T13:55:28.9619403Z [1079/1417] Building C object esp-idf/lvgl__lvgl/CMakeFiles/__idf_lvgl__lvgl.dir/src/draw/sdl/lv_draw_sdl_rect.c.obj[K
2026-09-24T13:55:29.1290563Z [1080/1417] Building C object esp-idf/lvgl__lvgl/CMakeFiles/__idf_lvgl__lvgl.dir/src/draw/sdl/lv_draw_sdl_utils.c.obj[K
2026-09-24T13:55:29.1597632Z [1081/1417] Building C object esp-idf/lvgl__lvgl/CMakeFiles/__idf_lvgl__lvgl.dir/src/draw/sw/lv_draw_sw.c.obj[K
2026-09-24T13:55:29.1696627Z [1082/1417] Building C object esp-idf/lvgl__lvgl/CMakeFiles/__idf_lvgl__lvgl.dir/src/draw/sw/lv_draw_sw_dither.c.obj[K
2026-09-24T13:55:29.2189905Z [1083/1417] Building C object esp-idf/lvgl__lvgl/CMakeFiles/__idf_lvgl__lvgl.dir/src/draw/stm32_dma2d/lv_gpu_stm32_dma2d.c.obj[K
2026-09-24T13:55:29.2900200Z [1084/1417] Building C object esp-idf/lvgl__lvgl/CMakeFiles/__idf_lvgl__lvgl.dir/src/draw/sw/lv_draw_sw_arc.c.obj[K
2026-09-24T13:55:29.3551487Z [1085/1417] Building C object esp-idf/lvgl__lvgl/CMakeFiles/__idf_lvgl__lvgl.dir/src/draw/sw/lv_draw_sw_gradient.c.obj[K
2026-09-24T13:55:29.3897589Z [1086/1417] Building C object esp-idf/lvgl__lvgl/CMakeFiles/__idf_lvgl__lvgl.dir/src/draw/sw/lv_draw_sw_blend.c.obj[K
2026-09-24T13:55:29.4422068Z [1087/1417] Building C object esp-idf/lvgl__lvgl/CMakeFiles/__idf_lvgl__lvgl.dir/src/draw/sw/lv_draw_sw_layer.c.obj[K
2026-09-24T13:55:29.4526176Z [1088/1417] Building C object esp-idf/lvgl__lvgl/CMakeFiles/__idf_lvgl__lvgl.dir/src/draw/sw/lv_draw_sw_img.c.obj[K
2026-09-24T13:55:29.5740291Z [1089/1417] Building C object esp-idf/lvgl__lvgl/CMakeFiles/__idf_lvgl__lvgl.dir/src/draw/sw/lv_draw_sw_letter.c.obj[K
2026-09-24T13:55:29.5930989Z [1090/1417] Building C object esp-idf/lvgl__lvgl/CMakeFiles/__idf_lvgl__lvgl.dir/src/draw/sw/lv_draw_sw_polygon.c.obj[K
2026-09-24T13:55:29.6311930Z [1091/1417] Building C object esp-idf/lvgl__lvgl/CMakeFiles/__idf_lvgl__lvgl.dir/src/draw/sw/lv_draw_sw_line.c.obj[K
2026-09-24T13:55:29.7152281Z [1092/1417] Building C object esp-idf/lvgl__lvgl/CMakeFiles/__idf_lvgl__lvgl.dir/src/draw/swm341_dma2d/lv_gpu_swm341_dma2d.c.obj[K
2026-09-24T13:55:29.9195404Z [1093/1417] Building C object esp-idf/lvgl__lvgl/CMakeFiles/__idf_lvgl__lvgl.dir/src/draw/sw/lv_draw_sw_transform.c.obj[K
2026-09-24T13:55:29.9303056Z [1094/1417] Building C object esp-idf/lvgl__lvgl/CMakeFiles/__idf_lvgl__lvgl.dir/src/extra/libs/freetype/lv_freetype.c.obj[K
2026-09-24T13:55:29.9323172Z [1095/1417] Building C object esp-idf/lvgl__lvgl/CMakeFiles/__idf_lvgl__lvgl.dir/src/extra/libs/bmp/lv_bmp.c.obj[K
2026-09-24T13:55:29.9508812Z [1096/1417] Building C object esp-idf/lvgl__lvgl/CMakeFiles/__idf_lvgl__lvgl.dir/src/extra/layouts/grid/lv_grid.c.obj[K
2026-09-24T13:55:29.9626361Z [1097/1417] Building C object esp-idf/lvgl__lvgl/CMakeFiles/__idf_lvgl__lvgl.dir/src/extra/libs/ffmpeg/lv_ffmpeg.c.obj[K
2026-09-24T13:55:30.0895018Z [1098/1417] Building C object esp-idf/lvgl__lvgl/CMakeFiles/__idf_lvgl__lvgl.dir/src/extra/layouts/flex/lv_flex.c.obj[K
2026-09-24T13:55:30.1721007Z [1099/1417] Building C object esp-idf/lvgl__lvgl/CMakeFiles/__idf_lvgl__lvgl.dir/src/draw/sw/lv_draw_sw_rect.c.obj[K
2026-09-24T13:55:30.1757285Z [1100/1417] Building C object esp-idf/lvgl__lvgl/CMakeFiles/__idf_lvgl__lvgl.dir/src/extra/libs/fsdrv/lv_fs_fatfs.c.obj[K
2026-09-24T13:55:30.1789601Z [1101/1417] Building C object esp-idf/lvgl__lvgl/CMakeFiles/__idf_lvgl__lvgl.dir/src/extra/libs/fsdrv/lv_fs_stdio.c.obj[K
2026-09-24T13:55:30.2087740Z [1102/1417] Building C object esp-idf/lvgl__lvgl/CMakeFiles/__idf_lvgl__lvgl.dir/src/extra/libs/fsdrv/lv_fs_posix.c.obj[K
2026-09-24T13:55:30.2239074Z [1103/1417] Building C object esp-idf/lvgl__lvgl/CMakeFiles/__idf_lvgl__lvgl.dir/src/extra/libs/fsdrv/lv_fs_littlefs.c.obj[K
2026-09-24T13:55:30.2677460Z [1104/1417] Building C object esp-idf/lvgl__lvgl/CMakeFiles/__idf_lvgl__lvgl.dir/src/extra/libs/gif/gifdec.c.obj[K
2026-09-24T13:55:30.4203160Z [1105/1417] Building C object esp-idf/lvgl__lvgl/CMakeFiles/__idf_lvgl__lvgl.dir/src/extra/libs/fsdrv/lv_fs_win32.c.obj[K
2026-09-24T13:55:30.4844265Z [1106/1417] Building C object esp-idf/lvgl__lvgl/CMakeFiles/__idf_lvgl__lvgl.dir/src/extra/libs/png/lodepng.c.obj[K
2026-09-24T13:55:30.4846591Z [1107/1417] Building C object esp-idf/lvgl__lvgl/CMakeFiles/__idf_lvgl__lvgl.dir/src/extra/libs/qrcode/lv_qrcode.c.obj[K
2026-09-24T13:55:30.4894693Z [1108/1417] Building C object esp-idf/lvgl__lvgl/CMakeFiles/__idf_lvgl__lvgl.dir/src/extra/libs/rlottie/lv_rlottie.c.obj[K
2026-09-24T13:55:30.5014937Z [1109/1417] Building C object esp-idf/lvgl__lvgl/CMakeFiles/__idf_lvgl__lvgl.dir/src/extra/libs/png/lv_png.c.obj[K
2026-09-24T13:55:30.5717574Z [1110/1417] Building C object esp-idf/lvgl__lvgl/CMakeFiles/__idf_lvgl__lvgl.dir/src/extra/libs/gif/lv_gif.c.obj[K
2026-09-24T13:55:30.5764263Z [1111/1417] Building C object esp-idf/lvgl__lvgl/CMakeFiles/__idf_lvgl__lvgl.dir/src/extra/libs/sjpg/tjpgd.c.obj[K
2026-09-24T13:55:30.6496464Z [1112/1417] Building C object esp-idf/lvgl__lvgl/CMakeFiles/__idf_lvgl__lvgl.dir/src/extra/others/fragment/lv_fragment.c.obj[K
2026-09-24T13:55:30.6509648Z [1113/1417] Building C object esp-idf/lvgl__lvgl/CMakeFiles/__idf_lvgl__lvgl.dir/src/extra/libs/qrcode/qrcodegen.c.obj[K
2026-09-24T13:55:30.6714293Z [1114/1417] Building C object esp-idf/lvgl__lvgl/CMakeFiles/__idf_lvgl__lvgl.dir/src/extra/others/fragment/lv_fragment_manager.c.obj[K
2026-09-24T13:55:30.7511620Z [1115/1417] Building C object esp-idf/lvgl__lvgl/CMakeFiles/__idf_lvgl__lvgl.dir/src/extra/libs/sjpg/lv_sjpg.c.obj[K
2026-09-24T13:55:30.7957999Z [1116/1417] Building C object esp-idf/lvgl__lvgl/CMakeFiles/__idf_lvgl__lvgl.dir/src/extra/libs/tiny_ttf/lv_tiny_ttf.c.obj[K
2026-09-24T13:55:30.8694519Z [1117/1417] Building C object esp-idf/lvgl__lvgl/CMakeFiles/__idf_lvgl__lvgl.dir/src/extra/others/gridnav/lv_gridnav.c.obj[K
2026-09-24T13:55:30.9113616Z [1118/1417] Building C object esp-idf/lvgl__lvgl/CMakeFiles/__idf_lvgl__lvgl.dir/src/extra/lv_extra.c.obj[K
2026-09-24T13:55:30.9206935Z [1119/1417] Building C object esp-idf/lvgl__lvgl/CMakeFiles/__idf_lvgl__lvgl.dir/src/extra/others/monkey/lv_monkey.c.obj[K
2026-09-24T13:55:30.9516616Z [1120/1417] Building C object esp-idf/lvgl__lvgl/CMakeFiles/__idf_lvgl__lvgl.dir/src/extra/others/imgfont/lv_imgfont.c.obj[K
2026-09-24T13:55:30.9968574Z [1121/1417] Building C object esp-idf/lvgl__lvgl/CMakeFiles/__idf_lvgl__lvgl.dir/src/extra/others/msg/lv_msg.c.obj[K
2026-09-24T13:55:31.0606570Z [1122/1417] Building C object esp-idf/lvgl__lvgl/CMakeFiles/__idf_lvgl__lvgl.dir/src/extra/others/ime/lv_ime_pinyin.c.obj[K
2026-09-24T13:55:31.1465246Z [1123/1417] Building C object esp-idf/lvgl__lvgl/CMakeFiles/__idf_lvgl__lvgl.dir/src/extra/others/snapshot/lv_snapshot.c.obj[K
2026-09-24T13:55:31.2451967Z [1124/1417] Building C object esp-idf/lvgl__lvgl/CMakeFiles/__idf_lvgl__lvgl.dir/src/extra/themes/mono/lv_theme_mono.c.obj[K
2026-09-24T13:55:31.3333007Z [1125/1417] Building C object esp-idf/lvgl__lvgl/CMakeFiles/__idf_lvgl__lvgl.dir/src/extra/themes/basic/lv_theme_basic.c.obj[K
2026-09-24T13:55:31.3668981Z [1126/1417] Building C object esp-idf/lvgl__lvgl/CMakeFiles/__idf_lvgl__lvgl.dir/src/extra/widgets/calendar/lv_calendar_header_dropdown.c.obj[K
2026-09-24T13:55:31.3832753Z [1127/1417] Building C object esp-idf/lvgl__lvgl/CMakeFiles/__idf_lvgl__lvgl.dir/src/extra/widgets/calendar/lv_calendar_header_arrow.c.obj[K
2026-09-24T13:55:31.3930720Z [1128/1417] Building C object esp-idf/lvgl__lvgl/CMakeFiles/__idf_lvgl__lvgl.dir/src/extra/widgets/animimg/lv_animimg.c.obj[K
2026-09-24T13:55:31.6392583Z [1129/1417] Building C object esp-idf/lvgl__lvgl/CMakeFiles/__idf_lvgl__lvgl.dir/src/extra/widgets/calendar/lv_calendar.c.obj[K
2026-09-24T13:55:31.6826908Z [1130/1417] Building C object esp-idf/lvgl__lvgl/CMakeFiles/__idf_lvgl__lvgl.dir/src/extra/widgets/keyboard/lv_keyboard.c.obj[K
2026-09-24T13:55:31.7689074Z [1131/1417] Building C object esp-idf/lvgl__lvgl/CMakeFiles/__idf_lvgl__lvgl.dir/src/extra/themes/default/lv_theme_default.c.obj[K
2026-09-24T13:55:31.7883115Z [1132/1417] Building C object esp-idf/lvgl__lvgl/CMakeFiles/__idf_lvgl__lvgl.dir/src/extra/widgets/imgbtn/lv_imgbtn.c.obj[K
2026-09-24T13:55:31.7956215Z [1133/1417] Building C object esp-idf/lvgl__lvgl/CMakeFiles/__idf_lvgl__lvgl.dir/src/extra/widgets/led/lv_led.c.obj[K
2026-09-24T13:55:31.9532322Z [1134/1417] Building C object esp-idf/lvgl__lvgl/CMakeFiles/__idf_lvgl__lvgl.dir/src/extra/widgets/colorwheel/lv_colorwheel.c.obj[K
2026-09-24T13:55:32.0699767Z [1135/1417] Building C object esp-idf/lvgl__lvgl/CMakeFiles/__idf_lvgl__lvgl.dir/src/extra/widgets/list/lv_list.c.obj[K
2026-09-24T13:55:32.0847275Z [1136/1417] Building C object esp-idf/lvgl__lvgl/CMakeFiles/__idf_lvgl__lvgl.dir/src/extra/widgets/menu/lv_menu.c.obj[K
2026-09-24T13:55:32.1382282Z [1137/1417] Building C object esp-idf/lvgl__lvgl/CMakeFiles/__idf_lvgl__lvgl.dir/src/extra/widgets/msgbox/lv_msgbox.c.obj[K
2026-09-24T13:55:32.1503731Z [1138/1417] Building C object esp-idf/lvgl__lvgl/CMakeFiles/__idf_lvgl__lvgl.dir/src/extra/widgets/meter/lv_meter.c.obj[K
2026-09-24T13:55:32.3809343Z [1139/1417] Building C object esp-idf/lvgl__lvgl/CMakeFiles/__idf_lvgl__lvgl.dir/src/extra/widgets/chart/lv_chart.c.obj[K
2026-09-24T13:55:32.3969630Z [1140/1417] Building C object esp-idf/lvgl__lvgl/CMakeFiles/__idf_lvgl__lvgl.dir/src/extra/widgets/span/lv_span.c.obj[K
2026-09-24T13:55:32.4030824Z [1141/1417] Building C object esp-idf/lvgl__lvgl/CMakeFiles/__idf_lvgl__lvgl.dir/src/extra/widgets/win/lv_win.c.obj[K
2026-09-24T13:55:32.4097299Z [1142/1417] Building C object esp-idf/lvgl__lvgl/CMakeFiles/__idf_lvgl__lvgl.dir/src/extra/widgets/spinner/lv_spinner.c.obj[K
2026-09-24T13:55:32.4558316Z [1143/1417] Building C object esp-idf/lvgl__lvgl/CMakeFiles/__idf_lvgl__lvgl.dir/src/extra/widgets/spinbox/lv_spinbox.c.obj[K
2026-09-24T13:55:32.5168606Z [1144/1417] Building C object esp-idf/lvgl__lvgl/CMakeFiles/__idf_lvgl__lvgl.dir/src/extra/widgets/tileview/lv_tileview.c.obj[K
2026-09-24T13:55:32.5473423Z [1145/1417] Building C object esp-idf/lvgl__lvgl/CMakeFiles/__idf_lvgl__lvgl.dir/src/extra/widgets/tabview/lv_tabview.c.obj[K
2026-09-24T13:55:32.6292636Z [1146/1417] Building C object esp-idf/lvgl__lvgl/CMakeFiles/__idf_lvgl__lvgl.dir/src/font/lv_font.c.obj[K
2026-09-24T13:55:32.7259570Z [1147/1417] Building C object esp-idf/lvgl__lvgl/CMakeFiles/__idf_lvgl__lvgl.dir/src/font/lv_font_fmt_txt.c.obj[K
2026-09-24T13:55:32.7463092Z [1148/1417] Building C object esp-idf/lvgl__lvgl/CMakeFiles/__idf_lvgl__lvgl.dir/src/font/lv_font_montserrat_10.c.obj[K
2026-09-24T13:55:32.7516252Z [1149/1417] Building C object esp-idf/lvgl__lvgl/CMakeFiles/__idf_lvgl__lvgl.dir/src/font/lv_font_montserrat_12.c.obj[K
2026-09-24T13:55:32.8131698Z [1150/1417] Building C object esp-idf/lvgl__lvgl/CMakeFiles/__idf_lvgl__lvgl.dir/src/font/lv_font_dejavu_16_persian_hebrew.c.obj[K
2026-09-24T13:55:32.9212926Z [1151/1417] Building C object esp-idf/lvgl__lvgl/CMakeFiles/__idf_lvgl__lvgl.dir/src/font/lv_font_montserrat_12_subpx.c.obj[K
2026-09-24T13:55:32.9629993Z [1152/1417] Building C object esp-idf/lvgl__lvgl/CMakeFiles/__idf_lvgl__lvgl.dir/src/font/lv_font_montserrat_14.c.obj[K
2026-09-24T13:55:33.0144109Z [1153/1417] Building C object esp-idf/lvgl__lvgl/CMakeFiles/__idf_lvgl__lvgl.dir/src/font/lv_font_loader.c.obj[K
2026-09-24T13:55:33.0189721Z [1154/1417] Building C object esp-idf/lvgl__lvgl/CMakeFiles/__idf_lvgl__lvgl.dir/src/font/lv_font_montserrat_16.c.obj[K
2026-09-24T13:55:33.0244345Z [1155/1417] Building C object esp-idf/lvgl__lvgl/CMakeFiles/__idf_lvgl__lvgl.dir/src/font/lv_font_montserrat_20.c.obj[K
2026-09-24T13:55:33.1486323Z [1156/1417] Building C object esp-idf/lvgl__lvgl/CMakeFiles/__idf_lvgl__lvgl.dir/src/font/lv_font_montserrat_18.c.obj[K
2026-09-24T13:55:33.1528629Z [1157/1417] Building C object esp-idf/lvgl__lvgl/CMakeFiles/__idf_lvgl__lvgl.dir/src/font/lv_font_montserrat_22.c.obj[K
2026-09-24T13:55:33.2417173Z [1158/1417] Building C object esp-idf/lvgl__lvgl/CMakeFiles/__idf_lvgl__lvgl.dir/src/font/lv_font_montserrat_24.c.obj[K
2026-09-24T13:55:33.2771838Z [1159/1417] Building C object esp-idf/lvgl__lvgl/CMakeFiles/__idf_lvgl__lvgl.dir/src/font/lv_font_montserrat_28_compressed.c.obj[K
2026-09-24T13:55:33.2989053Z [1160/1417] Building C object esp-idf/lvgl__lvgl/CMakeFiles/__idf_lvgl__lvgl.dir/src/font/lv_font_montserrat_26.c.obj[K
2026-09-24T13:55:33.3026248Z [1161/1417] Building C object esp-idf/lvgl__lvgl/CMakeFiles/__idf_lvgl__lvgl.dir/src/font/lv_font_montserrat_28.c.obj[K
2026-09-24T13:55:33.4381052Z [1162/1417] Building C object esp-idf/lvgl__lvgl/CMakeFiles/__idf_lvgl__lvgl.dir/src/font/lv_font_montserrat_30.c.obj[K
2026-09-24T13:55:33.4666011Z [1163/1417] Building C object esp-idf/lvgl__lvgl/CMakeFiles/__idf_lvgl__lvgl.dir/src/font/lv_font_montserrat_32.c.obj[K
2026-09-24T13:55:33.5657303Z [1164/1417] Building C object esp-idf/lvgl__lvgl/CMakeFiles/__idf_lvgl__lvgl.dir/src/font/lv_font_montserrat_34.c.obj[K
2026-09-24T13:55:33.5840744Z [1165/1417] Building C object esp-idf/lvgl__lvgl/CMakeFiles/__idf_lvgl__lvgl.dir/src/font/lv_font_montserrat_36.c.obj[K
2026-09-24T13:55:33.6081450Z [1166/1417] Building C object esp-idf/lvgl__lvgl/CMakeFiles/__idf_lvgl__lvgl.dir/src/font/lv_font_montserrat_42.c.obj[K
2026-09-24T13:55:33.6129183Z [1167/1417] Building C object esp-idf/lvgl__lvgl/CMakeFiles/__idf_lvgl__lvgl.dir/src/font/lv_font_montserrat_38.c.obj[K
2026-09-24T13:55:33.7119774Z [1168/1417] Building C object esp-idf/lvgl__lvgl/CMakeFiles/__idf_lvgl__lvgl.dir/src/font/lv_font_montserrat_40.c.obj[K
2026-09-24T13:55:33.7972446Z [1169/1417] Building C object esp-idf/lvgl__lvgl/CMakeFiles/__idf_lvgl__lvgl.dir/src/font/lv_font_montserrat_44.c.obj[K
2026-09-24T13:55:33.8317297Z [1170/1417] Building C object esp-idf/lvgl__lvgl/CMakeFiles/__idf_lvgl__lvgl.dir/src/font/lv_font_montserrat_46.c.obj[K
2026-09-24T13:55:33.8343466Z [1171/1417] Building C object esp-idf/lvgl__lvgl/CMakeFiles/__idf_lvgl__lvgl.dir/src/font/lv_font_montserrat_48.c.obj[K
2026-09-24T13:55:33.9095314Z [1172/1417] Building C object esp-idf/lvgl__lvgl/CMakeFiles/__idf_lvgl__lvgl.dir/src/font/lv_font_montserrat_8.c.obj[K
2026-09-24T13:55:33.9214086Z [1173/1417] Building C object esp-idf/lvgl__lvgl/CMakeFiles/__idf_lvgl__lvgl.dir/src/hal/lv_hal_tick.c.obj[K
2026-09-24T13:55:33.9937561Z [1174/1417] Building C object esp-idf/lvgl__lvgl/CMakeFiles/__idf_lvgl__lvgl.dir/src/font/lv_font_unscii_16.c.obj[K
2026-09-24T13:55:34.0105138Z [1175/1417] Building C object esp-idf/lvgl__lvgl/CMakeFiles/__idf_lvgl__lvgl.dir/src/font/lv_font_unscii_8.c.obj[K
2026-09-24T13:55:34.0929919Z [1176/1417] Building C object esp-idf/lvgl__lvgl/CMakeFiles/__idf_lvgl__lvgl.dir/src/font/lv_font_simsun_16_cjk.c.obj[K
2026-09-24T13:55:34.1390240Z [1177/1417] Building C object esp-idf/lvgl__lvgl/CMakeFiles/__idf_lvgl__lvgl.dir/src/misc/lv_anim_timeline.c.obj[K
2026-09-24T13:55:34.1609284Z [1178/1417] Building C object esp-idf/lvgl__lvgl/CMakeFiles/__idf_lvgl__lvgl.dir/src/hal/lv_hal_disp.c.obj[K
2026-09-24T13:55:34.1726292Z [1179/1417] Building C object esp-idf/lvgl__lvgl/CMakeFiles/__idf_lvgl__lvgl.dir/src/misc/lv_anim.c.obj[K
2026-09-24T13:55:34.1892337Z [1180/1417] Building C object esp-idf/lvgl__lvgl/CMakeFiles/__idf_lvgl__lvgl.dir/src/hal/lv_hal_indev.c.obj[K
2026-09-24T13:55:34.2288625Z [1181/1417] Building C object esp-idf/lvgl__lvgl/CMakeFiles/__idf_lvgl__lvgl.dir/src/misc/lv_async.c.obj[K
2026-09-24T13:55:34.2712982Z [1182/1417] Building C object esp-idf/lvgl__lvgl/CMakeFiles/__idf_lvgl__lvgl.dir/src/misc/lv_bidi.c.obj[K
2026-09-24T13:55:34.3325333Z [1183/1417] Building C object esp-idf/lvgl__lvgl/CMakeFiles/__idf_lvgl__lvgl.dir/src/misc/lv_area.c.obj[K
2026-09-24T13:55:34.3368584Z [1184/1417] Building C object esp-idf/lvgl__lvgl/CMakeFiles/__idf_lvgl__lvgl.dir/src/misc/lv_log.c.obj[K
2026-09-24T13:55:34.3608222Z [1185/1417] Building C object esp-idf/lvgl__lvgl/CMakeFiles/__idf_lvgl__lvgl.dir/src/misc/lv_gc.c.obj[K
2026-09-24T13:55:34.3616463Z [1186/1417] Building C object esp-idf/lvgl__lvgl/CMakeFiles/__idf_lvgl__lvgl.dir/src/misc/lv_color.c.obj[K
2026-09-24T13:55:34.4503878Z [1187/1417] Building C object esp-idf/lvgl__lvgl/CMakeFiles/__idf_lvgl__lvgl.dir/src/misc/lv_ll.c.obj[K
2026-09-24T13:55:34.4751225Z [1188/1417] Building C object esp-idf/lvgl__lvgl/CMakeFiles/__idf_lvgl__lvgl.dir/src/misc/lv_lru.c.obj[K
2026-09-24T13:55:34.4927273Z [1189/1417] Building C object esp-idf/lvgl__lvgl/CMakeFiles/__idf_lvgl__lvgl.dir/src/misc/lv_fs.c.obj[K
2026-09-24T13:55:34.5048455Z [1190/1417] Building C object esp-idf/lvgl__lvgl/CMakeFiles/__idf_lvgl__lvgl.dir/src/misc/lv_math.c.obj[K
2026-09-24T13:55:34.5162890Z [1191/1417] Building C object esp-idf/lvgl__lvgl/CMakeFiles/__idf_lvgl__lvgl.dir/src/misc/lv_mem.c.obj[K
2026-09-24T13:55:34.5769585Z [1192/1417] Building C object esp-idf/lvgl__lvgl/CMakeFiles/__idf_lvgl__lvgl.dir/src/misc/lv_templ.c.obj[K
2026-09-24T13:55:34.6413647Z [1193/1417] Building C object esp-idf/lvgl__lvgl/CMakeFiles/__idf_lvgl__lvgl.dir/src/misc/lv_tlsf.c.obj[K
2026-09-24T13:55:34.6478545Z [1194/1417] Building C object esp-idf/lvgl__lvgl/CMakeFiles/__idf_lvgl__lvgl.dir/src/misc/lv_printf.c.obj[K
2026-09-24T13:55:34.6936179Z [1195/1417] Building C object esp-idf/lvgl__lvgl/CMakeFiles/__idf_lvgl__lvgl.dir/src/misc/lv_style.c.obj[K
2026-09-24T13:55:34.7197318Z [1196/1417] Building C object esp-idf/lvgl__lvgl/CMakeFiles/__idf_lvgl__lvgl.dir/src/misc/lv_timer.c.obj[K
2026-09-24T13:55:34.7650023Z [1197/1417] Building C object esp-idf/lvgl__lvgl/CMakeFiles/__idf_lvgl__lvgl.dir/src/misc/lv_utils.c.obj[K
2026-09-24T13:55:34.7925319Z [1198/1417] Building C object esp-idf/lvgl__lvgl/CMakeFiles/__idf_lvgl__lvgl.dir/src/misc/lv_style_gen.c.obj[K
2026-09-24T13:55:34.8409959Z [1199/1417] Building C object esp-idf/lvgl__lvgl/CMakeFiles/__idf_lvgl__lvgl.dir/src/misc/lv_txt_ap.c.obj[K
2026-09-24T13:55:34.9206407Z [1200/1417] Building C object esp-idf/lvgl__lvgl/CMakeFiles/__idf_lvgl__lvgl.dir/src/misc/lv_txt.c.obj[K
2026-09-24T13:55:35.0194640Z [1201/1417] Building C object esp-idf/lvgl__lvgl/CMakeFiles/__idf_lvgl__lvgl.dir/src/widgets/lv_btn.c.obj[K
2026-09-24T13:55:35.1862717Z [1202/1417] Building C object esp-idf/lvgl__lvgl/CMakeFiles/__idf_lvgl__lvgl.dir/src/widgets/lv_bar.c.obj[K
2026-09-24T13:55:35.2107169Z [1203/1417] Building C object esp-idf/lvgl__lvgl/CMakeFiles/__idf_lvgl__lvgl.dir/src/widgets/lv_arc.c.obj[K
2026-09-24T13:55:35.2341961Z [1204/1417] Building C object esp-idf/lvgl__lvgl/CMakeFiles/__idf_lvgl__lvgl.dir/src/widgets/lv_checkbox.c.obj[K
2026-09-24T13:55:35.3035510Z [1205/1417] Building C object esp-idf/lvgl__lvgl/CMakeFiles/__idf_lvgl__lvgl.dir/src/widgets/lv_canvas.c.obj[K
2026-09-24T13:55:35.3056694Z [1206/1417] Building C object esp-idf/lvgl__lvgl/CMakeFiles/__idf_lvgl__lvgl.dir/src/widgets/lv_btnmatrix.c.obj[K
2026-09-24T13:55:35.4427238Z [1207/1417] Building C object esp-idf/lvgl__lvgl/CMakeFiles/__idf_lvgl__lvgl.dir/src/widgets/lv_objx_templ.c.obj[K
2026-09-24T13:55:35.4600826Z [1208/1417] Building C object esp-idf/lvgl__lvgl/CMakeFiles/__idf_lvgl__lvgl.dir/src/widgets/lv_img.c.obj[K
2026-09-24T13:55:35.5440202Z [1209/1417] Building C object esp-idf/lvgl__lvgl/CMakeFiles/__idf_lvgl__lvgl.dir/src/widgets/lv_dropdown.c.obj[K
2026-09-24T13:55:35.6533196Z [1210/1417] Building C object esp-idf/lvgl__lvgl/CMakeFiles/__idf_lvgl__lvgl.dir/src/widgets/lv_line.c.obj[K
2026-09-24T13:55:35.6806078Z [1211/1417] Building C object esp-idf/lvgl__lvgl/CMakeFiles/__idf_lvgl__lvgl.dir/src/widgets/lv_label.c.obj[K
2026-09-24T13:55:35.7032461Z [1212/1417] Building C object esp-idf/lvgl__lvgl/CMakeFiles/__idf_lvgl__lvgl.dir/src/widgets/lv_roller.c.obj[K
2026-09-24T13:55:35.7525189Z [1213/1417] Building C object esp-idf/lvgl__lvgl/CMakeFiles/__idf_lvgl__lvgl.dir/src/widgets/lv_slider.c.obj[K
2026-09-24T13:55:35.9453456Z [1214/1417] Building C object esp-idf/lvgl__lvgl/CMakeFiles/__idf_lvgl__lvgl.dir/src/widgets/lv_switch.c.obj[K
2026-09-24T13:55:35.9845006Z [1215/1417] Building C object esp-idf/lvgl__lvgl/CMakeFiles/__idf_lvgl__lvgl.dir/examples/anim/lv_example_anim_1.c.obj[K
2026-09-24T13:55:36.0526635Z [1216/1417] Building C object esp-idf/lvgl__lvgl/CMakeFiles/__idf_lvgl__lvgl.dir/src/widgets/lv_table.c.obj[K
2026-09-24T13:55:36.0589847Z [1217/1417] Building C object esp-idf/lvgl__lvgl/CMakeFiles/__idf_lvgl__lvgl.dir/examples/anim/lv_example_anim_2.c.obj[K
2026-09-24T13:55:36.0972101Z [1218/1417] Building C object esp-idf/lvgl__lvgl/CMakeFiles/__idf_lvgl__lvgl.dir/examples/anim/lv_example_anim_3.c.obj[K
2026-09-24T13:55:36.1423202Z [1219/1417] Building C object esp-idf/lvgl__lvgl/CMakeFiles/__idf_lvgl__lvgl.dir/src/widgets/lv_textarea.c.obj[K
2026-09-24T13:55:36.3429696Z [1220/1417] Building C object esp-idf/lvgl__lvgl/CMakeFiles/__idf_lvgl__lvgl.dir/examples/anim/lv_example_anim_timeline_1.c.obj[K
2026-09-24T13:55:36.3486840Z [1221/1417] Building C object esp-idf/lvgl__lvgl/CMakeFiles/__idf_lvgl__lvgl.dir/examples/assets/emoji/img_emoji_F617.c.obj[K
2026-09-24T13:55:36.4273156Z [1222/1417] Building C object esp-idf/lvgl__lvgl/CMakeFiles/__idf_lvgl__lvgl.dir/examples/assets/img_cogwheel_alpha16.c.obj[K
2026-09-24T13:55:36.6098936Z [1223/1417] Building C object esp-idf/lvgl__lvgl/CMakeFiles/__idf_lvgl__lvgl.dir/examples/assets/img_caret_down.c.obj[K
2026-09-24T13:55:36.6336849Z [1224/1417] Building C object esp-idf/lvgl__lvgl/CMakeFiles/__idf_lvgl__lvgl.dir/examples/assets/animimg002.c.obj[K
2026-09-24T13:55:36.6926696Z [1225/1417] Building C object esp-idf/lvgl__lvgl/CMakeFiles/__idf_lvgl__lvgl.dir/examples/assets/animimg001.c.obj[K
2026-09-24T13:55:36.7198833Z [1226/1417] Building C object esp-idf/lvgl__lvgl/CMakeFiles/__idf_lvgl__lvgl.dir/examples/assets/img_cogwheel_chroma_keyed.c.obj[K
2026-09-24T13:55:36.7391367Z [1227/1417] Building C object esp-idf/lvgl__lvgl/CMakeFiles/__idf_lvgl__lvgl.dir/examples/assets/img_cogwheel_indexed16.c.obj[K
2026-09-24T13:55:36.8507154Z [1228/1417] Building C object esp-idf/lvgl__lvgl/CMakeFiles/__idf_lvgl__lvgl.dir/examples/assets/animimg003.c.obj[K
2026-09-24T13:55:36.9268801Z [1229/1417] Building C object esp-idf/lvgl__lvgl/CMakeFiles/__idf_lvgl__lvgl.dir/examples/assets/img_cogwheel_argb.c.obj[K
2026-09-24T13:55:36.9907956Z [1230/1417] Building C object esp-idf/lvgl__lvgl/CMakeFiles/__idf_lvgl__lvgl.dir/examples/assets/img_hand.c.obj[K
2026-09-24T13:55:36.9921813Z [1231/1417] Building C object esp-idf/lvgl__lvgl/CMakeFiles/__idf_lvgl__lvgl.dir/examples/assets/img_cogwheel_rgb.c.obj[K
2026-09-24T13:55:36.9976883Z [1232/1417] Building C object esp-idf/lvgl__lvgl/CMakeFiles/__idf_lvgl__lvgl.dir/examples/assets/img_star.c.obj[K
2026-09-24T13:55:37.0591046Z [1233/1417] Building C object esp-idf/lvgl__lvgl/CMakeFiles/__idf_lvgl__lvgl.dir/examples/assets/img_skew_strip.c.obj[K
2026-09-24T13:55:37.0857727Z [1234/1417] Building C object esp-idf/lvgl__lvgl/CMakeFiles/__idf_lvgl__lvgl.dir/examples/assets/imgbtn_left.c.obj[K
2026-09-24T13:55:37.1857884Z [1235/1417] Building C object esp-idf/lvgl__lvgl/CMakeFiles/__idf_lvgl__lvgl.dir/examples/assets/imgbtn_mid.c.obj[K
2026-09-24T13:55:37.2713497Z [1236/1417] Building C object esp-idf/lvgl__lvgl/CMakeFiles/__idf_lvgl__lvgl.dir/examples/assets/imgbtn_right.c.obj[K
2026-09-24T13:55:37.2917673Z [1237/1417] Building C object esp-idf/lvgl__lvgl/CMakeFiles/__idf_lvgl__lvgl.dir/examples/event/lv_example_event_3.c.obj[K
2026-09-24T13:55:37.3016231Z [1238/1417] Building C object esp-idf/lvgl__lvgl/CMakeFiles/__idf_lvgl__lvgl.dir/examples/event/lv_example_event_2.c.obj[K
2026-09-24T13:55:37.4378828Z [1239/1417] Building C object esp-idf/lvgl__lvgl/CMakeFiles/__idf_lvgl__lvgl.dir/examples/event/lv_example_event_1.c.obj[K
2026-09-24T13:55:37.4392153Z [1240/1417] Building C object esp-idf/lvgl__lvgl/CMakeFiles/__idf_lvgl__lvgl.dir/examples/get_started/lv_example_get_started_1.c.obj[K
2026-09-24T13:55:37.5342477Z [1241/1417] Building C object esp-idf/lvgl__lvgl/CMakeFiles/__idf_lvgl__lvgl.dir/examples/event/lv_example_event_4.c.obj[K
2026-09-24T13:55:37.5699199Z [1242/1417] Building C object esp-idf/lvgl__lvgl/CMakeFiles/__idf_lvgl__lvgl.dir/examples/get_started/lv_example_get_started_2.c.obj[K
2026-09-24T13:55:37.6143131Z [1243/1417] Building C object esp-idf/lvgl__lvgl/CMakeFiles/__idf_lvgl__lvgl.dir/examples/layouts/flex/lv_example_flex_1.c.obj[K
2026-09-24T13:55:37.6690071Z [1244/1417] Building C object esp-idf/lvgl__lvgl/CMakeFiles/__idf_lvgl__lvgl.dir/examples/get_started/lv_example_get_started_3.c.obj[K
2026-09-24T13:55:37.7035601Z [1245/1417] Building C object esp-idf/lvgl__lvgl/CMakeFiles/__idf_lvgl__lvgl.dir/examples/layouts/flex/lv_example_flex_2.c.obj[K
2026-09-24T13:55:37.8003253Z [1246/1417] Building C object esp-idf/lvgl__lvgl/CMakeFiles/__idf_lvgl__lvgl.dir/examples/layouts/flex/lv_example_flex_3.c.obj[K
2026-09-24T13:55:37.8157324Z [1247/1417] Building C object esp-idf/lvgl__lvgl/CMakeFiles/__idf_lvgl__lvgl.dir/examples/layouts/flex/lv_example_flex_4.c.obj[K
2026-09-24T13:55:37.8559379Z [1248/1417] Building C object esp-idf/lvgl__lvgl/CMakeFiles/__idf_lvgl__lvgl.dir/examples/layouts/flex/lv_example_flex_5.c.obj[K
2026-09-24T13:55:37.9838335Z [1249/1417] Building C object esp-idf/lvgl__lvgl/CMakeFiles/__idf_lvgl__lvgl.dir/examples/layouts/flex/lv_example_flex_6.c.obj[K
2026-09-24T13:55:37.9874598Z [1250/1417] Building C object esp-idf/lvgl__lvgl/CMakeFiles/__idf_lvgl__lvgl.dir/examples/layouts/grid/lv_example_grid_2.c.obj[K
2026-09-24T13:55:38.0485205Z [1251/1417] Building C object esp-idf/lvgl__lvgl/CMakeFiles/__idf_lvgl__lvgl.dir/examples/layouts/grid/lv_example_grid_1.c.obj[K
2026-09-24T13:55:38.0819016Z [1252/1417] Building C object esp-idf/lvgl__lvgl/CMakeFiles/__idf_lvgl__lvgl.dir/examples/layouts/grid/lv_example_grid_3.c.obj[K
2026-09-24T13:55:38.1433344Z [1253/1417] Building C object esp-idf/lvgl__lvgl/CMakeFiles/__idf_lvgl__lvgl.dir/examples/layouts/grid/lv_example_grid_5.c.obj[K
2026-09-24T13:55:38.2054862Z [1254/1417] Building C object esp-idf/lvgl__lvgl/CMakeFiles/__idf_lvgl__lvgl.dir/examples/layouts/grid/lv_example_grid_4.c.obj[K
2026-09-24T13:55:38.2102527Z [1255/1417] Building C object esp-idf/lvgl__lvgl/CMakeFiles/__idf_lvgl__lvgl.dir/examples/layouts/grid/lv_example_grid_6.c.obj[K
2026-09-24T13:55:38.2963648Z [1256/1417] Building C object esp-idf/lvgl__lvgl/CMakeFiles/__idf_lvgl__lvgl.dir/examples/libs/bmp/lv_example_bmp_1.c.obj[K
2026-09-24T13:55:38.3507765Z [1257/1417] Building C object esp-idf/lvgl__lvgl/CMakeFiles/__idf_lvgl__lvgl.dir/examples/libs/ffmpeg/lv_example_ffmpeg_1.c.obj[K
2026-09-24T13:55:38.3914841Z [1258/1417] Building C object esp-idf/lvgl__lvgl/CMakeFiles/__idf_lvgl__lvgl.dir/examples/libs/ffmpeg/lv_example_ffmpeg_2.c.obj[K
2026-09-24T13:55:38.4692119Z [1259/1417] Building C object esp-idf/lvgl__lvgl/CMakeFiles/__idf_lvgl__lvgl.dir/examples/libs/freetype/lv_example_freetype_1.c.obj[K
2026-09-24T13:55:38.4962777Z [1260/1417] Building C object esp-idf/lvgl__lvgl/CMakeFiles/__idf_lvgl__lvgl.dir/examples/libs/gif/lv_example_gif_1.c.obj[K
2026-09-24T13:55:38.4995824Z [1261/1417] Building C object esp-idf/lvgl__lvgl/CMakeFiles/__idf_lvgl__lvgl.dir/examples/libs/gif/img_bulb_gif.c.obj[K
2026-09-24T13:55:38.5834240Z [1262/1417] Building C object esp-idf/lvgl__lvgl/CMakeFiles/__idf_lvgl__lvgl.dir/examples/libs/png/img_wink_png.c.obj[K
2026-09-24T13:55:38.6479778Z [1263/1417] Building C object esp-idf/lvgl__lvgl/CMakeFiles/__idf_lvgl__lvgl.dir/examples/libs/png/lv_example_png_1.c.obj[K
2026-09-24T13:55:38.6922176Z [1264/1417] Building C object esp-idf/lvgl__lvgl/CMakeFiles/__idf_lvgl__lvgl.dir/examples/libs/qrcode/lv_example_qrcode_1.c.obj[K
2026-09-24T13:55:38.7348802Z [1265/1417] Building C object esp-idf/lvgl__lvgl/CMakeFiles/__idf_lvgl__lvgl.dir/examples/libs/rlottie/lv_example_rlottie_1.c.obj[K
2026-09-24T13:55:38.7857933Z [1266/1417] Building C object esp-idf/lvgl__lvgl/CMakeFiles/__idf_lvgl__lvgl.dir/examples/libs/sjpg/lv_example_sjpg_1.c.obj[K
2026-09-24T13:55:38.8143951Z [1267/1417] Building C object esp-idf/lvgl__lvgl/CMakeFiles/__idf_lvgl__lvgl.dir/examples/libs/rlottie/lv_example_rlottie_approve.c.obj[K
2026-09-24T13:55:38.9393454Z [1268/1417] Building C object esp-idf/lvgl__lvgl/CMakeFiles/__idf_lvgl__lvgl.dir/examples/libs/rlottie/lv_example_rlottie_2.c.obj[K
2026-09-24T13:55:38.9438858Z [1269/1417] Building C object esp-idf/lvgl__lvgl/CMakeFiles/__idf_lvgl__lvgl.dir/examples/others/gridnav/lv_example_gridnav_1.c.obj[K
2026-09-24T13:55:38.9647338Z [1270/1417] Building C object esp-idf/lvgl__lvgl/CMakeFiles/__idf_lvgl__lvgl.dir/examples/others/fragment/lv_example_fragment_1.c.obj[K
2026-09-24T13:55:39.0108733Z [1271/1417] Building C object esp-idf/lvgl__lvgl/CMakeFiles/__idf_lvgl__lvgl.dir/examples/others/fragment/lv_example_fragment_2.c.obj[K
2026-09-24T13:55:39.0443411Z [1272/1417] Building C object esp-idf/lvgl__lvgl/CMakeFiles/__idf_lvgl__lvgl.dir/examples/others/gridnav/lv_example_gridnav_3.c.obj[K
2026-09-24T13:55:39.0513184Z [1273/1417] Building C object esp-idf/lvgl__lvgl/CMakeFiles/__idf_lvgl__lvgl.dir/examples/others/gridnav/lv_example_gridnav_4.c.obj[K
2026-09-24T13:55:39.1825888Z [1274/1417] Building C object esp-idf/lvgl__lvgl/CMakeFiles/__idf_lvgl__lvgl.dir/examples/others/gridnav/lv_example_gridnav_2.c.obj[K
2026-09-24T13:55:39.2078776Z [1275/1417] Building C object esp-idf/lvgl__lvgl/CMakeFiles/__idf_lvgl__lvgl.dir/examples/others/ime/lv_example_ime_pinyin_1.c.obj[K
2026-09-24T13:55:39.3018204Z [1276/1417] Building C object esp-idf/lvgl__lvgl/CMakeFiles/__idf_lvgl__lvgl.dir/examples/others/ime/lv_example_ime_pinyin_2.c.obj[K
2026-09-24T13:55:39.3039794Z [1277/1417] Building C object esp-idf/lvgl__lvgl/CMakeFiles/__idf_lvgl__lvgl.dir/examples/others/imgfont/lv_example_imgfont_1.c.obj[K
2026-09-24T13:55:39.3392486Z [1278/1417] Building C object esp-idf/lvgl__lvgl/CMakeFiles/__idf_lvgl__lvgl.dir/examples/others/monkey/lv_example_monkey_3.c.obj[K
2026-09-24T13:55:39.3799285Z [1279/1417] Building C object esp-idf/lvgl__lvgl/CMakeFiles/__idf_lvgl__lvgl.dir/examples/others/monkey/lv_example_monkey_2.c.obj[K
2026-09-24T13:55:39.4102819Z [1280/1417] Building C object esp-idf/lvgl__lvgl/CMakeFiles/__idf_lvgl__lvgl.dir/examples/others/monkey/lv_example_monkey_1.c.obj[K
2026-09-24T13:55:39.4146095Z [1281/1417] Building C object esp-idf/lvgl__lvgl/CMakeFiles/__idf_lvgl__lvgl.dir/examples/porting/lv_port_disp_template.c.obj[K
2026-09-24T13:55:39.4382483Z [1282/1417] Building C object esp-idf/lvgl__lvgl/CMakeFiles/__idf_lvgl__lvgl.dir/examples/others/msg/lv_example_msg_1.c.obj[K
2026-09-24T13:55:39.4687860Z [1283/1417] Building C object esp-idf/lvgl__lvgl/CMakeFiles/__idf_lvgl__lvgl.dir/examples/porting/lv_port_fs_template.c.obj[K
2026-09-24T13:55:39.4693106Z [1284/1417] Building C object esp-idf/lvgl__lvgl/CMakeFiles/__idf_lvgl__lvgl.dir/examples/porting/lv_port_indev_template.c.obj[K
2026-09-24T13:55:39.5799865Z [1285/1417] Building C object esp-idf/lvgl__lvgl/CMakeFiles/__idf_lvgl__lvgl.dir/examples/others/msg/lv_example_msg_2.c.obj[K
2026-09-24T13:55:39.6657514Z [1286/1417] Building C object esp-idf/lvgl__lvgl/CMakeFiles/__idf_lvgl__lvgl.dir/examples/others/msg/lv_example_msg_3.c.obj[K
2026-09-24T13:55:39.7044146Z [1287/1417] Building C object esp-idf/lvgl__lvgl/CMakeFiles/__idf_lvgl__lvgl.dir/examples/others/snapshot/lv_example_snapshot_1.c.obj[K
2026-09-24T13:55:39.7387426Z [1288/1417] Building C object esp-idf/lvgl__lvgl/CMakeFiles/__idf_lvgl__lvgl.dir/examples/scroll/lv_example_scroll_1.c.obj[K
2026-09-24T13:55:39.7863915Z [1289/1417] Building C object esp-idf/lvgl__lvgl/CMakeFiles/__idf_lvgl__lvgl.dir/examples/scroll/lv_example_scroll_4.c.obj[K
2026-09-24T13:55:39.7985154Z [1290/1417] Building C object esp-idf/lvgl__lvgl/CMakeFiles/__idf_lvgl__lvgl.dir/examples/scroll/lv_example_scroll_3.c.obj[K
2026-09-24T13:55:39.9168300Z [1291/1417] Building C object esp-idf/lvgl__lvgl/CMakeFiles/__idf_lvgl__lvgl.dir/examples/scroll/lv_example_scroll_2.c.obj[K
2026-09-24T13:55:40.0079387Z [1292/1417] Building C object esp-idf/lvgl__lvgl/CMakeFiles/__idf_lvgl__lvgl.dir/examples/scroll/lv_example_scroll_5.c.obj[K
2026-09-24T13:55:40.0309229Z [1293/1417] Building C object esp-idf/lvgl__lvgl/CMakeFiles/__idf_lvgl__lvgl.dir/examples/styles/lv_example_style_10.c.obj[K
2026-09-24T13:55:40.0311110Z [1294/1417] Building C object esp-idf/lvgl__lvgl/CMakeFiles/__idf_lvgl__lvgl.dir/examples/styles/lv_example_style_1.c.obj[K
2026-09-24T13:55:40.0736991Z [1295/1417] Building C object esp-idf/lvgl__lvgl/CMakeFiles/__idf_lvgl__lvgl.dir/examples/scroll/lv_example_scroll_6.c.obj[K
2026-09-24T13:55:40.1053293Z [1296/1417] Building C object esp-idf/lvgl__lvgl/CMakeFiles/__idf_lvgl__lvgl.dir/examples/styles/lv_example_style_11.c.obj[K
2026-09-24T13:55:40.2382989Z [1297/1417] Building C object esp-idf/lvgl__lvgl/CMakeFiles/__idf_lvgl__lvgl.dir/examples/styles/lv_example_style_12.c.obj[K
2026-09-24T13:55:40.3343893Z [1298/1417] Building C object esp-idf/lvgl__lvgl/CMakeFiles/__idf_lvgl__lvgl.dir/examples/styles/lv_example_style_13.c.obj[K
2026-09-24T13:55:40.3410031Z [1299/1417] Building C object esp-idf/lvgl__lvgl/CMakeFiles/__idf_lvgl__lvgl.dir/examples/styles/lv_example_style_4.c.obj[K
2026-09-24T13:55:40.3474431Z [1300/1417] Building C object esp-idf/lvgl__lvgl/CMakeFiles/__idf_lvgl__lvgl.dir/examples/styles/lv_example_style_2.c.obj[K
2026-09-24T13:55:40.3854339Z [1301/1417] Building C object esp-idf/lvgl__lvgl/CMakeFiles/__idf_lvgl__lvgl.dir/examples/styles/lv_example_style_14.c.obj[K
2026-09-24T13:55:40.4280653Z [1302/1417] Building C object esp-idf/lvgl__lvgl/CMakeFiles/__idf_lvgl__lvgl.dir/examples/styles/lv_example_style_15.c.obj[K
2026-09-24T13:55:40.5158813Z [1303/1417] Building C object esp-idf/lvgl__lvgl/CMakeFiles/__idf_lvgl__lvgl.dir/examples/styles/lv_example_style_3.c.obj[K
2026-09-24T13:55:40.6077197Z [1304/1417] Building C object esp-idf/lvgl__lvgl/CMakeFiles/__idf_lvgl__lvgl.dir/examples/styles/lv_example_style_5.c.obj[K
2026-09-24T13:55:40.6799664Z [1305/1417] Building C object esp-idf/lvgl__lvgl/CMakeFiles/__idf_lvgl__lvgl.dir/examples/styles/lv_example_style_6.c.obj[K
2026-09-24T13:55:40.7137061Z [1306/1417] Building C object esp-idf/lvgl__lvgl/CMakeFiles/__idf_lvgl__lvgl.dir/examples/styles/lv_example_style_9.c.obj[K
2026-09-24T13:55:40.7189951Z [1307/1417] Building C object esp-idf/lvgl__lvgl/CMakeFiles/__idf_lvgl__lvgl.dir/examples/styles/lv_example_style_7.c.obj[K
2026-09-24T13:55:40.7684803Z [1308/1417] Building C object esp-idf/lvgl__lvgl/CMakeFiles/__idf_lvgl__lvgl.dir/examples/styles/lv_example_style_8.c.obj[K
2026-09-24T13:55:40.7734954Z [1309/1417] Building C object esp-idf/lvgl__lvgl/CMakeFiles/__idf_lvgl__lvgl.dir/examples/widgets/animimg/lv_example_animimg_1.c.obj[K
2026-09-24T13:55:40.9646776Z [1310/1417] Building C object esp-idf/lvgl__lvgl/CMakeFiles/__idf_lvgl__lvgl.dir/examples/widgets/arc/lv_example_arc_1.c.obj[K
2026-09-24T13:55:40.9651032Z [1311/1417] Building C object esp-idf/lvgl__lvgl/CMakeFiles/__idf_lvgl__lvgl.dir/examples/widgets/arc/lv_example_arc_2.c.obj[K
2026-09-24T13:55:40.9874577Z [1312/1417] Building C object esp-idf/lvgl__lvgl/CMakeFiles/__idf_lvgl__lvgl.dir/examples/widgets/bar/lv_example_bar_1.c.obj[K
2026-09-24T13:55:41.0264112Z [1313/1417] Building C object esp-idf/lvgl__lvgl/CMakeFiles/__idf_lvgl__lvgl.dir/examples/widgets/bar/lv_example_bar_3.c.obj[K
2026-09-24T13:55:41.0903802Z [1314/1417] Building C object esp-idf/lvgl__lvgl/CMakeFiles/__idf_lvgl__lvgl.dir/examples/widgets/bar/lv_example_bar_2.c.obj[K
2026-09-24T13:55:41.1098626Z [1315/1417] Building C object esp-idf/lvgl__lvgl/CMakeFiles/__idf_lvgl__lvgl.dir/examples/widgets/bar/lv_example_bar_4.c.obj[K
2026-09-24T13:55:41.2763554Z [1316/1417] Building C object esp-idf/lvgl__lvgl/CMakeFiles/__idf_lvgl__lvgl.dir/examples/widgets/bar/lv_example_bar_5.c.obj[K
2026-09-24T13:55:41.3072789Z [1317/1417] Building C object esp-idf/lvgl__lvgl/CMakeFiles/__idf_lvgl__lvgl.dir/examples/widgets/bar/lv_example_bar_6.c.obj[K
2026-09-24T13:55:41.3190920Z [1318/1417] Building C object esp-idf/lvgl__lvgl/CMakeFiles/__idf_lvgl__lvgl.dir/examples/widgets/btn/lv_example_btn_1.c.obj[K
2026-09-24T13:55:41.3399791Z [1319/1417] Building C object esp-idf/lvgl__lvgl/CMakeFiles/__idf_lvgl__lvgl.dir/examples/widgets/btn/lv_example_btn_3.c.obj[K
2026-09-24T13:55:41.3712986Z [1320/1417] Building C object esp-idf/lvgl__lvgl/CMakeFiles/__idf_lvgl__lvgl.dir/examples/widgets/btn/lv_example_btn_2.c.obj[K
2026-09-24T13:55:41.5019280Z [1321/1417] Building C object esp-idf/lvgl__lvgl/CMakeFiles/__idf_lvgl__lvgl.dir/examples/widgets/btnmatrix/lv_example_btnmatrix_1.c.obj[K
2026-09-24T13:55:41.5651675Z [1322/1417] Building C object esp-idf/lvgl__lvgl/CMakeFiles/__idf_lvgl__lvgl.dir/examples/widgets/btnmatrix/lv_example_btnmatrix_2.c.obj[K
2026-09-24T13:55:41.6203434Z [1323/1417] Building C object esp-idf/lvgl__lvgl/CMakeFiles/__idf_lvgl__lvgl.dir/examples/widgets/btnmatrix/lv_example_btnmatrix_3.c.obj[K
2026-09-24T13:55:41.6312026Z [1324/1417] Building C object esp-idf/lvgl__lvgl/CMakeFiles/__idf_lvgl__lvgl.dir/examples/widgets/canvas/lv_example_canvas_2.c.obj[K
2026-09-24T13:55:41.6566833Z [1325/1417] Building C object esp-idf/lvgl__lvgl/CMakeFiles/__idf_lvgl__lvgl.dir/examples/widgets/canvas/lv_example_canvas_1.c.obj[K
2026-09-24T13:55:41.7408939Z [1326/1417] Building C object esp-idf/lvgl__lvgl/CMakeFiles/__idf_lvgl__lvgl.dir/examples/widgets/calendar/lv_example_calendar_1.c.obj[K
2026-09-24T13:55:41.8625059Z [1327/1417] Building C object esp-idf/lvgl__lvgl/CMakeFiles/__idf_lvgl__lvgl.dir/examples/widgets/chart/lv_example_chart_1.c.obj[K
2026-09-24T13:55:41.9027904Z [1328/1417] Building C object esp-idf/lvgl__lvgl/CMakeFiles/__idf_lvgl__lvgl.dir/examples/widgets/chart/lv_example_chart_3.c.obj[K
2026-09-24T13:55:41.9134997Z [1329/1417] Building C object esp-idf/lvgl__lvgl/CMakeFiles/__idf_lvgl__lvgl.dir/examples/widgets/chart/lv_example_chart_5.c.obj[K
2026-09-24T13:55:41.9793631Z [1330/1417] Building C object esp-idf/lvgl__lvgl/CMakeFiles/__idf_lvgl__lvgl.dir/examples/widgets/chart/lv_example_chart_2.c.obj[K
2026-09-24T13:55:42.0127522Z [1331/1417] Building C object esp-idf/lvgl__lvgl/CMakeFiles/__idf_lvgl__lvgl.dir/examples/widgets/chart/lv_example_chart_4.c.obj[K
2026-09-24T13:55:42.1005043Z [1332/1417] Building C object esp-idf/lvgl__lvgl/CMakeFiles/__idf_lvgl__lvgl.dir/examples/widgets/chart/lv_example_chart_6.c.obj[K
2026-09-24T13:55:42.2057926Z [1333/1417] Building C object esp-idf/lvgl__lvgl/CMakeFiles/__idf_lvgl__lvgl.dir/examples/widgets/chart/lv_example_chart_7.c.obj[K
2026-09-24T13:55:42.2572344Z [1334/1417] Building C object esp-idf/lvgl__lvgl/CMakeFiles/__idf_lvgl__lvgl.dir/examples/widgets/chart/lv_example_chart_9.c.obj[K
2026-09-24T13:55:42.2599812Z [1335/1417] Building C object esp-idf/lvgl__lvgl/CMakeFiles/__idf_lvgl__lvgl.dir/examples/widgets/checkbox/lv_example_checkbox_2.c.obj[K
2026-09-24T13:55:42.3036935Z [1336/1417] Building C object esp-idf/lvgl__lvgl/CMakeFiles/__idf_lvgl__lvgl.dir/examples/widgets/chart/lv_example_chart_8.c.obj[K
2026-09-24T13:55:42.3590318Z [1337/1417] Building C object esp-idf/lvgl__lvgl/CMakeFiles/__idf_lvgl__lvgl.dir/examples/widgets/checkbox/lv_example_checkbox_1.c.obj[K
2026-09-24T13:55:42.4154643Z [1338/1417] Building C object esp-idf/lvgl__lvgl/CMakeFiles/__idf_lvgl__lvgl.dir/examples/widgets/colorwheel/lv_example_colorwheel_1.c.obj[K
2026-09-24T13:55:42.5126539Z [1339/1417] Building C object esp-idf/lvgl__lvgl/CMakeFiles/__idf_lvgl__lvgl.dir/examples/widgets/dropdown/lv_example_dropdown_1.c.obj[K
2026-09-24T13:55:42.5907499Z [1340/1417] Building C object esp-idf/lvgl__lvgl/CMakeFiles/__idf_lvgl__lvgl.dir/examples/widgets/dropdown/lv_example_dropdown_2.c.obj[K
2026-09-24T13:55:42.5919048Z [1341/1417] Building C object esp-idf/lvgl__lvgl/CMakeFiles/__idf_lvgl__lvgl.dir/examples/widgets/dropdown/lv_example_dropdown_3.c.obj[K
2026-09-24T13:55:42.6118137Z [1342/1417] Building C object esp-idf/lvgl__lvgl/CMakeFiles/__idf_lvgl__lvgl.dir/examples/widgets/img/lv_example_img_1.c.obj[K
2026-09-24T13:55:42.6357749Z [1343/1417] Building C object esp-idf/lvgl__lvgl/CMakeFiles/__idf_lvgl__lvgl.dir/examples/widgets/img/lv_example_img_3.c.obj[K
2026-09-24T13:55:42.7279948Z [1344/1417] Building C object esp-idf/lvgl__lvgl/CMakeFiles/__idf_lvgl__lvgl.dir/examples/widgets/img/lv_example_img_2.c.obj[K
2026-09-24T13:55:42.8440899Z [1345/1417] Building C object esp-idf/lvgl__lvgl/CMakeFiles/__idf_lvgl__lvgl.dir/examples/widgets/img/lv_example_img_4.c.obj[K
2026-09-24T13:55:42.8956342Z [1346/1417] Building C object esp-idf/lvgl__lvgl/CMakeFiles/__idf_lvgl__lvgl.dir/examples/widgets/imgbtn/lv_example_imgbtn_1.c.obj[K
2026-09-24T13:55:42.9205738Z [1347/1417] Building C object esp-idf/lvgl__lvgl/CMakeFiles/__idf_lvgl__lvgl.dir/examples/widgets/keyboard/lv_example_keyboard_1.c.obj[K
2026-09-24T13:55:42.9462802Z [1348/1417] Building C object esp-idf/lvgl__lvgl/CMakeFiles/__idf_lvgl__lvgl.dir/examples/widgets/label/lv_example_label_3.c.obj[K
2026-09-24T13:55:42.9692659Z [1349/1417] Building C object esp-idf/lvgl__lvgl/CMakeFiles/__idf_lvgl__lvgl.dir/examples/widgets/label/lv_example_label_1.c.obj[K
2026-09-24T13:55:43.0773873Z [1350/1417] Building C object esp-idf/lvgl__lvgl/CMakeFiles/__idf_lvgl__lvgl.dir/examples/widgets/label/lv_example_label_2.c.obj[K
2026-09-24T13:55:43.1189525Z [1351/1417] Building C object esp-idf/lvgl__lvgl/CMakeFiles/__idf_lvgl__lvgl.dir/examples/widgets/label/lv_example_label_4.c.obj[K
2026-09-24T13:55:43.1943136Z [1352/1417] Building C object esp-idf/lvgl__lvgl/CMakeFiles/__idf_lvgl__lvgl.dir/examples/widgets/label/lv_example_label_5.c.obj[K
2026-09-24T13:55:43.2432086Z [1353/1417] Building C object esp-idf/lvgl__lvgl/CMakeFiles/__idf_lvgl__lvgl.dir/examples/widgets/led/lv_example_led_1.c.obj[K
2026-09-24T13:55:43.2945504Z [1354/1417] Building C object esp-idf/lvgl__lvgl/CMakeFiles/__idf_lvgl__lvgl.dir/examples/widgets/line/lv_example_line_1.c.obj[K
2026-09-24T13:55:43.3400644Z [1355/1417] Building C object esp-idf/lvgl__lvgl/CMakeFiles/__idf_lvgl__lvgl.dir/examples/widgets/list/lv_example_list_1.c.obj[K
2026-09-24T13:55:43.3548319Z [1356/1417] Building C object esp-idf/lvgl__lvgl/CMakeFiles/__idf_lvgl__lvgl.dir/examples/widgets/list/lv_example_list_2.c.obj[K
2026-09-24T13:55:43.4717792Z [1357/1417] Building C object esp-idf/lvgl__lvgl/CMakeFiles/__idf_lvgl__lvgl.dir/examples/widgets/menu/lv_example_menu_1.c.obj[K
2026-09-24T13:55:43.5105353Z [1358/1417] Building C object esp-idf/lvgl__lvgl/CMakeFiles/__idf_lvgl__lvgl.dir/examples/widgets/menu/lv_example_menu_2.c.obj[K
2026-09-24T13:55:43.6288241Z [1359/1417] Building C object esp-idf/lvgl__lvgl/CMakeFiles/__idf_lvgl__lvgl.dir/examples/widgets/menu/lv_example_menu_3.c.obj[K
2026-09-24T13:55:43.6471328Z [1360/1417] Building C object esp-idf/lvgl__lvgl/CMakeFiles/__idf_lvgl__lvgl.dir/examples/widgets/menu/lv_example_menu_4.c.obj[K
2026-09-24T13:55:43.6868441Z [1361/1417] Building C object esp-idf/lvgl__lvgl/CMakeFiles/__idf_lvgl__lvgl.dir/examples/widgets/menu/lv_example_menu_5.c.obj[K
2026-09-24T13:55:43.7196807Z [1362/1417] Building C object esp-idf/lvgl__lvgl/CMakeFiles/__idf_lvgl__lvgl.dir/examples/widgets/meter/lv_example_meter_2.c.obj[K
2026-09-24T13:55:43.7386494Z [1363/1417] Building C object esp-idf/lvgl__lvgl/CMakeFiles/__idf_lvgl__lvgl.dir/examples/widgets/meter/lv_example_meter_3.c.obj[K
2026-09-24T13:55:43.8332539Z [1364/1417] Building C object esp-idf/lvgl__lvgl/CMakeFiles/__idf_lvgl__lvgl.dir/examples/widgets/meter/lv_example_meter_1.c.obj[K
2026-09-24T13:55:43.9337180Z [1365/1417] Building C object esp-idf/lvgl__lvgl/CMakeFiles/__idf_lvgl__lvgl.dir/examples/widgets/meter/lv_example_meter_4.c.obj[K
2026-09-24T13:55:44.0004856Z [1366/1417] Building C object esp-idf/lvgl__lvgl/CMakeFiles/__idf_lvgl__lvgl.dir/examples/widgets/msgbox/lv_example_msgbox_1.c.obj[K
2026-09-24T13:55:44.0236327Z [1367/1417] Building C object esp-idf/lvgl__lvgl/CMakeFiles/__idf_lvgl__lvgl.dir/examples/widgets/obj/lv_example_obj_1.c.obj[K
2026-09-24T13:55:44.0295982Z [1368/1417] Building C object esp-idf/lvgl__lvgl/CMakeFiles/__idf_lvgl__lvgl.dir/examples/widgets/roller/lv_example_roller_2.c.obj[K
2026-09-24T13:55:44.0487254Z [1369/1417] Building C object esp-idf/lvgl__lvgl/CMakeFiles/__idf_lvgl__lvgl.dir/examples/widgets/roller/lv_example_roller_1.c.obj[K
2026-09-24T13:55:44.1257858Z [1370/1417] Building C object esp-idf/lvgl__lvgl/CMakeFiles/__idf_lvgl__lvgl.dir/examples/widgets/obj/lv_example_obj_2.c.obj[K
2026-09-24T13:55:44.2879185Z [1371/1417] Building C object esp-idf/lvgl__lvgl/CMakeFiles/__idf_lvgl__lvgl.dir/examples/widgets/roller/lv_example_roller_3.c.obj[K
2026-09-24T13:55:44.3300447Z [1372/1417] Building C object esp-idf/lvgl__lvgl/CMakeFiles/__idf_lvgl__lvgl.dir/examples/widgets/slider/lv_example_slider_3.c.obj[K
2026-09-24T13:55:44.3329600Z [1373/1417] Building C object esp-idf/lvgl__lvgl/CMakeFiles/__idf_lvgl__lvgl.dir/examples/widgets/slider/lv_example_slider_2.c.obj[K
2026-09-24T13:55:44.3670931Z [1374/1417] Building C object esp-idf/lvgl__lvgl/CMakeFiles/__idf_lvgl__lvgl.dir/examples/widgets/slider/lv_example_slider_1.c.obj[K
2026-09-24T13:55:44.3974797Z [1375/1417] Building C object esp-idf/lvgl__lvgl/CMakeFiles/__idf_lvgl__lvgl.dir/examples/widgets/span/lv_example_span_1.c.obj[K
2026-09-24T13:55:44.4030354Z [1376/1417] Building C object esp-idf/lvgl__lvgl/CMakeFiles/__idf_lvgl__lvgl.dir/examples/widgets/spinner/lv_example_spinner_1.c.obj[K
2026-09-24T13:55:44.5842941Z [1377/1417] Building C object esp-idf/lvgl__lvgl/CMakeFiles/__idf_lvgl__lvgl.dir/examples/widgets/spinbox/lv_example_spinbox_1.c.obj[K
2026-09-24T13:55:44.6273813Z [1378/1417] Building C object esp-idf/lvgl__lvgl/CMakeFiles/__idf_lvgl__lvgl.dir/examples/widgets/table/lv_example_table_2.c.obj[K
2026-09-24T13:55:44.6396777Z [1379/1417] Building C object esp-idf/lvgl__lvgl/CMakeFiles/__idf_lvgl__lvgl.dir/examples/widgets/tabview/lv_example_tabview_1.c.obj[K
2026-09-24T13:55:44.6914084Z [1380/1417] Building C object esp-idf/lvgl__lvgl/CMakeFiles/__idf_lvgl__lvgl.dir/examples/widgets/switch/lv_example_switch_1.c.obj[K
2026-09-24T13:55:44.7216457Z [1381/1417] Building C object esp-idf/lvgl__lvgl/CMakeFiles/__idf_lvgl__lvgl.dir/examples/widgets/table/lv_example_table_1.c.obj[K
2026-09-24T13:55:44.7318308Z [1382/1417] Building C object esp-idf/lvgl__lvgl/CMakeFiles/__idf_lvgl__lvgl.dir/examples/widgets/tabview/lv_example_tabview_2.c.obj[K
2026-09-24T13:55:44.9147444Z [1383/1417] Building C object esp-idf/lvgl__lvgl/CMakeFiles/__idf_lvgl__lvgl.dir/examples/widgets/textarea/lv_example_textarea_1.c.obj[K
2026-09-24T13:55:44.9370129Z [1384/1417] Building C object esp-idf/board/CMakeFiles/__idf_board.dir/board_spi.c.obj[K
2026-09-24T13:55:44.9918810Z [1385/1417] Building C object esp-idf/board/CMakeFiles/__idf_board.dir/board_i2c.c.obj[K
2026-09-24T13:55:45.0107350Z [1386/1417] Building C object esp-idf/lvgl__lvgl/CMakeFiles/__idf_lvgl__lvgl.dir/examples/widgets/textarea/lv_example_textarea_2.c.obj[K
2026-09-24T13:55:45.0146080Z [1387/1417] Building C object esp-idf/lvgl__lvgl/CMakeFiles/__idf_lvgl__lvgl.dir/examples/widgets/textarea/lv_example_textarea_3.c.obj[K
2026-09-24T13:55:45.0234402Z [1388/1417] Building C object esp-idf/lvgl__lvgl/CMakeFiles/__idf_lvgl__lvgl.dir/examples/widgets/win/lv_example_win_1.c.obj[K
2026-09-24T13:55:45.1613772Z [1389/1417] Building C object esp-idf/lvgl__lvgl/CMakeFiles/__idf_lvgl__lvgl.dir/examples/widgets/tileview/lv_example_tileview_1.c.obj[K
2026-09-24T13:55:45.2031214Z [1390/1417] Building C object esp-idf/board/CMakeFiles/__idf_board.dir/board_touch.c.obj[K
2026-09-24T13:55:45.3038411Z [1391/1417] Building C object esp-idf/board/CMakeFiles/__idf_board.dir/board_backlight.c.obj[K
2026-09-24T13:55:45.3922802Z [1392/1417] Building C object esp-idf/board/CMakeFiles/__idf_board.dir/board_sd.c.obj[K
2026-09-24T13:55:45.4049398Z [1393/1417] Building C object esp-idf/world/CMakeFiles/__idf_world.dir/world.c.obj[K
2026-09-24T13:55:45.4443930Z [1394/1417] Building C object esp-idf/radio/CMakeFiles/__idf_radio.dir/rx_path.c.obj[K
2026-09-24T13:55:45.5270592Z [1395/1417] Building C object esp-idf/radio/CMakeFiles/__idf_radio.dir/obs_cache.c.obj[K
2026-09-24T13:55:45.5923463Z [1396/1417] Building C object esp-idf/radio/CMakeFiles/__idf_radio.dir/hopper_policy.c.obj[K
2026-09-24T13:55:45.6700270Z [1397/1417] Linking C static library esp-idf/lvgl__lvgl/liblvgl__lvgl.a[K
2026-09-24T13:55:45.6946010Z [1398/1417] Building C object esp-idf/board/CMakeFiles/__idf_board.dir/board_display.c.obj[K
2026-09-24T13:55:45.7086569Z [1399/1417] Linking C static library esp-idf/board/libboard.a[K
2026-09-24T13:55:45.7419060Z [1400/1417] Building C object esp-idf/radio/CMakeFiles/__idf_radio.dir/ieee80211_parser.c.obj[K
2026-09-24T13:55:45.7788017Z [1401/1417] Building C object esp-idf/radio/CMakeFiles/__idf_radio.dir/pcap_serializer.c.obj[K
2026-09-24T13:55:45.8695259Z [1402/1417] Building C object esp-idf/radio/CMakeFiles/__idf_radio.dir/eapol_parser.c.obj[K
2026-09-24T13:55:45.8817861Z [1403/1417] Building C object esp-idf/radio/CMakeFiles/__idf_radio.dir/wifi_sniffer.c.obj[K
2026-09-24T13:55:45.9603876Z [1404/1417] Building C object esp-idf/storage/CMakeFiles/__idf_storage.dir/capture_serial_protocol.c.obj[K
2026-09-24T13:55:45.9793819Z [1405/1417] Building C object esp-idf/radio/CMakeFiles/__idf_radio.dir/channel_hopper.c.obj[K
2026-09-24T13:55:45.9879187Z [1406/1417] Linking C static library esp-idf/radio/libradio.a[K
2026-09-24T13:55:45.9950334Z [1407/1417] Linking C static library esp-idf/world/libworld.a[K
2026-09-24T13:55:46.0211502Z [1408/1417] Building C object esp-idf/main/CMakeFiles/__idf_main.dir/app_main.c.obj[K
2026-09-24T13:55:46.1697738Z [1409/1417] Building C object esp-idf/storage/CMakeFiles/__idf_storage.dir/sd_logger_core.c.obj[K
2026-09-24T13:55:46.1789202Z [1410/1417] Building C object esp-idf/storage/CMakeFiles/__idf_storage.dir/sd_logger_idf.c.obj[K
2026-09-24T13:55:46.1844663Z [1411/1417] Linking C static library esp-idf/storage/libstorage.a[K
2026-09-24T13:55:50.8929911Z [1412/1417] Linking C static library esp-idf/main/libmain.a[K
2026-09-24T13:55:50.9207478Z [1413/1417] Generating ld/sections.ld[K
2026-09-24T13:55:51.7012389Z [1414/1417] Building C object CMakeFiles/esp32c6_pwnagotchi.elf.dir/project_elf_src_esp32c6.c.obj[K
2026-09-24T13:55:51.8478697Z [1415/1417] Linking CXX executable esp32c6_pwnagotchi.elf[K
2026-09-24T13:55:51.8479602Z [1416/1417] Generating binary image from built executable[K
2026-09-24T13:55:51.8480162Z esptool.py v4.8.1
2026-09-24T13:55:51.8480405Z Creating esp32c6 image...
2026-09-24T13:55:51.8480646Z Merged 1 ELF section
2026-09-24T13:55:51.8480925Z Successfully created esp32c6 image.
2026-09-24T13:55:51.8481631Z Generated /app/yuanwil1y/esp32c6-Pwnagotchi/build/esp32c6_pwnagotchi.bin
2026-09-24T13:55:51.8815587Z 
2026-09-24T13:55:51.8818352Z [1417/1417] cd /app/yuanwil1y/esp32c6-Pwnagotchi/build/esp-idf/esptool_py && /opt/esp/python_env/idf5.4_py3.12_env/bin/python /opt/esp/idf/components/partition_table/check_sizes.py --offset 0x8000 partition --type app /app/yuanwil1y/esp32c6-Pwnagotchi/build/partition_table/partition-table.bin /app/yuanwil1y/esp32c6-Pwnagotchi/build/esp32c6_pwnagotchi.bin[K
2026-09-24T13:55:51.8820562Z esp32c6_pwnagotchi.bin binary size 0x124bf0 bytes. Smallest app partition is 0x400000 bytes. 0x2db410 bytes (71%) free.
2026-09-24T13:55:51.8838318Z 
2026-09-24T13:55:51.8838902Z Project build complete. To flash, run:
2026-09-24T13:55:51.8839538Z  idf.py flash
2026-09-24T13:55:51.8840026Z or
2026-09-24T13:55:51.8840266Z  idf.py -p PORT flash
2026-09-24T13:55:51.8840511Z or
2026-09-24T13:55:51.8842209Z  python -m esptool --chip esp32c6 -b 460800 --before default_reset --after hard_reset write_flash --flash_mode dio --flash_size 8MB --flash_freq 80m 0x0 build/bootloader/bootloader.bin 0x8000 build/partition_table/partition-table.bin 0x10000 build/esp32c6_pwnagotchi.bin
2026-09-24T13:55:51.8843979Z or from the "/app/yuanwil1y/esp32c6-Pwnagotchi/build" directory
2026-09-24T13:55:51.8844866Z  python -m esptool --chip esp32c6 -b 460800 --before default_reset --after hard_reset write_flash "@flash_args"
2026-09-24T13:55:52.8236466Z Executing action: size
2026-09-24T13:55:52.8236935Z Running ninja in directory /app/yuanwil1y/esp32c6-Pwnagotchi/build
2026-09-24T13:55:52.8237333Z Executing "ninja all"...
2026-09-24T13:55:52.8238883Z [1/4] cd /app/yuanwil1y/esp32c6-Pwnagotchi/build/esp-idf/esptool_py && /opt/esp/python_env/idf5.4_py3.12_env/bin/python /opt/esp/idf/components/partition_table/check_sizes.py --offset 0x8000 partition --type app /app/yuanwil1y/esp32c6-Pwnagotchi/build/partition_table/partition-table.bin /app/yuanwil1y/esp32c6-Pwnagotchi/build/esp32c6_pwnagotchi.bin
2026-09-24T13:55:52.8241034Z esp32c6_pwnagotchi.bin binary size 0x124bf0 bytes. Smallest app partition is 0x400000 bytes. 0x2db410 bytes (71%) free.
2026-09-24T13:55:52.8360595Z [2/4] Performing build step for 'bootloader'
2026-09-24T13:55:52.8362238Z [1/1] cd /app/yuanwil1y/esp32c6-Pwnagotchi/build/bootloader/esp-idf/esptool_py && /opt/esp/python_env/idf5.4_py3.12_env/bin/python /opt/esp/idf/components/partition_table/check_sizes.py --offset 0x8000 bootloader 0x0 /app/yuanwil1y/esp32c6-Pwnagotchi/build/bootloader/bootloader.bin
2026-09-24T13:55:52.8363423Z Bootloader binary size 0x5560 bytes. 0x2aa0 bytes (33%) free.
2026-09-24T13:55:52.8383044Z [3/4] No install step for 'bootloader'
2026-09-24T13:55:52.8431084Z [4/4] Completed 'bootloader'
2026-09-24T13:55:52.9080952Z Running ninja in directory /app/yuanwil1y/esp32c6-Pwnagotchi/build
2026-09-24T13:55:52.9081782Z Executing "ninja size"...
2026-09-24T13:55:52.9083009Z [0/1] cd /app/yuanwil1y/esp32c6-Pwnagotchi/build && /opt/esp/tools/cmake/3.30.2/bin/cmake -D "IDF_SIZE_TOOL=/opt/esp/python_env/idf5.4_py3.12_env/bin/python;-m;esp_idf_size" -D MAP_FILE=/app/yuanwil1y/esp32c6-Pwnagotchi/build/esp32c6_pwnagotchi.map -D OUTPUT_JSON= -P /opt/esp/idf/tools/cmake/run_size_tool.cmake
2026-09-24T13:55:53.0996525Z                             Memory Type Usage Summary                             
2026-09-24T13:55:53.1001230Z ┏━━━━━━━━━━━━━━━━━━━━━┳━━━━━━━━━━━━━━┳━━━━━━━━━━┳━━━━━━━━━━━━━━━━┳━━━━━━━━━━━━━━━┓
2026-09-24T13:55:53.1002534Z ┃ Memory Type/Section ┃ Used [bytes] ┃ Used [%] ┃ Remain [bytes] ┃ Total [bytes] ┃
2026-09-24T13:55:53.1003615Z ┡━━━━━━━━━━━━━━━━━━━━━╇━━━━━━━━━━━━━━╇━━━━━━━━━━╇━━━━━━━━━━━━━━━━╇━━━━━━━━━━━━━━━┩
2026-09-24T13:55:53.1004523Z │ Flash Code          │      1044856 │     6.23 │       15732328 │      16777184 │
2026-09-24T13:55:53.1005380Z │    .text            │       881508 │     5.25 │                │               │
2026-09-24T13:55:53.1006225Z │    .rodata          │       163092 │     0.97 │                │               │
2026-09-24T13:55:53.1006838Z │    .appdesc         │          256 │      0.0 │                │               │
2026-09-24T13:55:53.1007299Z │ DIRAM               │       220032 │    48.67 │         232080 │        452112 │
2026-09-24T13:55:53.1007751Z │    .text            │       138364 │     30.6 │                │               │
2026-09-24T13:55:53.1008180Z │    .bss             │        65936 │    14.58 │                │               │
2026-09-24T13:55:53.1008610Z │    .data            │        15725 │     3.48 │                │               │
2026-09-24T13:55:53.1009041Z │ LP SRAM             │           52 │     0.32 │          16332 │         16384 │
2026-09-24T13:55:53.1009474Z │    .force_fast      │           28 │     0.17 │                │               │
2026-09-24T13:55:53.1009918Z │    .rtc_reserved    │           24 │     0.15 │                │               │
2026-09-24T13:55:53.1010402Z └─────────────────────┴──────────────┴──────────┴────────────────┴───────────────┘
2026-09-24T13:55:53.1017103Z Total image size: [1;36m1198973[0m bytes [1m([0m.bin may be padded larger[1m)[0m
2026-09-24T13:55:53.2324116Z Executing action: size-components
2026-09-24T13:55:53.2324729Z Running ninja in directory /app/yuanwil1y/esp32c6-Pwnagotchi/build
2026-09-24T13:55:53.2325130Z Executing "ninja all"...
2026-09-24T13:55:53.2326829Z [1/4] cd /app/yuanwil1y/esp32c6-Pwnagotchi/build/esp-idf/esptool_py && /opt/esp/python_env/idf5.4_py3.12_env/bin/python /opt/esp/idf/components/partition_table/check_sizes.py --offset 0x8000 partition --type app /app/yuanwil1y/esp32c6-Pwnagotchi/build/partition_table/partition-table.bin /app/yuanwil1y/esp32c6-Pwnagotchi/build/esp32c6_pwnagotchi.bin
2026-09-24T13:55:53.2328481Z esp32c6_pwnagotchi.bin binary size 0x124bf0 bytes. Smallest app partition is 0x400000 bytes. 0x2db410 bytes (71%) free.
2026-09-24T13:55:53.2451298Z [2/4] Performing build step for 'bootloader'
2026-09-24T13:55:53.2453800Z [1/1] cd /app/yuanwil1y/esp32c6-Pwnagotchi/build/bootloader/esp-idf/esptool_py && /opt/esp/python_env/idf5.4_py3.12_env/bin/python /opt/esp/idf/components/partition_table/check_sizes.py --offset 0x8000 bootloader 0x0 /app/yuanwil1y/esp32c6-Pwnagotchi/build/bootloader/bootloader.bin
2026-09-24T13:55:53.2456241Z Bootloader binary size 0x5560 bytes. 0x2aa0 bytes (33%) free.
2026-09-24T13:55:53.2473802Z [3/4] No install step for 'bootloader'
2026-09-24T13:55:53.2520103Z [4/4] Completed 'bootloader'
2026-09-24T13:55:53.3174789Z Running ninja in directory /app/yuanwil1y/esp32c6-Pwnagotchi/build
2026-09-24T13:55:53.3175513Z Executing "ninja size-components"...
2026-09-24T13:55:53.3177796Z [0/1] cd /app/yuanwil1y/esp32c6-Pwnagotchi/build && /opt/esp/tools/cmake/3.30.2/bin/cmake -D "IDF_SIZE_TOOL=/opt/esp/python_env/idf5.4_py3.12_env/bin/python;-m;esp_idf_size" -D IDF_SIZE_MODE=--archives -D MAP_FILE=/app/yuanwil1y/esp32c6-Pwnagotchi/build/esp32c6_pwnagotchi.map -D OUTPUT_JSON= -P /opt/esp/idf/tools/cmake/run_size_tool.cmake
2026-09-24T13:55:53.5587589Z                                                                Per-archive contributions to ELF file                                                               
2026-09-24T13:55:53.5590566Z ┏━━━━━━━━━━━━━━━━━━━━━━━━━━━━━━━━━┳━━━━━━━━━━━━┳━━━━━━━┳━━━━━━━┳━━━━━━━┳━━━━━━━┳━━━━━━━━━━━━┳━━━━━━━━━┳━━━━━━━━━━┳━━━━━━━━┳━━━━━━━━━┳━━━━━━━━━━━━━━━┳━━━━━━━━━━━━━┓
2026-09-24T13:55:53.5593251Z ┃ Archive File                    ┃ Total Size ┃ DIRAM ┃  .bss ┃ .data ┃ .text ┃ Flash Code ┃ .rodata ┃ .appdesc ┃  .text ┃ LP SRAM ┃ .rtc_reserved ┃ .force_fast ┃
2026-09-24T13:55:53.5595913Z ┡━━━━━━━━━━━━━━━━━━━━━━━━━━━━━━━━━╇━━━━━━━━━━━━╇━━━━━━━╇━━━━━━━╇━━━━━━━╇━━━━━━━╇━━━━━━━━━━━━╇━━━━━━━━━╇━━━━━━━━━━╇━━━━━━━━╇━━━━━━━━━╇━━━━━━━━━━━━━━━╇━━━━━━━━━━━━━┩
2026-09-24T13:55:53.5597821Z │ liblvgl__lvgl.a                 │     221591 │ 22012 │  1092 │   142 │ 20778 │     199579 │   16909 │        0 │ 182670 │       0 │             0 │           0 │
2026-09-24T13:55:53.5599893Z │ libnet80211.a                   │     181443 │ 19484 │ 10385 │  1785 │  7314 │     161959 │   18045 │        0 │ 143914 │       0 │             0 │           0 │
2026-09-24T13:55:53.5601630Z │ libpp.a                         │     110772 │ 45365 │  2746 │  3201 │ 39418 │      65407 │    9405 │        0 │  56002 │       0 │             0 │           0 │
2026-09-24T13:55:53.5603351Z │ liblwip.a                       │      93494 │  2482 │  2470 │    12 │     0 │      91012 │    3234 │        0 │  87778 │       0 │             0 │           0 │
2026-09-24T13:55:53.5604729Z │ libesp_app_format.a             │      87155 │    10 │    10 │     0 │     0 │      87145 │   86359 │      256 │    530 │       0 │             0 │           0 │
2026-09-24T13:55:53.5606139Z │ libmbedcrypto.a                 │      79601 │   454 │   252 │   116 │    86 │      79147 │    6569 │        0 │  72578 │       0 │             0 │           0 │
2026-09-24T13:55:53.5607508Z │ libwpa_supplicant.a             │      78607 │  1329 │  1321 │     8 │     0 │      77278 │    1596 │        0 │  75682 │       0 │             0 │           0 │
2026-09-24T13:55:53.5609061Z │ libradio.a                      │      48716 │ 31435 │ 31435 │     0 │     0 │      17281 │      73 │        0 │  17208 │       0 │             0 │           0 │
2026-09-24T13:55:53.5610475Z │ libesp_hw_support.a             │      46734 │ 14208 │   148 │  4506 │  9554 │      32474 │    3114 │        0 │  29360 │      52 │            24 │          28 │
2026-09-24T13:55:53.5612051Z │ libphy.a                        │      28723 │  5579 │    44 │   919 │  4616 │      23144 │       0 │        0 │  23144 │       0 │             0 │           0 │
2026-09-24T13:55:53.5613470Z │ libstorage.a                    │      27963 │ 11640 │ 11600 │    40 │     0 │      16323 │     257 │        0 │  16066 │       0 │             0 │           0 │
2026-09-24T13:55:53.5614819Z │ libfatfs.a                      │      26110 │    64 │    60 │     4 │     0 │      26046 │    1496 │        0 │  24550 │       0 │             0 │           0 │
2026-09-24T13:55:53.5616147Z │ libhal.a                        │      19065 │ 11362 │    12 │   392 │ 10958 │       7703 │     453 │        0 │   7250 │       0 │             0 │           0 │
2026-09-24T13:55:53.5617531Z │ libsdmmc.a                      │      18440 │     0 │     0 │     0 │     0 │      18440 │    1396 │        0 │  17044 │       0 │             0 │           0 │
2026-09-24T13:55:53.5618872Z │ libfreertos.a                   │      18287 │ 16560 │  2240 │    88 │ 14232 │       1727 │    1175 │        0 │    552 │       0 │             0 │           0 │
2026-09-24T13:55:53.5620240Z │ libnvs_flash.a                  │      17022 │    28 │    28 │     0 │     0 │      16994 │     252 │        0 │  16742 │       0 │             0 │           0 │
2026-09-24T13:55:53.5621708Z │ libc.a                          │      14577 │   712 │   356 │   356 │     0 │      13865 │    1021 │        0 │  12844 │       0 │             0 │           0 │
2026-09-24T13:55:53.5623038Z │ libesp_system.a                 │      13238 │  2442 │   138 │    88 │  2216 │      10796 │     570 │        0 │  10226 │       0 │             0 │           0 │
2026-09-24T13:55:53.5624532Z │ libesp_driver_spi.a             │      12520 │  4708 │     8 │   112 │  4588 │       7812 │     540 │        0 │   7272 │       0 │             0 │           0 │
2026-09-24T13:55:53.5625946Z │ libspi_flash.a                  │      10570 │  8993 │    14 │   941 │  8038 │       1577 │     357 │        0 │   1220 │       0 │             0 │           0 │
2026-09-24T13:55:53.5627366Z │ libdriver.a                     │       7603 │  1198 │    10 │    32 │  1156 │       6405 │     343 │        0 │   6062 │       0 │             0 │           0 │
2026-09-24T13:55:53.5628797Z │ libesp_driver_gpio.a            │       6979 │    36 │     0 │    36 │     0 │       6943 │     647 │        0 │   6296 │       0 │             0 │           0 │
2026-09-24T13:55:53.5630065Z │ libvfs.a                        │       6614 │   236 │    44 │   192 │     0 │       6378 │     158 │        0 │   6220 │       0 │             0 │           0 │
2026-09-24T13:55:53.5631640Z │ libesp_driver_ledc.a            │       6604 │   218 │    36 │     0 │   182 │       6386 │     232 │        0 │   6154 │       0 │             0 │           0 │
2026-09-24T13:55:53.5633279Z │ libesp_ringbuf.a                │       5740 │  5238 │     0 │     0 │  5238 │        502 │     502 │        0 │      0 │       0 │             0 │           0 │
2026-09-24T13:55:53.5634666Z │ libcoexist.a                    │       5474 │  1544 │     2 │  1446 │    96 │       3930 │      40 │        0 │   3890 │       0 │             0 │           0 │
2026-09-24T13:55:53.5636036Z │ libesp_driver_sdspi.a           │       5438 │    13 │    13 │     0 │     0 │       5425 │     283 │        0 │   5142 │       0 │             0 │           0 │
2026-09-24T13:55:53.5637410Z │ libboard.a                      │       4721 │   229 │   179 │    50 │     0 │       4492 │     386 │        0 │   4106 │       0 │             0 │           0 │
2026-09-24T13:55:53.5638719Z │ libworld.a                      │       4638 │     0 │     0 │     0 │     0 │       4638 │       6 │        0 │   4632 │       0 │             0 │           0 │
2026-09-24T13:55:53.5640274Z │ libesp_driver_usb_serial_jtag.a │       4518 │   169 │    17 │    48 │   104 │       4349 │     211 │        0 │   4138 │       0 │             0 │           0 │
2026-09-24T13:55:53.5641913Z │ libnewlib.a                     │       4075 │  2286 │   200 │   156 │  1930 │       1789 │     111 │        0 │   1678 │       0 │             0 │           0 │
2026-09-24T13:55:53.5643290Z │ libheap.a                       │       4013 │  1324 │     8 │    12 │  1304 │       2689 │     437 │        0 │   2252 │       0 │             0 │           0 │
2026-09-24T13:55:53.5644619Z │ libesp_mm.a                     │       3780 │   662 │    44 │    28 │   590 │       3118 │     166 │        0 │   2952 │       0 │             0 │           0 │
2026-09-24T13:55:53.5645966Z │ libesp_lcd.a                    │       3721 │     0 │     0 │     0 │     0 │       3721 │     225 │        0 │   3496 │       0 │             0 │           0 │
2026-09-24T13:55:53.5647419Z │ libesp_timer.a                  │       3460 │  1566 │    36 │    16 │  1514 │       1894 │     104 │        0 │   1790 │       0 │             0 │           0 │
2026-09-24T13:55:53.5648808Z │ libesp_phy.a                    │       3197 │   397 │    44 │     1 │   352 │       2800 │     284 │        0 │   2516 │       0 │             0 │           0 │
2026-09-24T13:55:53.5650160Z │ libesp_wifi.a                   │       3078 │   816 │     6 │   484 │   326 │       2262 │       8 │        0 │   2254 │       0 │             0 │           0 │
2026-09-24T13:55:53.5651640Z │ liblog.a                        │       2674 │   594 │   272 │     8 │   314 │       2080 │      48 │        0 │   2032 │       0 │             0 │           0 │
2026-09-24T13:55:53.5653029Z │ libespressif__esp_lcd_sh8601.a  │       2509 │     4 │     1 │     3 │     0 │       2505 │     231 │        0 │   2274 │       0 │             0 │           0 │
2026-09-24T13:55:53.5654402Z │ libesp_partition.a              │       2220 │     8 │     8 │     0 │     0 │       2212 │     168 │        0 │   2044 │       0 │             0 │           0 │
2026-09-24T13:55:53.5655987Z │ libesp_common.a                 │       1816 │     0 │     0 │     0 │     0 │       1816 │    1758 │        0 │     58 │       0 │             0 │           0 │
2026-09-24T13:55:53.5657384Z │ libefuse.a                      │       1689 │    52 │     4 │    48 │     0 │       1637 │     233 │        0 │   1404 │       0 │             0 │           0 │
2026-09-24T13:55:53.5658751Z │ libstdc++.a                     │       1662 │    25 │    17 │     8 │     0 │       1637 │     199 │        0 │   1438 │       0 │             0 │           0 │
2026-09-24T13:55:53.5660099Z │ libesp_rom.a                    │       1645 │  1594 │    84 │     0 │  1510 │         51 │      49 │        0 │      2 │       0 │             0 │           0 │
2026-09-24T13:55:53.5661858Z │ libesp_event.a                  │       1519 │     4 │     4 │     0 │     0 │       1515 │      57 │        0 │   1458 │       0 │             0 │           0 │
2026-09-24T13:55:53.5663237Z │ libmain.a                       │       1431 │     0 │     0 │     0 │     0 │       1431 │       9 │        0 │   1422 │       0 │             0 │           0 │
2026-09-24T13:55:53.5664572Z │ libriscv.a                      │       1280 │  1100 │   256 │     0 │   844 │        180 │      50 │        0 │    130 │       0 │             0 │           0 │
2026-09-24T13:55:53.5666014Z │ libbootloader_support.a         │       1022 │   930 │     0 │     0 │   930 │         92 │      40 │        0 │     52 │       0 │             0 │           0 │
2026-09-24T13:55:53.5667371Z │ libsoc.a                        │        769 │     0 │     0 │     0 │     0 │        769 │     769 │        0 │      0 │       0 │             0 │           0 │
2026-09-24T13:55:53.5668630Z │ libesp_coex.a                   │        674 │   246 │     0 │    80 │   166 │        428 │       0 │        0 │    428 │       0 │             0 │           0 │
2026-09-24T13:55:53.5669902Z │ libesp_vfs_console.a            │        624 │    12 │    12 │     0 │     0 │        612 │     180 │        0 │    432 │       0 │             0 │           0 │
2026-09-24T13:55:53.5671135Z │ libpthread.a                    │        604 │     4 │     4 │     0 │     0 │        600 │      46 │        0 │    554 │       0 │             0 │           0 │
2026-09-24T13:55:53.5672520Z │ libm.a                          │        368 │     0 │     0 │     0 │     0 │        368 │       0 │        0 │    368 │       0 │             0 │           0 │
2026-09-24T13:55:53.5673695Z │ libcore.a                       │        360 │     9 │     9 │     0 │     0 │        351 │      43 │        0 │    308 │       0 │             0 │           0 │
2026-09-24T13:55:53.5674911Z │ libesp_security.a               │        307 │    12 │    12 │     0 │     0 │        295 │      33 │        0 │    262 │       0 │             0 │           0 │
2026-09-24T13:55:53.5676228Z │ libesp_netif.a                  │        300 │     8 │     8 │     0 │     0 │        292 │       0 │        0 │    292 │       0 │             0 │           0 │
2026-09-24T13:55:53.5677475Z │ libapp_update.a                 │        232 │     4 │     4 │     0 │     0 │        228 │      30 │        0 │    198 │       0 │             0 │           0 │
2026-09-24T13:55:53.5678638Z │ libmesh.a                       │         68 │     4 │     4 │     0 │     0 │         64 │       0 │        0 │     64 │       0 │             0 │           0 │
2026-09-24T13:55:53.5679755Z │ libcxx.a                        │         60 │     0 │     0 │     0 │     0 │         60 │       0 │        0 │     60 │       0 │             0 │           0 │
2026-09-24T13:55:53.5680907Z │ libnvs_sec_provider.a           │          2 │     0 │     0 │     0 │     0 │          2 │       0 │        0 │      2 │       0 │             0 │           0 │
2026-09-24T13:55:53.5682523Z └─────────────────────────────────┴────────────┴───────┴───────┴───────┴───────┴────────────┴─────────┴──────────┴────────┴─────────┴───────────────┴─────────────┘
2026-09-24T13:55:53.6904730Z Executing action: size-files
2026-09-24T13:55:53.6905751Z Running ninja in directory /app/yuanwil1y/esp32c6-Pwnagotchi/build
2026-09-24T13:55:53.6906414Z Executing "ninja all"...
2026-09-24T13:55:53.6908679Z [1/4] cd /app/yuanwil1y/esp32c6-Pwnagotchi/build/esp-idf/esptool_py && /opt/esp/python_env/idf5.4_py3.12_env/bin/python /opt/esp/idf/components/partition_table/check_sizes.py --offset 0x8000 partition --type app /app/yuanwil1y/esp32c6-Pwnagotchi/build/partition_table/partition-table.bin /app/yuanwil1y/esp32c6-Pwnagotchi/build/esp32c6_pwnagotchi.bin
2026-09-24T13:55:53.6911678Z esp32c6_pwnagotchi.bin binary size 0x124bf0 bytes. Smallest app partition is 0x400000 bytes. 0x2db410 bytes (71%) free.
2026-09-24T13:55:53.7064089Z [2/4] Performing build step for 'bootloader'
2026-09-24T13:55:53.7065879Z [1/1] cd /app/yuanwil1y/esp32c6-Pwnagotchi/build/bootloader/esp-idf/esptool_py && /opt/esp/python_env/idf5.4_py3.12_env/bin/python /opt/esp/idf/components/partition_table/check_sizes.py --offset 0x8000 bootloader 0x0 /app/yuanwil1y/esp32c6-Pwnagotchi/build/bootloader/bootloader.bin
2026-09-24T13:55:53.7067332Z Bootloader binary size 0x5560 bytes. 0x2aa0 bytes (33%) free.
2026-09-24T13:55:53.7085420Z [3/4] No install step for 'bootloader'
2026-09-24T13:55:53.7133099Z [4/4] Completed 'bootloader'
2026-09-24T13:55:53.7763939Z Running ninja in directory /app/yuanwil1y/esp32c6-Pwnagotchi/build
2026-09-24T13:55:53.7764628Z Executing "ninja size-files"...
2026-09-24T13:55:53.7765926Z [0/1] cd /app/yuanwil1y/esp32c6-Pwnagotchi/build && /opt/esp/tools/cmake/3.30.2/bin/cmake -D "IDF_SIZE_TOOL=/opt/esp/python_env/idf5.4_py3.12_env/bin/python;-m;esp_idf_size" -D IDF_SIZE_MODE=--files -D MAP_FILE=/app/yuanwil1y/esp32c6-Pwnagotchi/build/esp32c6_pwnagotchi.map -D OUTPUT_JSON= -P /opt/esp/idf/tools/cmake/run_size_tool.cmake
2026-09-24T13:55:54.6198360Z                                                                     Per-file contributions to ELF file                                                                     
2026-09-24T13:55:54.6201130Z ┏━━━━━━━━━━━━━━━━━━━━━━━━━━━━━━━━━━━━━━━━━━┳━━━━━━━━━━━━┳━━━━━━━┳━━━━━━━┳━━━━━━━┳━━━━━━━┳━━━━━━━━━━━━┳━━━━━━━━━┳━━━━━━━━━━┳━━━━━━━┳━━━━━━━━━┳━━━━━━━━━━━━━━━┳━━━━━━━━━━━━━┓
2026-09-24T13:55:54.6203651Z ┃ Object File                              ┃ Total Size ┃ DIRAM ┃  .bss ┃ .data ┃ .text ┃ Flash Code ┃ .rodata ┃ .appdesc ┃ .text ┃ LP SRAM ┃ .rtc_reserved ┃ .force_fast ┃
2026-09-24T13:55:54.6205963Z ┡━━━━━━━━━━━━━━━━━━━━━━━━━━━━━━━━━━━━━━━━━━╇━━━━━━━━━━━━╇━━━━━━━╇━━━━━━━╇━━━━━━━╇━━━━━━━╇━━━━━━━━━━━━╇━━━━━━━━━╇━━━━━━━━━━╇━━━━━━━╇━━━━━━━━━╇━━━━━━━━━━━━━━━╇━━━━━━━━━━━━━┩
2026-09-24T13:55:54.6207699Z │ esp_app_desc.c.obj                       │      87155 │    10 │    10 │     0 │     0 │      87145 │   86359 │      256 │   530 │       0 │             0 │           0 │
2026-09-24T13:55:54.6212421Z │ wifi_sniffer.c.obj                       │      38675 │ 31283 │ 31283 │     0 │     0 │       7392 │      24 │        0 │  7368 │       0 │             0 │           0 │
2026-09-24T13:55:54.6228900Z │ wl_cnx.o                                 │      22393 │  5316 │  5169 │     3 │   144 │      17077 │    1497 │        0 │ 15580 │       0 │             0 │           0 │
2026-09-24T13:55:54.6234301Z │ pm.o                                     │      19985 │  9212 │  1152 │    88 │  7972 │      10773 │    1075 │        0 │  9698 │       0 │             0 │           0 │
2026-09-24T13:55:54.6237977Z │ sd_logger_idf.c.obj                      │      19832 │ 11640 │ 11600 │    40 │     0 │       8192 │       0 │        0 │  8192 │       0 │             0 │           0 │
2026-09-24T13:55:54.6243365Z │ ieee80211_output.o                       │      17596 │  3663 │    13 │     2 │  3648 │      13933 │     539 │        0 │ 13394 │       0 │             0 │           0 │
2026-09-24T13:55:54.6247458Z │ ieee80211_sta.o                          │      15849 │  2492 │    35 │    13 │  2444 │      13357 │    1323 │        0 │ 12034 │       0 │             0 │           0 │
2026-09-24T13:55:54.6252319Z │ pp.o                                     │      15729 │  9066 │    32 │  1068 │  7966 │       6663 │     685 │        0 │  5978 │       0 │             0 │           0 │
2026-09-24T13:55:54.6256726Z │ ff.c.obj                                 │      15275 │    10 │    10 │     0 │     0 │      15265 │     185 │        0 │ 15080 │       0 │             0 │           0 │
2026-09-24T13:55:54.6263407Z │ lv_theme_default.c.obj                   │      15233 │   291 │   109 │     0 │   182 │      14942 │      44 │        0 │ 14898 │       0 │             0 │           0 │
2026-09-24T13:55:54.6279945Z │ ieee80211_hostap.o                       │      13989 │    82 │    65 │     1 │    16 │      13907 │    1109 │        0 │ 12798 │       0 │             0 │           0 │
2026-09-24T13:55:54.6287011Z │ lv_font_montserrat_14.c.obj              │      13641 │     8 │     8 │     0 │     0 │      13633 │   13633 │        0 │     0 │       0 │             0 │           0 │
2026-09-24T13:55:54.6289300Z │ ieee80211_scan.o                         │      13207 │   323 │   309 │    14 │     0 │      12884 │     716 │        0 │ 12168 │       0 │             0 │           0 │
2026-09-24T13:55:54.6292079Z │ sae.c.obj                                │      12620 │     0 │     0 │     0 │     0 │      12620 │      32 │        0 │ 12588 │       0 │             0 │           0 │
2026-09-24T13:55:54.6294512Z │ wpa.c.obj                                │      12560 │   872 │   872 │     0 │     0 │      11688 │       0 │        0 │ 11688 │       0 │             0 │           0 │
2026-09-24T13:55:54.6296549Z │ wdev.o                                   │      12362 │  4770 │   160 │   204 │  4406 │       7592 │     850 │        0 │  6742 │       0 │             0 │           0 │
2026-09-24T13:55:54.6298459Z │ ieee80211_he.o                           │      12090 │   321 │    27 │     2 │   292 │      11769 │    3243 │        0 │  8526 │       0 │             0 │           0 │
2026-09-24T13:55:54.6300884Z │ nd6.c.obj                                │      11830 │   940 │   932 │     8 │     0 │      10890 │      88 │        0 │ 10802 │       0 │             0 │           0 │
2026-09-24T13:55:54.6303080Z │ ieee80211_ht.o                           │      11694 │   776 │     5 │     1 │   770 │      10918 │    1536 │        0 │  9382 │       0 │             0 │           0 │
2026-09-24T13:55:54.6305784Z │ ieee80211_ioctl.o                        │      11299 │   135 │   135 │     0 │     0 │      11164 │    1790 │        0 │  9374 │       0 │             0 │           0 │
2026-09-24T13:55:54.6308159Z │ tcp_in.c.obj                             │      10720 │    52 │    52 │     0 │     0 │      10668 │     154 │        0 │ 10514 │       0 │             0 │           0 │
2026-09-24T13:55:54.6310275Z │ ieee80211_twt.o                          │      10299 │   663 │   259 │   404 │     0 │       9636 │    1132 │        0 │  8504 │       0 │             0 │           0 │
2026-09-24T13:55:54.6314278Z │ lmac.o                                   │       9362 │  3321 │     0 │    51 │  3270 │       6041 │     923 │        0 │  5118 │       0 │             0 │           0 │
2026-09-24T13:55:54.6319395Z │ trc.o                                    │       9288 │  2942 │   492 │   876 │  1574 │       6346 │    1520 │        0 │  4826 │       0 │             0 │           0 │
2026-09-24T13:55:54.6324333Z │ lv_chart.c.obj                           │       9286 │     0 │     0 │     0 │     0 │       9286 │      28 │        0 │  9258 │       0 │             0 │           0 │
2026-09-24T13:55:54.6326417Z │ lv_draw_sw_rect.c.obj                    │       9254 │  4872 │     0 │     0 │  4872 │       4382 │       0 │        0 │  4382 │       0 │             0 │           0 │
2026-09-24T13:55:54.6328217Z │ lv_obj_pos.c.obj                         │       8947 │     5 │     5 │     0 │     0 │       8942 │       0 │        0 │  8942 │       0 │             0 │           0 │
2026-09-24T13:55:54.6331627Z │ wpa_auth.c.obj                           │       8674 │    68 │    68 │     0 │     0 │       8606 │       0 │        0 │  8606 │       0 │             0 │           0 │
2026-09-24T13:55:54.6335620Z │ ecp.c.obj                                │       8466 │    68 │    68 │     0 │     0 │       8398 │     236 │        0 │  8162 │       0 │             0 │           0 │
2026-09-24T13:55:54.6337346Z │ tasks.c.obj                              │       8336 │  7792 │   660 │     8 │  7124 │        544 │     544 │        0 │     0 │       0 │             0 │           0 │
2026-09-24T13:55:54.6338882Z │ ecp_curves.c.obj                         │       7934 │     0 │     0 │     0 │     0 │       7934 │    2276 │        0 │  5658 │       0 │             0 │           0 │
2026-09-24T13:55:54.6340423Z │ spi_master.c.obj                         │       7747 │  4372 │     8 │     0 │  4364 │       3375 │     393 │        0 │  2982 │       0 │             0 │           0 │
2026-09-24T13:55:54.6342166Z │ i2c.c.obj                                │       7603 │  1198 │    10 │    32 │  1156 │       6405 │     343 │        0 │  6062 │       0 │             0 │           0 │
2026-09-24T13:55:54.6346542Z │ tcp_out.c.obj                            │       7592 │     0 │     0 │     0 │     0 │       7592 │     466 │        0 │  7126 │       0 │             0 │           0 │
2026-09-24T13:55:54.6349054Z │ sd_logger_core.c.obj                     │       7482 │     0 │     0 │     0 │     0 │       7482 │     192 │        0 │  7290 │       0 │             0 │           0 │
2026-09-24T13:55:54.6354167Z │ dhcp.c.obj                               │       7302 │    64 │    64 │     0 │     0 │       7238 │     228 │        0 │  7010 │       0 │             0 │           0 │
2026-09-24T13:55:54.6356434Z │ regdma_link.c.obj                        │       7091 │     0 │     0 │     0 │     0 │       7091 │     767 │        0 │  6324 │       0 │             0 │           0 │
2026-09-24T13:55:54.6358607Z │ ieee80211_nvs.o                          │       7087 │  1304 │  1300 │     4 │     0 │       5783 │     491 │        0 │  5292 │       0 │             0 │           0 │
2026-09-24T13:55:54.6360902Z │ rsa.c.obj                                │       7050 │     0 │     0 │     0 │     0 │       7050 │       0 │        0 │  7050 │       0 │             0 │           0 │
2026-09-24T13:55:54.6363115Z │ lv_draw_mask.c.obj                       │       6788 │  3832 │     0 │     0 │  3832 │       2956 │       0 │        0 │  2956 │       0 │             0 │           0 │
2026-09-24T13:55:54.6365725Z │ sockets.c.obj                            │       6755 │   608 │   608 │     0 │     0 │       6147 │     209 │        0 │  5938 │       0 │             0 │           0 │
2026-09-24T13:55:54.6369675Z │ gpio.c.obj                               │       6657 │    36 │     0 │    36 │     0 │       6621 │     631 │        0 │  5990 │       0 │             0 │           0 │
2026-09-24T13:55:54.6372473Z │ ledc.c.obj                               │       6604 │   218 │    36 │     0 │   182 │       6386 │     232 │        0 │  6154 │       0 │             0 │           0 │
2026-09-24T13:55:54.6377938Z │ ieee80211_api.o                          │       6545 │    30 │    10 │    20 │     0 │       6515 │     371 │        0 │  6144 │       0 │             0 │           0 │
2026-09-24T13:55:54.6381727Z │ ieee80211_input.o                        │       6523 │     0 │     0 │     0 │     0 │       6523 │     517 │        0 │  6006 │       0 │             0 │           0 │
2026-09-24T13:55:54.6384198Z │ lv_obj_scroll.c.obj                      │       6382 │     0 │     0 │     0 │     0 │       6382 │       0 │        0 │  6382 │       0 │             0 │           0 │
2026-09-24T13:55:54.6397832Z │ bignum.c.obj                             │       6341 │     0 │     0 │     0 │     0 │       6341 │     167 │        0 │  6174 │       0 │             0 │           0 │
2026-09-24T13:55:54.6402517Z │ vfs_fat.c.obj                            │       6248 │    12 │    12 │     0 │     0 │       6236 │     220 │        0 │  6016 │       0 │             0 │           0 │
2026-09-24T13:55:54.6405325Z │ hal_mac_tx.o                             │       6177 │  5160 │   106 │     0 │  5054 │       1017 │     675 │        0 │   342 │       0 │             0 │           0 │
2026-09-24T13:55:54.6409793Z │ tcp.c.obj                                │       6174 │    25 │    23 │     2 │     0 │       6149 │     353 │        0 │  5796 │       0 │             0 │           0 │
2026-09-24T13:55:54.6411833Z │ lv_btnmatrix.c.obj                       │       5992 │    28 │     0 │    28 │     0 │       5964 │      28 │        0 │  5936 │       0 │             0 │           0 │
2026-09-24T13:55:54.6413955Z │ hal_mac_ctl.o                            │       5952 │   376 │     0 │   204 │   172 │       5576 │     596 │        0 │  4980 │       0 │             0 │           0 │
2026-09-24T13:55:54.6418346Z │ lv_refr.c.obj                            │       5948 │    94 │     8 │     0 │    86 │       5854 │       0 │        0 │  5854 │       0 │             0 │           0 │
2026-09-24T13:55:54.6420717Z │ ringbuf.c.obj                            │       5740 │  5238 │     0 │     0 │  5238 │        502 │     502 │        0 │     0 │       0 │             0 │           0 │
2026-09-24T13:55:54.6422863Z │ lv_label.c.obj                           │       5734 │     0 │     0 │     0 │     0 │       5734 │      28 │        0 │  5706 │       0 │             0 │           0 │
2026-09-24T13:55:54.6427981Z │ sdmmc_sd.c.obj                           │       5685 │     0 │     0 │     0 │     0 │       5685 │     575 │        0 │  5110 │       0 │             0 │           0 │
2026-09-24T13:55:54.6429607Z │ sha512.c.obj                             │       5672 │     0 │     0 │     0 │     0 │       5672 │     640 │        0 │  5032 │       0 │             0 │           0 │
2026-09-24T13:55:54.6431231Z │ vfs.c.obj                                │       5656 │   232 │    40 │   192 │     0 │       5424 │      30 │        0 │  5394 │       0 │             0 │           0 │
2026-09-24T13:55:54.6432836Z │ rtc_clk.c.obj                            │       5510 │  5510 │     8 │  3014 │  2488 │          0 │       0 │        0 │     0 │       0 │             0 │           0 │
2026-09-24T13:55:54.6434298Z │ lv_obj_style.c.obj                       │       5263 │   183 │     0 │     1 │   182 │       5080 │       0 │        0 │  5080 │       0 │             0 │           0 │
2026-09-24T13:55:54.6435761Z │ sleep_retention.c.obj                    │       5245 │   920 │     0 │   892 │    28 │       4325 │     325 │        0 │  4000 │       0 │             0 │           0 │
2026-09-24T13:55:54.6437040Z │ lv_indev.c.obj                           │       5232 │     8 │     8 │     0 │     0 │       5224 │       0 │        0 │  5224 │       0 │             0 │           0 │
2026-09-24T13:55:54.6438645Z │ phy_tx_cal.o                             │       5187 │    11 │     0 │    11 │     0 │       5176 │       0 │        0 │  5176 │       0 │             0 │           0 │
2026-09-24T13:55:54.6440115Z │ nvs_storage.cpp.obj                      │       5160 │     0 │     0 │     0 │     0 │       5160 │       0 │        0 │  5160 │       0 │             0 │           0 │
2026-09-24T13:55:54.6442695Z │ lv_arc.c.obj                             │       5118 │     0 │     0 │     0 │     0 │       5118 │      28 │        0 │  5090 │       0 │             0 │           0 │
2026-09-24T13:55:54.6443943Z │ lv_textarea.c.obj                        │       5104 │     4 │     4 │     0 │     0 │       5100 │      28 │        0 │  5072 │       0 │             0 │           0 │
2026-09-24T13:55:54.6444770Z │ nvs_page.cpp.obj                         │       4980 │     4 │     4 │     0 │     0 │       4976 │       4 │        0 │  4972 │       0 │             0 │           0 │
2026-09-24T13:55:54.6445569Z │ api_msg.c.obj                            │       4978 │     0 │     0 │     0 │     0 │       4978 │     254 │        0 │  4724 │       0 │             0 │           0 │
2026-09-24T13:55:54.6446378Z │ hal_debug.o                              │       4966 │     0 │     0 │     0 │     0 │       4966 │     976 │        0 │  3990 │       0 │             0 │           0 │
2026-09-24T13:55:54.6447159Z │ sdmmc_cmd.c.obj                          │       4819 │     0 │     0 │     0 │     0 │       4819 │     267 │        0 │  4552 │       0 │             0 │           0 │
2026-09-24T13:55:54.6447980Z │ spi_common.c.obj                         │       4773 │   336 │     0 │   112 │   224 │       4437 │     147 │        0 │  4290 │       0 │             0 │           0 │
2026-09-24T13:55:54.6448834Z │ lv_draw_sw_blend.c.obj                   │       4670 │  2610 │     0 │     0 │  2610 │       2060 │       0 │        0 │  2060 │       0 │             0 │           0 │
2026-09-24T13:55:54.6449647Z │ world.c.obj                              │       4638 │     0 │     0 │     0 │     0 │       4638 │       6 │        0 │  4632 │       0 │             0 │           0 │
2026-09-24T13:55:54.6450460Z │ pm_twt.o                                 │       4573 │  1299 │    19 │    24 │  1256 │       3274 │     326 │        0 │  2948 │       0 │             0 │           0 │
2026-09-24T13:55:54.6451674Z │ ip6.c.obj                                │       4550 │     0 │     0 │     0 │     0 │       4550 │      18 │        0 │  4532 │       0 │             0 │           0 │
2026-09-24T13:55:54.6452532Z │ lv_dropdown.c.obj                        │       4420 │     0 │     0 │     0 │     0 │       4420 │      56 │        0 │  4364 │       0 │             0 │           0 │
2026-09-24T13:55:54.6453350Z │ queue.c.obj                              │       4419 │  4024 │     0 │     0 │  4024 │        395 │     395 │        0 │     0 │       0 │             0 │           0 │
2026-09-24T13:55:54.6454154Z │ lv_obj.c.obj                             │       4359 │     5 │     5 │     0 │     0 │       4354 │      28 │        0 │  4326 │       0 │             0 │           0 │
2026-09-24T13:55:54.6455127Z │ ieee80211_supplicant.o                   │       4292 │   164 │   160 │     4 │     0 │       4128 │     110 │        0 │  4018 │       0 │             0 │           0 │
2026-09-24T13:55:54.6455989Z │ aria.c.obj                               │       4098 │     0 │     0 │     0 │     0 │       4098 │    1072 │        0 │  3026 │       0 │             0 │           0 │
2026-09-24T13:55:54.6456793Z │ lv_indev_scroll.c.obj                    │       4086 │     0 │     0 │     0 │     0 │       4086 │       0 │        0 │  4086 │       0 │             0 │           0 │
2026-09-24T13:55:54.6457597Z │ lv_table.c.obj                           │       4082 │     0 │     0 │     0 │     0 │       4082 │      28 │        0 │  4054 │       0 │             0 │           0 │
2026-09-24T13:55:54.6458385Z │ lv_draw_sw_arc.c.obj                     │       4076 │     0 │     0 │     0 │     0 │       4076 │       0 │        0 │  4076 │       0 │             0 │           0 │
2026-09-24T13:55:54.6459203Z │ phy_init.o                               │       4074 │  1076 │     4 │   408 │   664 │       2998 │       0 │        0 │  2998 │       0 │             0 │           0 │
2026-09-24T13:55:54.6460013Z │ gdma.c.obj                               │       4022 │   372 │     0 │    16 │   356 │       3650 │     236 │        0 │  3414 │       0 │             0 │           0 │
2026-09-24T13:55:54.6460798Z │ udp.c.obj                                │       3922 │     6 │     4 │     2 │     0 │       3916 │      50 │        0 │  3866 │       0 │             0 │           0 │
2026-09-24T13:55:54.6461977Z │ sdspi_host.c.obj                         │       3919 │     8 │     8 │     0 │     0 │       3911 │      27 │        0 │  3884 │       0 │             0 │           0 │
2026-09-24T13:55:54.6463041Z │ phy_rx_cal.o                             │       3830 │    54 │     0 │    54 │     0 │       3776 │       0 │        0 │  3776 │       0 │             0 │           0 │
2026-09-24T13:55:54.6463838Z │ lv_flex.c.obj                            │       3824 │    22 │    22 │     0 │     0 │       3802 │       0 │        0 │  3802 │       0 │             0 │           0 │
2026-09-24T13:55:54.6464803Z │ ieee80211_timer.o                        │       3769 │   256 │     0 │   256 │     0 │       3513 │    1629 │        0 │  1884 │       0 │             0 │           0 │
2026-09-24T13:55:54.6465627Z │ ieee80211.o                              │       3731 │   676 │   676 │     0 │     0 │       3055 │     399 │        0 │  2656 │       0 │             0 │           0 │
2026-09-24T13:55:54.6466440Z │ ieee80211_parser.c.obj                   │       3691 │     0 │     0 │     0 │     0 │       3691 │      17 │        0 │  3674 │       0 │             0 │           0 │
2026-09-24T13:55:54.6467241Z │ lv_grid.c.obj                            │       3656 │    42 │    42 │     0 │     0 │       3614 │       0 │        0 │  3614 │       0 │             0 │           0 │
2026-09-24T13:55:54.6468163Z │ lv_colorwheel.c.obj                      │       3624 │     8 │     5 │     3 │     0 │       3616 │      28 │        0 │  3588 │       0 │             0 │           0 │
2026-09-24T13:55:54.6468983Z │ netif.c.obj                              │       3613 │   273 │   273 │     0 │     0 │       3340 │     210 │        0 │  3130 │       0 │             0 │           0 │
2026-09-24T13:55:54.6469838Z │ sdmmc_common.c.obj                       │       3608 │     0 │     0 │     0 │     0 │       3608 │     266 │        0 │  3342 │       0 │             0 │           0 │
2026-09-24T13:55:54.6470642Z │ wpa_common.c.obj                         │       3606 │     0 │     0 │     0 │     0 │       3606 │       0 │        0 │  3606 │       0 │             0 │           0 │
2026-09-24T13:55:54.6471678Z │ esp_flash_api.c.obj                      │       3595 │  3356 │     0 │   238 │  3118 │        239 │     219 │        0 │    20 │       0 │             0 │           0 │
2026-09-24T13:55:54.6472543Z │ esp_wpa3.c.obj                           │       3546 │   164 │   156 │     8 │     0 │       3382 │       0 │        0 │  3382 │       0 │             0 │           0 │
2026-09-24T13:55:54.6473353Z │ sae_pk.c.obj                             │       3542 │     0 │     0 │     0 │     0 │       3542 │    1056 │        0 │  2486 │       0 │             0 │           0 │
2026-09-24T13:55:54.6474171Z │ coexist_scheme.o                         │       3507 │  1281 │     0 │  1243 │    38 │       2226 │       0 │        0 │  2226 │       0 │             0 │           0 │
2026-09-24T13:55:54.6475005Z │ esp_mmu_map.c.obj                        │       3494 │   400 │    44 │     4 │   352 │       3094 │     142 │        0 │  2952 │       0 │             0 │           0 │
2026-09-24T13:55:54.6475830Z │ ieee80211_btwt.o                         │       3440 │  1256 │  1256 │     0 │     0 │       2184 │     196 │        0 │  1988 │       0 │             0 │           0 │
2026-09-24T13:55:54.6476661Z │ lv_roller.c.obj                          │       3436 │     0 │     0 │     0 │     0 │       3436 │      56 │        0 │  3380 │       0 │             0 │           0 │
2026-09-24T13:55:54.6477474Z │ esf_buf.o                                │       3422 │  1990 │   240 │   508 │  1242 │       1432 │     490 │        0 │   942 │       0 │             0 │           0 │
2026-09-24T13:55:54.6478310Z │ spi_flash_chip_generic.c.obj             │       3322 │  3322 │     0 │   250 │  3072 │          0 │       0 │        0 │     0 │       0 │             0 │           0 │
2026-09-24T13:55:54.6479160Z │ bignum_core.c.obj                        │       3300 │     0 │     0 │     0 │     0 │       3300 │       0 │        0 │  3300 │       0 │             0 │           0 │
2026-09-24T13:55:54.6479976Z │ intr_alloc.c.obj                         │       3294 │   785 │    13 │     0 │   772 │       2509 │     157 │        0 │  2352 │       0 │             0 │           0 │
2026-09-24T13:55:54.6480800Z │ pp_he.o                                  │       3224 │  2946 │     0 │    40 │  2906 │        278 │     154 │        0 │   124 │       0 │             0 │           0 │
2026-09-24T13:55:54.6481986Z │ etharp.c.obj                             │       3183 │   241 │   241 │     0 │     0 │       2942 │      80 │        0 │  2862 │       0 │             0 │           0 │
2026-09-24T13:55:54.6482801Z │ clk.c.obj                                │       3123 │    36 │     0 │     0 │    36 │       3087 │      13 │        0 │  3074 │       0 │             0 │           0 │
2026-09-24T13:55:54.6483596Z │ crypto_mbedtls-ec.c.obj                  │       3078 │     0 │     0 │     0 │     0 │       3078 │       0 │        0 │  3078 │       0 │             0 │           0 │
2026-09-24T13:55:54.6484427Z │ esp_lcd_panel_io_spi.c.obj               │       3054 │     0 │     0 │     0 │     0 │       3054 │     108 │        0 │  2946 │       0 │             0 │           0 │
2026-09-24T13:55:54.6485249Z │ if_hwctrl.o                              │       3051 │   281 │   161 │     0 │   120 │       2770 │      38 │        0 │  2732 │       0 │             0 │           0 │
2026-09-24T13:55:54.6486198Z │ lv_img_decoder.c.obj                     │       3030 │     0 │     0 │     0 │     0 │       3030 │      16 │        0 │  3014 │       0 │             0 │           0 │
2026-09-24T13:55:54.6487000Z │ lv_meter.c.obj                           │       3000 │   182 │     0 │     0 │   182 │       2818 │      28 │        0 │  2790 │       0 │             0 │           0 │
2026-09-24T13:55:54.6487813Z │ spi_flash_hal_iram.c.obj                 │       2864 │  2864 │     0 │    36 │  2828 │          0 │       0 │        0 │     0 │       0 │             0 │           0 │
2026-09-24T13:55:54.6488615Z │ lv_img.c.obj                             │       2858 │     0 │     0 │     0 │     0 │       2858 │      28 │        0 │  2830 │       0 │             0 │           0 │
2026-09-24T13:55:54.6489392Z │ lv_obj_draw.c.obj                        │       2794 │     0 │     0 │     0 │     0 │       2794 │       0 │        0 │  2794 │       0 │             0 │           0 │
2026-09-24T13:55:54.6490218Z │ lv_draw_sw_line.c.obj                    │       2787 │  2754 │     0 │     0 │  2754 │         33 │      33 │        0 │     0 │       0 │             0 │           0 │
2026-09-24T13:55:54.6491020Z │ lv_slider.c.obj                          │       2782 │     0 │     0 │     0 │     0 │       2782 │      28 │        0 │  2754 │       0 │             0 │           0 │
2026-09-24T13:55:54.6491999Z │ pmu_init.c.obj                           │       2775 │    66 │     0 │    56 │    10 │       2709 │     195 │        0 │  2514 │       0 │             0 │           0 │
2026-09-24T13:55:54.6492790Z │ pbuf.c.obj                               │       2768 │     1 │     1 │     0 │     0 │       2767 │     147 │        0 │  2620 │       0 │             0 │           0 │
2026-09-24T13:55:54.6493566Z │ lv_bar.c.obj                             │       2762 │     0 │     0 │     0 │     0 │       2762 │      28 │        0 │  2734 │       0 │             0 │           0 │
2026-09-24T13:55:54.6494540Z │ ieee802_11.c.obj                         │       2734 │     0 │     0 │     0 │     0 │       2734 │       0 │        0 │  2734 │       0 │             0 │           0 │
2026-09-24T13:55:54.6495393Z │ modem_clock.c.obj                        │       2686 │  1632 │     0 │   180 │  1452 │       1054 │     198 │        0 │   856 │       0 │             0 │           0 │
2026-09-24T13:55:54.6496214Z │ hal_mac.o                                │       2684 │   420 │     6 │     0 │   414 │       2264 │       6 │        0 │  2258 │       0 │             0 │           0 │
2026-09-24T13:55:54.6496995Z │ lv_printf.c.obj                          │       2660 │     0 │     0 │     0 │     0 │       2660 │       0 │        0 │  2660 │       0 │             0 │           0 │
2026-09-24T13:55:54.6497785Z │ port.c.obj                               │       2650 │  2610 │  1564 │    80 │   966 │         40 │      40 │        0 │     0 │       0 │             0 │           0 │
2026-09-24T13:55:54.6498690Z │ wl_chm.o                                 │       2618 │   592 │   592 │     0 │     0 │       2026 │      66 │        0 │  1960 │       0 │             0 │           0 │
2026-09-24T13:55:54.6499481Z │ wpa_auth_ie.c.obj                        │       2554 │     0 │     0 │     0 │     0 │       2554 │       0 │        0 │  2554 │       0 │             0 │           0 │
2026-09-24T13:55:54.6500263Z │ lv_txt.c.obj                             │       2516 │    28 │     0 │    28 │     0 │       2488 │       0 │        0 │  2488 │       0 │             0 │           0 │
2026-09-24T13:55:54.6501051Z │ esp_lcd_sh8601.c.obj                     │       2509 │     4 │     1 │     3 │     0 │       2505 │     231 │        0 │  2274 │       0 │             0 │           0 │
2026-09-24T13:55:54.6502005Z │ lv_area.c.obj                            │       2488 │    12 │     8 │     4 │     0 │       2476 │       0 │        0 │  2476 │       0 │             0 │           0 │
2026-09-24T13:55:54.6502848Z │ lv_draw_sw_transform.c.obj               │       2380 │   182 │     0 │     0 │   182 │       2198 │       0 │        0 │  2198 │       0 │             0 │           0 │
2026-09-24T13:55:54.6503702Z │ task_wdt.c.obj                           │       2325 │    30 │     5 │    25 │     0 │       2295 │     115 │        0 │  2180 │       0 │             0 │           0 │
2026-09-24T13:55:54.6504532Z │ usb_serial_jtag_vfs.c.obj                │       2252 │    56 │     8 │    48 │     0 │       2196 │     144 │        0 │  2052 │       0 │             0 │           0 │
2026-09-24T13:55:54.6505333Z │ gcm.c.obj                                │       2172 │     0 │     0 │     0 │     0 │       2172 │      32 │        0 │  2140 │       0 │             0 │           0 │
2026-09-24T13:55:54.6506110Z │ sdmmc_mmc.c.obj                          │       2155 │     0 │     0 │     0 │     0 │       2155 │     135 │        0 │  2020 │       0 │             0 │           0 │
2026-09-24T13:55:54.6506919Z │ phy_i2c.o                                │       2148 │  1286 │     0 │    52 │  1234 │        862 │       0 │        0 │   862 │       0 │             0 │           0 │
2026-09-24T13:55:54.6507729Z │ eapol_parser.c.obj                       │       2144 │     0 │     0 │     0 │     0 │       2144 │       8 │        0 │  2136 │       0 │             0 │           0 │
2026-09-24T13:55:54.6508549Z │ usb_serial_jtag.c.obj                    │       2097 │     4 │     4 │     0 │     0 │       2093 │      59 │        0 │  2034 │       0 │             0 │           0 │
2026-09-24T13:55:54.6509357Z │ phy_pbus.o                               │       2096 │   384 │     0 │   176 │   208 │       1712 │       0 │        0 │  1712 │       0 │             0 │           0 │
2026-09-24T13:55:54.6510148Z │ nvs_api.cpp.obj                          │       2082 │    16 │    16 │     0 │     0 │       2066 │       0 │        0 │  2066 │       0 │             0 │           0 │
2026-09-24T13:55:54.6511672Z │ spi_hal_iram.c.obj                       │       2056 │  2056 │     0 │    20 │  2036 │          0 │       0 │        0 │     0 │       0 │             0 │           0 │
2026-09-24T13:55:54.6513267Z │ phy_hw_freq.o                            │       2036 │  1066 │     0 │    40 │  1026 │        970 │       0 │        0 │   970 │       0 │             0 │           0 │
2026-09-24T13:55:54.6514689Z │ esp_aes_dma_core.c.obj                   │       2033 │   188 │    88 │    56 │    44 │       1845 │      39 │        0 │  1806 │       0 │             0 │           0 │
2026-09-24T13:55:54.6516109Z │ board_display.c.obj                      │       2019 │   213 │   167 │    46 │     0 │       1806 │     240 │        0 │  1566 │       0 │             0 │           0 │
2026-09-24T13:55:54.6517451Z │ mld6.c.obj                               │       1983 │     1 │     1 │     0 │     0 │       1982 │       0 │        0 │  1982 │       0 │             0 │           0 │
2026-09-24T13:55:54.6519054Z │ spi_bus_lock.c.obj                       │       1973 │  1247 │     0 │     9 │  1238 │        726 │     102 │        0 │   624 │       0 │             0 │           0 │
2026-09-24T13:55:54.6520193Z │ lv_draw_label.c.obj                      │       1954 │  1826 │     0 │     0 │  1826 │        128 │       0 │        0 │   128 │       0 │             0 │           0 │
2026-09-24T13:55:54.6521007Z │ wpa_ie.c.obj                             │       1951 │     0 │     0 │     0 │     0 │       1951 │      19 │        0 │  1932 │       0 │             0 │           0 │
2026-09-24T13:55:54.6522069Z │ sys_arch.c.obj                           │       1923 │    12 │    12 │     0 │     0 │       1911 │     165 │        0 │  1746 │       0 │             0 │           0 │
2026-09-24T13:55:54.6522890Z │ modem_clock_hal.c.obj                    │       1921 │   684 │     4 │     0 │   680 │       1237 │     257 │        0 │   980 │       0 │             0 │           0 │
2026-09-24T13:55:54.6523724Z │ pkparse.c.obj                            │       1910 │     0 │     0 │     0 │     0 │       1910 │       0 │        0 │  1910 │       0 │             0 │           0 │
2026-09-24T13:55:54.6524518Z │ ip4.c.obj                                │       1908 │     6 │     6 │     0 │     0 │       1902 │      22 │        0 │  1880 │       0 │             0 │           0 │
2026-09-24T13:55:54.6525318Z │ phy_init.c.obj                           │       1905 │   269 │     5 │     0 │   264 │       1636 │     116 │        0 │  1520 │       0 │             0 │           0 │
2026-09-24T13:55:54.6526133Z │ lv_keyboard.c.obj                        │       1898 │    72 │     0 │    72 │     0 │       1826 │     914 │        0 │   912 │       0 │             0 │           0 │
2026-09-24T13:55:54.6526924Z │ igmp.c.obj                               │       1893 │     9 │     9 │     0 │     0 │       1884 │      28 │        0 │  1856 │       0 │             0 │           0 │
2026-09-24T13:55:54.6527743Z │ esp_adapter.c.obj                        │       1891 │   815 │     5 │   484 │   326 │       1076 │       0 │        0 │  1076 │       0 │             0 │           0 │
2026-09-24T13:55:54.6528772Z │ raw.c.obj                                │       1886 │     4 │     4 │     0 │     0 │       1882 │      28 │        0 │  1854 │       0 │             0 │           0 │
2026-09-24T13:55:54.6529572Z │ esp_timer.c.obj                          │       1855 │   858 │     8 │     0 │   850 │        997 │      21 │        0 │   976 │       0 │             0 │           0 │
2026-09-24T13:55:54.6530382Z │ phy_tx_gain.o                            │       1824 │   132 │     0 │   132 │     0 │       1692 │       0 │        0 │  1692 │       0 │             0 │           0 │
2026-09-24T13:55:54.6531170Z │ phy_rx_gain.o                            │       1820 │    46 │     0 │    46 │     0 │       1774 │       0 │        0 │  1774 │       0 │             0 │           0 │
2026-09-24T13:55:54.6532320Z │ lv_draw_arc.c.obj                        │       1818 │     0 │     0 │     0 │     0 │       1818 │       0 │        0 │  1818 │       0 │             0 │           0 │
2026-09-24T13:55:54.6533144Z │ esp_err_to_name.c.obj                    │       1816 │     0 │     0 │     0 │     0 │       1816 │    1758 │        0 │    58 │       0 │             0 │           0 │
2026-09-24T13:55:54.6533950Z │ lv_style.c.obj                           │       1813 │     6 │     4 │     2 │     0 │       1807 │     113 │        0 │  1694 │       0 │             0 │           0 │
2026-09-24T13:55:54.6534778Z │ lv_draw_sw_letter.c.obj                  │       1809 │  1175 │   261 │     0 │   914 │        634 │     278 │        0 │   356 │       0 │             0 │           0 │
2026-09-24T13:55:54.6536040Z │ ecdsa.c.obj                              │       1806 │     0 │     0 │     0 │     0 │       1806 │       0 │        0 │  1806 │       0 │             0 │           0 │
2026-09-24T13:55:54.6537490Z │ lv_draw_sw_img.c.obj                     │       1802 │  1196 │     0 │     0 │  1196 │        606 │       0 │        0 │   606 │       0 │             0 │           0 │
2026-09-24T13:55:54.6538915Z │ ieee80211_crypto.o                       │       1798 │    44 │    44 │     0 │     0 │       1754 │     282 │        0 │  1472 │       0 │             0 │           0 │
2026-09-24T13:55:54.6540393Z │ esp_bignum.c.obj                         │       1795 │   130 │    88 │     0 │    42 │       1665 │      31 │        0 │  1634 │       0 │             0 │           0 │
2026-09-24T13:55:54.6542079Z │ rsa_alt_helpers.c.obj                    │       1774 │     0 │     0 │     0 │     0 │       1774 │       0 │        0 │  1774 │       0 │             0 │           0 │
2026-09-24T13:55:54.6543465Z │ cipher_wrap.c.obj                        │       1722 │    28 │     0 │    28 │     0 │       1694 │    1068 │        0 │   626 │       0 │             0 │           0 │
2026-09-24T13:55:54.6544880Z │ rtc_time.c.obj                           │       1718 │  1658 │     0 │     0 │  1658 │         60 │      60 │        0 │     0 │       0 │             0 │           0 │
2026-09-24T13:55:54.6546210Z │ md.c.obj                                 │       1716 │     0 │     0 │     0 │     0 │       1716 │      48 │        0 │  1668 │       0 │             0 │           0 │
2026-09-24T13:55:54.6547456Z │ mmu_hal.c.obj                            │       1708 │  1708 │     0 │   164 │  1544 │          0 │       0 │        0 │     0 │       0 │             0 │           0 │
2026-09-24T13:55:54.6548718Z │ esp_hostap.c.obj                         │       1670 │     4 │     4 │     0 │     0 │       1666 │       0 │        0 │  1666 │       0 │             0 │           0 │
2026-09-24T13:55:54.6549978Z │ phy_reg.o                                │       1664 │  1358 │     0 │     0 │  1358 │        306 │       0 │        0 │   306 │       0 │             0 │           0 │
2026-09-24T13:55:54.6551224Z │ esp_aes.c.obj                            │       1662 │     0 │     0 │     0 │     0 │       1662 │       0 │        0 │  1662 │       0 │             0 │           0 │
2026-09-24T13:55:54.6552981Z │ ieee80211_phy.o                          │       1658 │   212 │     0 │   212 │     0 │       1446 │     544 │        0 │   902 │       0 │             0 │           0 │
2026-09-24T13:55:54.6554273Z │ mac_addr.c.obj                           │       1641 │   108 │     0 │   108 │     0 │       1533 │      43 │        0 │  1490 │       0 │             0 │           0 │
2026-09-24T13:55:54.6555564Z │ vfs_fat_sdmmc.c.obj                      │       1600 │    12 │     8 │     4 │     0 │       1588 │      24 │        0 │  1564 │       0 │             0 │           0 │
2026-09-24T13:55:54.6556818Z │ ieee80211_mbssid.o                       │       1584 │     0 │     0 │     0 │     0 │       1584 │       0 │        0 │  1584 │       0 │             0 │           0 │
2026-09-24T13:55:54.6558095Z │ lv_calendar.c.obj                        │       1538 │     0 │     0 │     0 │     0 │       1538 │      56 │        0 │  1482 │       0 │             0 │           0 │
2026-09-24T13:55:54.6559528Z │ lv_menu.c.obj                            │       1536 │     0 │     0 │     0 │     0 │       1536 │     252 │        0 │  1284 │       0 │             0 │           0 │
2026-09-24T13:55:54.6560766Z │ pem.c.obj                                │       1536 │     0 │     0 │     0 │     0 │       1536 │       0 │        0 │  1536 │       0 │             0 │           0 │
2026-09-24T13:55:54.6562191Z │ common.c.obj                             │       1516 │     0 │     0 │     0 │     0 │       1516 │       0 │        0 │  1516 │       0 │             0 │           0 │
2026-09-24T13:55:54.6563427Z │ aes-gcm.c.obj                            │       1512 │     0 │     0 │     0 │     0 │       1512 │       0 │        0 │  1512 │       0 │             0 │           0 │
2026-09-24T13:55:54.6564670Z │ libc_a-strerror.o                        │       1484 │     0 │     0 │     0 │     0 │       1484 │     572 │        0 │   912 │       0 │             0 │           0 │
2026-09-24T13:55:54.6565999Z │ ctr_drbg.c.obj                           │       1484 │     0 │     0 │     0 │     0 │       1484 │       0 │        0 │  1484 │       0 │             0 │           0 │
2026-09-24T13:55:54.6567277Z │ ieee80211_power.o                        │       1481 │     0 │     0 │     0 │     0 │       1481 │      35 │        0 │  1446 │       0 │             0 │           0 │
2026-09-24T13:55:54.6568558Z │ lv_draw_sw_gradient.c.obj                │       1479 │   375 │     9 │     0 │   366 │       1104 │       0 │        0 │  1104 │       0 │             0 │           0 │
2026-09-24T13:55:54.6569886Z │ esp_aes_gcm.c.obj                        │       1470 │     0 │     0 │     0 │     0 │       1470 │      64 │        0 │  1406 │       0 │             0 │           0 │
2026-09-24T13:55:54.6571137Z │ libc_a-tzset_r.o                         │       1466 │    28 │    28 │     0 │     0 │       1438 │       0 │        0 │  1438 │       0 │             0 │           0 │
2026-09-24T13:55:54.6572685Z │ hal_he_common.o                          │       1462 │  1112 │     0 │     0 │  1112 │        350 │     350 │        0 │     0 │       0 │             0 │           0 │
2026-09-24T13:55:54.6574113Z │ api_lib.c.obj                            │       1457 │     0 │     0 │     0 │     0 │       1457 │      47 │        0 │  1410 │       0 │             0 │           0 │
2026-09-24T13:55:54.6575426Z │ spi_flash_hal_gpspi.c.obj                │       1446 │  1446 │     0 │     0 │  1446 │          0 │       0 │        0 │     0 │       0 │             0 │           0 │
2026-09-24T13:55:54.6576727Z │ app_main.c.obj                           │       1431 │     0 │     0 │     0 │     0 │       1431 │       9 │        0 │  1422 │       0 │             0 │           0 │
2026-09-24T13:55:54.6577945Z │ esp_wpa_main.c.obj                       │       1429 │     9 │     9 │     0 │     0 │       1420 │       0 │        0 │  1420 │       0 │             0 │           0 │
2026-09-24T13:55:54.6579364Z │ eloop.c.obj                              │       1428 │    36 │    36 │     0 │     0 │       1392 │       0 │        0 │  1392 │       0 │             0 │           0 │
2026-09-24T13:55:54.6580623Z │ crypto_mbedtls.c.obj                     │       1422 │     0 │     0 │     0 │     0 │       1422 │       0 │        0 │  1422 │       0 │             0 │           0 │
2026-09-24T13:55:54.6582201Z │ pmksa_cache.c.obj                        │       1408 │     0 │     0 │     0 │     0 │       1408 │       0 │        0 │  1408 │       0 │             0 │           0 │
2026-09-24T13:55:54.6583438Z │ libc_a-mktime.o                          │       1400 │     0 │     0 │     0 │     0 │       1400 │      96 │        0 │  1304 │       0 │             0 │           0 │
2026-09-24T13:55:54.6584665Z │ esp_event.c.obj                          │       1389 │     0 │     0 │     0 │     0 │       1389 │      37 │        0 │  1352 │       0 │             0 │           0 │
2026-09-24T13:55:54.6585956Z │ channel_hopper.c.obj                     │       1386 │   152 │   152 │     0 │     0 │       1234 │       0 │        0 │  1234 │       0 │             0 │           0 │
2026-09-24T13:55:54.6587237Z │ locks.c.obj                              │       1379 │  1124 │   168 │     0 │   956 │        255 │      95 │        0 │   160 │       0 │             0 │           0 │
2026-09-24T13:55:54.6588442Z │ board_sd.c.obj                           │       1378 │     4 │     4 │     0 │     0 │       1374 │     146 │        0 │  1228 │       0 │             0 │           0 │
2026-09-24T13:55:54.6589703Z │ ieee80211_action.o                       │       1377 │   492 │     0 │   492 │     0 │        885 │       7 │        0 │   878 │       0 │             0 │           0 │
2026-09-24T13:55:54.6590967Z │ gdma_hal_ahb_v1.c.obj                    │       1364 │   484 │     0 │     4 │   480 │        880 │       0 │        0 │   880 │       0 │             0 │           0 │
2026-09-24T13:55:54.6592475Z │ ffunicode.c.obj                          │       1358 │     0 │     0 │     0 │     0 │       1358 │     942 │        0 │   416 │       0 │             0 │           0 │
2026-09-24T13:55:54.6593708Z │ sdmmc_io.c.obj                           │       1344 │     0 │     0 │     0 │     0 │       1344 │     110 │        0 │  1234 │       0 │             0 │           0 │
2026-09-24T13:55:54.6594930Z │ lv_group.c.obj                           │       1294 │     4 │     4 │     0 │     0 │       1290 │       0 │        0 │  1290 │       0 │             0 │           0 │
2026-09-24T13:55:54.6596133Z │ lv_draw_img.c.obj                        │       1286 │   746 │     0 │     0 │   746 │        540 │       0 │        0 │   540 │       0 │             0 │           0 │
2026-09-24T13:55:54.6597384Z │ nvs_partition_manager.cpp.obj            │       1256 │     4 │     4 │     0 │     0 │       1252 │      16 │        0 │  1236 │       0 │             0 │           0 │
2026-09-24T13:55:54.6598778Z │ lv_anim.c.obj                            │       1246 │    10 │    10 │     0 │     0 │       1236 │       0 │        0 │  1236 │       0 │             0 │           0 │
2026-09-24T13:55:54.6600181Z │ lv_tabview.c.obj                         │       1241 │     3 │     3 │     0 │     0 │       1238 │      28 │        0 │  1210 │       0 │             0 │           0 │
2026-09-24T13:55:54.6601615Z │ lv_spinbox.c.obj                         │       1224 │     0 │     0 │     0 │     0 │       1224 │      28 │        0 │  1196 │       0 │             0 │           0 │
2026-09-24T13:55:54.6602857Z │ panic.c.obj                              │       1221 │    39 │     9 │     8 │    22 │       1182 │       0 │        0 │  1182 │       0 │             0 │           0 │
2026-09-24T13:55:54.6604087Z │ heap_caps_init.c.obj                     │       1215 │     4 │     4 │     0 │     0 │       1211 │      57 │        0 │  1154 │       0 │             0 │           0 │
2026-09-24T13:55:54.6605315Z │ lv_checkbox.c.obj                        │       1204 │     0 │     0 │     0 │     0 │       1204 │      28 │        0 │  1176 │       0 │             0 │           0 │
2026-09-24T13:55:54.6606916Z │ cipher.c.obj                             │       1186 │     0 │     0 │     0 │     0 │       1186 │       0 │        0 │  1186 │       0 │             0 │           0 │
2026-09-24T13:55:54.6608167Z │ sdspi_transaction.c.obj                  │       1175 │     5 │     5 │     0 │     0 │       1170 │       0 │        0 │  1170 │       0 │             0 │           0 │
2026-09-24T13:55:54.6609425Z │ lv_obj_tree.c.obj                        │       1174 │     0 │     0 │     0 │     0 │       1174 │       0 │        0 │  1174 │       0 │             0 │           0 │
2026-09-24T13:55:54.6610626Z │ aes-ccm.c.obj                            │       1164 │     0 │     0 │     0 │     0 │       1164 │       0 │        0 │  1164 │       0 │             0 │           0 │
2026-09-24T13:55:54.6612026Z │ cmac.c.obj                               │       1162 │     0 │     0 │     0 │     0 │       1162 │       0 │        0 │  1162 │       0 │             0 │           0 │
2026-09-24T13:55:54.6613453Z │ nvs_pagemanager.cpp.obj                  │       1156 │     0 │     0 │     0 │     0 │       1156 │       0 │        0 │  1156 │       0 │             0 │           0 │
2026-09-24T13:55:54.6614942Z │ panic_arch.c.obj                         │       1142 │     0 │     0 │     0 │     0 │       1142 │     212 │        0 │   930 │       0 │             0 │           0 │
2026-09-24T13:55:54.6616401Z │ pmksa_cache_auth.c.obj                   │       1134 │     0 │     0 │     0 │     0 │       1134 │       0 │        0 │  1134 │       0 │             0 │           0 │
2026-09-24T13:55:54.6617828Z │ tcpip.c.obj                              │       1128 │    12 │    12 │     0 │     0 │       1116 │     118 │        0 │   998 │       0 │             0 │           0 │
2026-09-24T13:55:54.6619307Z │ ieee80211_crypto_ccmp.o                  │       1126 │    24 │     0 │    24 │     0 │       1102 │     278 │        0 │   824 │       0 │             0 │           0 │
2026-09-24T13:55:54.6621058Z │ partition.c.obj                          │       1117 │     8 │     8 │     0 │     0 │       1109 │      37 │        0 │  1072 │       0 │             0 │           0 │
2026-09-24T13:55:54.6622801Z │ lv_color.c.obj                           │       1108 │   252 │     0 │     0 │   252 │        856 │     380 │        0 │   476 │       0 │             0 │           0 │
2026-09-24T13:55:54.6624263Z │ lv_led.c.obj                             │       1106 │   182 │     0 │     0 │   182 │        924 │      28 │        0 │   896 │       0 │             0 │           0 │
2026-09-24T13:55:54.6625727Z │ partition_target.c.obj                   │       1103 │     0 │     0 │     0 │     0 │       1103 │     131 │        0 │   972 │       0 │             0 │           0 │
2026-09-24T13:55:54.6627234Z │ libc_a-findfp.o                          │       1096 │   328 │   316 │    12 │     0 │        768 │       0 │        0 │   768 │       0 │             0 │           0 │
2026-09-24T13:55:54.6628956Z │ lv_switch.c.obj                          │       1092 │     0 │     0 │     0 │     0 │       1092 │      28 │        0 │  1064 │       0 │             0 │           0 │
2026-09-24T13:55:54.6630397Z │ sha.c.obj                                │       1087 │    24 │     0 │    24 │     0 │       1063 │      19 │        0 │  1044 │       0 │             0 │           0 │
2026-09-24T13:55:54.6632065Z │ lv_fs.c.obj                              │       1076 │     0 │     0 │     0 │     0 │       1076 │       0 │        0 │  1076 │       0 │             0 │           0 │
2026-09-24T13:55:54.6633444Z │ log_binary_heap.c.obj                    │       1070 │   260 │   260 │     0 │     0 │        810 │      48 │        0 │   762 │       0 │             0 │           0 │
2026-09-24T13:55:54.6634776Z │ dragonfly.c.obj                          │       1070 │     0 │     0 │     0 │     0 │       1070 │       0 │        0 │  1070 │       0 │             0 │           0 │
2026-09-24T13:55:54.6636223Z │ heap_caps.c.obj                          │       1067 │   542 │     4 │     4 │   534 │        525 │     127 │        0 │   398 │       0 │             0 │           0 │
2026-09-24T13:55:54.6637754Z │ memspi_host_driver.c.obj                 │       1063 │  1063 │     0 │   257 │   806 │          0 │       0 │        0 │     0 │       0 │             0 │           0 │
2026-09-24T13:55:54.6639285Z │ hal_crypto.o                             │       1059 │     0 │     0 │     0 │     0 │       1059 │      27 │        0 │  1032 │       0 │             0 │           0 │
2026-09-24T13:55:54.6640786Z │ ieee80211_action_vendor.o                │       1056 │    16 │    16 │     0 │     0 │       1040 │      62 │        0 │   978 │       0 │             0 │           0 │
2026-09-24T13:55:54.6642565Z │ phy_track.o                              │       1056 │     0 │     0 │     0 │     0 │       1056 │       0 │        0 │  1056 │       0 │             0 │           0 │
2026-09-24T13:55:54.6644094Z │ esp_efuse_utility.c.obj                  │       1047 │     4 │     4 │     0 │     0 │       1043 │     141 │        0 │   902 │       0 │             0 │           0 │
2026-09-24T13:55:54.6645598Z │ hal_coex.o                               │       1044 │   176 │     0 │     0 │   176 │        868 │      54 │        0 │   814 │       0 │             0 │           0 │
2026-09-24T13:55:54.6647091Z │ pmu_param.c.obj                          │       1036 │     0 │     0 │     0 │     0 │       1036 │     450 │        0 │   586 │       0 │             0 │           0 │
2026-09-24T13:55:54.6648602Z │ event_groups.c.obj                       │       1026 │   928 │     0 │     0 │   928 │         98 │      98 │        0 │     0 │       0 │             0 │           0 │
2026-09-24T13:55:54.6650086Z │ lv_event.c.obj                           │       1022 │     4 │     4 │     0 │     0 │       1018 │       0 │        0 │  1018 │       0 │             0 │           0 │
2026-09-24T13:55:54.6652035Z │ crypto_mbedtls-bignum.c.obj              │       1014 │     0 │     0 │     0 │     0 │       1014 │       0 │        0 │  1014 │       0 │             0 │           0 │
2026-09-24T13:55:54.6653842Z │ fastpbkdf2.c.obj                         │       1010 │     0 │     0 │     0 │     0 │       1010 │      12 │        0 │   998 │       0 │             0 │           0 │
2026-09-24T13:55:54.6655412Z │ pcap_serializer.c.obj                    │        988 │     0 │     0 │     0 │     0 │        988 │      24 │        0 │   964 │       0 │             0 │           0 │
2026-09-24T13:55:54.6656906Z │ wifi_init.c.obj                          │        959 │     1 │     1 │     0 │     0 │        958 │       8 │        0 │   950 │       0 │             0 │           0 │
2026-09-24T13:55:54.6658362Z │ nullfs.c.obj                             │        958 │     4 │     4 │     0 │     0 │        954 │     128 │        0 │   826 │       0 │             0 │           0 │
2026-09-24T13:55:54.6660168Z │ bootloader_flash.c.obj                   │        956 │   916 │     0 │     0 │   916 │         40 │      40 │        0 │     0 │       0 │             0 │           0 │
2026-09-24T13:55:54.6661871Z │ pk_wrap.c.obj                            │        934 │     0 │     0 │     0 │     0 │        934 │     192 │        0 │   742 │       0 │             0 │           0 │
2026-09-24T13:55:54.6662699Z │ esp_aes_xts.c.obj                        │        930 │     0 │     0 │     0 │     0 │        930 │       0 │        0 │   930 │       0 │             0 │           0 │
2026-09-24T13:55:54.6663489Z │ lv_font_fmt_txt.c.obj                    │        928 │     0 │     0 │     0 │     0 │        928 │       0 │        0 │   928 │       0 │             0 │           0 │
2026-09-24T13:55:54.6664290Z │ diskio_sdmmc.c.obj                       │        916 │    10 │    10 │     0 │     0 │        906 │     102 │        0 │   804 │       0 │             0 │           0 │
2026-09-24T13:55:54.6665081Z │ icmp.c.obj                               │        914 │     0 │     0 │     0 │     0 │        914 │      30 │        0 │   884 │       0 │             0 │           0 │
2026-09-24T13:55:54.6665862Z │ lv_style_gen.c.obj                       │        908 │     0 │     0 │     0 │     0 │        908 │       0 │        0 │   908 │       0 │             0 │           0 │
2026-09-24T13:55:54.6666651Z │ icmp6.c.obj                              │        903 │     0 │     0 │     0 │     0 │        903 │      61 │        0 │   842 │       0 │             0 │           0 │
2026-09-24T13:55:54.6667428Z │ time.c.obj                               │        900 │   202 │    20 │     0 │   182 │        698 │       0 │        0 │   698 │       0 │             0 │           0 │
2026-09-24T13:55:54.6675609Z │ ccmp.c.obj                               │        896 │     0 │     0 │     0 │     0 │        896 │       0 │        0 │   896 │       0 │             0 │           0 │
2026-09-24T13:55:54.6676447Z │ hmac_drbg.c.obj                          │        890 │     0 │     0 │     0 │     0 │        890 │       0 │        0 │   890 │       0 │             0 │           0 │
2026-09-24T13:55:54.6677437Z │ phy_common.c.obj                         │        881 │    49 │    38 │     1 │    10 │        832 │      40 │        0 │   792 │       0 │             0 │           0 │
2026-09-24T13:55:54.6678248Z │ phy_rfpll.o                              │        880 │     0 │     0 │     0 │     0 │        880 │       0 │        0 │   880 │       0 │             0 │           0 │
2026-09-24T13:55:54.6679023Z │ oid.c.obj                                │        873 │     0 │     0 │     0 │     0 │        873 │     553 │        0 │   320 │       0 │             0 │           0 │
2026-09-24T13:55:54.6679802Z │ coexist_core.o                           │        870 │   150 │     1 │   149 │     0 │        720 │       0 │        0 │   720 │       0 │             0 │           0 │
2026-09-24T13:55:54.6680720Z │ aes-siv.c.obj                            │        858 │     0 │     0 │     0 │     0 │        858 │      16 │        0 │   842 │       0 │             0 │           0 │
2026-09-24T13:55:54.6681782Z │ rx_path.c.obj                            │        858 │     0 │     0 │     0 │     0 │        858 │       0 │        0 │   858 │       0 │             0 │           0 │
2026-09-24T13:55:54.6682608Z │ nvs_handle_simple.cpp.obj                │        854 │     0 │     0 │     0 │     0 │        854 │     128 │        0 │   726 │       0 │             0 │           0 │
2026-09-24T13:55:54.6683426Z │ lv_math.c.obj                            │        850 │   204 │     0 │     0 │   204 │        646 │     182 │        0 │   464 │       0 │             0 │           0 │
2026-09-24T13:55:54.6684197Z │ hal_tsf.o                                │        846 │   242 │     8 │     0 │   234 │        604 │       0 │        0 │   604 │       0 │             0 │           0 │
2026-09-24T13:55:54.6684963Z │ timeouts.c.obj                           │        839 │    12 │    12 │     0 │     0 │        827 │      83 │        0 │   744 │       0 │             0 │           0 │
2026-09-24T13:55:54.6685789Z │ esp_dma_utils.c.obj                      │        835 │     0 │     0 │     0 │     0 │        835 │     107 │        0 │   728 │       0 │             0 │           0 │
2026-09-24T13:55:54.6686599Z │ sleep_modes.c.obj                        │        830 │   160 │    24 │   136 │     0 │        642 │      46 │        0 │   596 │      28 │             0 │          28 │
2026-09-24T13:55:54.6687408Z │ lv_draw_sw_polygon.c.obj                 │        828 │     0 │     0 │     0 │     0 │        828 │       8 │        0 │   820 │       0 │             0 │           0 │
2026-09-24T13:55:54.6688210Z │ i2c_hal.c.obj                            │        820 │     0 │     0 │     0 │     0 │        820 │      26 │        0 │   794 │       0 │             0 │           0 │
2026-09-24T13:55:54.6689007Z │ libc_a-fseeko.o                          │        814 │     0 │     0 │     0 │     0 │        814 │       0 │        0 │   814 │       0 │             0 │           0 │
2026-09-24T13:55:54.6689813Z │ entropy.c.obj                            │        810 │     0 │     0 │     0 │     0 │        810 │       0 │        0 │   810 │       0 │             0 │           0 │
2026-09-24T13:55:54.6690624Z │ sar_periph_ctrl_common.c.obj             │        806 │    13 │     4 │     9 │     0 │        793 │      33 │        0 │   760 │       0 │             0 │           0 │
2026-09-24T13:55:54.6691669Z │ spi_hal.c.obj                            │        804 │     0 │     0 │     0 │     0 │        804 │       0 │        0 │   804 │       0 │             0 │           0 │
2026-09-24T13:55:54.6692495Z │ libc_a-fvwrite.o                         │        798 │     0 │     0 │     0 │     0 │        798 │       0 │        0 │   798 │       0 │             0 │           0 │
2026-09-24T13:55:54.6693297Z │ lv_timer.c.obj                           │        797 │    17 │    17 │     0 │     0 │        780 │       0 │        0 │   780 │       0 │             0 │           0 │
2026-09-24T13:55:54.6694256Z │ esp_wpas_glue.c.obj                      │        782 │     0 │     0 │     0 │     0 │        782 │       0 │        0 │   782 │       0 │             0 │           0 │
2026-09-24T13:55:54.6695073Z │ cache_hal.c.obj                          │        776 │   776 │     8 │   104 │   664 │          0 │       0 │        0 │     0 │       0 │             0 │           0 │
2026-09-24T13:55:54.6695856Z │ ecc_hal.c.obj                            │        772 │     0 │     0 │     0 │     0 │        772 │      52 │        0 │   720 │       0 │             0 │           0 │
2026-09-24T13:55:54.6696656Z │ esp_flash_spi_init.c.obj                 │        766 │    84 │     4 │    80 │     0 │        682 │      74 │        0 │   608 │       0 │             0 │           0 │
2026-09-24T13:55:54.6697446Z │ ccm.c.obj                                │        756 │     0 │     0 │     0 │     0 │        756 │       0 │        0 │   756 │       0 │             0 │           0 │
2026-09-24T13:55:54.6698359Z │ ieee80211_regdomain.o                    │        752 │     0 │     0 │     0 │     0 │        752 │       0 │        0 │   752 │       0 │             0 │           0 │
2026-09-24T13:55:54.6699173Z │ lv_hal_disp.c.obj                        │        746 │     4 │     4 │     0 │     0 │        742 │       0 │        0 │   742 │       0 │             0 │           0 │
2026-09-24T13:55:54.6700000Z │ esp_timer_impl_systimer.c.obj            │        738 │   250 │    20 │     0 │   230 │        488 │      28 │        0 │   460 │       0 │             0 │           0 │
2026-09-24T13:55:54.6700844Z │ test_hal_tx_statis.o                     │        730 │   730 │     0 │     0 │   730 │          0 │       0 │        0 │     0 │       0 │             0 │           0 │
2026-09-24T13:55:54.6701835Z │ sdmmc_init.c.obj                         │        728 │     0 │     0 │     0 │     0 │        728 │      16 │        0 │   712 │       0 │             0 │           0 │
2026-09-24T13:55:54.6702679Z │ memory_layout_utils.c.obj                │        727 │     0 │     0 │     0 │     0 │        727 │      27 │        0 │   700 │       0 │             0 │           0 │
2026-09-24T13:55:54.6703522Z │ heap_caps_base.c.obj                     │        712 │   674 │     0 │     0 │   674 │         38 │      38 │        0 │     0 │       0 │             0 │           0 │
2026-09-24T13:55:54.6704331Z │ hal_utilities.o                          │        706 │    20 │    20 │     0 │     0 │        686 │     352 │        0 │   334 │       0 │             0 │           0 │
2026-09-24T13:55:54.6705130Z │ esp_sha1.c.obj                           │        706 │     0 │     0 │     0 │     0 │        706 │      64 │        0 │   642 │       0 │             0 │           0 │
2026-09-24T13:55:54.6705956Z │ esp_rom_hp_regi2c_esp32c6.c.obj          │        705 │   660 │     0 │     0 │   660 │         45 │      45 │        0 │     0 │       0 │             0 │           0 │
2026-09-24T13:55:54.6706781Z │ obs_cache.c.obj                          │        696 │     0 │     0 │     0 │     0 │        696 │       0 │        0 │   696 │       0 │             0 │           0 │
2026-09-24T13:55:54.6707696Z │ sleep_gpio.c.obj                         │        691 │     0 │     0 │     0 │     0 │        691 │      35 │        0 │   656 │       0 │             0 │           0 │
2026-09-24T13:55:54.6708501Z │ lv_draw_sw_layer.c.obj                   │        690 │     0 │     0 │     0 │     0 │        690 │       0 │        0 │   690 │       0 │             0 │           0 │
2026-09-24T13:55:54.6709285Z │ base64.c.obj                             │        686 │     0 │     0 │     0 │     0 │        686 │       0 │        0 │   686 │       0 │             0 │           0 │
2026-09-24T13:55:54.6710068Z │ pp_timer.o                               │        680 │   336 │     4 │   128 │   204 │        344 │      26 │        0 │   318 │       0 │             0 │           0 │
2026-09-24T13:55:54.6710997Z │ cpu_region_protect.c.obj                 │        656 │     0 │     0 │     0 │     0 │        656 │       0 │        0 │   656 │       0 │             0 │           0 │
2026-09-24T13:55:54.6711975Z │ esp_sha256.c.obj                         │        652 │     0 │     0 │     0 │     0 │        652 │      64 │        0 │   588 │       0 │             0 │           0 │
2026-09-24T13:55:54.6712773Z │ asn1parse.c.obj                          │        652 │     0 │     0 │     0 │     0 │        652 │       0 │        0 │   652 │       0 │             0 │           0 │
2026-09-24T13:55:54.6713597Z │ system_internal.c.obj                    │        651 │   632 │     0 │     0 │   632 │         19 │      19 │        0 │     0 │       0 │             0 │           0 │
2026-09-24T13:55:54.6714442Z │ capture_serial_protocol.c.obj            │        649 │     0 │     0 │     0 │     0 │        649 │      65 │        0 │   584 │       0 │             0 │           0 │
2026-09-24T13:55:54.6715285Z │ ieee80211_proto.o                        │        647 │     1 │     1 │     0 │     0 │        646 │       0 │        0 │   646 │       0 │             0 │           0 │
2026-09-24T13:55:54.6716097Z │ hal_ampdu.o                              │        645 │     0 │     0 │     0 │     0 │        645 │     117 │        0 │   528 │       0 │             0 │           0 │
2026-09-24T13:55:54.6716890Z │ vfs_console.c.obj                        │        624 │    12 │    12 │     0 │     0 │        612 │     180 │        0 │   432 │       0 │             0 │           0 │
2026-09-24T13:55:54.6717674Z │ ecc_alt.c.obj                            │        622 │     0 │     0 │     0 │     0 │        622 │       0 │        0 │   622 │       0 │             0 │           0 │
2026-09-24T13:55:54.6718457Z │ esp_rom_wdt.c.obj                        │        620 │   620 │     0 │     0 │   620 │          0 │       0 │        0 │     0 │       0 │             0 │           0 │
2026-09-24T13:55:54.6719294Z │ ets_timer_legacy.c.obj                   │        619 │   390 │     0 │     0 │   390 │        229 │      47 │        0 │   182 │       0 │             0 │           0 │
2026-09-24T13:55:54.6720155Z │ spi_flash_os_func_app.c.obj              │        615 │   540 │     0 │    56 │   484 │         75 │      25 │        0 │    50 │       0 │             0 │           0 │
2026-09-24T13:55:54.6720967Z │ lv_ll.c.obj                              │        612 │     0 │     0 │     0 │     0 │        612 │       0 │        0 │   612 │       0 │             0 │           0 │
2026-09-24T13:55:54.6721892Z │ lv_calendar_header_arrow.c.obj           │        608 │     0 │     0 │     0 │     0 │        608 │      76 │        0 │   532 │       0 │             0 │           0 │
2026-09-24T13:55:54.6722720Z │ inet_chksum.c.obj                        │        606 │     0 │     0 │     0 │     0 │        606 │       0 │        0 │   606 │       0 │             0 │           0 │
2026-09-24T13:55:54.6723542Z │ spi_share_hw_ctrl.c.obj                  │        604 │    14 │    12 │     2 │     0 │        590 │      46 │        0 │   544 │       0 │             0 │           0 │
2026-09-24T13:55:54.6724479Z │ comeback_token.c.obj                     │        604 │     0 │     0 │     0 │     0 │        604 │       0 │        0 │   604 │       0 │             0 │           0 │
2026-09-24T13:55:54.6725286Z │ lib_printf.c.obj                         │        600 │     0 │     0 │     0 │     0 │        600 │       0 │        0 │   228 │       0 │             0 │           0 │
2026-09-24T13:55:54.6726102Z │ pthread_local_storage.c.obj              │        596 │     4 │     4 │     0 │     0 │        592 │      46 │        0 │   546 │       0 │             0 │           0 │
2026-09-24T13:55:54.6726935Z │ nvs_item_hash_list.cpp.obj               │        594 │     0 │     0 │     0 │     0 │        594 │       0 │        0 │   594 │       0 │             0 │           0 │
2026-09-24T13:55:54.6727877Z │ port_systick.c.obj                       │        591 │   576 │    16 │     0 │   560 │         15 │      15 │        0 │     0 │       0 │             0 │           0 │
2026-09-24T13:55:54.6728691Z │ lv_obj_class.c.obj                       │        582 │     0 │     0 │     0 │     0 │        582 │       0 │        0 │   582 │       0 │             0 │           0 │
2026-09-24T13:55:54.6729474Z │ spi_flash_hal.c.obj                      │        578 │     0 │     0 │     0 │     0 │        578 │       0 │        0 │   578 │       0 │             0 │           0 │
2026-09-24T13:55:54.6730257Z │ lv_line.c.obj                            │        564 │     0 │     0 │     0 │     0 │        564 │      28 │        0 │   536 │       0 │             0 │           0 │
2026-09-24T13:55:54.6731048Z │ flash_mmap.c.obj                         │        563 │   200 │     0 │     0 │   200 │        363 │      17 │        0 │   346 │       0 │             0 │           0 │
2026-09-24T13:55:54.6731993Z │ esp_crypto_shared_gdma.c.obj             │        554 │     8 │     8 │     0 │     0 │        546 │       0 │        0 │   546 │       0 │             0 │           0 │
2026-09-24T13:55:54.6732835Z │ ethernet.c.obj                           │        554 │     0 │     0 │     0 │     0 │        554 │      28 │        0 │   526 │       0 │             0 │           0 │
2026-09-24T13:55:54.6733626Z │ ieee80211_ftm.o                          │        551 │    61 │    61 │     0 │     0 │        490 │       0 │        0 │   490 │       0 │             0 │           0 │
2026-09-24T13:55:54.6734401Z │ lv_mem.c.obj                             │        542 │     4 │     0 │     4 │     0 │        538 │       0 │        0 │   538 │       0 │             0 │           0 │
2026-09-24T13:55:54.6735162Z │ ecdh.c.obj                               │        542 │     0 │     0 │     0 │     0 │        542 │       0 │        0 │   542 │       0 │             0 │           0 │
2026-09-24T13:55:54.6735949Z │ regi2c_ctrl.c.obj                        │        538 │   322 │     4 │     4 │   314 │        216 │       0 │        0 │   216 │       0 │             0 │           0 │
2026-09-24T13:55:54.6736910Z │ libc_a-lcltime_r.o                       │        538 │     0 │     0 │     0 │     0 │        538 │       0 │        0 │   538 │       0 │             0 │           0 │
2026-09-24T13:55:54.6737741Z │ esp_clk_tree_common.c.obj                │        535 │    12 │    12 │     0 │     0 │        523 │      63 │        0 │   460 │       0 │             0 │           0 │
2026-09-24T13:55:54.6738535Z │ lv_gc.c.obj                              │        528 │   528 │   528 │     0 │     0 │          0 │       0 │        0 │     0 │       0 │             0 │           0 │
2026-09-24T13:55:54.6739326Z │ newlib_init.c.obj                        │        528 │   156 │     0 │   156 │     0 │        372 │      16 │        0 │   356 │       0 │             0 │           0 │
2026-09-24T13:55:54.6740125Z │ lv_tileview.c.obj                        │        519 │     9 │     9 │     0 │     0 │        510 │      56 │        0 │   454 │       0 │             0 │           0 │
2026-09-24T13:55:54.6741044Z │ clk_tree_hal.c.obj                       │        512 │     0 │     0 │     0 │     0 │        512 │      58 │        0 │   454 │       0 │             0 │           0 │
2026-09-24T13:55:54.6741964Z │ diskio.c.obj                             │        507 │     8 │     8 │     0 │     0 │        499 │      23 │        0 │   476 │       0 │             0 │           0 │
2026-09-24T13:55:54.6742747Z │ cpu_start.c.obj                          │        506 │   464 │     0 │     0 │   464 │         42 │       0 │        0 │    42 │       0 │             0 │           0 │
2026-09-24T13:55:54.6743532Z │ coexist_hw.o                             │        506 │     0 │     0 │     0 │     0 │        506 │      40 │        0 │   466 │       0 │             0 │           0 │
2026-09-24T13:55:54.6744301Z │ memp.c.obj                               │        500 │     4 │     4 │     0 │     0 │        496 │     146 │        0 │   350 │       0 │             0 │           0 │
2026-09-24T13:55:54.6745096Z │ bignum_alt.c.obj                         │        496 │     0 │     0 │     0 │     0 │        496 │       0 │        0 │   496 │       0 │             0 │           0 │
2026-09-24T13:55:54.6745897Z │ libc_a-fflush.o                          │        494 │     0 │     0 │     0 │     0 │        494 │       0 │        0 │   494 │       0 │             0 │           0 │
2026-09-24T13:55:54.6746677Z │ ip6_frag.c.obj                           │        489 │     4 │     4 │     0 │     0 │        485 │       9 │        0 │   476 │       0 │             0 │           0 │
2026-09-24T13:55:54.6747479Z │ esp_coex_adapter.c.obj                   │        488 │   246 │     0 │    80 │   166 │        242 │       0 │        0 │   242 │       0 │             0 │           0 │
2026-09-24T13:55:54.6748289Z │ sta_info.c.obj                           │        488 │     0 │     0 │     0 │     0 │        488 │       0 │        0 │   488 │       0 │             0 │           0 │
2026-09-24T13:55:54.6749089Z │ libc_a-strtoull.o                        │        488 │     0 │     0 │     0 │     0 │        488 │       0 │        0 │   488 │       0 │             0 │           0 │
2026-09-24T13:55:54.6749892Z │ pm_coex.o                                │        484 │   356 │     0 │     0 │   356 │        128 │      58 │        0 │    70 │       0 │             0 │           0 │
2026-09-24T13:55:54.6750677Z │ aes-wrap.c.obj                           │        482 │     0 │     0 │     0 │     0 │        482 │       0 │        0 │   482 │       0 │             0 │           0 │
2026-09-24T13:55:54.6751612Z │ interrupt.c.obj                          │        476 │   372 │   256 │     0 │   116 │        104 │      50 │        0 │    54 │       0 │             0 │           0 │
2026-09-24T13:55:54.6752448Z │ tcp_isn_default.c.obj                    │        476 │    68 │    68 │     0 │     0 │        408 │       0 │        0 │   408 │       0 │             0 │           0 │
2026-09-24T13:55:54.6753255Z │ phy_feature.o                            │        476 │     0 │     0 │     0 │     0 │        476 │       0 │        0 │   476 │       0 │             0 │           0 │
2026-09-24T13:55:54.6754191Z │ ieee80211_crypto_sms4.o                  │        475 │    24 │     0 │    24 │     0 │        451 │      61 │        0 │   390 │       0 │             0 │           0 │
2026-09-24T13:55:54.6755001Z │ ip4_frag.c.obj                           │        475 │     0 │     0 │     0 │     0 │        475 │       9 │        0 │   466 │       0 │             0 │           0 │
2026-09-24T13:55:54.6755795Z │ esp_lcd_panel_ops.c.obj                  │        471 │     0 │     0 │     0 │     0 │        471 │      65 │        0 │   406 │       0 │             0 │           0 │
2026-09-24T13:55:54.6756594Z │ vectors.S.obj                            │        470 │   470 │     0 │     0 │   470 │          0 │       0 │        0 │     0 │       0 │             0 │           0 │
2026-09-24T13:55:54.6757512Z │ esp_common.c.obj                         │        466 │   168 │   168 │     0 │     0 │        298 │       0 │        0 │   298 │       0 │             0 │           0 │
2026-09-24T13:55:54.6758326Z │ libc_a-setvbuf.o                         │        466 │     0 │     0 │     0 │     0 │        466 │       0 │        0 │   466 │       0 │             0 │           0 │
2026-09-24T13:55:54.6759120Z │ esp_clk_tree.c.obj                       │        465 │     0 │     0 │     0 │     0 │        465 │      29 │        0 │   436 │       0 │             0 │           0 │
2026-09-24T13:55:54.6759988Z │ sleep_cpu_asm.S.obj                      │        464 │   464 │     0 │     4 │   460 │          0 │       0 │        0 │     0 │       0 │             0 │           0 │
2026-09-24T13:55:54.6760774Z │ mpi_hal.c.obj                            │        464 │     0 │     0 │     0 │     0 │        464 │       0 │        0 │   464 │       0 │             0 │           0 │
2026-09-24T13:55:54.6761680Z │ dh_groups.c.obj                          │        463 │     0 │     0 │     0 │     0 │        463 │     417 │        0 │    46 │       0 │             0 │           0 │
2026-09-24T13:55:54.6762486Z │ board_touch.c.obj                        │        461 │     9 │     5 │     4 │     0 │        452 │       0 │        0 │   452 │       0 │             0 │           0 │
2026-09-24T13:55:54.6763311Z │ lv_calendar_header_dropdown.c.obj        │        456 │     0 │     0 │     0 │     0 │        456 │      28 │        0 │   428 │       0 │             0 │           0 │
2026-09-24T13:55:54.6764142Z │ si_class_type_info.o                     │        456 │     0 │     0 │     0 │     0 │        456 │      44 │        0 │   412 │       0 │             0 │           0 │
2026-09-24T13:55:54.6764945Z │ ledc_hal_iram.c.obj                      │        454 │   454 │     0 │    24 │   430 │          0 │       0 │        0 │     0 │       0 │             0 │           0 │
2026-09-24T13:55:54.6765757Z │ ocode_init.c.obj                         │        453 │     0 │     0 │     0 │     0 │        453 │      19 │        0 │   434 │       0 │             0 │           0 │
2026-09-24T13:55:54.6766667Z │ nvs_types.cpp.obj                        │        446 │     0 │     0 │     0 │     0 │        446 │       0 │        0 │   446 │       0 │             0 │           0 │
2026-09-24T13:55:54.6767469Z │ log_buffers.c.obj                        │        442 │     0 │     0 │     0 │     0 │        442 │       0 │        0 │   442 │       0 │             0 │           0 │
2026-09-24T13:55:54.6768267Z │ ieee802_11_common.c.obj                  │        436 │     0 │     0 │     0 │     0 │        436 │       0 │        0 │   436 │       0 │             0 │           0 │
2026-09-24T13:55:54.6769074Z │ esp_clk.c.obj                            │        431 │    71 │     0 │     1 │    70 │        336 │       0 │        0 │   336 │      24 │            24 │           0 │
2026-09-24T13:55:54.6770043Z │ freertos_hooks.c.obj                     │        430 │   112 │    64 │     0 │    48 │        318 │       0 │        0 │   318 │       0 │             0 │           0 │
2026-09-24T13:55:54.6770869Z │ acd_dhcp_check.c.obj                     │        430 │     0 │     0 │     0 │     0 │        430 │       0 │        0 │   430 │       0 │             0 │           0 │
2026-09-24T13:55:54.6771786Z │ aes-unwrap.c.obj                         │        428 │     0 │     0 │     0 │     0 │        428 │       0 │        0 │   428 │       0 │             0 │           0 │
2026-09-24T13:55:54.6772659Z │ ieee80211_reg_db.o                       │        427 │   230 │     0 │   230 │     0 │        197 │      49 │        0 │   148 │       0 │             0 │           0 │
2026-09-24T13:55:54.6773454Z │ pm_mbssid.o                              │        424 │     0 │     0 │     0 │     0 │        424 │       0 │        0 │   424 │       0 │             0 │           0 │
2026-09-24T13:55:54.6774250Z │ brownout.c.obj                           │        419 │   293 │     0 │    47 │   246 │        126 │      24 │        0 │   102 │       0 │             0 │           0 │
2026-09-24T13:55:54.6775083Z │ libc_a-gmtime_r.o                        │        418 │     0 │     0 │     0 │     0 │        418 │       0 │        0 │   418 │       0 │             0 │           0 │
2026-09-24T13:55:54.6775910Z │ task_wdt_impl_timergroup.c.obj           │        416 │    12 │    12 │     0 │     0 │        404 │       0 │        0 │   404 │       0 │             0 │           0 │
2026-09-24T13:55:54.6776729Z │ ap_config.c.obj                          │        408 │     0 │     0 │     0 │     0 │        408 │       0 │        0 │   408 │       0 │             0 │           0 │
2026-09-24T13:55:54.6777523Z │ class_type_info.o                        │        402 │     0 │     0 │     0 │     0 │        402 │      44 │        0 │   358 │       0 │             0 │           0 │
2026-09-24T13:55:54.6778336Z │ ieee80211_crypto_tkip.o                  │        394 │    24 │     0 │    24 │     0 │        370 │       0 │        0 │   370 │       0 │             0 │           0 │
2026-09-24T13:55:54.6779178Z │ reset_reason.c.obj                       │        388 │    70 │     4 │     0 │    66 │        318 │      30 │        0 │   288 │       0 │             0 │           0 │
2026-09-24T13:55:54.6779987Z │ panic_handler.c.obj                      │        386 │    94 │     4 │     8 │    82 │        292 │       0 │        0 │   292 │       0 │             0 │           0 │
2026-09-24T13:55:54.6780801Z │ esp_efuse_startup.c.obj                  │        386 │     0 │     0 │     0 │     0 │        386 │      56 │        0 │   330 │       0 │             0 │           0 │
2026-09-24T13:55:54.6781704Z │ lv_img_buf.c.obj                         │        386 │     0 │     0 │     0 │     0 │        386 │       0 │        0 │   386 │       0 │             0 │           0 │
2026-09-24T13:55:54.6782492Z │ int_wdt.c.obj                            │        382 │   102 │     8 │     0 │    94 │        280 │       0 │        0 │   280 │       0 │             0 │           0 │
2026-09-24T13:55:54.6783480Z │ startup_funcs.c.obj                      │        382 │     0 │     0 │     0 │     0 │        382 │      80 │        0 │   302 │       0 │             0 │           0 │
2026-09-24T13:55:54.6784284Z │ vfs_lwip.c.obj                           │        382 │     0 │     0 │     0 │     0 │        382 │      30 │        0 │   352 │       0 │             0 │           0 │
2026-09-24T13:55:54.6785057Z │ hal_sniffer.o                            │        382 │     0 │     0 │     0 │     0 │        382 │       0 │        0 │   382 │       0 │             0 │           0 │
2026-09-24T13:55:54.6785827Z │ aes_hal.c.obj                            │        374 │     0 │     0 │     0 │     0 │        374 │       0 │        0 │   374 │       0 │             0 │           0 │
2026-09-24T13:55:54.6786620Z │ libc_a-tzcalc_limits.o                   │        370 │     0 │     0 │     0 │     0 │        370 │       0 │        0 │   370 │       0 │             0 │           0 │
2026-09-24T13:55:54.6787543Z │ libm_a-s_floor.o                         │        368 │     0 │     0 │     0 │     0 │        368 │       0 │        0 │   368 │       0 │             0 │           0 │
2026-09-24T13:55:54.6788349Z │ coexist_param.o                          │        367 │    47 │     1 │    46 │     0 │        320 │       0 │        0 │   320 │       0 │             0 │           0 │
2026-09-24T13:55:54.6789143Z │ esp_time_impl.c.obj                      │        364 │    12 │    12 │     0 │     0 │        352 │       0 │        0 │   352 │       0 │             0 │           0 │
2026-09-24T13:55:54.6789944Z │ app_startup.c.obj                        │        362 │     0 │     0 │     0 │     0 │        362 │      32 │        0 │   330 │       0 │             0 │           0 │
2026-09-24T13:55:54.6790724Z │ misc_nvs.o                               │        360 │     9 │     9 │     0 │     0 │        351 │      43 │        0 │   308 │       0 │             0 │           0 │
2026-09-24T13:55:54.6791647Z │ board_i2c.c.obj                          │        347 │     1 │     1 │     0 │     0 │        346 │       0 │        0 │   346 │       0 │             0 │           0 │
2026-09-24T13:55:54.6792468Z │ crosscore_int.c.obj                      │        344 │   198 │     4 │     0 │   194 │        146 │      46 │        0 │   100 │       0 │             0 │           0 │
2026-09-24T13:55:54.6793294Z │ ieee80211_crypto_gcmp.o                  │        344 │    24 │     0 │    24 │     0 │        320 │       0 │        0 │   320 │       0 │             0 │           0 │
2026-09-24T13:55:54.6794117Z │ nvs_partition.cpp.obj                    │        344 │     0 │     0 │     0 │     0 │        344 │     104 │        0 │   240 │       0 │             0 │           0 │
2026-09-24T13:55:54.6794935Z │ sdspi_crc.c.obj                          │        344 │     0 │     0 │     0 │     0 │        344 │     256 │        0 │    88 │       0 │             0 │           0 │
2026-09-24T13:55:54.6795738Z │ lv_draw_sw.c.obj                         │        344 │     0 │     0 │     0 │     0 │        344 │       0 │        0 │   344 │       0 │             0 │           0 │
2026-09-24T13:55:54.6796640Z │ esp_ecc.c.obj                            │        344 │     0 │     0 │     0 │     0 │        344 │       0 │        0 │   344 │       0 │             0 │           0 │
2026-09-24T13:55:54.6797419Z │ assert.c.obj                             │        342 │   342 │     0 │     0 │   342 │          0 │       0 │        0 │     0 │       0 │             0 │           0 │
2026-09-24T13:55:54.6798226Z │ ieee80211_mesh_quick.o                   │        337 │   187 │   180 │     7 │     0 │        150 │       0 │        0 │   150 │       0 │             0 │           0 │
2026-09-24T13:55:54.6799048Z │ lwip_default_hooks.c.obj                 │        332 │     0 │     0 │     0 │     0 │        332 │       0 │        0 │   332 │       0 │             0 │           0 │
2026-09-24T13:55:54.6799955Z │ sha_hal.c.obj                            │        324 │     0 │     0 │     0 │     0 │        324 │       0 │        0 │   324 │       0 │             0 │           0 │
2026-09-24T13:55:54.6800743Z │ asn1write.c.obj                          │        324 │     0 │     0 │     0 │     0 │        324 │       0 │        0 │   324 │       0 │             0 │           0 │
2026-09-24T13:55:54.6801633Z │ rtc_io.c.obj                             │        322 │     0 │     0 │     0 │     0 │        322 │      16 │        0 │   306 │       0 │             0 │           0 │
2026-09-24T13:55:54.6802417Z │ libc_a-refill.o                          │        322 │     0 │     0 │     0 │     0 │        322 │       0 │        0 │   322 │       0 │             0 │           0 │
2026-09-24T13:55:54.6803204Z │ wpabuf.c.obj                             │        320 │     0 │     0 │     0 │     0 │        320 │       0 │        0 │   320 │       0 │             0 │           0 │
2026-09-24T13:55:54.6803999Z │ phy_pwdet.o                              │        318 │   126 │     0 │     0 │   126 │        192 │       0 │        0 │   192 │       0 │             0 │           0 │
2026-09-24T13:55:54.6804809Z │ log_linked_list.c.obj                    │        314 │     4 │     4 │     0 │     0 │        310 │       0 │        0 │   310 │       0 │             0 │           0 │
2026-09-24T13:55:54.6805599Z │ libc_a-fgets.o                           │        314 │     0 │     0 │     0 │     0 │        314 │       0 │        0 │   314 │       0 │             0 │           0 │
2026-09-24T13:55:54.6806372Z │ io_mux.c.obj                             │        312 │    12 │    12 │     0 │     0 │        300 │       0 │        0 │   300 │       0 │             0 │           0 │
2026-09-24T13:55:54.6807157Z │ pmu_sleep.c.obj                          │        312 │   312 │     1 │    63 │   248 │          0 │       0 │        0 │     0 │       0 │             0 │           0 │
2026-09-24T13:55:54.6807959Z │ ieee80211_ets.o                          │        311 │     0 │     0 │     0 │     0 │        311 │      63 │        0 │   248 │       0 │             0 │           0 │
2026-09-24T13:55:54.6808749Z │ pp_debug.o                               │        308 │   284 │   264 │     4 │    16 │         24 │       0 │        0 │    24 │       0 │             0 │           0 │
2026-09-24T13:55:54.6809566Z │ spi_flash_encrypt_hal_iram.c.obj         │        308 │   308 │     0 │    36 │   272 │          0 │       0 │        0 │     0 │       0 │             0 │           0 │
2026-09-24T13:55:54.6810394Z │ interrupts.c.obj                         │        308 │     0 │     0 │     0 │     0 │        308 │     308 │        0 │     0 │       0 │             0 │           0 │
2026-09-24T13:55:54.6811190Z │ lv_hal_indev.c.obj                       │        308 │     0 │     0 │     0 │     0 │        308 │       0 │        0 │   308 │       0 │             0 │           0 │
2026-09-24T13:55:54.6812122Z │ constant_time.c.obj                      │        306 │     0 │     0 │     0 │     0 │        306 │       0 │        0 │   306 │       0 │             0 │           0 │
2026-09-24T13:55:54.6813094Z │ board_backlight.c.obj                    │        305 │     1 │     1 │     0 │     0 │        304 │       0 │        0 │   304 │       0 │             0 │           0 │
2026-09-24T13:55:54.6813907Z │ esp_netif_lwip.c.obj                     │        300 │     8 │     8 │     0 │     0 │        292 │       0 │        0 │   292 │       0 │             0 │           0 │
2026-09-24T13:55:54.6814709Z │ sleep_clock.c.obj                        │        300 │     0 │     0 │     0 │     0 │        300 │     130 │        0 │   170 │       0 │             0 │           0 │
2026-09-24T13:55:54.6815518Z │ lv_obj_style_gen.c.obj                   │        300 │     0 │     0 │     0 │     0 │        300 │       0 │        0 │   300 │       0 │             0 │           0 │
2026-09-24T13:55:54.6816431Z │ libc_a-fread.o                           │        298 │     0 │     0 │     0 │     0 │        298 │       0 │        0 │   298 │       0 │             0 │           0 │
2026-09-24T13:55:54.6817217Z │ apm_hal.c.obj                            │        292 │     0 │     0 │     0 │     0 │        292 │       0 │        0 │   292 │       0 │             0 │           0 │
2026-09-24T13:55:54.6818002Z │ hw_random.c.obj                          │        290 │   138 │     4 │     0 │   134 │        152 │      24 │        0 │   128 │       0 │             0 │           0 │
2026-09-24T13:55:54.6818800Z │ esp_rom_tlsf.c.obj                       │        288 │   284 │    84 │     0 │   200 │          4 │       4 │        0 │     0 │       0 │             0 │           0 │
2026-09-24T13:55:54.6819578Z │ phy_basic.o                              │        288 │     0 │     0 │     0 │     0 │        288 │       0 │        0 │   288 │       0 │             0 │           0 │
2026-09-24T13:55:54.6820364Z │ sha256-prf.c.obj                         │        284 │     0 │     0 │     0 │     0 │        284 │       0 │        0 │   284 │       0 │             0 │           0 │
2026-09-24T13:55:54.6821172Z │ pp_he_ctrl.o                             │        280 │    28 │    26 │     2 │     0 │        252 │       0 │        0 │   252 │       0 │             0 │           0 │
2026-09-24T13:55:54.6822107Z │ sha256-kdf.c.obj                         │        280 │     0 │     0 │     0 │     0 │        280 │       0 │        0 │   280 │       0 │             0 │           0 │
2026-09-24T13:55:54.6822907Z │ adc_share_hw_ctrl.c.obj                  │        278 │     4 │     4 │     0 │     0 │        274 │      20 │        0 │   254 │       0 │             0 │           0 │
2026-09-24T13:55:54.6823693Z │ lv_font.c.obj                            │        278 │     0 │     0 │     0 │     0 │        278 │       0 │        0 │   278 │       0 │             0 │           0 │
2026-09-24T13:55:54.6824482Z │ hopper_policy.c.obj                      │        278 │     0 │     0 │     0 │     0 │        278 │       0 │        0 │   278 │       0 │             0 │           0 │
2026-09-24T13:55:54.6825418Z │ phy_analog_cal.o                         │        274 │     0 │     0 │     0 │     0 │        274 │       0 │        0 │   274 │       0 │             0 │           0 │
2026-09-24T13:55:54.6826224Z │ ieee80211_debug.o                        │        268 │    64 │    64 │     0 │     0 │        204 │       0 │        0 │   204 │       0 │             0 │           0 │
2026-09-24T13:55:54.6827023Z │ lv_draw_layer.c.obj                      │        268 │     0 │     0 │     0 │     0 │        268 │       0 │        0 │   268 │       0 │             0 │           0 │
2026-09-24T13:55:54.6827798Z │ phy_11ax.o                               │        266 │     0 │     0 │     0 │     0 │        266 │       0 │        0 │   266 │       0 │             0 │           0 │
2026-09-24T13:55:54.6828586Z │ vectors_intc.S.obj                       │        258 │   258 │     0 │     0 │   258 │          0 │       0 │        0 │     0 │       0 │             0 │           0 │
2026-09-24T13:55:54.6829517Z │ libc_a-fdopen.o                          │        258 │     0 │     0 │     0 │     0 │        258 │       0 │        0 │   258 │       0 │             0 │           0 │
2026-09-24T13:55:54.6830310Z │ libc_a-ctype_.o                          │        257 │     0 │     0 │     0 │     0 │        257 │     257 │        0 │     0 │       0 │             0 │           0 │
2026-09-24T13:55:54.6831095Z │ libc_a-reent.o                           │        256 │     0 │     0 │     0 │     0 │        256 │       0 │        0 │   256 │       0 │             0 │           0 │
2026-09-24T13:55:54.6832013Z │ libc_a-fopen.o                           │        252 │     0 │     0 │     0 │     0 │        252 │       0 │        0 │   252 │       0 │             0 │           0 │
2026-09-24T13:55:54.6832794Z │ startup.c.obj                            │        250 │     8 │     8 │     0 │     0 │        242 │       4 │        0 │   238 │       0 │             0 │           0 │
2026-09-24T13:55:54.6833572Z │ rc4.c.obj                                │        250 │     0 │     0 │     0 │     0 │        250 │       0 │        0 │   250 │       0 │             0 │           0 │
2026-09-24T13:55:54.6834350Z │ eh_globals.o                             │        249 │    13 │    13 │     0 │     0 │        236 │      12 │        0 │   224 │       0 │             0 │           0 │
2026-09-24T13:55:54.6835132Z │ flash_ops.c.obj                          │        246 │    66 │     0 │     8 │    58 │        180 │      22 │        0 │   158 │       0 │             0 │           0 │
2026-09-24T13:55:54.6835913Z │ clk_ctrl_os.c.obj                        │        244 │     5 │     5 │     0 │     0 │        239 │      29 │        0 │   210 │       0 │             0 │           0 │
2026-09-24T13:55:54.6836709Z │ libc_a-impure.o                          │        244 │   244 │     0 │   244 │     0 │          0 │       0 │        0 │     0 │       0 │             0 │           0 │
2026-09-24T13:55:54.6837529Z │ idf_additions.c.obj                      │        243 │     0 │     0 │     0 │     0 │        243 │      21 │        0 │   222 │       0 │             0 │           0 │
2026-09-24T13:55:54.6838339Z │ libc_a-fclose.o                          │        238 │     0 │     0 │     0 │     0 │        238 │       0 │        0 │   238 │       0 │             0 │           0 │
2026-09-24T13:55:54.6839137Z │ periph_ctrl.c.obj                        │        235 │   161 │    41 │     0 │   120 │         74 │       0 │        0 │    74 │       0 │             0 │           0 │
2026-09-24T13:55:54.6839937Z │ esp_ota_ops.c.obj                        │        232 │     4 │     4 │     0 │     0 │        228 │      30 │        0 │   198 │       0 │             0 │           0 │
2026-09-24T13:55:54.6840733Z │ i2c_hal_iram.c.obj                       │        232 │   232 │     0 │     0 │   232 │          0 │       0 │        0 │     0 │       0 │             0 │           0 │
2026-09-24T13:55:54.6841637Z │ util.c.obj                               │        228 │     0 │     0 │     0 │     0 │        228 │       0 │        0 │   228 │       0 │             0 │           0 │
2026-09-24T13:55:54.6842540Z │ if_hecfg.o                               │        224 │   146 │     0 │     0 │   146 │         78 │      78 │        0 │     0 │       0 │             0 │           0 │
2026-09-24T13:55:54.6843318Z │ rate_control.o                           │        224 │     0 │     0 │     0 │     0 │        224 │       0 │        0 │   224 │       0 │             0 │           0 │
2026-09-24T13:55:54.6844103Z │ lv_spinner.c.obj                         │        220 │     8 │     8 │     0 │     0 │        212 │      28 │        0 │   184 │       0 │             0 │           0 │
2026-09-24T13:55:54.6844889Z │ portasm.S.obj                            │        216 │   216 │     0 │     0 │   216 │          0 │       0 │        0 │     0 │       0 │             0 │           0 │
2026-09-24T13:55:54.6845793Z │ brownout_hal.c.obj                       │        216 │     0 │     0 │     0 │     0 │        216 │       0 │        0 │   216 │       0 │             0 │           0 │
2026-09-24T13:55:54.6846580Z │ eh_catch.o                               │        214 │     0 │     0 │     0 │     0 │        214 │       0 │        0 │   214 │       0 │             0 │           0 │
2026-09-24T13:55:54.6847352Z │ libc_a-fwrite.o                          │        212 │     0 │     0 │     0 │     0 │        212 │       0 │        0 │   212 │       0 │             0 │           0 │
2026-09-24T13:55:54.6848140Z │ board_spi.c.obj                          │        211 │     1 │     1 │     0 │     0 │        210 │       0 │        0 │   210 │       0 │             0 │           0 │
2026-09-24T13:55:54.6848905Z │ mem.c.obj                                │        210 │     0 │     0 │     0 │     0 │        210 │      20 │        0 │   190 │       0 │             0 │           0 │
2026-09-24T13:55:54.6849671Z │ pk.c.obj                                 │        208 │     0 │     0 │     0 │     0 │        208 │       0 │        0 │   208 │       0 │             0 │           0 │
2026-09-24T13:55:54.6850452Z │ ffsystem.c.obj                           │        206 │    12 │    12 │     0 │     0 │        194 │       0 │        0 │   194 │       0 │             0 │           0 │
2026-09-24T13:55:54.6851235Z │ coexist_api.o                            │        204 │    46 │     0 │     4 │    42 │        158 │       0 │        0 │   158 │       0 │             0 │           0 │
2026-09-24T13:55:54.6852132Z │ libc_a-stdio.o                           │        200 │     0 │     0 │     0 │     0 │        200 │       0 │        0 │   200 │       0 │             0 │           0 │
2026-09-24T13:55:54.6852930Z │ esp_lcd_panel_io.c.obj                   │        196 │     0 │     0 │     0 │     0 │        196 │      52 │        0 │   144 │       0 │             0 │           0 │
2026-09-24T13:55:54.6853731Z │ phy_api.o                                │        194 │     0 │     0 │     0 │     0 │        194 │       0 │        0 │   194 │       0 │             0 │           0 │
2026-09-24T13:55:54.6854634Z │ lv_img_cache.c.obj                       │        192 │     0 │     0 │     0 │     0 │        192 │       0 │        0 │   192 │       0 │             0 │           0 │
2026-09-24T13:55:54.6855418Z │ dns.c.obj                                │        190 │    72 │    72 │     0 │     0 │        118 │       0 │        0 │   118 │       0 │             0 │           0 │
2026-09-24T13:55:54.6856182Z │ heap.c.obj                               │        190 │   190 │     0 │     0 │   190 │          0 │       0 │        0 │     0 │       0 │             0 │           0 │
2026-09-24T13:55:54.6856962Z │ hw_stack_guard.c.obj                     │        188 │     0 │     0 │     0 │     0 │        188 │       8 │        0 │   180 │       0 │             0 │           0 │
2026-09-24T13:55:54.6857891Z │ memory_layout.c.obj                      │        188 │     0 │     0 │     0 │     0 │        188 │     188 │        0 │     0 │       0 │             0 │           0 │
2026-09-24T13:55:54.6858701Z │ tag_log_level.c.obj                      │        188 │     0 │     0 │     0 │     0 │        188 │       0 │        0 │   188 │       0 │             0 │           0 │
2026-09-24T13:55:54.6859482Z │ sha1-prf.c.obj                           │        188 │     0 │     0 │     0 │     0 │        188 │       0 │        0 │   188 │       0 │             0 │           0 │
2026-09-24T13:55:54.6860260Z │ netbuf.c.obj                             │        187 │     0 │     0 │     0 │     0 │        187 │      13 │        0 │   174 │       0 │             0 │           0 │
2026-09-24T13:55:54.6861043Z │ system_time.c.obj                        │        184 │    44 │     8 │     0 │    36 │        140 │       0 │        0 │   140 │       0 │             0 │           0 │
2026-09-24T13:55:54.6861957Z │ cache_utils.c.obj                        │        184 │   146 │     8 │     0 │   138 │         38 │       0 │        0 │    38 │       0 │             0 │           0 │
2026-09-24T13:55:54.6862782Z │ lv_draw_rect.c.obj                       │        184 │   122 │     0 │     0 │   122 │         62 │       0 │        0 │    62 │       0 │             0 │           0 │
2026-09-24T13:55:54.6863558Z │ pk_ecc.c.obj                             │        184 │     0 │     0 │     0 │     0 │        184 │       0 │        0 │   184 │       0 │             0 │           0 │
2026-09-24T13:55:54.6864324Z │ libc_a-putc.o                            │        182 │     0 │     0 │     0 │     0 │        182 │       0 │        0 │   182 │       0 │             0 │           0 │
2026-09-24T13:55:54.6865096Z │ phy_tsens.o                              │        180 │     0 │     0 │     0 │     0 │        180 │       0 │        0 │   180 │       0 │             0 │           0 │
2026-09-24T13:55:54.6865868Z │ esp_err.c.obj                            │        178 │   178 │     0 │     0 │   178 │          0 │       0 │        0 │     0 │       0 │             0 │           0 │
2026-09-24T13:55:54.6866668Z │ log_lock.c.obj                           │        172 │   172 │     4 │     0 │   168 │          0 │       0 │        0 │     0 │       0 │             0 │           0 │
2026-09-24T13:55:54.6867458Z │ esp_efuse_api.c.obj                      │        172 │     0 │     0 │     0 │     0 │        172 │       0 │        0 │   172 │       0 │             0 │           0 │
2026-09-24T13:55:54.6868235Z │ libc_a-puts.o                            │        172 │     0 │     0 │     0 │     0 │        172 │       0 │        0 │   172 │       0 │             0 │           0 │
2026-09-24T13:55:54.6869076Z │ usb_serial_jtag_connection_monitor.c.obj │        169 │   109 │     5 │     0 │   104 │         60 │       8 │        0 │    52 │       0 │             0 │           0 │
2026-09-24T13:55:54.6869961Z │ esp_crypto_lock.c.obj                    │        168 │    12 │    12 │     0 │     0 │        156 │       0 │        0 │   156 │       0 │             0 │           0 │
2026-09-24T13:55:54.6870883Z │ hal_test.o                               │        166 │    56 │    56 │     0 │     0 │        110 │       0 │        0 │   110 │       0 │             0 │           0 │
2026-09-24T13:55:54.6871816Z │ ieee80211_ie_vendor.o                    │        166 │     0 │     0 │     0 │     0 │        166 │       0 │        0 │   166 │       0 │             0 │           0 │
2026-09-24T13:55:54.6872620Z │ libc_a-getenv_r.o                        │        166 │     0 │     0 │     0 │     0 │        166 │       0 │        0 │   166 │       0 │             0 │           0 │
2026-09-24T13:55:54.6873419Z │ cache_err_int.c.obj                      │        165 │     0 │     0 │     0 │     0 │        165 │      19 │        0 │   146 │       0 │             0 │           0 │
2026-09-24T13:55:54.6874195Z │ lv_win.c.obj                             │        164 │     2 │     2 │     0 │     0 │        162 │      28 │        0 │   134 │       0 │             0 │           0 │
2026-09-24T13:55:54.6875114Z │ port_common.c.obj                        │        162 │   132 │     0 │     0 │   132 │         30 │      30 │        0 │     0 │       0 │             0 │           0 │
2026-09-24T13:55:54.6875921Z │ gpio_hal.c.obj                           │        162 │     0 │     0 │     0 │     0 │        162 │      28 │        0 │   134 │       0 │             0 │           0 │
2026-09-24T13:55:54.6876706Z │ esp_aes_common.c.obj                     │        162 │     0 │     0 │     0 │     0 │        162 │       0 │        0 │   162 │       0 │             0 │           0 │
2026-09-24T13:55:54.6877505Z │ pau_regdma.c.obj                         │        156 │   124 │     4 │     4 │   116 │         32 │       0 │        0 │    32 │       0 │             0 │           0 │
2026-09-24T13:55:54.6878291Z │ libc_a-fputs.o                           │        156 │     0 │     0 │     0 │     0 │        156 │       0 │        0 │   156 │       0 │             0 │           0 │
2026-09-24T13:55:54.6879111Z │ ieee80211_crypto_wep.o                   │        154 │    24 │     0 │    24 │     0 │        130 │       0 │        0 │   130 │       0 │             0 │           0 │
2026-09-24T13:55:54.6879929Z │ heap_align_hw.c.obj                      │        152 │   152 │     0 │     0 │   152 │          0 │       0 │        0 │     0 │       0 │             0 │           0 │
2026-09-24T13:55:54.6880724Z │ gdma_hal_top.c.obj                       │        150 │    42 │     0 │     0 │    42 │        108 │       0 │        0 │   108 │       0 │             0 │           0 │
2026-09-24T13:55:54.6881637Z │ pm_beacon_offset.o                       │        149 │     4 │     0 │     4 │     0 │        145 │      29 │        0 │   116 │       0 │             0 │           0 │
2026-09-24T13:55:54.6882426Z │ pau_hal.c.obj                            │        146 │     0 │     0 │     0 │     0 │        146 │      32 │        0 │   114 │       0 │             0 │           0 │
2026-09-24T13:55:54.6883232Z │ debug_helpers.c.obj                      │        144 │   144 │     0 │     0 │   144 │          0 │       0 │        0 │     0 │       0 │             0 │           0 │
2026-09-24T13:55:54.6884147Z │ heap_idf.c.obj                           │        142 │   142 │     0 │     0 │   142 │          0 │       0 │        0 │     0 │       0 │             0 │           0 │
2026-09-24T13:55:54.6884925Z │ lv_theme.c.obj                           │        142 │     0 │     0 │     0 │     0 │        142 │       0 │        0 │   142 │       0 │             0 │           0 │
2026-09-24T13:55:54.6885701Z │ efuse_hal.c.obj                          │        140 │   140 │     0 │     0 │   140 │          0 │       0 │        0 │     0 │       0 │             0 │           0 │
2026-09-24T13:55:54.6886476Z │ list.c.obj                               │        140 │   140 │     0 │     0 │   140 │          0 │       0 │        0 │     0 │       0 │             0 │           0 │
2026-09-24T13:55:54.6887371Z │ lv_disp.c.obj                            │        138 │     0 │     0 │     0 │     0 │        138 │       0 │        0 │   138 │       0 │             0 │           0 │
2026-09-24T13:55:54.6888170Z │ esp_system.c.obj                         │        136 │    20 │    20 │     0 │     0 │        116 │       0 │        0 │   116 │       0 │             0 │           0 │
2026-09-24T13:55:54.6888946Z │ abort.c.obj                              │        134 │   134 │     0 │     0 │   134 │          0 │       0 │        0 │     0 │       0 │             0 │           0 │
2026-09-24T13:55:54.6889718Z │ log_write.c.obj                          │        132 │    36 │     0 │     4 │    32 │         96 │       0 │        0 │    96 │       0 │             0 │           0 │
2026-09-24T13:55:54.6890517Z │ default_event_loop.c.obj                 │        130 │     4 │     4 │     0 │     0 │        126 │      20 │        0 │   106 │       0 │             0 │           0 │
2026-09-24T13:55:54.6891457Z │ phy_init_data.c.obj                      │        128 │     0 │     0 │     0 │     0 │        128 │     128 │        0 │     0 │       0 │             0 │           0 │
2026-09-24T13:55:54.6892262Z │ os_xtensa.c.obj                          │        128 │     0 │     0 │     0 │     0 │        128 │       0 │        0 │   128 │       0 │             0 │           0 │
2026-09-24T13:55:54.6893065Z │ spi_flash_os_func_noos.c.obj             │        126 │   126 │     0 │    40 │    86 │          0 │       0 │        0 │     0 │       0 │             0 │           0 │
2026-09-24T13:55:54.6893860Z │ pmu_hal.c.obj                            │        124 │   124 │     0 │     0 │   124 │          0 │       0 │        0 │     0 │       0 │             0 │           0 │
2026-09-24T13:55:54.6894641Z │ gpio_periph.c.obj                        │        124 │     0 │     0 │     0 │     0 │        124 │     124 │        0 │     0 │       0 │             0 │           0 │
2026-09-24T13:55:54.6895456Z │ rtc_io_periph.c.obj                      │        124 │     0 │     0 │     0 │     0 │        124 │     124 │        0 │     0 │       0 │             0 │           0 │
2026-09-24T13:55:54.6896262Z │ libc_a-flags.o                           │        122 │     0 │     0 │     0 │     0 │        122 │       0 │        0 │   122 │       0 │             0 │           0 │
2026-09-24T13:55:54.6897026Z │ hal_pwr.o                                │        120 │    92 │     0 │     0 │    92 │         28 │       0 │        0 │    28 │       0 │             0 │           0 │
2026-09-24T13:55:54.6897768Z │ new_op.o                                 │        120 │     0 │     0 │     0 │     0 │        120 │      46 │        0 │    74 │       0 │             0 │           0 │
2026-09-24T13:55:54.6898542Z │ log_timestamp.c.obj                      │        118 │   118 │     4 │     0 │   114 │          0 │       0 │        0 │     0 │       0 │             0 │           0 │
2026-09-24T13:55:54.6899359Z │ libc_a-fileno.o                          │        116 │     0 │     0 │     0 │     0 │        116 │       0 │        0 │   116 │       0 │             0 │           0 │
2026-09-24T13:55:54.6900345Z │ esp_dpa_protection.c.obj                 │        115 │     0 │     0 │     0 │     0 │        115 │      25 │        0 │    90 │       0 │             0 │           0 │
2026-09-24T13:55:54.6901144Z │ phy_debug.o                              │        112 │    40 │    40 │     0 │     0 │         72 │       0 │        0 │    72 │       0 │             0 │           0 │
2026-09-24T13:55:54.6902032Z │ ip4_addr.c.obj                           │        112 │     0 │     0 │     0 │     0 │        112 │      48 │        0 │    64 │       0 │             0 │           0 │
2026-09-24T13:55:54.6902808Z │ esp_cache.c.obj                          │        110 │   110 │     0 │    24 │    86 │          0 │       0 │        0 │     0 │       0 │             0 │           0 │
2026-09-24T13:55:54.6903692Z │ ip.c.obj                                 │        108 │    68 │    68 │     0 │     0 │         40 │       0 │        0 │    40 │       0 │             0 │           0 │
2026-09-24T13:55:54.6904453Z │ cpu.c.obj                                │        108 │    28 │     0 │     0 │    28 │         80 │       0 │        0 │    80 │       0 │             0 │           0 │
2026-09-24T13:55:54.6905215Z │ syscalls.c.obj                           │        108 │     0 │     0 │     0 │     0 │        108 │       0 │        0 │   108 │       0 │             0 │           0 │
2026-09-24T13:55:54.6905989Z │ esp_owe.c.obj                            │        108 │     0 │     0 │     0 │     0 │        108 │       0 │        0 │   108 │       0 │             0 │           0 │
2026-09-24T13:55:54.6906743Z │ err.c.obj                                │        106 │     0 │     0 │     0 │     0 │        106 │      68 │        0 │    38 │       0 │             0 │           0 │
2026-09-24T13:55:54.6907502Z │ sha256.c.obj                             │        106 │     0 │     0 │     0 │     0 │        106 │       0 │        0 │   106 │       0 │             0 │           0 │
2026-09-24T13:55:54.6908306Z │ multi_heap.c.obj                         │        104 │   104 │     0 │     8 │    96 │          0 │       0 │        0 │     0 │       0 │             0 │           0 │
2026-09-24T13:55:54.6909095Z │ libc_a-fwalk.o                           │        104 │     0 │     0 │     0 │     0 │        104 │       0 │        0 │   104 │       0 │             0 │           0 │
2026-09-24T13:55:54.6909897Z │ esp_cpu_intr.c.obj                       │        102 │     0 │     0 │     0 │     0 │        102 │       0 │        0 │   102 │       0 │             0 │           0 │
2026-09-24T13:55:54.6910692Z │ sd_pwr_ctrl.c.obj                        │        101 │     0 │     0 │     0 │     0 │        101 │      27 │        0 │    74 │       0 │             0 │           0 │
2026-09-24T13:55:54.6911673Z │ temperature_sensor_periph.c.obj          │        100 │     0 │     0 │     0 │     0 │        100 │     100 │        0 │     0 │       0 │             0 │           0 │
2026-09-24T13:55:54.6912643Z │ esp_md.c.obj                             │        100 │     0 │     0 │     0 │     0 │        100 │       0 │        0 │   100 │       0 │             0 │           0 │
2026-09-24T13:55:54.6913435Z │ libc_a-gettzinfo.o                       │         98 │    88 │     0 │    88 │     0 │         10 │       0 │        0 │    10 │       0 │             0 │           0 │
2026-09-24T13:55:54.6914203Z │ lv_btn.c.obj                             │         98 │     0 │     0 │     0 │     0 │         98 │      28 │        0 │    70 │       0 │             0 │           0 │
2026-09-24T13:55:54.6914954Z │ lv_utils.c.obj                           │         98 │     0 │     0 │     0 │     0 │         98 │       0 │        0 │    98 │       0 │             0 │           0 │
2026-09-24T13:55:54.6915731Z │ phy_override.c.obj                       │         97 │    79 │     1 │     0 │    78 │         18 │       0 │        0 │    18 │       0 │             0 │           0 │
2026-09-24T13:55:54.6916663Z │ libc_a-month_lengths.o                   │         96 │     0 │     0 │     0 │     0 │         96 │      96 │        0 │     0 │       0 │             0 │           0 │
2026-09-24T13:55:54.6917455Z │ libc_a-ferror.o                          │         96 │     0 │     0 │     0 │     0 │         96 │       0 │        0 │    96 │       0 │             0 │           0 │
2026-09-24T13:55:54.6918252Z │ nvs_partition_lookup.cpp.obj             │         90 │     0 │     0 │     0 │     0 │         90 │       0 │        0 │    90 │       0 │             0 │           0 │
2026-09-24T13:55:54.6919057Z │ lv_draw_line.c.obj                       │         88 │    88 │     0 │     0 │    88 │          0 │       0 │        0 │     0 │       0 │             0 │           0 │
2026-09-24T13:55:54.6919818Z │ lv_hal_tick.c.obj                        │         85 │     5 │     5 │     0 │     0 │         80 │       0 │        0 │    80 │       0 │             0 │           0 │
2026-09-24T13:55:54.6920618Z │ esp_efuse_table.c.obj                    │         84 │    48 │     0 │    48 │     0 │         36 │      36 │        0 │     0 │       0 │             0 │           0 │
2026-09-24T13:55:54.6921518Z │ lv_list.c.obj                            │         84 │     0 │     0 │     0 │     0 │         84 │      84 │        0 │     0 │       0 │             0 │           0 │
2026-09-24T13:55:54.6922282Z │ md5.c.obj                                │         84 │     0 │     0 │     0 │     0 │         84 │       0 │        0 │    84 │       0 │             0 │           0 │
2026-09-24T13:55:54.6923018Z │ sha1.c.obj                               │         84 │     0 │     0 │     0 │     0 │         84 │       0 │        0 │    84 │       0 │             0 │           0 │
2026-09-24T13:55:54.6923764Z │ wl_offchan.o                             │         82 │     8 │     8 │     0 │     0 │         74 │       0 │        0 │    74 │       0 │             0 │           0 │
2026-09-24T13:55:54.6924568Z │ flash_brownout_hook.c.obj                │         78 │    78 │     2 │     0 │    76 │          0 │       0 │        0 │     0 │       0 │             0 │           0 │
2026-09-24T13:55:54.6925395Z │ instruction_decode.c.obj                 │         76 │     0 │     0 │     0 │     0 │         76 │       0 │        0 │    76 │       0 │             0 │           0 │
2026-09-24T13:55:54.6926191Z │ spi_periph.c.obj                         │         72 │     0 │     0 │     0 │     0 │         72 │      72 │        0 │     0 │       0 │             0 │           0 │
2026-09-24T13:55:54.6926953Z │ libc_a-time.o                            │         70 │     0 │     0 │     0 │     0 │         70 │       0 │        0 │    70 │       0 │             0 │           0 │
2026-09-24T13:55:54.6927707Z │ mesh_parent.o                            │         68 │     4 │     4 │     0 │     0 │         64 │       0 │        0 │    64 │       0 │             0 │           0 │
2026-09-24T13:55:54.6928489Z │ stdatomic.c.obj                          │         68 │    68 │     0 │     0 │    68 │          0 │       0 │        0 │     0 │       0 │             0 │           0 │
2026-09-24T13:55:54.6929377Z │ init.c.obj                               │         66 │     0 │     0 │     0 │     0 │         66 │       8 │        0 │    42 │       0 │             0 │           0 │
2026-09-24T13:55:54.6930128Z │ bad_alloc.o                              │         66 │     0 │     0 │     0 │     0 │         66 │      20 │        0 │    46 │       0 │             0 │           0 │
2026-09-24T13:55:54.6930880Z │ eh_terminate.o                           │         66 │     0 │     0 │     0 │     0 │         66 │      16 │        0 │    50 │       0 │             0 │           0 │
2026-09-24T13:55:54.6931770Z │ platform_util.c.obj                      │         64 │     0 │     0 │     0 │     0 │         64 │       4 │        0 │    60 │       0 │             0 │           0 │
2026-09-24T13:55:54.6932670Z │ hal_mac_rx.o                             │         64 │     0 │     0 │     0 │     0 │         64 │       0 │        0 │    64 │       0 │             0 │           0 │
2026-09-24T13:55:54.6933454Z │ nvs_platform.cpp.obj                     │         60 │     4 │     4 │     0 │     0 │         56 │       0 │        0 │    56 │       0 │             0 │           0 │
2026-09-24T13:55:54.6934240Z │ esp_system_chip.c.obj                    │         60 │     8 │     0 │     0 │     8 │         52 │       0 │        0 │    52 │       0 │             0 │           0 │
2026-09-24T13:55:54.6935022Z │ reent_init.c.obj                         │         58 │    58 │     0 │     0 │    58 │          0 │       0 │        0 │     0 │       0 │             0 │           0 │
2026-09-24T13:55:54.6935795Z │ crypto_ops.c.obj                         │         58 │     0 │     0 │     0 │     0 │         58 │      44 │        0 │    14 │       0 │             0 │           0 │
2026-09-24T13:55:54.6936583Z │ libc_a-sysopen.o                         │         58 │     0 │     0 │     0 │     0 │         58 │       0 │        0 │    58 │       0 │             0 │           0 │
2026-09-24T13:55:54.6937369Z │ lv_msgbox.c.obj                          │         56 │     0 │     0 │     0 │     0 │         56 │      56 │        0 │     0 │       0 │             0 │           0 │
2026-09-24T13:55:54.6938181Z │ cxx_exception_stubs.cpp.obj              │         56 │     0 │     0 │     0 │     0 │         56 │       0 │        0 │    56 │       0 │             0 │           0 │
2026-09-24T13:55:54.6938959Z │ def.c.obj                                │         50 │     0 │     0 │     0 │     0 │         50 │       0 │        0 │    50 │       0 │             0 │           0 │
2026-09-24T13:55:54.6939710Z │ lp_timer_hal.c.obj                       │         44 │    44 │     0 │     4 │    40 │          0 │       0 │        0 │     0 │       0 │             0 │           0 │
2026-09-24T13:55:54.6940494Z │ libc_a-fseek.o                           │         44 │     0 │     0 │     0 │     0 │         44 │       0 │        0 │    44 │       0 │             0 │           0 │
2026-09-24T13:55:54.6941505Z │ libc_a-tzset.o                           │         44 │     0 │     0 │     0 │     0 │         44 │       0 │        0 │    44 │       0 │             0 │           0 │
2026-09-24T13:55:54.6942292Z │ esp_mem.c.obj                            │         42 │     0 │     0 │     0 │     0 │         42 │       0 │        0 │    42 │       0 │             0 │           0 │
2026-09-24T13:55:54.6943048Z │ platform.c.obj                           │         40 │     8 │     0 │     8 │     0 │         32 │       0 │        0 │    32 │       0 │             0 │           0 │
2026-09-24T13:55:54.6943802Z │ new_opvnt.o                              │         40 │     4 │     0 │     4 │     0 │         36 │      16 │        0 │    20 │       0 │             0 │           0 │
2026-09-24T13:55:54.6944725Z │ esp_timer_init.c.obj                     │         40 │     0 │     0 │     0 │     0 │         40 │       8 │        0 │    32 │       0 │             0 │           0 │
2026-09-24T13:55:54.6945520Z │ libc_a-sysread.o                         │         40 │     0 │     0 │     0 │     0 │         40 │       0 │        0 │    40 │       0 │             0 │           0 │
2026-09-24T13:55:54.6946294Z │ libc_a-syswrite.o                        │         40 │     0 │     0 │     0 │     0 │         40 │       0 │        0 │    40 │       0 │             0 │           0 │
2026-09-24T13:55:54.6947071Z │ esp_gpio_reserve.c.obj                   │         36 │     8 │     0 │     8 │     0 │         28 │       0 │        0 │    28 │       0 │             0 │           0 │
2026-09-24T13:55:54.6947859Z │ libc_a-sysgettod.o                       │         36 │     0 │     0 │     0 │     0 │         36 │       0 │        0 │    36 │       0 │             0 │           0 │
2026-09-24T13:55:54.6948659Z │ esp_memory_utils.c.obj                   │         34 │    34 │     0 │     0 │    34 │          0 │       0 │        0 │     0 │       0 │             0 │           0 │
2026-09-24T13:55:54.6949458Z │ esp_hardware.c.obj                       │         34 │     0 │     0 │     0 │     0 │         34 │       0 │        0 │    34 │       0 │             0 │           0 │
2026-09-24T13:55:54.6950234Z │ ieee80211_rfid.o                         │         34 │     0 │     0 │     0 │     0 │         34 │       0 │        0 │    34 │       0 │             0 │           0 │
2026-09-24T13:55:54.6951014Z │ lv_draw_transform.c.obj                  │         32 │     0 │     0 │     0 │     0 │         32 │       0 │        0 │    32 │       0 │             0 │           0 │
2026-09-24T13:55:54.6952007Z │ bootloader_flash_config_esp32c6.c.obj    │         32 │     0 │     0 │     0 │     0 │         32 │       0 │        0 │    32 │       0 │             0 │           0 │
2026-09-24T13:55:54.6952822Z │ libc_a-putchar.o                         │         32 │     0 │     0 │     0 │     0 │         32 │       0 │        0 │    32 │       0 │             0 │           0 │
2026-09-24T13:55:54.6953620Z │ libc_a-tzlock.o                          │         32 │     0 │     0 │     0 │     0 │         32 │       0 │        0 │    32 │       0 │             0 │           0 │
2026-09-24T13:55:54.6954400Z │ libc_a-sysfstat.o                        │         32 │     0 │     0 │     0 │     0 │         32 │       0 │        0 │    32 │       0 │             0 │           0 │
2026-09-24T13:55:54.6955173Z │ libc_a-sysstat.o                         │         32 │     0 │     0 │     0 │     0 │         32 │       0 │        0 │    32 │       0 │             0 │           0 │
2026-09-24T13:55:54.6955936Z │ libc_a-envlock.o                         │         32 │     0 │     0 │     0 │     0 │         32 │       0 │        0 │    32 │       0 │             0 │           0 │
2026-09-24T13:55:54.6956715Z │ esp_rom_systimer.c.obj                   │         30 │    30 │     0 │     0 │    30 │          0 │       0 │        0 │     0 │       0 │             0 │           0 │
2026-09-24T13:55:54.6957640Z │ mpi_periph.c.obj                         │         28 │     0 │     0 │     0 │     0 │         28 │      28 │        0 │     0 │       0 │             0 │           0 │
2026-09-24T13:55:54.6958426Z │ esp_eap_client.c.obj                     │         24 │     4 │     4 │     0 │     0 │         20 │       0 │        0 │    20 │       0 │             0 │           0 │
2026-09-24T13:55:54.6959226Z │ esp_timer_impl_common.c.obj              │         24 │    24 │     0 │    16 │     8 │          0 │       0 │        0 │     0 │       0 │             0 │           0 │
2026-09-24T13:55:54.6960011Z │ systimer.c.obj                           │         24 │    24 │     0 │     0 │    24 │          0 │       0 │        0 │     0 │       0 │             0 │           0 │
2026-09-24T13:55:54.6960782Z │ ext_mem_layout.c.obj                     │         24 │     0 │     0 │     0 │     0 │         24 │      24 │        0 │     0 │       0 │             0 │           0 │
2026-09-24T13:55:54.6961791Z │ ip6_addr.c.obj                           │         24 │     0 │     0 │     0 │     0 │         24 │      24 │        0 │     0 │       0 │             0 │           0 │
2026-09-24T13:55:54.6962574Z │ esp_aes_gdma_impl.c.obj                  │         24 │     0 │     0 │     0 │     0 │         24 │       0 │        0 │    24 │       0 │             0 │           0 │
2026-09-24T13:55:54.6963359Z │ libc_a-sysclose.o                        │         24 │     0 │     0 │     0 │     0 │         24 │       0 │        0 │    24 │       0 │             0 │           0 │
2026-09-24T13:55:54.6964134Z │ libc_a-sysunlink.o                       │         24 │     0 │     0 │     0 │     0 │         24 │       0 │        0 │    24 │       0 │             0 │           0 │
2026-09-24T13:55:54.6964901Z │ new_handler.o                            │         21 │     4 │     4 │     0 │     0 │         17 │       1 │        0 │    16 │       0 │             0 │           0 │
2026-09-24T13:55:54.6965667Z │ coexist_dbg.o                            │         20 │    20 │     0 │     4 │    16 │          0 │       0 │        0 │     0 │       0 │             0 │           0 │
2026-09-24T13:55:54.6966448Z │ bootloader_mem.c.obj                     │         20 │     0 │     0 │     0 │     0 │         20 │       0 │        0 │    20 │       0 │             0 │           0 │
2026-09-24T13:55:54.6967218Z │ lv_draw.c.obj                            │         18 │     0 │     0 │     0 │     0 │         18 │       0 │        0 │    18 │       0 │             0 │           0 │
2026-09-24T13:55:54.6967964Z │ lv_extra.c.obj                           │         18 │     0 │     0 │     0 │     0 │         18 │       0 │        0 │    18 │       0 │             0 │           0 │
2026-09-24T13:55:54.6968712Z │ libc_a-errno.o                           │         18 │     0 │     0 │     0 │     0 │         18 │       0 │        0 │    18 │       0 │             0 │           0 │
2026-09-24T13:55:54.6969489Z │ libc_a-tzvars.o                          │         16 │    16 │     8 │     8 │     0 │          0 │       0 │        0 │     0 │       0 │             0 │           0 │
2026-09-24T13:55:54.6970429Z │ esp_sha_gdma_impl.c.obj                  │         16 │     0 │     0 │     0 │     0 │         16 │       0 │        0 │    16 │       0 │             0 │           0 │
2026-09-24T13:55:54.6971205Z │ esp_wps.c.obj                            │         14 │     4 │     4 │     0 │     0 │         10 │       0 │        0 │    10 │       0 │             0 │           0 │
2026-09-24T13:55:54.6972087Z │ flash_encrypt.c.obj                      │         14 │    14 │     0 │     0 │    14 │          0 │       0 │        0 │     0 │       0 │             0 │           0 │
2026-09-24T13:55:54.6972852Z │ ledc_hal.c.obj                           │         14 │     0 │     0 │     0 │     0 │         14 │       0 │        0 │    14 │       0 │             0 │           0 │
2026-09-24T13:55:54.6973769Z │ spi_flash_chip_drivers.c.obj             │         12 │    12 │     0 │    12 │     0 │          0 │       0 │        0 │     0 │       0 │             0 │           0 │
2026-09-24T13:55:54.6974574Z │ i2c_periph.c.obj                         │         12 │     0 │     0 │     0 │     0 │         12 │      12 │        0 │     0 │       0 │             0 │           0 │
2026-09-24T13:55:54.6975335Z │ log_level.c.obj                          │         10 │     4 │     0 │     4 │     0 │          6 │       0 │        0 │     6 │       0 │             0 │           0 │
2026-09-24T13:55:54.6976093Z │ libc_a-environ.o                         │          8 │     8 │     4 │     4 │     0 │          0 │       0 │        0 │     0 │       0 │             0 │           0 │
2026-09-24T13:55:54.6976834Z │ del_op.o                                 │          8 │     0 │     0 │     0 │     0 │          8 │       0 │        0 │     8 │       0 │             0 │           0 │
2026-09-24T13:55:54.6977567Z │ tinfo.o                                  │          6 │     0 │     0 │     0 │     0 │          6 │       0 │        0 │     6 │       0 │             0 │           0 │
2026-09-24T13:55:54.6978322Z │ eh_term_handler.o                        │          4 │     4 │     0 │     4 │     0 │          0 │       0 │        0 │     0 │       0 │             0 │           0 │
2026-09-24T13:55:54.6979080Z │ rtc_module.c.obj                         │          4 │     4 │     0 │     0 │     4 │          0 │       0 │        0 │     0 │       0 │             0 │           0 │
2026-09-24T13:55:54.6979830Z │ pthread.c.obj                            │          4 │     0 │     0 │     0 │     0 │          4 │       0 │        0 │     2 │       0 │             0 │           0 │
2026-09-24T13:55:54.6980564Z │ del_ops.o                                │          4 │     0 │     0 │     0 │     0 │          4 │       0 │        0 │     4 │       0 │             0 │           0 │
2026-09-24T13:55:54.6981431Z │ libc_a-u_strerr.o                        │          4 │     0 │     0 │     0 │     0 │          4 │       0 │        0 │     4 │       0 │             0 │           0 │
2026-09-24T13:55:54.6982205Z │ ubsan.c.obj                              │          2 │     2 │     0 │     0 │     2 │          0 │       0 │        0 │     0 │       0 │             0 │           0 │
2026-09-24T13:55:54.6982970Z │ esp_rom_multi_heap.c.obj                 │          2 │     0 │     0 │     0 │     0 │          2 │       0 │        0 │     2 │       0 │             0 │           0 │
2026-09-24T13:55:54.6983748Z │ getentropy.c.obj                         │          2 │     0 │     0 │     0 │     0 │          2 │       0 │        0 │     2 │       0 │             0 │           0 │
2026-09-24T13:55:54.6984523Z │ pthread_cond_var.c.obj                   │          2 │     0 │     0 │     0 │     0 │          2 │       0 │        0 │     2 │       0 │             0 │           0 │
2026-09-24T13:55:54.6985315Z │ pthread_rwlock.c.obj                     │          2 │     0 │     0 │     0 │     0 │          2 │       0 │        0 │     2 │       0 │             0 │           0 │
2026-09-24T13:55:54.6986230Z │ pthread_semaphore.c.obj                  │          2 │     0 │     0 │     0 │     0 │          2 │       0 │        0 │     2 │       0 │             0 │           0 │
2026-09-24T13:55:54.6987022Z │ cxx_guards.cpp.obj                       │          2 │     0 │     0 │     0 │     0 │          2 │       0 │        0 │     2 │       0 │             0 │           0 │
2026-09-24T13:55:54.6987794Z │ cxx_init.cpp.obj                         │          2 │     0 │     0 │     0 │     0 │          2 │       0 │        0 │     2 │       0 │             0 │           0 │
2026-09-24T13:55:54.6988563Z │ nvs_sec_provider.c.obj                   │          2 │     0 │     0 │     0 │     0 │          2 │       0 │        0 │     2 │       0 │             0 │           0 │
2026-09-24T13:55:54.6989436Z │ del_opv.o                                │          2 │     0 │     0 │     0 │     0 │          2 │       0 │        0 │     2 │       0 │             0 │           0 │
2026-09-24T13:55:54.6990168Z │ new_opv.o                                │          2 │     0 │     0 │     0 │     0 │          2 │       0 │        0 │     2 │       0 │             0 │           0 │
2026-09-24T13:55:54.6990899Z │ eh_exception.o                           │          2 │     0 │     0 │     0 │     0 │          2 │       0 │        0 │     2 │       0 │             0 │           0 │
2026-09-24T13:55:54.6991812Z │ ledc_periph.c.obj                        │          1 │     0 │     0 │     0 │     0 │          1 │       1 │        0 │     0 │       0 │             0 │           0 │
2026-09-24T13:55:54.6992703Z └──────────────────────────────────────────┴────────────┴───────┴───────┴───────┴───────┴────────────┴─────────┴──────────┴───────┴─────────┴───────────────┴─────────────┘
2026-09-24T13:55:54.9243757Z ##[end-action id=__espressif_esp-idf-ci-action.__run;outcome=success;conclusion=success;duration_ms=158426]
2026-09-24T13:55:54.9278321Z ##[group]Run mkdir -p firmware
2026-09-24T13:55:54.9278658Z [36;1mmkdir -p firmware[0m
2026-09-24T13:55:54.9278959Z [36;1mcp build/bootloader/bootloader.bin firmware/[0m
2026-09-24T13:55:54.9279355Z [36;1mcp build/partition_table/partition-table.bin firmware/[0m
2026-09-24T13:55:54.9279703Z [36;1mcp build/*.bin firmware/[0m
2026-09-24T13:55:54.9280004Z [36;1mcp build/flash_args firmware/ 2>/dev/null || true[0m
2026-09-24T13:55:54.9280384Z [36;1mcp build/flasher_args.json firmware/ 2>/dev/null || true[0m
2026-09-24T13:55:54.9280824Z [36;1mcp build/project_description.json firmware/ 2>/dev/null || true[0m
2026-09-24T13:55:54.9281270Z [36;1mcp build/config/sdkconfig.h firmware/ 2>/dev/null || true[0m
2026-09-24T13:55:54.9282384Z [36;1mcp build/phase3c-size-report.txt firmware/[0m
2026-09-24T13:55:54.9282749Z [36;1mecho "${GITHUB_SHA}" > firmware/git_commit.txt[0m
2026-09-24T13:55:54.9283113Z [36;1mcd firmware && zip -r ../firmware.zip . && cd ..[0m
2026-09-24T13:55:54.9283467Z [36;1munzip -l firmware.zip[0m
2026-09-24T13:55:54.9344594Z shell: /usr/bin/bash -e {0}
2026-09-24T13:55:54.9344853Z ##[endgroup]
2026-09-24T13:55:54.9731619Z   adding: git_commit.txt (stored 0%)
2026-09-24T13:55:54.9757094Z   adding: phase3c-size-report.txt (deflated 88%)
2026-09-24T13:55:54.9757665Z   adding: partition-table.bin (deflated 97%)
2026-09-24T13:55:54.9786842Z   adding: project_description.json (deflated 91%)
2026-09-24T13:55:54.9787417Z   adding: flash_args (deflated 28%)
2026-09-24T13:55:54.9787911Z   adding: flasher_args.json (deflated 66%)
2026-09-24T13:55:55.0312348Z   adding: esp32c6_pwnagotchi.bin (deflated 42%)
2026-09-24T13:55:55.0319152Z   adding: bootloader.bin (deflated 38%)
2026-09-24T13:55:55.0328520Z   adding: sdkconfig.h (deflated 80%)
2026-09-24T13:55:55.0353652Z Archive:  firmware.zip
2026-09-24T13:55:55.0354092Z   Length      Date    Time    Name
2026-09-24T13:55:55.0354927Z ---------  ---------- -----   ----
2026-09-24T13:55:55.0355396Z        41  2026-09-24 13:55   git_commit.txt
2026-09-24T13:55:55.0355949Z    152061  2026-09-24 13:55   phase3c-size-report.txt
2026-09-24T13:55:55.0356534Z      3072  2026-09-24 13:55   partition-table.bin
2026-09-24T13:55:55.0357113Z    216286  2026-09-24 13:55   project_description.json
2026-09-24T13:55:55.0357649Z       155  2026-09-24 13:55   flash_args
2026-09-24T13:55:55.0358135Z       927  2026-09-24 13:55   flasher_args.json
2026-09-24T13:55:55.0358692Z   1199088  2026-09-24 13:55   esp32c6_pwnagotchi.bin
2026-09-24T13:55:55.0359234Z     21856  2026-09-24 13:55   bootloader.bin
2026-09-24T13:55:55.0359726Z     48304  2026-09-24 13:55   sdkconfig.h
2026-09-24T13:55:55.0360183Z ---------                     -------
2026-09-24T13:55:55.0360625Z   1641790                     9 files
2026-09-24T13:55:55.0418250Z ##[group]Run actions/upload-artifact@v4
2026-09-24T13:55:55.0418551Z with:
2026-09-24T13:55:55.0418818Z   name: firmware-7ddaf86fe1ff3ed2f227542a4c2e7568e32d96f3
2026-09-24T13:55:55.0419169Z   path: firmware.zip
2026-09-24T13:55:55.0419403Z   if-no-files-found: error
2026-09-24T13:55:55.0419636Z   compression-level: 6
2026-09-24T13:55:55.0419850Z   overwrite: false
2026-09-24T13:55:55.0420058Z   include-hidden-files: false
2026-09-24T13:55:55.0420295Z ##[endgroup]
2026-09-24T13:55:55.2051643Z (node:13454) [DEP0040] DeprecationWarning: The `punycode` module is deprecated. Please use a userland alternative instead.
2026-09-24T13:55:55.2052903Z (Use `node --trace-deprecation ...` to show where the warning was created)
2026-09-24T13:55:55.2097593Z With the provided path, there will be 1 file uploaded
2026-09-24T13:55:55.2104119Z Artifact name is valid!
2026-09-24T13:55:55.2104960Z Root directory input is valid!
2026-09-24T13:55:55.4288491Z Beginning upload of artifact content to blob storage
2026-09-24T13:55:55.4746168Z (node:13454) [DEP0169] DeprecationWarning: `url.parse()` behavior is not standardized and prone to errors that have security implications. Use the WHATWG URL API instead. CVEs are not issued for `url.parse()` vulnerabilities.
2026-09-24T13:55:55.5561997Z Uploaded bytes 759302
2026-09-24T13:55:55.5738141Z Finished uploading artifact content to blob storage!
2026-09-24T13:55:55.5739320Z SHA256 digest of uploaded artifact zip is 94baae5f52b542fb30443bb05a72f1334cf45f869154bb19f26a16ac11213c6b
2026-09-24T13:55:55.5741307Z Finalizing artifact upload
2026-09-24T13:55:55.7717948Z Artifact firmware-7ddaf86fe1ff3ed2f227542a4c2e7568e32d96f3.zip successfully finalized. Artifact ID 10811851897
2026-09-24T13:55:55.7719181Z Artifact firmware-7ddaf86fe1ff3ed2f227542a4c2e7568e32d96f3 has been successfully uploaded! Final size is 759302 bytes. Artifact ID is 10811851897
2026-09-24T13:55:55.7728190Z Artifact download URL: https://github.com/yuanwil1y/esp32c6-Pwnagotchi/actions/runs/36008775587/artifacts/10811851897
2026-09-24T13:55:55.7899506Z ##[group]Run actions/upload-artifact@v4
2026-09-24T13:55:55.7899815Z with:
2026-09-24T13:55:55.7900116Z   name: flash-files-7ddaf86fe1ff3ed2f227542a4c2e7568e32d96f3
2026-09-24T13:55:55.7900819Z   path: build/bootloader/bootloader.bin
build/partition_table/partition-table.bin
build/*.bin
build/flash_args
build/flasher_args.json

2026-09-24T13:55:55.7901762Z   if-no-files-found: error
2026-09-24T13:55:55.7902013Z   compression-level: 6
2026-09-24T13:55:55.7902232Z   overwrite: false
2026-09-24T13:55:55.7902451Z   include-hidden-files: false
2026-09-24T13:55:55.7902691Z ##[endgroup]
2026-09-24T13:55:55.9590198Z (node:13466) [DEP0040] DeprecationWarning: The `punycode` module is deprecated. Please use a userland alternative instead.
2026-09-24T13:55:55.9590938Z (Use `node --trace-deprecation ...` to show where the warning was created)
2026-09-24T13:55:55.9715705Z With the provided path, there will be 5 files uploaded
2026-09-24T13:55:55.9719907Z Artifact name is valid!
2026-09-24T13:55:55.9722291Z Root directory input is valid!
2026-09-24T13:55:56.2617342Z Beginning upload of artifact content to blob storage
2026-09-24T13:55:56.3278234Z (node:13466) [DEP0169] DeprecationWarning: `url.parse()` behavior is not standardized and prone to errors that have security implications. Use the WHATWG URL API instead. CVEs are not issued for `url.parse()` vulnerabilities.
2026-09-24T13:55:56.4073666Z Uploaded bytes 722454
2026-09-24T13:55:56.4249715Z Finished uploading artifact content to blob storage!
2026-09-24T13:55:56.4250681Z SHA256 digest of uploaded artifact zip is 54947ec22290b27b05c5918a53ab2990915c68f393ecefb950e335e8b62885e0
2026-09-24T13:55:56.4253100Z Finalizing artifact upload
2026-09-24T13:55:56.6496713Z Artifact flash-files-7ddaf86fe1ff3ed2f227542a4c2e7568e32d96f3.zip successfully finalized. Artifact ID 10811513875
2026-09-24T13:55:56.6498975Z Artifact flash-files-7ddaf86fe1ff3ed2f227542a4c2e7568e32d96f3 has been successfully uploaded! Final size is 722454 bytes. Artifact ID is 10811513875
2026-09-24T13:55:56.6504934Z Artifact download URL: https://github.com/yuanwil1y/esp32c6-Pwnagotchi/actions/runs/36008775587/artifacts/10811513875
2026-09-24T13:55:56.6702628Z Post job cleanup.
2026-09-24T13:55:56.7532482Z [command]/usr/bin/git version
2026-09-24T13:55:56.7574142Z git version 2.55.0
2026-09-24T13:55:56.7613824Z Temporarily overriding HOME='/home/runner/work/_temp/8087ebf9-8470-4535-af00-2b5303eb8640' before making global git config changes
2026-09-24T13:55:56.7615534Z Adding repository directory to the temporary git global config as a safe directory
2026-09-24T13:55:56.7623722Z [command]/usr/bin/git config --global --add safe.directory /home/runner/work/esp32c6-Pwnagotchi/esp32c6-Pwnagotchi
2026-09-24T13:55:56.7665458Z [command]/usr/bin/git config --local --name-only --get-regexp core\.sshCommand
2026-09-24T13:55:56.7699593Z [command]/usr/bin/git submodule foreach --recursive sh -c "git config --local --name-only --get-regexp 'core\.sshCommand' && git config --local --unset-all 'core.sshCommand' || :"
2026-09-24T13:55:56.7929866Z Entering 'vendor/waveshare'
2026-09-24T13:55:56.7995178Z [command]/usr/bin/git config --local --name-only --get-regexp http\.https\:\/\/github\.com\/\.extraheader
2026-09-24T13:55:56.8027494Z http.https://github.com/.extraheader
2026-09-24T13:55:56.8040809Z [command]/usr/bin/git config --local --unset-all http.https://github.com/.extraheader
2026-09-24T13:55:56.8079086Z [command]/usr/bin/git submodule foreach --recursive sh -c "git config --local --name-only --get-regexp 'http\.https\:\/\/github\.com\/\.extraheader' && git config --local --unset-all 'http.https://github.com/.extraheader' || :"
2026-09-24T13:55:56.8312746Z Entering 'vendor/waveshare'
2026-09-24T13:55:56.8340713Z http.https://github.com/.extraheader
2026-09-24T13:55:56.8414308Z [command]/usr/bin/git config --local --name-only --get-regexp ^includeIf\.gitdir:
2026-09-24T13:55:56.8452619Z [command]/usr/bin/git submodule foreach --recursive git config --local --show-origin --name-only --get-regexp remote.origin.url
2026-09-24T13:55:56.8732420Z Entering 'vendor/waveshare'
2026-09-24T13:55:56.8750644Z file:/home/runner/work/esp32c6-Pwnagotchi/esp32c6-Pwnagotchi/.git/modules/vendor/waveshare/config	remote.origin.url
2026-09-24T13:55:56.8789050Z [command]/usr/bin/git config --file /home/runner/work/esp32c6-Pwnagotchi/esp32c6-Pwnagotchi/.git/modules/vendor/waveshare/config --name-only --get-regexp ^includeIf\.gitdir:
2026-09-24T13:55:56.8959950Z Cleaning up orphan processes
2026-09-24T13:55:56.9273564Z ##[warning]Node.js 20 is deprecated. The following actions target Node.js 20 but are being forced to run on Node.js 24: actions/checkout@v4, actions/upload-artifact@v4. For more information see: https://github.blog/changelog/2025-09-19-deprecation-of-node-20-on-github-actions-runners/
